,1,2,3
01/01/1980 00:00,3.343,11.787,2.845
02/01/1980 00:00,3.226,11.437,2.731
03/01/1980 00:00,3.145,11.046,2.648
04/01/1980 00:00,3.090,10.784,2.585
05/01/1980 00:00,3.041,10.393,2.531
06/01/1980 00:00,3.002,9.812,2.446
07/01/1980 00:00,2.965,9.911,2.371
08/01/1980 00:00,2.921,9.425,2.275
09/01/1980 00:00,2.919,9.398,2.231
10/01/1980 00:00,2.947,8.938,2.132
11/01/1980 00:00,2.873,8.636,2.020
12/01/1980 00:00,2.822,8.525,2.018
13/01/1980 00:00,2.766,8.329,1.974
14/01/1980 00:00,2.748,8.292,1.925
15/01/1980 00:00,2.709,8.220,1.916
16/01/1980 00:00,2.691,7.975,1.874
17/01/1980 00:00,2.675,7.828,1.782
18/01/1980 00:00,2.646,7.058,1.716
19/01/1980 00:00,2.606,6.993,1.672
20/01/1980 00:00,2.597,7.231,1.587
21/01/1980 00:00,2.590,7.032,1.545
22/01/1980 00:00,2.576,6.261,1.506
23/01/1980 00:00,2.526,6.284,1.456
24/01/1980 00:00,2.457,7.177,1.414
25/01/1980 00:00,2.419,6.754,1.379
26/01/1980 00:00,2.419,6.869,1.358
27/01/1980 00:00,2.377,6.674,1.316
28/01/1980 00:00,2.317,6.836,1.293
29/01/1980 00:00,2.270,6.840,1.272
30/01/1980 00:00,2.268,6.815,1.254
31/01/1980 00:00,2.239,6.737,1.238
01/02/1980 00:00,2.214,6.618,1.222
02/02/1980 00:00,2.170,6.449,1.211
03/02/1980 00:00,2.140,6.513,1.204
04/02/1980 00:00,2.123,6.587,1.211
05/02/1980 00:00,2.107,6.610,1.208
06/02/1980 00:00,2.053,6.507,1.175
07/02/1980 00:00,2.013,6.243,1.155
08/02/1980 00:00,1.995,6.293,1.146
09/02/1980 00:00,1.977,6.371,1.129
10/02/1980 00:00,1.973,6.352,1.124
11/02/1980 00:00,1.956,6.136,1.109
12/02/1980 00:00,1.940,6.118,1.099
13/02/1980 00:00,1.918,6.057,1.084
14/02/1980 00:00,1.894,5.927,1.062
15/02/1980 00:00,1.864,5.908,1.033
16/02/1980 00:00,1.840,5.960,1.011
17/02/1980 00:00,1.819,4.599,0.982
18/02/1980 00:00,1.795,5.060,0.970
19/02/1980 00:00,1.780,5.746,0.967
20/02/1980 00:00,1.759,5.597,0.963
21/02/1980 00:00,1.727,5.770,0.943
22/02/1980 00:00,1.719,5.489,0.919
23/02/1980 00:00,1.695,5.501,0.896
24/02/1980 00:00,1.687,5.689,0.880
25/02/1980 00:00,1.671,5.714,0.866
26/02/1980 00:00,1.698,5.665,0.865
27/02/1980 00:00,1.696,5.620,0.849
28/02/1980 00:00,1.695,5.651,0.850
29/02/1980 00:00,1.672,4.789,0.832
01/03/1980 00:00,1.651,5.786,0.827
02/03/1980 00:00,1.634,4.963,0.835
03/03/1980 00:00,1.607,4.447,0.840
04/03/1980 00:00,1.583,4.705,0.826
05/03/1980 00:00,1.574,4.737,0.809
06/03/1980 00:00,1.559,4.309,0.792
07/03/1980 00:00,1.541,4.128,0.773
08/03/1980 00:00,1.523,4.230,0.771
09/03/1980 00:00,1.557,4.429,0.808
10/03/1980 00:00,1.714,4.893,0.867
11/03/1980 00:00,1.910,5.083,1.055
12/03/1980 00:00,2.027,5.157,0.979
13/03/1980 00:00,1.934,4.931,0.845
14/03/1980 00:00,1.759,4.847,0.840
15/03/1980 00:00,1.688,4.874,0.812
16/03/1980 00:00,1.663,4.852,0.772
17/03/1980 00:00,1.666,4.813,0.750
18/03/1980 00:00,1.721,4.692,0.731
19/03/1980 00:00,1.724,4.780,0.715
20/03/1980 00:00,1.651,4.845,0.704
21/03/1980 00:00,1.619,4.848,0.701
22/03/1980 00:00,1.577,4.741,0.700
23/03/1980 00:00,1.560,4.500,0.774
24/03/1980 00:00,1.577,4.218,0.768
25/03/1980 00:00,1.529,4.482,0.690
26/03/1980 00:00,1.513,4.478,0.693
27/03/1980 00:00,1.520,4.510,0.702
28/03/1980 00:00,1.503,4.667,0.734
29/03/1980 00:00,1.663,4.917,0.855
30/03/1980 00:00,1.730,5.077,0.814
31/03/1980 00:00,1.767,5.042,0.797
01/04/1980 00:00,1.783,5.069,0.851
02/04/1980 00:00,1.809,5.127,0.827
03/04/1980 00:00,1.889,5.299,0.812
04/04/1980 00:00,1.858,5.472,0.785
05/04/1980 00:00,2.418,5.916,1.243
06/04/1980 00:00,2.867,6.079,1.265
07/04/1980 00:00,2.744,5.768,1.070
08/04/1980 00:00,2.616,5.540,0.965
09/04/1980 00:00,2.455,5.697,0.871
10/04/1980 00:00,2.420,5.754,0.799
11/04/1980 00:00,2.417,5.790,0.771
12/04/1980 00:00,2.349,5.612,0.731
13/04/1980 00:00,2.340,5.434,0.722
14/04/1980 00:00,2.269,5.265,0.698
15/04/1980 00:00,2.277,5.223,0.713
16/04/1980 00:00,2.272,5.242,0.759
17/04/1980 00:00,2.505,5.478,0.942
18/04/1980 00:00,3.020,5.836,1.090
19/04/1980 00:00,3.481,5.863,1.034
20/04/1980 00:00,3.444,5.730,0.896
21/04/1980 00:00,3.247,5.733,1.098
22/04/1980 00:00,3.230,5.527,0.894
23/04/1980 00:00,3.110,5.294,0.782
24/04/1980 00:00,2.922,5.330,0.751
25/04/1980 00:00,2.876,5.330,0.724
26/04/1980 00:00,2.751,5.391,0.703
27/04/1980 00:00,2.833,5.537,0.712
28/04/1980 00:00,2.947,5.586,0.738
29/04/1980 00:00,2.945,5.468,0.736
30/04/1980 00:00,2.848,5.406,0.769
01/05/1980 00:00,2.893,5.609,0.889
02/05/1980 00:00,3.261,5.751,0.905
03/05/1980 00:00,3.492,5.747,0.844
04/05/1980 00:00,3.246,5.562,0.809
05/05/1980 00:00,3.016,5.617,0.791
06/05/1980 00:00,2.957,5.570,0.777
07/05/1980 00:00,2.973,5.621,0.747
08/05/1980 00:00,3.006,4.808,0.813
09/05/1980 00:00,3.014,3.501,0.738
10/05/1980 00:00,2.968,4.915,0.751
11/05/1980 00:00,3.129,4.857,0.676
12/05/1980 00:00,3.078,4.861,0.673
13/05/1980 00:00,2.989,4.946,0.675
14/05/1980 00:00,3.000,4.928,0.656
15/05/1980 00:00,2.896,4.862,0.633
16/05/1980 00:00,2.816,4.861,0.638
17/05/1980 00:00,2.795,4.909,0.659
18/05/1980 00:00,2.937,4.986,0.685
19/05/1980 00:00,3.785,5.401,0.868
20/05/1980 00:00,4.304,5.606,0.795
21/05/1980 00:00,3.962,5.335,0.710
22/05/1980 00:00,3.648,5.093,0.702
23/05/1980 00:00,3.338,4.842,0.656
24/05/1980 00:00,3.267,4.655,0.683
25/05/1980 00:00,3.140,4.609,0.627
26/05/1980 00:00,2.936,4.630,0.606
27/05/1980 00:00,3.268,5.111,1.351
28/05/1980 00:00,4.508,8.012,2.770
29/05/1980 00:00,5.542,15.336,4.879
30/05/1980 00:00,5.305,13.930,5.248
31/05/1980 00:00,6.600,14.293,5.630
01/06/1980 00:00,10.625,23.992,12.243
02/06/1980 00:00,8.412,17.262,9.556
03/06/1980 00:00,4.386,12.141,5.181
04/06/1980 00:00,3.501,7.376,2.607
05/06/1980 00:00,3.457,7.111,2.264
06/06/1980 00:00,3.289,6.725,1.601
07/06/1980 00:00,2.768,6.290,1.241
08/06/1980 00:00,2.390,5.622,1.058
09/06/1980 00:00,2.396,5.229,0.966
10/06/1980 00:00,2.485,5.050,0.971
11/06/1980 00:00,4.245,7.102,3.171
12/06/1980 00:00,4.291,7.693,3.994
13/06/1980 00:00,3.838,7.249,2.590
14/06/1980 00:00,3.289,5.755,1.560
15/06/1980 00:00,2.878,5.240,1.454
16/06/1980 00:00,2.891,5.265,1.572
17/06/1980 00:00,2.663,5.115,1.330
18/06/1980 00:00,2.475,4.892,1.198
19/06/1980 00:00,2.491,5.049,1.170
20/06/1980 00:00,2.374,5.184,1.042
21/06/1980 00:00,2.266,4.875,1.022
22/06/1980 00:00,2.109,4.807,0.959
23/06/1980 00:00,1.952,4.643,0.893
24/06/1980 00:00,2.007,4.617,0.907
25/06/1980 00:00,1.897,4.555,0.870
26/06/1980 00:00,2.018,4.716,1.048
27/06/1980 00:00,1.941,4.784,1.015
28/06/1980 00:00,1.808,4.796,0.964
29/06/1980 00:00,1.767,4.834,0.901
30/06/1980 00:00,1.593,4.816,0.917
01/07/1980 00:00,2.025,5.104,1.452
02/07/1980 00:00,1.912,5.346,1.769
03/07/1980 00:00,1.392,5.179,1.353
04/07/1980 00:00,1.225,5.131,1.023
05/07/1980 00:00,1.073,5.071,0.967
06/07/1980 00:00,1.091,4.922,0.899
07/07/1980 00:00,1.246,4.919,0.947
08/07/1980 00:00,2.026,4.956,1.043
09/07/1980 00:00,1.315,4.950,1.217
10/07/1980 00:00,1.760,5.084,1.522
11/07/1980 00:00,3.076,7.198,2.453
12/07/1980 00:00,3.525,13.561,4.142
13/07/1980 00:00,4.072,13.976,5.563
14/07/1980 00:00,5.028,15.532,8.584
15/07/1980 00:00,5.729,12.459,8.271
16/07/1980 00:00,5.564,14.422,9.390
17/07/1980 00:00,4.496,10.989,5.300
18/07/1980 00:00,4.484,10.943,7.366
19/07/1980 00:00,6.581,16.578,8.967
20/07/1980 00:00,6.792,14.694,8.884
21/07/1980 00:00,6.916,18.306,9.388
22/07/1980 00:00,6.712,12.624,7.793
23/07/1980 00:00,4.549,10.924,3.987
24/07/1980 00:00,5.201,10.733,3.551
25/07/1980 00:00,5.280,13.757,6.019
26/07/1980 00:00,5.272,11.579,4.177
27/07/1980 00:00,4.034,10.507,3.522
28/07/1980 00:00,5.103,11.883,3.317
29/07/1980 00:00,5.164,14.662,5.638
30/07/1980 00:00,5.121,13.171,4.464
31/07/1980 00:00,4.823,11.217,2.286
01/08/1980 00:00,4.814,10.296,2.156
02/08/1980 00:00,4.015,8.605,1.877
03/08/1980 00:00,3.075,7.260,1.475
04/08/1980 00:00,2.474,6.799,1.274
05/08/1980 00:00,2.822,8.043,1.781
06/08/1980 00:00,2.466,7.110,1.718
07/08/1980 00:00,2.103,6.258,1.412
08/08/1980 00:00,1.901,5.756,1.175
09/08/1980 00:00,1.827,5.572,1.151
10/08/1980 00:00,5.221,15.249,6.611
11/08/1980 00:00,7.776,24.600,10.348
12/08/1980 00:00,6.675,19.494,9.999
13/08/1980 00:00,7.905,20.237,12.133
14/08/1980 00:00,6.329,18.080,9.189
15/08/1980 00:00,5.468,13.432,8.797
16/08/1980 00:00,5.313,9.817,5.053
17/08/1980 00:00,5.107,14.339,6.981
18/08/1980 00:00,8.302,25.202,11.785
19/08/1980 00:00,6.738,19.254,10.915
20/08/1980 00:00,5.131,13.601,9.770
21/08/1980 00:00,3.764,10.823,6.038
22/08/1980 00:00,3.612,9.495,2.482
23/08/1980 00:00,2.906,8.708,2.061
24/08/1980 00:00,2.705,7.912,2.073
25/08/1980 00:00,2.667,7.538,1.798
26/08/1980 00:00,3.044,8.717,3.771
27/08/1980 00:00,3.090,8.362,4.020
28/08/1980 00:00,2.712,6.765,2.922
29/08/1980 00:00,2.464,6.521,2.358
30/08/1980 00:00,3.168,7.760,2.650
31/08/1980 00:00,3.198,7.847,3.907
01/09/1980 00:00,2.815,7.379,3.513
02/09/1980 00:00,2.769,6.482,1.837
03/09/1980 00:00,3.124,6.247,1.911
04/09/1980 00:00,3.177,6.985,3.383
05/09/1980 00:00,2.644,6.305,2.943
06/09/1980 00:00,3.559,7.240,2.606
07/09/1980 00:00,2.784,6.483,2.036
08/09/1980 00:00,3.073,5.921,1.474
09/09/1980 00:00,3.091,5.896,1.520
10/09/1980 00:00,3.341,6.549,2.165
11/09/1980 00:00,3.285,7.004,2.955
12/09/1980 00:00,2.317,6.154,1.521
13/09/1980 00:00,2.328,5.191,1.079
14/09/1980 00:00,2.010,4.739,0.998
15/09/1980 00:00,1.990,4.513,0.829
16/09/1980 00:00,1.643,4.239,0.805
17/09/1980 00:00,2.111,4.020,0.825
18/09/1980 00:00,1.798,4.832,0.766
19/09/1980 00:00,1.842,4.872,1.063
20/09/1980 00:00,2.935,5.340,1.285
21/09/1980 00:00,3.600,7.174,2.076
22/09/1980 00:00,2.617,6.218,1.364
23/09/1980 00:00,2.912,7.119,1.624
24/09/1980 00:00,5.834,14.448,4.260
25/09/1980 00:00,4.388,11.591,3.761
26/09/1980 00:00,3.626,9.581,2.218
27/09/1980 00:00,2.715,7.036,1.205
28/09/1980 00:00,4.774,11.915,2.926
29/09/1980 00:00,4.345,11.105,2.485
30/09/1980 00:00,5.245,15.706,3.976
01/10/1980 00:00,6.568,18.895,4.691
02/10/1980 00:00,5.578,20.489,4.827
03/10/1980 00:00,4.473,19.324,4.176
04/10/1980 00:00,4.069,10.823,1.880
05/10/1980 00:00,3.311,7.876,1.164
06/10/1980 00:00,4.170,12.272,1.863
07/10/1980 00:00,4.531,10.806,2.501
08/10/1980 00:00,4.241,13.888,2.378
09/10/1980 00:00,4.443,15.177,3.482
10/10/1980 00:00,7.860,20.860,8.143
11/10/1980 00:00,16.884,41.106,14.994
12/10/1980 00:00,14.912,33.697,14.882
13/10/1980 00:00,9.864,29.850,12.145
14/10/1980 00:00,6.573,19.638,5.724
15/10/1980 00:00,4.792,14.522,3.791
16/10/1980 00:00,7.330,21.516,10.405
17/10/1980 00:00,11.207,33.362,20.746
18/10/1980 00:00,8.911,29.238,13.270
19/10/1980 00:00,5.996,18.576,8.555
20/10/1980 00:00,4.449,14.298,6.808
21/10/1980 00:00,3.710,11.571,4.693
22/10/1980 00:00,4.201,12.872,4.013
23/10/1980 00:00,6.639,18.313,5.726
24/10/1980 00:00,5.983,17.136,4.779
25/10/1980 00:00,4.545,13.928,3.513
26/10/1980 00:00,3.347,9.946,2.546
27/10/1980 00:00,3.697,9.420,1.769
28/10/1980 00:00,3.306,8.739,1.443
29/10/1980 00:00,2.999,7.217,1.211
30/10/1980 00:00,2.519,6.689,1.194
31/10/1980 00:00,2.335,6.241,2.213
01/11/1980 00:00,2.161,5.914,0.883
02/11/1980 00:00,2.139,5.855,1.826
03/11/1980 00:00,1.861,5.333,1.659
04/11/1980 00:00,2.095,6.332,1.710
05/11/1980 00:00,2.751,10.337,2.171
06/11/1980 00:00,3.307,13.305,2.935
07/11/1980 00:00,4.598,12.659,3.212
08/11/1980 00:00,3.348,8.544,2.585
09/11/1980 00:00,2.466,6.483,2.013
10/11/1980 00:00,4.503,13.791,3.665
11/11/1980 00:00,13.045,31.713,14.517
12/11/1980 00:00,75.868,123.510,62.941
13/11/1980 00:00,62.823,113.991,60.088
14/11/1980 00:00,42.133,104.280,45.670
15/11/1980 00:00,41.145,98.086,46.815
16/11/1980 00:00,57.458,153.765,102.148
17/11/1980 00:00,68.320,194.111,103.369
18/11/1980 00:00,41.174,145.737,79.610
19/11/1980 00:00,22.424,90.466,41.921
20/11/1980 00:00,16.351,54.066,28.030
21/11/1980 00:00,11.364,31.645,18.468
22/11/1980 00:00,9.292,24.391,12.898
23/11/1980 00:00,7.791,19.611,9.900
24/11/1980 00:00,5.741,15.197,7.985
25/11/1980 00:00,5.040,12.447,7.283
26/11/1980 00:00,3.862,10.609,3.925
27/11/1980 00:00,3.349,9.336,3.300
28/11/1980 00:00,3.146,8.963,3.313
29/11/1980 00:00,8.195,25.105,18.712
30/11/1980 00:00,7.430,31.584,20.554
01/12/1980 00:00,5.676,19.156,10.125
02/12/1980 00:00,3.862,13.055,7.183
03/12/1980 00:00,3.862,13.019,7.390
04/12/1980 00:00,21.363,76.165,36.211
05/12/1980 00:00,29.006,94.617,45.239
06/12/1980 00:00,15.312,66.162,36.192
07/12/1980 00:00,7.578,31.838,23.691
08/12/1980 00:00,6.258,23.981,13.807
09/12/1980 00:00,5.555,17.830,9.372
10/12/1980 00:00,4.766,16.226,6.334
11/12/1980 00:00,5.421,16.572,6.452
12/12/1980 00:00,6.177,23.109,9.345
13/12/1980 00:00,5.199,17.891,6.625
14/12/1980 00:00,4.479,14.330,4.412
15/12/1980 00:00,4.107,12.327,3.220
16/12/1980 00:00,3.913,11.200,2.762
17/12/1980 00:00,6.660,17.864,7.624
18/12/1980 00:00,5.343,17.503,6.917
19/12/1980 00:00,4.560,15.274,4.861
20/12/1980 00:00,3.918,12.768,3.428
21/12/1980 00:00,3.627,11.039,2.864
22/12/1980 00:00,3.366,10.179,2.782
23/12/1980 00:00,3.044,9.548,2.023
24/12/1980 00:00,1.725,9.152,1.962
25/12/1980 00:00,1.571,8.992,1.970
26/12/1980 00:00,1.628,9.019,2.087
27/12/1980 00:00,3.180,8.916,1.874
28/12/1980 00:00,1.536,8.637,1.708
29/12/1980 00:00,1.498,8.436,1.541
30/12/1980 00:00,1.473,8.228,1.514
31/12/1980 00:00,1.399,8.097,1.434
01/01/1981 00:00,1.389,7.692,1.374
02/01/1981 00:00,1.372,7.503,1.364
03/01/1981 00:00,1.297,7.210,1.204
04/01/1981 00:00,1.271,7.001,1.074
05/01/1981 00:00,1.235,6.691,0.997
06/01/1981 00:00,1.213,6.489,0.967
07/01/1981 00:00,2.075,6.389,0.943
08/01/1981 00:00,1.220,6.324,0.906
09/01/1981 00:00,2.029,6.663,0.944
10/01/1981 00:00,2.190,6.889,0.941
11/01/1981 00:00,1.535,6.878,0.960
12/01/1981 00:00,2.005,6.506,0.912
13/01/1981 00:00,2.028,6.670,0.996
14/01/1981 00:00,2.285,7.388,1.170
15/01/1981 00:00,7.681,27.397,10.257
16/01/1981 00:00,12.092,32.968,14.903
17/01/1981 00:00,6.601,24.981,10.902
18/01/1981 00:00,4.153,22.728,5.869
19/01/1981 00:00,2.935,17.062,3.522
20/01/1981 00:00,2.730,13.951,2.639
21/01/1981 00:00,2.367,11.075,1.855
22/01/1981 00:00,2.605,9.180,1.555
23/01/1981 00:00,2.339,8.087,1.313
24/01/1981 00:00,2.326,7.269,1.186
25/01/1981 00:00,2.342,6.851,1.131
26/01/1981 00:00,2.300,6.583,1.107
27/01/1981 00:00,2.223,6.325,1.051
28/01/1981 00:00,2.167,6.162,1.042
29/01/1981 00:00,2.028,5.935,0.982
30/01/1981 00:00,1.888,5.655,0.939
31/01/1981 00:00,1.816,5.442,0.927
01/02/1981 00:00,1.752,5.280,0.914
02/02/1981 00:00,1.691,5.105,0.886
03/02/1981 00:00,1.645,4.890,0.866
04/02/1981 00:00,1.617,4.676,0.853
05/02/1981 00:00,1.576,4.549,0.859
06/02/1981 00:00,1.537,4.415,0.872
07/02/1981 00:00,1.526,4.431,0.850
08/02/1981 00:00,1.520,4.533,0.851
09/02/1981 00:00,1.476,4.533,0.847
10/02/1981 00:00,1.441,4.572,0.844
11/02/1981 00:00,1.386,4.526,0.829
12/02/1981 00:00,1.352,4.530,0.824
13/02/1981 00:00,1.304,4.513,0.816
14/02/1981 00:00,1.264,4.484,0.801
15/02/1981 00:00,1.212,4.483,0.789
16/02/1981 00:00,1.173,4.441,0.781
17/02/1981 00:00,1.125,4.316,0.767
18/02/1981 00:00,1.066,4.229,0.758
19/02/1981 00:00,1.357,4.678,0.773
20/02/1981 00:00,1.315,4.503,0.780
21/02/1981 00:00,1.284,4.582,0.744
22/02/1981 00:00,1.132,4.187,0.731
23/02/1981 00:00,1.073,4.075,0.730
24/02/1981 00:00,1.002,3.961,0.740
25/02/1981 00:00,0.979,4.011,0.712
26/02/1981 00:00,0.974,3.944,0.698
27/02/1981 00:00,0.932,3.836,0.697
28/02/1981 00:00,0.925,3.800,0.680
01/03/1981 00:00,0.873,3.743,0.675
02/03/1981 00:00,0.892,3.776,0.675
03/03/1981 00:00,0.855,3.740,0.664
04/03/1981 00:00,0.885,3.735,0.653
05/03/1981 00:00,0.842,3.706,0.647
06/03/1981 00:00,0.855,3.695,0.647
07/03/1981 00:00,0.828,3.698,0.646
08/03/1981 00:00,0.839,3.718,0.646
09/03/1981 00:00,0.877,3.916,0.661
10/03/1981 00:00,0.932,3.812,0.637
11/03/1981 00:00,1.100,4.578,0.690
12/03/1981 00:00,1.249,4.411,0.684
13/03/1981 00:00,1.181,4.770,0.637
14/03/1981 00:00,1.069,4.053,0.615
15/03/1981 00:00,0.980,4.194,0.628
16/03/1981 00:00,0.835,3.675,0.628
17/03/1981 00:00,0.860,3.901,0.629
18/03/1981 00:00,0.815,3.574,0.637
19/03/1981 00:00,0.846,3.770,0.631
20/03/1981 00:00,0.803,3.577,0.628
21/03/1981 00:00,0.810,3.748,0.629
22/03/1981 00:00,0.835,3.693,0.660
23/03/1981 00:00,1.091,4.142,0.659
24/03/1981 00:00,1.391,4.869,0.717
25/03/1981 00:00,1.724,5.903,0.716
26/03/1981 00:00,1.784,5.694,0.643
27/03/1981 00:00,1.813,6.230,0.651
28/03/1981 00:00,1.608,5.664,0.615
29/03/1981 00:00,1.398,5.284,0.591
30/03/1981 00:00,1.228,4.492,0.608
31/03/1981 00:00,1.160,4.670,0.615
01/04/1981 00:00,1.162,4.228,0.629
02/04/1981 00:00,1.190,4.717,0.633
03/04/1981 00:00,1.109,4.175,0.610
04/04/1981 00:00,1.115,4.549,0.548
05/04/1981 00:00,1.147,4.199,0.570
06/04/1981 00:00,1.146,4.529,0.583
07/04/1981 00:00,1.122,4.246,0.578
08/04/1981 00:00,1.074,4.214,0.564
09/04/1981 00:00,0.999,4.122,0.545
10/04/1981 00:00,0.981,4.010,0.557
11/04/1981 00:00,0.980,4.081,0.610
12/04/1981 00:00,1.089,4.306,0.619
13/04/1981 00:00,1.096,4.397,0.573
14/04/1981 00:00,1.130,4.347,0.535
15/04/1981 00:00,1.160,4.555,0.546
16/04/1981 00:00,1.237,4.867,0.564
17/04/1981 00:00,1.289,5.419,0.547
18/04/1981 00:00,1.220,5.203,0.548
19/04/1981 00:00,1.133,5.212,0.548
20/04/1981 00:00,1.153,5.173,0.534
21/04/1981 00:00,1.125,5.349,0.547
22/04/1981 00:00,1.163,5.329,0.544
23/04/1981 00:00,1.113,5.475,0.528
24/04/1981 00:00,1.073,5.320,0.538
25/04/1981 00:00,1.038,5.119,0.532
26/04/1981 00:00,0.995,5.052,0.525
27/04/1981 00:00,1.003,4.773,0.525
28/04/1981 00:00,0.999,4.835,0.532
29/04/1981 00:00,1.042,4.707,0.530
30/04/1981 00:00,1.053,4.998,0.542
01/05/1981 00:00,1.106,5.133,0.537
02/05/1981 00:00,1.049,5.056,0.530
03/05/1981 00:00,1.122,4.940,0.531
04/05/1981 00:00,1.139,5.067,0.540
05/05/1981 00:00,1.687,6.885,0.597
06/05/1981 00:00,6.116,22.101,2.934
07/05/1981 00:00,6.211,22.294,4.828
08/05/1981 00:00,5.861,15.659,5.294
09/05/1981 00:00,5.454,13.820,3.538
10/05/1981 00:00,7.129,15.540,3.412
11/05/1981 00:00,7.087,15.918,2.861
12/05/1981 00:00,5.070,12.489,2.525
13/05/1981 00:00,3.343,9.227,1.558
14/05/1981 00:00,2.561,7.606,1.010
15/05/1981 00:00,2.329,7.104,0.829
16/05/1981 00:00,2.545,7.122,0.801
17/05/1981 00:00,2.595,6.982,0.793
18/05/1981 00:00,2.571,6.905,0.818
19/05/1981 00:00,2.438,7.078,0.812
20/05/1981 00:00,2.254,6.869,0.753
21/05/1981 00:00,2.117,6.639,0.680
22/05/1981 00:00,2.070,6.263,0.609
23/05/1981 00:00,1.901,6.177,0.577
24/05/1981 00:00,2.094,5.874,0.603
25/05/1981 00:00,2.059,5.861,0.590
26/05/1981 00:00,2.058,5.817,0.601
27/05/1981 00:00,2.097,5.535,0.574
28/05/1981 00:00,2.390,5.831,1.050
29/05/1981 00:00,2.338,5.592,0.573
30/05/1981 00:00,2.444,5.870,0.961
31/05/1981 00:00,2.423,7.793,0.781
01/06/1981 00:00,2.502,8.406,0.649
02/06/1981 00:00,4.579,11.153,1.945
03/06/1981 00:00,3.780,12.554,2.152
04/06/1981 00:00,3.048,10.490,1.246
05/06/1981 00:00,2.227,8.741,0.938
06/06/1981 00:00,1.956,8.231,0.756
07/06/1981 00:00,1.768,7.704,0.716
08/06/1981 00:00,1.757,7.525,0.646
09/06/1981 00:00,2.151,7.738,0.823
10/06/1981 00:00,2.372,7.687,0.993
11/06/1981 00:00,3.163,8.880,1.237
12/06/1981 00:00,3.842,10.795,2.428
13/06/1981 00:00,2.902,10.490,1.610
14/06/1981 00:00,2.183,9.013,1.044
15/06/1981 00:00,2.109,8.421,1.024
16/06/1981 00:00,5.163,15.395,2.951
17/06/1981 00:00,5.238,16.591,3.573
18/06/1981 00:00,3.765,12.167,2.204
19/06/1981 00:00,2.539,10.339,1.379
20/06/1981 00:00,2.168,9.016,1.084
21/06/1981 00:00,2.175,8.704,1.173
22/06/1981 00:00,2.515,9.482,1.609
23/06/1981 00:00,2.589,9.688,1.807
24/06/1981 00:00,2.762,9.741,1.517
25/06/1981 00:00,2.611,9.581,1.259
26/06/1981 00:00,2.604,9.410,1.224
27/06/1981 00:00,2.485,9.313,1.083
28/06/1981 00:00,2.238,8.387,0.873
29/06/1981 00:00,2.061,7.784,0.665
30/06/1981 00:00,2.239,7.849,0.668
01/07/1981 00:00,2.206,7.698,0.630
02/07/1981 00:00,2.132,7.434,0.776
03/07/1981 00:00,2.028,7.208,0.646
04/07/1981 00:00,1.999,7.160,0.584
05/07/1981 00:00,2.796,8.303,0.973
06/07/1981 00:00,2.958,9.594,0.996
07/07/1981 00:00,2.607,8.834,0.784
08/07/1981 00:00,2.251,7.879,0.734
09/07/1981 00:00,2.167,7.614,0.636
10/07/1981 00:00,2.069,7.368,0.601
11/07/1981 00:00,2.615,8.038,1.074
12/07/1981 00:00,2.751,9.503,1.238
13/07/1981 00:00,2.440,8.558,0.781
14/07/1981 00:00,2.196,7.781,0.662
15/07/1981 00:00,4.196,10.853,2.073
16/07/1981 00:00,4.859,15.438,3.124
17/07/1981 00:00,4.750,12.830,2.272
18/07/1981 00:00,3.397,10.896,1.621
19/07/1981 00:00,5.514,16.783,3.155
20/07/1981 00:00,6.219,17.801,4.571
21/07/1981 00:00,6.594,18.073,4.714
22/07/1981 00:00,6.122,14.927,4.071
23/07/1981 00:00,6.674,15.690,4.117
24/07/1981 00:00,4.843,11.999,3.463
25/07/1981 00:00,3.987,10.963,3.051
26/07/1981 00:00,9.596,21.375,9.072
27/07/1981 00:00,31.719,55.399,28.152
28/07/1981 00:00,34.207,72.089,40.207
29/07/1981 00:00,24.334,50.308,20.021
30/07/1981 00:00,12.851,36.833,11.996
31/07/1981 00:00,8.380,25.508,11.629
01/08/1981 00:00,8.116,19.542,10.724
02/08/1981 00:00,8.657,22.402,10.487
03/08/1981 00:00,7.467,17.342,8.817
04/08/1981 00:00,5.096,14.415,5.356
05/08/1981 00:00,4.165,11.946,3.876
06/08/1981 00:00,3.684,9.942,2.792
07/08/1981 00:00,3.495,8.346,2.262
08/08/1981 00:00,3.296,7.765,2.212
09/08/1981 00:00,2.622,6.938,2.661
10/08/1981 00:00,2.581,7.047,2.860
11/08/1981 00:00,3.083,8.250,2.244
12/08/1981 00:00,2.726,6.888,2.853
13/08/1981 00:00,2.994,7.238,1.832
14/08/1981 00:00,2.882,6.792,1.568
15/08/1981 00:00,5.504,12.542,4.059
16/08/1981 00:00,4.524,9.576,3.958
17/08/1981 00:00,9.615,18.879,6.446
18/08/1981 00:00,8.294,21.968,8.984
19/08/1981 00:00,7.825,20.557,8.781
20/08/1981 00:00,8.769,23.436,10.930
21/08/1981 00:00,8.695,23.636,10.628
22/08/1981 00:00,6.723,17.103,8.603
23/08/1981 00:00,5.364,13.487,5.857
24/08/1981 00:00,4.889,12.563,4.992
25/08/1981 00:00,6.241,16.490,5.259
26/08/1981 00:00,5.339,15.034,5.812
27/08/1981 00:00,7.879,21.241,5.715
28/08/1981 00:00,10.466,21.501,8.853
29/08/1981 00:00,8.439,22.232,8.673
30/08/1981 00:00,8.008,21.615,9.753
31/08/1981 00:00,13.100,30.718,12.789
01/09/1981 00:00,12.126,28.116,13.164
02/09/1981 00:00,7.903,20.937,10.147
03/09/1981 00:00,6.648,18.093,9.030
04/09/1981 00:00,16.209,31.919,12.059
05/09/1981 00:00,14.341,27.437,11.460
06/09/1981 00:00,8.710,20.680,8.966
07/09/1981 00:00,6.715,16.604,7.597
08/09/1981 00:00,6.587,16.625,7.222
09/09/1981 00:00,6.382,17.178,7.522
10/09/1981 00:00,8.159,20.806,8.041
11/09/1981 00:00,16.730,33.118,11.432
12/09/1981 00:00,14.152,31.510,11.335
13/09/1981 00:00,9.995,28.019,11.694
14/09/1981 00:00,12.772,30.529,12.471
15/09/1981 00:00,9.453,25.502,9.494
16/09/1981 00:00,7.400,20.599,8.849
17/09/1981 00:00,11.738,36.694,14.022
18/09/1981 00:00,28.816,52.985,18.814
19/09/1981 00:00,19.789,42.812,15.760
20/09/1981 00:00,26.010,62.431,20.839
21/09/1981 00:00,23.823,46.765,16.321
22/09/1981 00:00,18.852,42.292,14.990
23/09/1981 00:00,13.983,33.234,12.041
24/09/1981 00:00,10.420,21.602,8.409
25/09/1981 00:00,7.650,16.964,5.619
26/09/1981 00:00,6.142,13.722,4.857
27/09/1981 00:00,5.148,10.828,4.277
28/09/1981 00:00,5.156,11.257,4.976
29/09/1981 00:00,4.627,9.480,4.260
30/09/1981 00:00,4.341,9.506,4.857
01/10/1981 00:00,4.982,13.946,5.422
02/10/1981 00:00,10.640,25.954,10.643
03/10/1981 00:00,16.453,36.062,12.117
04/10/1981 00:00,18.084,42.226,12.886
05/10/1981 00:00,21.757,49.171,13.015
06/10/1981 00:00,17.493,47.054,12.036
07/10/1981 00:00,12.296,35.477,11.485
08/10/1981 00:00,9.924,24.798,10.624
09/10/1981 00:00,7.987,19.006,6.476
10/10/1981 00:00,7.050,16.593,5.082
11/10/1981 00:00,6.835,17.271,5.981
12/10/1981 00:00,6.818,15.744,5.503
13/10/1981 00:00,5.727,13.760,4.349
14/10/1981 00:00,4.524,11.908,3.694
15/10/1981 00:00,4.285,10.927,3.320
16/10/1981 00:00,4.248,11.002,3.350
17/10/1981 00:00,4.342,11.019,3.686
18/10/1981 00:00,8.053,16.956,4.412
19/10/1981 00:00,8.934,17.322,4.314
20/10/1981 00:00,6.286,14.798,3.555
21/10/1981 00:00,4.388,11.561,3.181
22/10/1981 00:00,9.016,22.183,6.149
23/10/1981 00:00,28.763,66.173,19.447
24/10/1981 00:00,44.393,103.558,30.233
25/10/1981 00:00,47.984,164.814,44.564
26/10/1981 00:00,85.811,227.079,64.485
27/10/1981 00:00,245.565,578.907,167.231
28/10/1981 00:00,149.951,498.222,114.063
29/10/1981 00:00,70.909,233.153,83.213
30/10/1981 00:00,46.122,158.214,42.566
31/10/1981 00:00,39.971,112.223,30.037
01/11/1981 00:00,39.861,103.517,35.174
02/11/1981 00:00,41.377,114.372,37.330
03/11/1981 00:00,33.929,101.886,35.043
04/11/1981 00:00,26.720,81.265,31.607
05/11/1981 00:00,23.622,69.564,25.755
06/11/1981 00:00,21.070,66.566,26.614
07/11/1981 00:00,22.660,77.703,25.203
08/11/1981 00:00,24.681,64.794,23.452
09/11/1981 00:00,14.816,58.707,15.540
10/11/1981 00:00,14.988,51.665,15.216
11/11/1981 00:00,10.542,40.267,12.282
12/11/1981 00:00,7.536,35.764,8.051
13/11/1981 00:00,6.469,30.864,6.381
14/11/1981 00:00,5.930,26.362,6.054
15/11/1981 00:00,14.944,41.698,14.235
16/11/1981 00:00,13.103,43.481,13.060
17/11/1981 00:00,8.251,28.894,9.289
18/11/1981 00:00,5.634,25.859,6.826
19/11/1981 00:00,5.056,22.034,5.725
20/11/1981 00:00,4.665,19.940,5.054
21/11/1981 00:00,4.336,17.940,4.601
22/11/1981 00:00,3.987,15.794,4.367
23/11/1981 00:00,3.626,13.621,4.201
24/11/1981 00:00,3.361,12.602,3.897
25/11/1981 00:00,3.224,12.089,3.552
26/11/1981 00:00,3.016,11.247,3.419
27/11/1981 00:00,2.959,11.452,3.495
28/11/1981 00:00,3.577,16.692,6.314
29/11/1981 00:00,9.262,27.608,9.142
30/11/1981 00:00,15.484,40.377,14.788
01/12/1981 00:00,23.526,66.227,26.278
02/12/1981 00:00,26.532,86.129,32.575
03/12/1981 00:00,36.416,122.749,41.175
04/12/1981 00:00,29.323,96.704,28.836
05/12/1981 00:00,17.532,67.638,17.396
06/12/1981 00:00,11.429,31.676,10.957
07/12/1981 00:00,8.949,25.313,9.032
08/12/1981 00:00,7.123,23.781,6.730
09/12/1981 00:00,5.642,20.630,5.220
10/12/1981 00:00,5.072,18.396,4.578
11/12/1981 00:00,4.547,16.989,4.229
12/12/1981 00:00,4.093,15.307,3.987
13/12/1981 00:00,3.892,14.283,4.051
14/12/1981 00:00,4.510,20.679,7.763
15/12/1981 00:00,4.732,21.536,8.310
16/12/1981 00:00,9.887,35.317,12.900
17/12/1981 00:00,10.184,36.939,15.170
18/12/1981 00:00,9.644,37.206,14.022
19/12/1981 00:00,6.491,25.392,8.973
20/12/1981 00:00,5.557,23.142,7.574
21/12/1981 00:00,6.263,24.131,8.056
22/12/1981 00:00,6.098,24.193,6.927
23/12/1981 00:00,4.968,22.947,5.844
24/12/1981 00:00,4.385,21.552,5.092
25/12/1981 00:00,3.936,17.495,4.523
26/12/1981 00:00,3.509,14.422,4.181
27/12/1981 00:00,3.251,12.421,3.885
28/12/1981 00:00,3.063,11.260,3.550
29/12/1981 00:00,2.886,10.376,3.329
30/12/1981 00:00,2.776,9.764,3.146
31/12/1981 00:00,2.733,9.606,3.046
01/01/1982 00:00,2.675,9.374,2.974
02/01/1982 00:00,2.557,9.140,2.840
03/01/1982 00:00,2.458,8.947,2.755
04/01/1982 00:00,2.391,8.886,2.650
05/01/1982 00:00,2.332,8.929,2.543
06/01/1982 00:00,2.286,8.963,2.476
07/01/1982 00:00,2.259,9.275,2.403
08/01/1982 00:00,2.266,9.899,2.398
09/01/1982 00:00,2.206,10.070,2.341
10/01/1982 00:00,2.126,9.614,2.328
11/01/1982 00:00,2.066,9.137,2.264
12/01/1982 00:00,2.008,8.809,2.201
13/01/1982 00:00,1.953,8.671,2.153
14/01/1982 00:00,1.991,8.935,2.100
15/01/1982 00:00,2.024,8.170,2.129
16/01/1982 00:00,1.941,7.988,2.111
17/01/1982 00:00,1.893,7.787,2.063
18/01/1982 00:00,1.860,7.649,2.045
19/01/1982 00:00,1.835,7.510,2.050
20/01/1982 00:00,1.816,7.430,2.023
21/01/1982 00:00,1.797,7.358,1.983
22/01/1982 00:00,1.801,7.421,1.953
23/01/1982 00:00,1.783,7.342,1.909
24/01/1982 00:00,1.757,7.278,1.907
25/01/1982 00:00,1.827,7.564,2.050
26/01/1982 00:00,1.867,7.831,2.098
27/01/1982 00:00,1.906,8.236,2.133
28/01/1982 00:00,1.979,8.193,2.029
29/01/1982 00:00,1.846,7.813,1.858
30/01/1982 00:00,1.765,7.487,1.749
31/01/1982 00:00,1.714,7.321,1.741
01/02/1982 00:00,1.691,7.101,1.710
02/02/1982 00:00,1.691,6.951,1.713
03/02/1982 00:00,1.677,6.904,1.700
04/02/1982 00:00,1.636,6.773,1.642
05/02/1982 00:00,1.598,6.652,1.579
06/02/1982 00:00,1.551,6.529,1.531
07/02/1982 00:00,1.537,6.463,1.518
08/02/1982 00:00,1.530,6.389,1.489
09/02/1982 00:00,1.498,6.290,1.451
10/02/1982 00:00,1.461,6.196,1.409
11/02/1982 00:00,1.435,6.087,1.366
12/02/1982 00:00,1.412,5.921,1.326
13/02/1982 00:00,1.393,5.910,1.297
14/02/1982 00:00,1.380,5.758,1.276
15/02/1982 00:00,1.368,5.787,1.266
16/02/1982 00:00,1.360,5.747,1.251
17/02/1982 00:00,1.360,5.591,1.253
18/02/1982 00:00,1.353,5.844,1.251
19/02/1982 00:00,1.348,5.510,1.219
20/02/1982 00:00,1.338,5.592,1.201
21/02/1982 00:00,1.336,5.393,1.186
22/02/1982 00:00,1.338,5.446,1.174
23/02/1982 00:00,1.309,5.356,1.166
24/02/1982 00:00,1.305,5.346,1.155
25/02/1982 00:00,1.244,5.322,1.140
26/02/1982 00:00,1.227,5.044,1.125
27/02/1982 00:00,1.187,5.310,1.115
28/02/1982 00:00,1.172,5.077,1.105
01/03/1982 00:00,1.150,5.310,1.095
02/03/1982 00:00,1.117,5.166,1.083
03/03/1982 00:00,1.126,5.290,1.071
04/03/1982 00:00,1.079,5.267,1.064
05/03/1982 00:00,1.096,5.264,1.054
06/03/1982 00:00,1.052,5.313,1.046
07/03/1982 00:00,1.083,5.300,1.037
08/03/1982 00:00,1.037,5.306,1.027
09/03/1982 00:00,1.073,5.260,1.014
10/03/1982 00:00,1.007,5.255,0.986
11/03/1982 00:00,1.062,5.257,0.989
12/03/1982 00:00,0.996,5.359,0.984
13/03/1982 00:00,1.059,5.338,0.963
14/03/1982 00:00,0.988,5.306,0.948
15/03/1982 00:00,1.060,5.336,0.937
16/03/1982 00:00,0.995,5.324,0.919
17/03/1982 00:00,1.072,5.369,0.904
18/03/1982 00:00,1.010,5.156,0.891
19/03/1982 00:00,1.069,5.169,0.873
20/03/1982 00:00,1.001,5.060,0.867
21/03/1982 00:00,1.069,5.237,0.856
22/03/1982 00:00,0.998,5.190,0.846
23/03/1982 00:00,1.075,5.469,0.858
24/03/1982 00:00,1.142,5.741,0.857
25/03/1982 00:00,1.152,5.330,0.841
26/03/1982 00:00,1.153,5.436,0.868
27/03/1982 00:00,1.457,5.745,0.874
28/03/1982 00:00,1.413,5.696,0.847
29/03/1982 00:00,1.407,5.518,0.843
30/03/1982 00:00,1.259,5.416,0.828
31/03/1982 00:00,1.272,5.385,0.837
01/04/1982 00:00,1.258,5.367,0.843
02/04/1982 00:00,1.375,5.404,0.856
03/04/1982 00:00,1.429,5.454,0.861
04/04/1982 00:00,1.459,5.452,0.840
05/04/1982 00:00,1.439,5.368,0.818
06/04/1982 00:00,1.416,5.304,0.814
07/04/1982 00:00,1.386,5.326,0.825
08/04/1982 00:00,1.326,5.457,0.826
09/04/1982 00:00,1.370,5.417,0.815
10/04/1982 00:00,1.313,5.582,0.820
11/04/1982 00:00,1.388,6.168,0.826
12/04/1982 00:00,1.346,5.746,0.836
13/04/1982 00:00,1.398,6.208,0.819
14/04/1982 00:00,1.381,6.407,0.825
15/04/1982 00:00,1.378,6.305,0.841
16/04/1982 00:00,1.372,6.459,0.841
17/04/1982 00:00,1.378,6.569,0.849
18/04/1982 00:00,1.384,6.716,0.866
19/04/1982 00:00,1.385,6.682,0.849
20/04/1982 00:00,1.375,6.561,0.809
21/04/1982 00:00,1.332,6.386,0.800
22/04/1982 00:00,1.322,6.338,0.787
23/04/1982 00:00,1.328,6.273,0.775
24/04/1982 00:00,1.343,6.290,0.770
25/04/1982 00:00,1.368,6.322,0.775
26/04/1982 00:00,1.547,6.721,0.788
27/04/1982 00:00,1.694,7.006,0.775
28/04/1982 00:00,1.719,6.657,0.733
29/04/1982 00:00,1.647,6.524,0.727
30/04/1982 00:00,2.224,8.441,1.252
01/05/1982 00:00,2.536,10.115,1.432
02/05/1982 00:00,2.713,9.619,1.042
03/05/1982 00:00,2.489,7.618,0.910
04/05/1982 00:00,2.206,6.516,0.813
05/05/1982 00:00,1.836,6.431,0.831
06/05/1982 00:00,2.334,6.810,0.861
07/05/1982 00:00,2.431,6.812,0.847
08/05/1982 00:00,2.492,6.722,0.834
09/05/1982 00:00,2.328,6.474,0.822
10/05/1982 00:00,2.216,6.218,0.794
11/05/1982 00:00,2.175,6.154,0.789
12/05/1982 00:00,2.097,6.243,0.794
13/05/1982 00:00,2.124,6.444,0.804
14/05/1982 00:00,2.177,6.755,0.815
15/05/1982 00:00,2.316,7.187,0.843
16/05/1982 00:00,2.475,7.465,0.829
17/05/1982 00:00,2.461,7.060,0.818
18/05/1982 00:00,2.385,6.939,0.800
19/05/1982 00:00,2.458,6.841,0.768
20/05/1982 00:00,2.336,6.487,0.739
21/05/1982 00:00,2.236,6.324,0.756
22/05/1982 00:00,2.170,6.437,0.782
23/05/1982 00:00,2.169,6.340,0.754
24/05/1982 00:00,2.126,6.326,0.743
25/05/1982 00:00,2.145,6.288,0.738
26/05/1982 00:00,2.101,6.247,0.739
27/05/1982 00:00,2.140,6.199,0.742
28/05/1982 00:00,2.212,6.236,0.757
29/05/1982 00:00,2.392,6.544,0.797
30/05/1982 00:00,2.768,7.072,0.794
31/05/1982 00:00,2.705,6.916,0.765
01/06/1982 00:00,2.560,6.487,0.739
02/06/1982 00:00,2.918,8.543,1.368
03/06/1982 00:00,3.180,9.209,1.427
04/06/1982 00:00,3.173,9.029,1.337
05/06/1982 00:00,2.956,8.057,0.890
06/06/1982 00:00,2.864,7.228,0.836
07/06/1982 00:00,3.178,7.534,0.840
08/06/1982 00:00,3.762,9.224,1.101
09/06/1982 00:00,4.255,12.406,1.454
10/06/1982 00:00,4.667,13.068,1.888
11/06/1982 00:00,4.496,11.641,1.952
12/06/1982 00:00,3.878,8.984,1.784
13/06/1982 00:00,3.244,7.624,1.563
14/06/1982 00:00,3.055,8.420,1.233
15/06/1982 00:00,3.467,11.467,1.577
16/06/1982 00:00,4.244,12.977,1.779
17/06/1982 00:00,3.601,10.814,1.692
18/06/1982 00:00,3.364,10.983,1.642
19/06/1982 00:00,3.513,12.559,2.080
20/06/1982 00:00,3.458,11.348,1.983
21/06/1982 00:00,3.488,11.741,1.898
22/06/1982 00:00,3.705,12.152,2.054
23/06/1982 00:00,3.665,12.042,1.752
24/06/1982 00:00,3.274,9.658,1.317
25/06/1982 00:00,2.917,8.281,1.115
26/06/1982 00:00,2.955,7.535,1.142
27/06/1982 00:00,2.824,7.504,1.131
28/06/1982 00:00,2.911,7.307,1.198
29/06/1982 00:00,2.806,6.943,1.235
30/06/1982 00:00,2.805,6.685,1.283
01/07/1982 00:00,2.677,6.364,1.206
02/07/1982 00:00,2.715,6.216,1.111
03/07/1982 00:00,2.694,6.114,0.988
04/07/1982 00:00,2.641,5.685,0.969
05/07/1982 00:00,3.261,9.262,1.783
06/07/1982 00:00,3.816,9.585,2.433
07/07/1982 00:00,3.566,9.370,1.709
08/07/1982 00:00,3.071,8.184,1.586
09/07/1982 00:00,3.895,9.677,2.681
10/07/1982 00:00,7.291,15.866,7.647
11/07/1982 00:00,5.742,14.972,8.330
12/07/1982 00:00,5.099,13.274,6.221
13/07/1982 00:00,3.967,12.291,3.547
14/07/1982 00:00,3.896,10.528,3.925
15/07/1982 00:00,4.337,14.920,5.504
16/07/1982 00:00,3.801,12.944,4.392
17/07/1982 00:00,3.202,11.755,2.924
18/07/1982 00:00,2.667,10.327,2.306
19/07/1982 00:00,2.458,9.089,2.142
20/07/1982 00:00,2.461,7.629,2.233
21/07/1982 00:00,3.089,11.714,2.793
22/07/1982 00:00,4.300,13.208,3.674
23/07/1982 00:00,3.513,12.143,3.112
24/07/1982 00:00,3.903,13.234,3.195
25/07/1982 00:00,2.467,11.276,2.729
26/07/1982 00:00,2.895,13.774,4.431
27/07/1982 00:00,2.698,12.619,4.645
28/07/1982 00:00,3.226,13.504,5.186
29/07/1982 00:00,3.191,13.231,3.662
30/07/1982 00:00,2.986,10.530,2.871
31/07/1982 00:00,2.793,8.027,2.094
01/08/1982 00:00,2.543,7.190,2.078
02/08/1982 00:00,2.758,7.045,1.695
03/08/1982 00:00,2.772,6.274,1.482
04/08/1982 00:00,2.594,5.575,1.417
05/08/1982 00:00,2.710,6.062,1.660
06/08/1982 00:00,2.945,9.033,2.328
07/08/1982 00:00,3.615,13.033,4.531
08/08/1982 00:00,3.481,12.740,5.021
09/08/1982 00:00,3.463,12.131,4.917
10/08/1982 00:00,3.652,13.510,5.276
11/08/1982 00:00,3.766,12.651,4.530
12/08/1982 00:00,3.170,12.200,4.075
13/08/1982 00:00,3.053,8.342,2.779
14/08/1982 00:00,2.565,7.097,2.008
15/08/1982 00:00,2.367,6.526,1.874
16/08/1982 00:00,1.759,5.756,1.766
17/08/1982 00:00,3.020,11.720,3.548
18/08/1982 00:00,3.056,11.135,3.072
19/08/1982 00:00,2.103,9.148,2.107
20/08/1982 00:00,1.995,7.104,1.734
21/08/1982 00:00,1.767,6.531,1.590
22/08/1982 00:00,1.689,5.688,1.529
23/08/1982 00:00,1.614,5.189,1.361
24/08/1982 00:00,1.701,6.215,2.042
25/08/1982 00:00,2.048,7.270,2.915
26/08/1982 00:00,1.846,7.422,2.069
27/08/1982 00:00,1.604,6.824,1.468
28/08/1982 00:00,2.657,9.537,2.761
29/08/1982 00:00,1.655,8.366,1.717
30/08/1982 00:00,1.497,7.876,1.287
31/08/1982 00:00,1.572,6.447,1.595
01/09/1982 00:00,1.871,6.790,1.609
02/09/1982 00:00,6.062,19.211,6.621
03/09/1982 00:00,5.306,17.471,8.011
04/09/1982 00:00,4.006,16.374,6.069
05/09/1982 00:00,3.192,12.369,2.782
06/09/1982 00:00,2.518,10.185,2.195
07/09/1982 00:00,2.349,8.057,2.159
08/09/1982 00:00,2.302,7.277,1.477
09/09/1982 00:00,2.474,6.820,1.654
10/09/1982 00:00,2.402,6.131,1.215
11/09/1982 00:00,2.202,6.119,2.233
12/09/1982 00:00,2.281,5.919,1.074
13/09/1982 00:00,2.264,5.827,1.078
14/09/1982 00:00,2.349,6.398,1.542
15/09/1982 00:00,3.619,10.356,3.140
16/09/1982 00:00,5.501,17.188,4.422
17/09/1982 00:00,4.590,12.894,5.381
18/09/1982 00:00,3.214,13.857,5.133
19/09/1982 00:00,7.533,24.550,8.262
20/09/1982 00:00,6.855,23.523,8.747
21/09/1982 00:00,6.818,21.517,7.457
22/09/1982 00:00,5.242,16.185,5.262
23/09/1982 00:00,5.562,15.146,5.172
24/09/1982 00:00,4.966,14.409,4.473
25/09/1982 00:00,4.291,9.697,2.951
26/09/1982 00:00,3.367,8.101,2.953
27/09/1982 00:00,2.733,7.047,2.112
28/09/1982 00:00,1.974,6.188,2.227
29/09/1982 00:00,1.576,5.630,2.383
30/09/1982 00:00,1.359,5.306,2.202
01/10/1982 00:00,1.920,6.914,3.160
02/10/1982 00:00,4.924,16.057,5.558
03/10/1982 00:00,3.518,12.853,4.528
04/10/1982 00:00,3.011,11.987,3.757
05/10/1982 00:00,2.755,10.227,3.427
06/10/1982 00:00,2.363,8.691,3.251
07/10/1982 00:00,2.750,9.568,2.010
08/10/1982 00:00,2.732,9.444,1.336
09/10/1982 00:00,1.893,7.453,2.416
10/10/1982 00:00,1.547,6.030,2.240
11/10/1982 00:00,1.281,5.314,0.902
12/10/1982 00:00,1.216,5.057,0.870
13/10/1982 00:00,1.208,5.189,0.968
14/10/1982 00:00,1.413,5.888,1.207
15/10/1982 00:00,1.685,6.448,1.018
16/10/1982 00:00,1.603,5.767,1.152
17/10/1982 00:00,1.890,7.284,2.663
18/10/1982 00:00,6.761,19.047,6.165
19/10/1982 00:00,14.027,35.052,13.856
20/10/1982 00:00,9.654,22.757,13.996
21/10/1982 00:00,5.819,19.571,9.257
22/10/1982 00:00,4.181,18.749,7.761
23/10/1982 00:00,5.930,17.423,7.084
24/10/1982 00:00,6.704,18.037,7.358
25/10/1982 00:00,4.050,14.406,6.937
26/10/1982 00:00,4.106,12.518,5.546
27/10/1982 00:00,3.495,9.086,3.879
28/10/1982 00:00,9.107,25.730,8.529
29/10/1982 00:00,8.668,24.192,9.363
30/10/1982 00:00,7.498,16.477,7.440
31/10/1982 00:00,4.620,10.576,5.906
01/11/1982 00:00,3.686,10.941,5.406
02/11/1982 00:00,8.857,25.736,9.120
03/11/1982 00:00,21.375,51.258,16.653
04/11/1982 00:00,29.520,74.812,25.657
05/11/1982 00:00,28.806,73.395,24.566
06/11/1982 00:00,18.763,55.632,23.503
07/11/1982 00:00,14.262,41.212,17.514
08/11/1982 00:00,16.422,46.945,23.658
09/11/1982 00:00,14.512,34.850,17.713
10/11/1982 00:00,12.237,26.867,14.211
11/11/1982 00:00,9.154,22.433,11.855
12/11/1982 00:00,8.895,18.654,8.464
13/11/1982 00:00,7.933,14.883,6.636
14/11/1982 00:00,6.713,12.311,4.030
15/11/1982 00:00,5.870,10.418,4.091
16/11/1982 00:00,4.889,9.744,3.473
17/11/1982 00:00,4.440,10.187,3.104
18/11/1982 00:00,4.055,8.577,2.434
19/11/1982 00:00,3.803,7.361,2.115
20/11/1982 00:00,3.510,6.781,1.880
21/11/1982 00:00,3.212,6.646,1.729
22/11/1982 00:00,3.086,6.565,1.867
23/11/1982 00:00,4.934,12.075,4.031
24/11/1982 00:00,4.228,11.384,3.793
25/11/1982 00:00,7.373,14.352,4.821
26/11/1982 00:00,6.636,13.037,5.316
27/11/1982 00:00,6.718,12.636,4.137
28/11/1982 00:00,4.178,10.720,3.035
29/11/1982 00:00,3.426,8.202,2.055
30/11/1982 00:00,2.897,6.812,1.660
01/12/1982 00:00,2.745,6.540,1.375
02/12/1982 00:00,2.515,5.958,1.200
03/12/1982 00:00,2.013,5.126,1.540
04/12/1982 00:00,5.191,13.658,5.251
05/12/1982 00:00,7.560,19.921,9.762
06/12/1982 00:00,6.357,15.207,8.962
07/12/1982 00:00,3.690,11.768,6.394
08/12/1982 00:00,2.737,8.140,3.196
09/12/1982 00:00,2.478,6.851,2.070
10/12/1982 00:00,2.154,6.203,1.609
11/12/1982 00:00,2.025,5.922,1.515
12/12/1982 00:00,2.592,9.370,2.782
13/12/1982 00:00,3.113,10.237,3.326
14/12/1982 00:00,2.484,8.325,2.065
15/12/1982 00:00,2.302,7.808,1.863
16/12/1982 00:00,2.127,6.894,1.924
17/12/1982 00:00,2.142,6.912,1.894
18/12/1982 00:00,2.181,6.728,1.604
19/12/1982 00:00,2.044,6.442,1.412
20/12/1982 00:00,2.007,6.249,1.720
21/12/1982 00:00,1.971,6.061,1.285
22/12/1982 00:00,1.926,5.921,1.259
23/12/1982 00:00,1.817,5.871,1.200
24/12/1982 00:00,1.759,5.785,1.152
25/12/1982 00:00,1.740,5.630,1.099
26/12/1982 00:00,1.705,5.554,1.065
27/12/1982 00:00,1.675,5.454,1.067
28/12/1982 00:00,1.629,5.319,1.122
29/12/1982 00:00,1.553,5.331,1.056
30/12/1982 00:00,1.432,5.197,0.990
31/12/1982 00:00,1.353,4.958,0.959
01/01/1983 00:00,1.300,4.717,0.879
02/01/1983 00:00,1.263,4.358,0.807
03/01/1983 00:00,1.292,4.169,0.791
04/01/1983 00:00,1.318,4.037,0.804
05/01/1983 00:00,1.406,4.162,0.841
06/01/1983 00:00,1.439,3.941,0.758
07/01/1983 00:00,1.407,3.759,0.722
08/01/1983 00:00,1.356,3.643,0.669
09/01/1983 00:00,1.013,3.247,0.643
10/01/1983 00:00,0.984,3.290,0.642
11/01/1983 00:00,1.279,3.037,0.639
12/01/1983 00:00,1.264,3.178,0.638
13/01/1983 00:00,1.257,3.017,0.633
14/01/1983 00:00,1.138,3.062,0.616
15/01/1983 00:00,1.073,2.907,0.620
16/01/1983 00:00,1.123,2.988,0.622
17/01/1983 00:00,1.087,2.913,0.602
18/01/1983 00:00,1.167,2.923,0.580
19/01/1983 00:00,1.161,2.925,0.579
20/01/1983 00:00,1.169,2.864,0.541
21/01/1983 00:00,1.163,2.957,0.556
22/01/1983 00:00,1.166,2.812,0.476
23/01/1983 00:00,1.188,3.051,0.477
24/01/1983 00:00,1.221,2.846,0.539
25/01/1983 00:00,1.249,3.028,0.521
26/01/1983 00:00,1.234,2.988,0.501
27/01/1983 00:00,1.204,3.391,0.500
28/01/1983 00:00,1.195,3.093,0.471
29/01/1983 00:00,1.186,3.199,0.453
30/01/1983 00:00,1.125,2.889,0.441
31/01/1983 00:00,1.125,3.082,0.413
01/02/1983 00:00,1.134,2.916,0.427
02/02/1983 00:00,1.139,3.172,0.414
03/02/1983 00:00,1.244,3.151,0.413
04/02/1983 00:00,1.247,3.453,0.406
05/02/1983 00:00,1.260,3.399,0.413
06/02/1983 00:00,1.237,3.518,0.414
07/02/1983 00:00,1.186,3.416,0.416
08/02/1983 00:00,1.361,3.460,0.405
09/02/1983 00:00,1.274,3.369,0.407
10/02/1983 00:00,1.341,3.285,0.399
11/02/1983 00:00,1.254,3.132,0.390
12/02/1983 00:00,1.257,3.162,0.383
13/02/1983 00:00,1.257,3.087,0.378
14/02/1983 00:00,1.256,3.115,0.370
15/02/1983 00:00,1.203,3.139,0.371
16/02/1983 00:00,1.238,3.127,0.369
17/02/1983 00:00,1.201,3.198,0.365
18/02/1983 00:00,1.395,3.207,0.365
19/02/1983 00:00,1.338,3.295,0.370
20/02/1983 00:00,1.451,3.306,0.366
21/02/1983 00:00,1.354,3.433,0.379
22/02/1983 00:00,1.439,3.477,0.379
23/02/1983 00:00,1.278,3.565,0.385
24/02/1983 00:00,1.278,3.490,0.370
25/02/1983 00:00,1.260,3.585,0.375
26/02/1983 00:00,1.214,3.440,0.366
27/02/1983 00:00,1.264,3.596,0.376
28/02/1983 00:00,1.186,3.448,0.369
01/03/1983 00:00,1.250,3.617,0.374
02/03/1983 00:00,1.179,3.407,0.365
03/03/1983 00:00,1.196,3.573,0.369
04/03/1983 00:00,1.177,3.364,0.363
05/03/1983 00:00,1.181,3.586,0.370
06/03/1983 00:00,1.172,3.463,0.370
07/03/1983 00:00,1.168,3.710,0.379
08/03/1983 00:00,1.136,3.577,0.373
09/03/1983 00:00,1.125,3.721,0.363
10/03/1983 00:00,1.087,3.524,0.354
11/03/1983 00:00,1.094,3.666,0.346
12/03/1983 00:00,1.067,3.484,0.336
13/03/1983 00:00,1.091,3.630,0.332
14/03/1983 00:00,1.083,3.477,0.331
15/03/1983 00:00,1.124,3.710,0.337
16/03/1983 00:00,1.160,3.675,0.353
17/03/1983 00:00,1.186,3.982,0.369
18/03/1983 00:00,1.223,4.033,0.370
19/03/1983 00:00,1.219,4.158,0.370
20/03/1983 00:00,1.224,4.166,0.362
21/03/1983 00:00,1.287,4.289,0.392
22/03/1983 00:00,1.280,4.336,0.401
23/03/1983 00:00,1.301,4.349,0.392
24/03/1983 00:00,1.252,4.250,0.372
25/03/1983 00:00,1.252,4.198,0.356
26/03/1983 00:00,1.225,4.079,0.337
27/03/1983 00:00,1.229,4.038,0.320
28/03/1983 00:00,1.216,4.059,0.311
29/03/1983 00:00,1.238,4.107,0.306
30/03/1983 00:00,1.248,4.122,0.320
31/03/1983 00:00,1.227,4.287,0.305
01/04/1983 00:00,1.186,4.093,0.297
02/04/1983 00:00,1.161,4.245,0.289
03/04/1983 00:00,1.145,4.023,0.290
04/04/1983 00:00,1.152,4.257,0.278
05/04/1983 00:00,1.145,4.293,0.272
06/04/1983 00:00,1.168,4.224,0.279
07/04/1983 00:00,1.192,4.522,0.292
08/04/1983 00:00,1.212,4.522,0.290
09/04/1983 00:00,1.229,4.622,0.292
10/04/1983 00:00,1.260,4.618,0.307
11/04/1983 00:00,1.254,4.616,0.318
12/04/1983 00:00,1.253,4.552,0.313
13/04/1983 00:00,1.244,4.529,0.318
14/04/1983 00:00,1.247,4.533,0.327
15/04/1983 00:00,1.265,4.499,0.326
16/04/1983 00:00,1.245,4.505,0.342
17/04/1983 00:00,1.256,4.426,0.335
18/04/1983 00:00,1.183,4.387,0.317
19/04/1983 00:00,1.152,4.369,0.302
20/04/1983 00:00,1.105,4.344,0.293
21/04/1983 00:00,1.112,4.345,0.293
22/04/1983 00:00,1.144,4.366,0.301
23/04/1983 00:00,1.198,4.411,0.317
24/04/1983 00:00,1.227,4.489,0.342
25/04/1983 00:00,1.250,4.324,0.340
26/04/1983 00:00,1.206,4.379,0.353
27/04/1983 00:00,1.234,4.287,0.434
28/04/1983 00:00,1.278,4.208,0.517
29/04/1983 00:00,1.364,4.215,0.549
30/04/1983 00:00,1.409,4.077,0.462
01/05/1983 00:00,1.578,4.275,0.666
02/05/1983 00:00,1.507,4.422,0.658
03/05/1983 00:00,1.530,4.468,0.641
04/05/1983 00:00,1.408,4.287,0.620
05/05/1983 00:00,1.531,4.176,0.582
06/05/1983 00:00,1.348,4.162,0.564
07/05/1983 00:00,1.355,4.286,0.554
08/05/1983 00:00,1.315,4.030,0.548
09/05/1983 00:00,1.385,3.944,0.564
10/05/1983 00:00,1.439,4.065,0.608
11/05/1983 00:00,1.792,4.952,0.739
12/05/1983 00:00,1.800,4.921,0.774
13/05/1983 00:00,1.718,4.139,0.789
14/05/1983 00:00,1.609,4.155,0.499
15/05/1983 00:00,1.639,3.525,0.522
16/05/1983 00:00,1.629,3.615,0.502
17/05/1983 00:00,1.580,3.451,0.675
18/05/1983 00:00,1.426,3.561,0.521
19/05/1983 00:00,1.586,4.047,0.617
20/05/1983 00:00,1.723,4.830,0.729
21/05/1983 00:00,2.158,7.278,1.005
22/05/1983 00:00,2.303,7.478,0.980
23/05/1983 00:00,1.951,5.323,0.674
24/05/1983 00:00,1.986,4.917,0.786
25/05/1983 00:00,2.403,5.910,0.729
26/05/1983 00:00,2.462,6.808,0.956
27/05/1983 00:00,2.187,6.383,0.724
28/05/1983 00:00,1.963,5.561,0.598
29/05/1983 00:00,1.805,4.342,0.516
30/05/1983 00:00,1.813,5.120,0.583
31/05/1983 00:00,1.503,5.154,0.664
01/06/1983 00:00,1.592,5.125,1.012
02/06/1983 00:00,1.569,4.965,0.663
03/06/1983 00:00,1.559,4.762,0.491
04/06/1983 00:00,1.702,5.116,0.527
05/06/1983 00:00,1.805,5.526,0.533
06/06/1983 00:00,2.105,6.351,0.668
07/06/1983 00:00,6.429,17.407,3.154
08/06/1983 00:00,6.252,13.606,4.678
09/06/1983 00:00,3.613,10.445,2.531
10/06/1983 00:00,3.219,9.080,1.655
11/06/1983 00:00,3.259,8.188,1.516
12/06/1983 00:00,3.775,8.046,1.345
13/06/1983 00:00,3.746,8.736,1.131
14/06/1983 00:00,4.392,10.172,1.346
15/06/1983 00:00,4.304,10.516,2.010
16/06/1983 00:00,4.138,9.305,1.177
17/06/1983 00:00,3.094,6.980,0.780
18/06/1983 00:00,2.548,6.287,1.289
19/06/1983 00:00,2.234,5.873,0.818
20/06/1983 00:00,2.159,5.514,1.189
21/06/1983 00:00,2.051,5.153,0.806
22/06/1983 00:00,2.082,5.152,0.914
23/06/1983 00:00,2.086,5.194,0.982
24/06/1983 00:00,2.000,5.278,0.960
25/06/1983 00:00,2.223,5.907,0.999
26/06/1983 00:00,2.106,5.748,0.917
27/06/1983 00:00,1.914,5.312,0.817
28/06/1983 00:00,1.731,4.881,0.754
29/06/1983 00:00,1.691,4.654,0.726
30/06/1983 00:00,1.973,4.817,1.077
01/07/1983 00:00,2.539,5.616,1.479
02/07/1983 00:00,2.548,5.890,1.463
03/07/1983 00:00,2.105,5.533,1.385
04/07/1983 00:00,1.736,5.015,1.205
05/07/1983 00:00,1.665,4.574,1.190
06/07/1983 00:00,2.292,6.009,1.310
07/07/1983 00:00,2.429,6.195,1.498
08/07/1983 00:00,2.150,5.734,0.823
09/07/1983 00:00,1.701,4.903,1.320
10/07/1983 00:00,1.863,4.862,1.269
11/07/1983 00:00,2.010,4.956,0.985
12/07/1983 00:00,2.761,5.908,1.524
13/07/1983 00:00,2.321,5.686,1.204
14/07/1983 00:00,2.033,5.557,1.480
15/07/1983 00:00,2.286,6.857,1.228
16/07/1983 00:00,2.186,6.624,1.069
17/07/1983 00:00,2.145,6.642,1.240
18/07/1983 00:00,1.963,6.068,0.927
19/07/1983 00:00,1.874,5.707,0.858
20/07/1983 00:00,2.000,5.669,1.369
21/07/1983 00:00,3.274,7.310,1.725
22/07/1983 00:00,3.444,7.363,1.545
23/07/1983 00:00,2.611,6.766,1.163
24/07/1983 00:00,5.808,17.666,5.601
25/07/1983 00:00,6.185,17.729,6.951
26/07/1983 00:00,5.248,14.480,5.343
27/07/1983 00:00,5.979,18.457,6.769
28/07/1983 00:00,6.340,15.462,7.235
29/07/1983 00:00,5.859,13.736,5.836
30/07/1983 00:00,4.670,10.477,3.785
31/07/1983 00:00,4.132,8.766,3.356
01/08/1983 00:00,4.253,10.507,3.921
02/08/1983 00:00,5.476,12.847,4.331
03/08/1983 00:00,5.087,11.366,3.553
04/08/1983 00:00,4.788,11.234,3.439
05/08/1983 00:00,4.460,9.790,3.201
06/08/1983 00:00,3.909,9.126,2.846
07/08/1983 00:00,5.924,17.177,4.842
08/08/1983 00:00,5.909,15.091,4.508
09/08/1983 00:00,5.407,16.250,4.103
10/08/1983 00:00,5.641,15.605,3.981
11/08/1983 00:00,5.498,14.944,3.007
12/08/1983 00:00,4.074,9.736,1.846
13/08/1983 00:00,3.631,9.246,1.395
14/08/1983 00:00,3.067,7.687,1.145
15/08/1983 00:00,3.384,8.848,1.382
16/08/1983 00:00,3.023,8.874,2.509
17/08/1983 00:00,3.189,8.736,1.472
18/08/1983 00:00,3.014,6.661,1.318
19/08/1983 00:00,3.862,10.403,2.501
20/08/1983 00:00,4.324,10.319,3.317
21/08/1983 00:00,4.666,13.275,3.769
22/08/1983 00:00,5.925,19.773,5.296
23/08/1983 00:00,6.019,20.068,5.755
24/08/1983 00:00,5.990,20.927,5.906
25/08/1983 00:00,5.204,15.807,7.081
26/08/1983 00:00,7.108,17.777,7.309
27/08/1983 00:00,7.948,20.341,8.736
28/08/1983 00:00,10.349,29.624,9.647
29/08/1983 00:00,12.824,32.764,12.723
30/08/1983 00:00,14.088,37.718,14.688
31/08/1983 00:00,12.060,26.116,13.136
01/09/1983 00:00,9.401,19.167,11.280
02/09/1983 00:00,7.517,15.347,8.283
03/09/1983 00:00,7.426,16.037,6.513
04/09/1983 00:00,7.428,16.132,6.051
05/09/1983 00:00,7.437,20.442,6.426
06/09/1983 00:00,8.326,24.391,7.554
07/09/1983 00:00,9.385,26.226,7.440
08/09/1983 00:00,11.333,28.656,9.064
09/09/1983 00:00,9.287,22.992,8.277
10/09/1983 00:00,11.382,27.953,11.957
11/09/1983 00:00,39.958,77.160,22.144
12/09/1983 00:00,36.413,76.850,26.602
13/09/1983 00:00,17.764,51.664,23.334
14/09/1983 00:00,10.823,28.609,13.898
15/09/1983 00:00,11.522,24.172,15.735
16/09/1983 00:00,10.655,24.095,15.213
17/09/1983 00:00,8.879,16.759,10.832
18/09/1983 00:00,7.804,13.664,6.237
19/09/1983 00:00,7.385,13.854,6.344
20/09/1983 00:00,6.546,12.173,5.940
21/09/1983 00:00,5.585,10.418,4.826
22/09/1983 00:00,5.301,12.607,5.965
23/09/1983 00:00,8.819,21.576,11.258
24/09/1983 00:00,10.008,21.978,11.025
25/09/1983 00:00,6.680,18.292,8.093
26/09/1983 00:00,5.372,14.982,6.570
27/09/1983 00:00,4.795,10.514,4.355
28/09/1983 00:00,3.889,8.699,2.820
29/09/1983 00:00,3.876,11.610,3.165
30/09/1983 00:00,4.791,13.841,6.141
01/10/1983 00:00,4.297,11.896,4.873
02/10/1983 00:00,3.698,8.174,3.028
03/10/1983 00:00,3.660,7.802,2.616
04/10/1983 00:00,3.417,6.903,2.326
05/10/1983 00:00,3.021,6.895,1.875
06/10/1983 00:00,2.556,8.196,1.669
07/10/1983 00:00,2.445,5.942,1.573
08/10/1983 00:00,2.326,5.816,1.588
09/10/1983 00:00,2.274,5.935,1.770
10/10/1983 00:00,2.267,5.918,1.667
11/10/1983 00:00,2.186,5.781,1.476
12/10/1983 00:00,2.104,6.875,1.426
13/10/1983 00:00,2.046,6.995,1.350
14/10/1983 00:00,2.074,7.200,1.434
15/10/1983 00:00,2.115,7.316,1.509
16/10/1983 00:00,6.580,16.115,4.122
17/10/1983 00:00,7.439,14.680,3.782
18/10/1983 00:00,4.959,12.430,2.138
19/10/1983 00:00,2.627,8.235,1.596
20/10/1983 00:00,2.485,7.764,1.555
21/10/1983 00:00,2.472,7.686,1.594
22/10/1983 00:00,2.382,7.193,1.283
23/10/1983 00:00,2.287,6.871,1.754
24/10/1983 00:00,2.762,9.486,4.665
25/10/1983 00:00,8.053,27.545,14.413
26/10/1983 00:00,16.975,52.500,23.288
27/10/1983 00:00,17.650,70.172,30.885
28/10/1983 00:00,13.815,59.703,20.174
29/10/1983 00:00,9.503,42.989,15.023
30/10/1983 00:00,20.304,75.216,25.449
31/10/1983 00:00,25.357,98.565,34.512
01/11/1983 00:00,22.108,96.833,35.033
02/11/1983 00:00,16.124,69.466,29.404
03/11/1983 00:00,13.718,60.271,25.613
04/11/1983 00:00,10.104,38.720,20.033
05/11/1983 00:00,7.363,30.253,16.451
06/11/1983 00:00,5.627,22.859,12.868
07/11/1983 00:00,4.831,17.211,8.324
08/11/1983 00:00,4.187,13.868,5.988
09/11/1983 00:00,3.754,12.368,4.292
10/11/1983 00:00,3.399,11.399,3.465
11/11/1983 00:00,3.097,10.419,2.751
12/11/1983 00:00,2.950,9.530,2.361
13/11/1983 00:00,2.790,8.612,2.158
14/11/1983 00:00,2.693,8.092,2.060
15/11/1983 00:00,2.582,7.721,1.885
16/11/1983 00:00,2.479,7.308,1.755
17/11/1983 00:00,2.397,6.880,1.640
18/11/1983 00:00,2.325,6.454,1.495
19/11/1983 00:00,2.252,6.202,1.482
20/11/1983 00:00,2.248,5.995,1.370
21/11/1983 00:00,2.162,5.677,1.298
22/11/1983 00:00,2.170,5.511,1.462
23/11/1983 00:00,2.071,5.353,1.149
24/11/1983 00:00,2.110,5.586,1.066
25/11/1983 00:00,2.034,5.050,1.050
26/11/1983 00:00,2.025,5.104,1.010
27/11/1983 00:00,3.036,11.263,2.863
28/11/1983 00:00,10.645,30.528,10.069
29/11/1983 00:00,16.765,43.067,15.311
30/11/1983 00:00,8.549,30.861,13.928
01/12/1983 00:00,5.743,23.570,7.046
02/12/1983 00:00,5.056,16.835,6.924
03/12/1983 00:00,10.607,32.191,11.975
04/12/1983 00:00,14.638,39.378,13.933
05/12/1983 00:00,10.379,30.729,11.012
06/12/1983 00:00,6.343,21.944,7.260
07/12/1983 00:00,4.646,16.547,4.729
08/12/1983 00:00,3.761,14.022,2.971
09/12/1983 00:00,3.219,13.574,2.752
10/12/1983 00:00,3.760,16.598,4.201
11/12/1983 00:00,5.707,25.247,8.532
12/12/1983 00:00,11.555,37.494,11.280
13/12/1983 00:00,11.139,36.095,12.903
14/12/1983 00:00,9.499,34.706,12.006
15/12/1983 00:00,7.595,32.254,12.204
16/12/1983 00:00,11.341,39.381,13.675
17/12/1983 00:00,8.226,32.515,11.466
18/12/1983 00:00,5.340,21.140,6.612
19/12/1983 00:00,3.475,16.890,4.218
20/12/1983 00:00,4.301,21.447,6.197
21/12/1983 00:00,14.640,44.397,19.940
22/12/1983 00:00,59.878,228.130,88.487
23/12/1983 00:00,187.398,552.319,362.673
24/12/1983 00:00,181.581,517.017,249.531
25/12/1983 00:00,119.350,364.312,174.102
26/12/1983 00:00,83.628,234.160,114.224
27/12/1983 00:00,46.648,139.955,59.406
28/12/1983 00:00,32.264,100.829,48.850
29/12/1983 00:00,24.387,73.711,30.442
30/12/1983 00:00,16.075,48.403,18.466
31/12/1983 00:00,12.110,38.571,14.115
01/01/1984 00:00,8.726,29.865,11.216
02/01/1984 00:00,7.256,21.649,8.542
03/01/1984 00:00,7.530,19.503,6.483
04/01/1984 00:00,6.664,17.853,5.217
05/01/1984 00:00,5.037,16.412,4.615
06/01/1984 00:00,5.075,16.425,4.473
07/01/1984 00:00,5.199,17.560,4.365
08/01/1984 00:00,4.568,15.713,3.924
09/01/1984 00:00,4.084,14.389,3.573
10/01/1984 00:00,3.955,13.671,3.382
11/01/1984 00:00,3.633,12.910,3.081
12/01/1984 00:00,3.674,13.006,3.125
13/01/1984 00:00,4.422,17.263,5.224
14/01/1984 00:00,5.425,24.376,10.557
15/01/1984 00:00,7.348,33.765,12.464
16/01/1984 00:00,9.908,47.186,12.027
17/01/1984 00:00,7.406,31.100,8.934
18/01/1984 00:00,6.024,26.509,6.912
19/01/1984 00:00,5.460,22.800,5.527
20/01/1984 00:00,4.644,19.087,3.688
21/01/1984 00:00,4.835,15.905,2.884
22/01/1984 00:00,4.198,14.017,2.503
23/01/1984 00:00,3.153,12.338,2.316
24/01/1984 00:00,2.867,11.316,2.163
25/01/1984 00:00,2.663,10.744,2.033
26/01/1984 00:00,2.581,10.218,1.947
27/01/1984 00:00,2.437,10.076,1.854
28/01/1984 00:00,2.770,11.063,2.032
29/01/1984 00:00,7.414,32.454,10.055
30/01/1984 00:00,7.507,29.967,7.723
31/01/1984 00:00,5.922,24.083,4.041
01/02/1984 00:00,4.074,16.659,2.600
02/02/1984 00:00,3.514,13.625,2.183
03/02/1984 00:00,3.226,12.240,1.979
04/02/1984 00:00,3.887,16.089,5.317
05/02/1984 00:00,5.056,23.085,7.707
06/02/1984 00:00,16.519,66.026,17.659
07/02/1984 00:00,26.673,111.288,37.888
08/02/1984 00:00,23.973,92.843,28.036
09/02/1984 00:00,16.712,43.195,17.721
10/02/1984 00:00,11.495,30.673,10.520
11/02/1984 00:00,8.427,32.758,8.249
12/02/1984 00:00,15.195,66.425,19.045
13/02/1984 00:00,37.808,128.022,42.689
14/02/1984 00:00,52.088,153.014,59.042
15/02/1984 00:00,52.657,146.771,43.509
16/02/1984 00:00,88.735,215.886,84.509
17/02/1984 00:00,149.830,413.225,173.271
18/02/1984 00:00,127.849,389.306,143.889
19/02/1984 00:00,68.936,160.820,74.385
20/02/1984 00:00,49.195,114.777,49.627
21/02/1984 00:00,31.170,73.901,33.402
22/02/1984 00:00,19.164,49.910,24.208
23/02/1984 00:00,13.942,39.913,17.519
24/02/1984 00:00,12.019,34.740,12.130
25/02/1984 00:00,10.542,29.027,7.966
26/02/1984 00:00,8.799,24.187,5.798
27/02/1984 00:00,7.564,21.351,4.980
28/02/1984 00:00,7.021,19.530,4.539
29/02/1984 00:00,6.612,18.284,4.193
01/03/1984 00:00,6.280,17.186,3.856
02/03/1984 00:00,5.981,16.454,3.528
03/03/1984 00:00,6.718,19.686,6.707
04/03/1984 00:00,12.313,33.894,12.902
05/03/1984 00:00,20.608,55.965,19.153
06/03/1984 00:00,27.507,91.046,23.079
07/03/1984 00:00,29.343,75.190,21.746
08/03/1984 00:00,19.606,54.817,16.139
09/03/1984 00:00,12.174,37.198,7.913
10/03/1984 00:00,8.834,27.780,5.687
11/03/1984 00:00,7.349,22.287,4.713
12/03/1984 00:00,6.846,18.898,4.050
13/03/1984 00:00,5.762,16.336,3.616
14/03/1984 00:00,5.282,14.381,3.349
15/03/1984 00:00,4.765,12.865,3.062
16/03/1984 00:00,4.730,11.770,2.797
17/03/1984 00:00,4.473,10.990,2.583
18/03/1984 00:00,4.209,10.188,2.441
19/03/1984 00:00,3.887,9.495,2.256
20/03/1984 00:00,3.668,8.922,2.158
21/03/1984 00:00,3.526,8.441,2.069
22/03/1984 00:00,3.362,8.038,1.923
23/03/1984 00:00,3.208,7.738,1.769
24/03/1984 00:00,3.164,7.505,1.697
25/03/1984 00:00,3.109,7.310,1.649
26/03/1984 00:00,3.136,7.166,1.650
27/03/1984 00:00,3.094,7.020,1.660
28/03/1984 00:00,3.053,6.875,1.675
29/03/1984 00:00,2.959,6.679,1.585
30/03/1984 00:00,2.897,6.463,1.533
31/03/1984 00:00,2.853,6.315,1.476
01/04/1984 00:00,2.874,6.213,1.470
02/04/1984 00:00,2.883,6.145,1.437
03/04/1984 00:00,2.921,6.092,1.401
04/04/1984 00:00,2.959,6.057,1.394
05/04/1984 00:00,3.061,6.171,1.364
06/04/1984 00:00,2.994,6.064,1.314
07/04/1984 00:00,2.967,5.827,1.279
08/04/1984 00:00,2.908,5.625,1.220
09/04/1984 00:00,2.978,5.562,1.176
10/04/1984 00:00,2.960,5.359,1.154
11/04/1984 00:00,3.238,5.467,1.193
12/04/1984 00:00,3.417,5.850,1.338
13/04/1984 00:00,3.649,6.186,1.391
14/04/1984 00:00,4.266,7.322,1.693
15/04/1984 00:00,3.874,7.154,1.522
16/04/1984 00:00,3.556,6.647,1.342
17/04/1984 00:00,3.254,6.113,1.228
18/04/1984 00:00,3.290,5.646,1.173
19/04/1984 00:00,3.325,5.380,1.168
20/04/1984 00:00,3.397,5.406,1.158
21/04/1984 00:00,3.323,5.474,1.131
22/04/1984 00:00,3.357,5.767,1.121
23/04/1984 00:00,3.402,6.057,1.227
24/04/1984 00:00,3.226,6.175,1.240
25/04/1984 00:00,3.179,5.761,1.191
26/04/1984 00:00,3.124,5.654,1.167
27/04/1984 00:00,3.343,5.793,1.188
28/04/1984 00:00,3.212,5.273,1.175
29/04/1984 00:00,3.351,5.196,1.110
30/04/1984 00:00,3.162,5.244,1.073
01/05/1984 00:00,3.184,5.171,1.046
02/05/1984 00:00,3.143,5.172,1.027
03/05/1984 00:00,3.107,5.106,1.007
04/05/1984 00:00,3.056,4.982,0.988
05/05/1984 00:00,2.957,4.736,0.963
06/05/1984 00:00,2.882,4.838,0.943
07/05/1984 00:00,2.747,4.576,0.932
08/05/1984 00:00,2.731,4.163,0.923
09/05/1984 00:00,2.670,4.095,0.904
10/05/1984 00:00,2.608,4.092,0.906
11/05/1984 00:00,2.558,4.148,0.904
12/05/1984 00:00,2.560,3.983,0.894
13/05/1984 00:00,2.566,4.051,0.893
14/05/1984 00:00,2.647,3.904,0.884
15/05/1984 00:00,2.650,3.868,0.868
16/05/1984 00:00,2.655,3.793,0.858
17/05/1984 00:00,2.542,3.730,0.853
18/05/1984 00:00,2.518,3.725,0.850
19/05/1984 00:00,2.478,4.807,0.866
20/05/1984 00:00,2.378,4.800,0.836
21/05/1984 00:00,2.546,4.476,0.845
22/05/1984 00:00,2.605,4.666,0.832
23/05/1984 00:00,2.613,4.815,0.863
24/05/1984 00:00,2.608,4.671,0.810
25/05/1984 00:00,2.544,4.733,0.808
26/05/1984 00:00,2.725,4.852,0.807
27/05/1984 00:00,2.637,4.858,0.814
28/05/1984 00:00,2.672,4.687,0.805
29/05/1984 00:00,2.487,4.752,0.774
30/05/1984 00:00,2.508,4.533,0.757
31/05/1984 00:00,2.398,4.491,0.743
01/06/1984 00:00,2.428,4.262,0.738
02/06/1984 00:00,2.345,4.419,0.731
03/06/1984 00:00,2.361,4.261,0.734
04/06/1984 00:00,2.376,4.084,0.733
05/06/1984 00:00,1.998,4.097,0.770
06/06/1984 00:00,2.037,4.870,0.774
07/06/1984 00:00,2.290,5.164,0.898
08/06/1984 00:00,2.341,5.221,0.903
09/06/1984 00:00,2.340,5.110,0.864
10/06/1984 00:00,2.205,5.149,1.049
11/06/1984 00:00,2.613,5.544,2.304
12/06/1984 00:00,2.906,5.816,1.448
13/06/1984 00:00,2.589,5.734,1.055
14/06/1984 00:00,2.360,5.501,1.039
15/06/1984 00:00,2.199,5.444,0.949
16/06/1984 00:00,2.680,5.986,1.662
17/06/1984 00:00,3.170,7.445,2.675
18/06/1984 00:00,4.449,10.816,3.628
19/06/1984 00:00,3.854,8.247,2.691
20/06/1984 00:00,3.183,6.507,1.572
21/06/1984 00:00,2.632,5.805,1.130
22/06/1984 00:00,2.611,5.566,1.193
23/06/1984 00:00,2.583,5.032,1.106
24/06/1984 00:00,2.481,4.763,1.022
25/06/1984 00:00,2.483,4.834,1.085
26/06/1984 00:00,2.445,4.802,1.018
27/06/1984 00:00,2.381,4.728,0.966
28/06/1984 00:00,2.301,4.669,0.935
29/06/1984 00:00,2.251,4.766,1.002
30/06/1984 00:00,2.473,5.049,1.219
01/07/1984 00:00,2.591,5.055,1.128
02/07/1984 00:00,2.501,5.099,1.176
03/07/1984 00:00,2.348,5.095,1.050
04/07/1984 00:00,2.287,5.175,1.094
05/07/1984 00:00,2.445,5.232,1.028
06/07/1984 00:00,2.389,5.250,1.381
07/07/1984 00:00,3.206,6.566,2.616
08/07/1984 00:00,3.827,8.576,3.507
09/07/1984 00:00,4.362,8.938,3.834
10/07/1984 00:00,4.917,8.251,3.947
11/07/1984 00:00,5.498,10.312,3.691
12/07/1984 00:00,6.999,15.921,6.398
13/07/1984 00:00,6.424,13.973,5.682
14/07/1984 00:00,5.379,11.519,3.846
15/07/1984 00:00,4.617,8.233,1.729
16/07/1984 00:00,4.199,7.661,1.782
17/07/1984 00:00,3.962,7.813,1.760
18/07/1984 00:00,3.787,7.104,1.438
19/07/1984 00:00,3.586,6.833,1.276
20/07/1984 00:00,3.681,7.072,1.470
21/07/1984 00:00,7.002,20.596,11.478
22/07/1984 00:00,8.740,27.076,11.629
23/07/1984 00:00,10.035,33.118,13.101
24/07/1984 00:00,7.070,25.868,10.146
25/07/1984 00:00,8.190,30.594,12.151
26/07/1984 00:00,18.525,52.060,19.815
27/07/1984 00:00,13.403,50.242,20.063
28/07/1984 00:00,10.755,49.712,18.151
29/07/1984 00:00,6.418,33.578,14.221
30/07/1984 00:00,7.811,35.133,14.122
31/07/1984 00:00,7.486,36.231,14.735
01/08/1984 00:00,6.630,29.198,10.585
02/08/1984 00:00,5.406,18.191,5.448
03/08/1984 00:00,4.422,13.072,3.346
04/08/1984 00:00,4.072,10.419,2.589
05/08/1984 00:00,3.583,8.963,2.176
06/08/1984 00:00,3.258,7.878,2.042
07/08/1984 00:00,3.291,7.632,2.164
08/08/1984 00:00,4.910,16.370,7.099
09/08/1984 00:00,4.520,15.356,5.777
10/08/1984 00:00,4.169,13.800,4.721
11/08/1984 00:00,3.733,9.892,2.451
12/08/1984 00:00,3.476,8.260,1.861
13/08/1984 00:00,3.341,7.248,1.626
14/08/1984 00:00,3.146,7.032,1.536
15/08/1984 00:00,3.097,6.836,1.522
16/08/1984 00:00,2.985,6.435,1.353
17/08/1984 00:00,3.070,6.184,1.321
18/08/1984 00:00,3.009,5.985,1.239
19/08/1984 00:00,2.862,5.836,1.285
20/08/1984 00:00,2.817,5.465,1.031
21/08/1984 00:00,2.732,5.735,1.121
22/08/1984 00:00,2.825,6.018,1.380
23/08/1984 00:00,3.296,7.995,1.983
24/08/1984 00:00,4.429,13.845,2.953
25/08/1984 00:00,4.509,13.188,2.845
26/08/1984 00:00,6.078,17.621,6.353
27/08/1984 00:00,4.591,14.979,5.554
28/08/1984 00:00,4.152,12.337,3.357
29/08/1984 00:00,2.918,9.772,2.509
30/08/1984 00:00,2.915,8.578,1.963
31/08/1984 00:00,2.632,7.004,1.513
01/09/1984 00:00,2.561,6.731,1.231
02/09/1984 00:00,2.484,6.492,1.084
03/09/1984 00:00,2.519,6.085,1.005
04/09/1984 00:00,2.476,5.724,0.959
05/09/1984 00:00,2.427,5.602,0.906
06/09/1984 00:00,3.274,13.892,3.391
07/09/1984 00:00,3.926,14.999,3.234
08/09/1984 00:00,3.955,14.523,2.520
09/09/1984 00:00,3.213,10.926,1.668
10/09/1984 00:00,2.800,8.835,1.706
11/09/1984 00:00,2.691,7.709,1.494
12/09/1984 00:00,2.452,7.056,1.140
13/09/1984 00:00,2.256,6.414,0.931
14/09/1984 00:00,2.581,7.237,1.021
15/09/1984 00:00,2.825,8.003,0.980
16/09/1984 00:00,3.006,8.618,1.065
17/09/1984 00:00,3.605,10.302,2.403
18/09/1984 00:00,5.173,16.108,4.582
19/09/1984 00:00,6.290,20.598,5.213
20/09/1984 00:00,4.586,16.527,4.786
21/09/1984 00:00,4.463,17.709,4.356
22/09/1984 00:00,3.487,11.440,2.222
23/09/1984 00:00,3.261,9.429,1.529
24/09/1984 00:00,3.401,8.865,1.515
25/09/1984 00:00,4.563,11.246,1.505
26/09/1984 00:00,4.613,12.830,1.866
27/09/1984 00:00,5.687,16.488,6.063
28/09/1984 00:00,8.773,26.430,8.840
29/09/1984 00:00,15.907,43.335,18.425
30/09/1984 00:00,73.200,214.150,84.116
01/10/1984 00:00,58.629,261.031,73.556
02/10/1984 00:00,45.644,169.852,64.366
03/10/1984 00:00,26.832,126.003,51.186
04/10/1984 00:00,38.999,121.805,44.152
05/10/1984 00:00,34.827,100.033,37.388
06/10/1984 00:00,30.398,103.223,35.046
07/10/1984 00:00,29.229,87.354,31.366
08/10/1984 00:00,19.709,70.064,28.037
09/10/1984 00:00,18.049,51.356,27.160
10/10/1984 00:00,12.229,39.416,16.360
11/10/1984 00:00,8.715,27.263,11.028
12/10/1984 00:00,7.683,20.397,8.133
13/10/1984 00:00,8.373,17.261,7.389
14/10/1984 00:00,7.928,16.842,7.736
15/10/1984 00:00,6.522,12.877,7.079
16/10/1984 00:00,5.381,9.801,5.723
17/10/1984 00:00,4.569,8.461,4.574
18/10/1984 00:00,3.979,7.956,3.998
19/10/1984 00:00,3.308,8.043,3.533
20/10/1984 00:00,3.028,7.960,3.481
21/10/1984 00:00,2.950,7.469,3.289
22/10/1984 00:00,3.219,6.964,2.794
23/10/1984 00:00,3.504,8.308,3.075
24/10/1984 00:00,4.222,10.636,3.068
25/10/1984 00:00,4.426,12.288,3.604
26/10/1984 00:00,5.602,14.923,5.639
27/10/1984 00:00,5.606,16.835,6.158
28/10/1984 00:00,4.638,13.633,3.150
29/10/1984 00:00,4.853,12.762,2.759
30/10/1984 00:00,3.302,9.410,2.256
31/10/1984 00:00,3.381,7.977,1.935
01/11/1984 00:00,2.898,7.571,2.167
02/11/1984 00:00,3.266,8.340,2.581
03/11/1984 00:00,4.486,13.196,4.074
04/11/1984 00:00,3.996,13.190,4.683
05/11/1984 00:00,4.276,15.310,4.690
06/11/1984 00:00,4.343,14.577,3.639
07/11/1984 00:00,3.752,10.801,2.731
08/11/1984 00:00,3.839,10.684,3.443
09/11/1984 00:00,4.075,15.587,5.361
10/11/1984 00:00,3.897,12.695,5.452
11/11/1984 00:00,7.091,24.270,13.623
12/11/1984 00:00,18.493,57.530,42.969
13/11/1984 00:00,26.231,94.158,93.122
14/11/1984 00:00,16.765,69.770,63.253
15/11/1984 00:00,15.613,62.383,61.173
16/11/1984 00:00,16.187,69.204,46.791
17/11/1984 00:00,19.342,76.307,43.141
18/11/1984 00:00,11.432,59.106,42.850
19/11/1984 00:00,7.929,40.781,26.848
20/11/1984 00:00,6.757,22.968,15.324
21/11/1984 00:00,5.202,17.595,11.419
22/11/1984 00:00,4.263,15.886,8.030
23/11/1984 00:00,3.789,13.026,6.066
24/11/1984 00:00,3.663,15.299,7.815
25/11/1984 00:00,7.148,29.622,19.756
26/11/1984 00:00,7.011,28.699,18.176
27/11/1984 00:00,5.229,23.418,13.151
28/11/1984 00:00,3.919,14.970,7.748
29/11/1984 00:00,3.465,13.851,4.588
30/11/1984 00:00,3.535,19.340,10.158
01/12/1984 00:00,10.798,37.408,25.397
02/12/1984 00:00,16.394,64.442,28.451
03/12/1984 00:00,13.241,48.846,18.547
04/12/1984 00:00,11.981,34.671,16.371
05/12/1984 00:00,8.954,26.195,11.587
06/12/1984 00:00,5.962,21.218,7.987
07/12/1984 00:00,4.274,18.122,5.781
08/12/1984 00:00,3.577,15.267,4.661
09/12/1984 00:00,3.251,13.126,4.025
10/12/1984 00:00,2.938,10.403,3.494
11/12/1984 00:00,2.781,10.247,2.973
12/12/1984 00:00,2.646,9.503,2.638
13/12/1984 00:00,2.552,9.002,2.375
14/12/1984 00:00,2.470,8.619,2.135
15/12/1984 00:00,2.371,8.357,1.944
16/12/1984 00:00,2.246,8.138,1.854
17/12/1984 00:00,2.131,7.824,1.765
18/12/1984 00:00,2.159,7.743,1.534
19/12/1984 00:00,2.167,7.428,1.512
20/12/1984 00:00,2.051,7.010,1.438
21/12/1984 00:00,1.809,6.803,1.387
22/12/1984 00:00,1.770,6.558,1.357
23/12/1984 00:00,2.010,6.411,1.321
24/12/1984 00:00,1.697,6.090,1.233
25/12/1984 00:00,1.596,6.548,1.285
26/12/1984 00:00,1.744,6.810,1.610
27/12/1984 00:00,2.022,7.541,2.096
28/12/1984 00:00,2.074,7.968,1.937
29/12/1984 00:00,2.448,8.768,2.434
30/12/1984 00:00,4.196,13.619,5.994
31/12/1984 00:00,13.254,33.001,13.367
01/01/1985 00:00,16.281,44.921,20.448
02/01/1985 00:00,19.848,58.417,24.668
03/01/1985 00:00,24.344,87.228,45.693
04/01/1985 00:00,26.144,99.461,45.241
05/01/1985 00:00,14.655,57.220,22.427
06/01/1985 00:00,9.664,30.027,14.949
07/01/1985 00:00,6.833,17.577,12.315
08/01/1985 00:00,5.003,14.581,8.288
09/01/1985 00:00,4.321,14.931,6.985
10/01/1985 00:00,3.891,14.045,4.796
11/01/1985 00:00,3.467,13.060,3.905
12/01/1985 00:00,3.216,12.559,3.742
13/01/1985 00:00,3.227,12.330,3.615
14/01/1985 00:00,3.215,12.106,2.904
15/01/1985 00:00,3.099,11.680,2.597
16/01/1985 00:00,2.926,11.437,2.597
17/01/1985 00:00,2.894,10.586,2.333
18/01/1985 00:00,2.702,9.955,2.107
19/01/1985 00:00,2.573,9.657,2.264
20/01/1985 00:00,2.551,8.990,1.970
21/01/1985 00:00,2.452,8.680,1.756
22/01/1985 00:00,2.343,8.281,1.700
23/01/1985 00:00,2.291,8.216,1.738
24/01/1985 00:00,2.206,7.931,1.544
25/01/1985 00:00,2.074,7.531,1.434
26/01/1985 00:00,1.961,7.372,1.369
27/01/1985 00:00,1.858,7.195,1.346
28/01/1985 00:00,1.806,6.835,1.254
29/01/1985 00:00,1.784,6.552,1.219
30/01/1985 00:00,1.742,6.593,1.200
31/01/1985 00:00,1.795,6.576,1.216
01/02/1985 00:00,1.832,7.163,1.295
02/02/1985 00:00,1.831,7.602,1.218
03/02/1985 00:00,1.852,7.835,1.309
04/02/1985 00:00,1.790,7.387,1.091
05/02/1985 00:00,1.685,6.516,1.017
06/02/1985 00:00,1.552,5.915,0.987
07/02/1985 00:00,1.491,5.611,0.934
08/02/1985 00:00,1.547,5.737,0.875
09/02/1985 00:00,1.373,5.479,0.845
10/02/1985 00:00,1.468,5.168,0.910
11/02/1985 00:00,1.467,4.769,0.830
12/02/1985 00:00,1.475,4.806,0.816
13/02/1985 00:00,1.425,4.583,0.813
14/02/1985 00:00,1.561,4.714,0.809
15/02/1985 00:00,1.374,4.425,0.796
16/02/1985 00:00,1.191,4.897,0.805
17/02/1985 00:00,1.238,4.642,0.894
18/02/1985 00:00,1.329,4.694,0.864
19/02/1985 00:00,1.273,4.543,0.793
20/02/1985 00:00,1.157,4.602,0.767
21/02/1985 00:00,1.085,4.469,0.749
22/02/1985 00:00,1.051,4.268,0.730
23/02/1985 00:00,0.997,4.187,0.722
24/02/1985 00:00,0.987,4.001,0.711
25/02/1985 00:00,0.991,3.971,0.694
26/02/1985 00:00,1.013,3.826,0.693
27/02/1985 00:00,0.973,4.020,0.695
28/02/1985 00:00,1.020,3.956,0.711
01/03/1985 00:00,1.136,4.145,0.705
02/03/1985 00:00,1.013,4.540,0.689
03/03/1985 00:00,0.785,4.440,0.695
04/03/1985 00:00,1.223,4.426,0.688
05/03/1985 00:00,0.974,4.266,0.675
06/03/1985 00:00,1.116,4.396,0.661
07/03/1985 00:00,1.015,4.432,0.672
08/03/1985 00:00,1.026,4.323,0.658
09/03/1985 00:00,0.950,4.306,0.650
10/03/1985 00:00,0.993,4.274,0.650
11/03/1985 00:00,0.961,4.414,0.666
12/03/1985 00:00,1.072,4.700,0.694
13/03/1985 00:00,1.179,4.931,0.709
14/03/1985 00:00,1.099,4.933,0.644
15/03/1985 00:00,1.056,4.660,0.624
16/03/1985 00:00,0.998,4.537,0.630
17/03/1985 00:00,1.025,4.443,0.647
18/03/1985 00:00,1.031,4.694,0.659
19/03/1985 00:00,1.103,4.659,0.664
20/03/1985 00:00,1.088,4.967,0.658
21/03/1985 00:00,1.127,4.818,0.656
22/03/1985 00:00,1.078,5.182,0.658
23/03/1985 00:00,1.137,4.873,0.660
24/03/1985 00:00,1.111,5.340,0.654
25/03/1985 00:00,1.514,5.704,0.681
26/03/1985 00:00,1.354,6.012,0.663
27/03/1985 00:00,1.338,5.922,0.652
28/03/1985 00:00,1.206,5.905,0.649
29/03/1985 00:00,1.231,5.881,0.636
30/03/1985 00:00,1.185,5.828,0.634
31/03/1985 00:00,1.288,6.000,0.649
01/04/1985 00:00,1.572,6.296,0.743
02/04/1985 00:00,1.954,7.194,1.265
03/04/1985 00:00,1.932,6.995,0.895
04/04/1985 00:00,1.785,6.775,0.771
05/04/1985 00:00,1.788,6.815,0.756
06/04/1985 00:00,2.141,6.892,0.838
07/04/1985 00:00,2.128,6.975,0.748
08/04/1985 00:00,1.856,6.649,0.685
09/04/1985 00:00,1.673,6.473,0.694
10/04/1985 00:00,1.572,6.324,0.693
11/04/1985 00:00,1.524,6.243,0.706
12/04/1985 00:00,1.608,6.194,0.708
13/04/1985 00:00,1.478,6.109,0.709
14/04/1985 00:00,1.657,6.184,0.702
15/04/1985 00:00,1.662,6.239,0.685
16/04/1985 00:00,1.550,6.295,0.676
17/04/1985 00:00,1.443,6.202,0.696
18/04/1985 00:00,1.476,6.401,0.700
19/04/1985 00:00,1.442,6.429,0.692
20/04/1985 00:00,1.421,6.444,0.681
21/04/1985 00:00,1.361,6.427,0.680
22/04/1985 00:00,1.316,6.569,0.683
23/04/1985 00:00,1.369,6.592,0.686
24/04/1985 00:00,1.346,6.617,0.693
25/04/1985 00:00,1.388,6.604,0.704
26/04/1985 00:00,1.428,6.625,0.713
27/04/1985 00:00,1.450,6.753,0.702
28/04/1985 00:00,1.405,6.533,0.679
29/04/1985 00:00,1.355,6.456,0.689
30/04/1985 00:00,1.360,6.371,0.690
01/05/1985 00:00,1.393,6.349,0.685
02/05/1985 00:00,1.392,6.352,0.681
03/05/1985 00:00,1.416,6.306,0.680
04/05/1985 00:00,1.370,6.283,0.683
05/05/1985 00:00,1.384,6.337,0.687
06/05/1985 00:00,1.303,6.204,0.649
07/05/1985 00:00,1.294,6.128,0.626
08/05/1985 00:00,1.203,6.072,0.620
09/05/1985 00:00,1.210,6.072,0.621
10/05/1985 00:00,1.198,6.108,0.623
11/05/1985 00:00,1.243,6.125,0.627
12/05/1985 00:00,1.273,6.139,0.642
13/05/1985 00:00,1.326,6.156,0.637
14/05/1985 00:00,1.387,6.156,0.643
15/05/1985 00:00,1.411,6.152,0.633
16/05/1985 00:00,1.367,6.058,0.613
17/05/1985 00:00,1.326,5.946,0.621
18/05/1985 00:00,1.330,5.879,0.630
19/05/1985 00:00,1.365,5.835,0.620
20/05/1985 00:00,1.354,5.760,0.604
21/05/1985 00:00,1.711,6.376,0.750
22/05/1985 00:00,1.999,7.059,0.714
23/05/1985 00:00,2.008,6.197,0.624
24/05/1985 00:00,1.805,6.005,0.653
25/05/1985 00:00,1.734,5.676,0.581
26/05/1985 00:00,1.658,5.541,0.597
27/05/1985 00:00,2.093,5.986,1.035
28/05/1985 00:00,2.104,6.112,0.799
29/05/1985 00:00,1.966,5.703,0.724
30/05/1985 00:00,1.653,5.650,0.655
31/05/1985 00:00,2.042,6.053,0.832
01/06/1985 00:00,2.303,6.224,0.868
02/06/1985 00:00,1.853,5.735,0.838
03/06/1985 00:00,1.983,5.750,0.748
04/06/1985 00:00,3.447,8.145,2.230
05/06/1985 00:00,9.468,36.046,13.757
06/06/1985 00:00,9.170,27.302,13.866
07/06/1985 00:00,6.784,20.909,8.686
08/06/1985 00:00,4.861,11.254,5.964
09/06/1985 00:00,3.869,8.912,3.561
10/06/1985 00:00,3.412,8.674,2.373
11/06/1985 00:00,3.874,9.326,2.565
12/06/1985 00:00,3.776,9.150,1.846
13/06/1985 00:00,3.407,7.849,1.490
14/06/1985 00:00,3.171,7.052,1.280
15/06/1985 00:00,2.773,6.430,1.068
16/06/1985 00:00,2.586,6.168,0.976
17/06/1985 00:00,2.413,5.955,0.954
18/06/1985 00:00,2.638,6.469,1.089
19/06/1985 00:00,3.751,8.031,1.325
20/06/1985 00:00,3.497,6.931,1.128
21/06/1985 00:00,2.898,6.126,0.881
22/06/1985 00:00,2.534,5.702,0.886
23/06/1985 00:00,2.439,5.801,1.453
24/06/1985 00:00,4.369,14.003,3.275
25/06/1985 00:00,5.144,11.046,2.865
26/06/1985 00:00,4.613,11.106,2.263
27/06/1985 00:00,3.521,8.059,2.035
28/06/1985 00:00,3.886,7.688,2.109
29/06/1985 00:00,4.163,7.591,1.807
30/06/1985 00:00,3.515,7.250,1.418
01/07/1985 00:00,2.809,6.448,1.188
02/07/1985 00:00,2.327,5.864,1.056
03/07/1985 00:00,2.203,5.549,1.084
04/07/1985 00:00,2.106,5.506,0.964
05/07/1985 00:00,4.111,9.210,1.392
06/07/1985 00:00,3.838,8.626,1.193
07/07/1985 00:00,3.299,8.115,1.011
08/07/1985 00:00,2.278,6.935,0.960
09/07/1985 00:00,2.090,6.340,0.904
10/07/1985 00:00,2.411,6.955,1.242
11/07/1985 00:00,2.997,7.596,1.310
12/07/1985 00:00,3.827,8.743,2.202
13/07/1985 00:00,3.766,8.647,1.774
14/07/1985 00:00,5.412,11.468,3.284
15/07/1985 00:00,4.457,10.317,2.103
16/07/1985 00:00,3.518,8.342,1.471
17/07/1985 00:00,3.430,9.803,1.654
18/07/1985 00:00,4.039,10.276,1.717
19/07/1985 00:00,3.678,9.630,1.348
20/07/1985 00:00,5.553,24.050,6.563
21/07/1985 00:00,9.490,24.308,12.374
22/07/1985 00:00,9.010,22.148,11.382
23/07/1985 00:00,7.881,21.439,10.055
24/07/1985 00:00,7.900,15.677,7.641
25/07/1985 00:00,6.802,13.748,7.556
26/07/1985 00:00,9.033,14.884,7.188
27/07/1985 00:00,9.373,13.625,6.663
28/07/1985 00:00,6.091,10.969,5.142
29/07/1985 00:00,3.786,8.606,4.247
30/07/1985 00:00,3.196,7.247,2.495
31/07/1985 00:00,2.675,6.639,1.948
01/08/1985 00:00,3.027,6.674,2.350
02/08/1985 00:00,3.032,6.267,1.999
03/08/1985 00:00,2.735,6.100,1.950
04/08/1985 00:00,2.638,5.878,1.830
05/08/1985 00:00,5.287,11.971,3.316
06/08/1985 00:00,7.018,16.260,4.876
07/08/1985 00:00,9.960,19.703,7.783
08/08/1985 00:00,7.296,19.726,8.430
09/08/1985 00:00,4.745,13.354,6.530
10/08/1985 00:00,4.526,9.566,3.942
11/08/1985 00:00,4.171,9.875,2.338
12/08/1985 00:00,4.131,7.502,2.417
13/08/1985 00:00,3.772,6.675,1.766
14/08/1985 00:00,3.385,6.236,1.462
15/08/1985 00:00,3.041,6.513,1.398
16/08/1985 00:00,2.878,6.314,1.312
17/08/1985 00:00,2.561,5.674,1.168
18/08/1985 00:00,2.676,6.183,1.556
19/08/1985 00:00,5.226,13.624,3.236
20/08/1985 00:00,6.214,14.609,4.709
21/08/1985 00:00,6.363,16.191,5.692
22/08/1985 00:00,6.628,15.963,5.581
23/08/1985 00:00,7.467,19.359,7.268
24/08/1985 00:00,12.254,33.586,14.927
25/08/1985 00:00,15.467,37.802,17.805
26/08/1985 00:00,9.875,34.151,15.174
27/08/1985 00:00,7.072,20.378,11.028
28/08/1985 00:00,5.753,14.997,8.515
29/08/1985 00:00,5.009,11.346,5.812
30/08/1985 00:00,4.161,9.193,3.873
31/08/1985 00:00,3.467,8.216,2.827
01/09/1985 00:00,4.123,15.331,6.989
02/09/1985 00:00,4.931,12.448,7.588
03/09/1985 00:00,4.522,13.985,6.867
04/09/1985 00:00,4.537,13.244,6.824
05/09/1985 00:00,5.565,19.482,7.871
06/09/1985 00:00,5.253,13.285,7.974
07/09/1985 00:00,5.259,18.712,7.976
08/09/1985 00:00,5.418,15.374,7.791
09/09/1985 00:00,6.566,24.249,10.680
10/09/1985 00:00,5.555,15.261,8.715
11/09/1985 00:00,5.206,16.304,7.891
12/09/1985 00:00,5.167,13.507,7.736
13/09/1985 00:00,4.164,10.730,5.087
14/09/1985 00:00,3.500,8.884,3.039
15/09/1985 00:00,2.955,7.642,2.736
16/09/1985 00:00,2.758,6.948,2.076
17/09/1985 00:00,2.524,6.690,1.860
18/09/1985 00:00,3.198,8.649,3.551
19/09/1985 00:00,4.408,14.171,4.966
20/09/1985 00:00,8.341,20.337,6.497
21/09/1985 00:00,6.098,18.362,6.751
22/09/1985 00:00,4.219,15.183,4.028
23/09/1985 00:00,3.963,12.358,5.604
24/09/1985 00:00,4.381,12.451,5.632
25/09/1985 00:00,7.472,19.165,6.453
26/09/1985 00:00,12.916,32.318,9.889
27/09/1985 00:00,9.574,28.195,9.442
28/09/1985 00:00,8.129,24.790,9.464
29/09/1985 00:00,6.995,20.201,10.025
30/09/1985 00:00,8.108,22.306,11.887
01/10/1985 00:00,7.499,18.580,11.252
02/10/1985 00:00,6.510,15.301,9.876
03/10/1985 00:00,6.297,13.640,8.153
04/10/1985 00:00,5.662,14.602,8.910
05/10/1985 00:00,7.056,18.075,10.266
06/10/1985 00:00,6.833,22.639,10.653
07/10/1985 00:00,9.461,27.320,12.422
08/10/1985 00:00,5.379,16.403,8.624
09/10/1985 00:00,4.566,14.247,8.927
10/10/1985 00:00,4.789,15.098,9.589
11/10/1985 00:00,4.422,13.117,6.656
12/10/1985 00:00,3.983,9.495,4.268
13/10/1985 00:00,3.874,9.086,5.585
14/10/1985 00:00,4.741,11.191,5.509
15/10/1985 00:00,4.510,9.812,5.678
16/10/1985 00:00,3.805,7.640,4.656
17/10/1985 00:00,3.176,7.039,3.002
18/10/1985 00:00,2.720,6.325,2.582
19/10/1985 00:00,2.568,5.969,2.207
20/10/1985 00:00,2.308,5.703,1.936
21/10/1985 00:00,2.137,5.619,1.743
22/10/1985 00:00,1.976,5.573,1.574
23/10/1985 00:00,1.915,5.649,1.424
24/10/1985 00:00,1.867,5.854,1.515
25/10/1985 00:00,2.430,9.056,3.183
26/10/1985 00:00,15.405,39.233,10.313
27/10/1985 00:00,11.274,29.460,15.753
28/10/1985 00:00,8.609,23.042,9.987
29/10/1985 00:00,5.891,14.435,5.757
30/10/1985 00:00,4.242,14.616,4.353
31/10/1985 00:00,5.769,17.897,6.671
01/11/1985 00:00,4.643,14.463,7.279
02/11/1985 00:00,4.569,14.011,4.436
03/11/1985 00:00,4.623,16.190,6.252
04/11/1985 00:00,7.935,20.728,8.978
05/11/1985 00:00,20.997,48.574,25.517
06/11/1985 00:00,33.006,72.582,35.661
07/11/1985 00:00,60.051,188.840,77.781
08/11/1985 00:00,65.439,222.179,104.531
09/11/1985 00:00,82.175,326.585,151.338
10/11/1985 00:00,73.862,288.667,149.752
11/11/1985 00:00,121.305,383.646,160.682
12/11/1985 00:00,107.142,465.731,156.333
13/11/1985 00:00,97.186,391.667,236.256
14/11/1985 00:00,66.885,255.376,142.318
15/11/1985 00:00,31.227,129.302,63.092
16/11/1985 00:00,20.685,87.152,49.435
17/11/1985 00:00,11.608,56.857,27.516
18/11/1985 00:00,10.292,41.777,16.874
19/11/1985 00:00,8.550,28.675,12.413
20/11/1985 00:00,7.141,23.824,10.603
21/11/1985 00:00,6.391,22.026,8.573
22/11/1985 00:00,5.615,18.393,7.226
23/11/1985 00:00,4.604,17.499,6.099
24/11/1985 00:00,3.959,18.434,5.000
25/11/1985 00:00,3.643,17.211,5.001
26/11/1985 00:00,3.451,13.570,4.097
27/11/1985 00:00,3.243,12.045,3.198
28/11/1985 00:00,3.074,13.442,3.120
29/11/1985 00:00,3.023,11.805,3.368
30/11/1985 00:00,3.036,11.728,3.067
01/12/1985 00:00,3.476,10.777,4.115
02/12/1985 00:00,16.286,48.732,21.802
03/12/1985 00:00,20.610,71.325,35.768
04/12/1985 00:00,21.426,89.635,34.142
05/12/1985 00:00,11.499,57.137,24.110
06/12/1985 00:00,8.704,37.664,14.276
07/12/1985 00:00,6.333,24.697,9.345
08/12/1985 00:00,5.369,20.470,5.529
09/12/1985 00:00,4.619,17.294,4.284
10/12/1985 00:00,4.218,15.399,3.795
11/12/1985 00:00,3.927,14.090,3.601
12/12/1985 00:00,3.908,14.257,4.205
13/12/1985 00:00,4.187,15.516,7.079
14/12/1985 00:00,8.908,32.431,11.528
15/12/1985 00:00,9.969,27.248,13.055
16/12/1985 00:00,10.950,39.614,15.304
17/12/1985 00:00,6.546,27.095,10.311
18/12/1985 00:00,5.598,21.507,5.681
19/12/1985 00:00,5.058,20.475,4.096
20/12/1985 00:00,4.571,18.402,3.080
21/12/1985 00:00,4.284,16.921,2.812
22/12/1985 00:00,4.041,16.072,2.758
23/12/1985 00:00,3.810,15.615,2.621
24/12/1985 00:00,3.532,14.314,2.251
25/12/1985 00:00,3.438,13.361,2.228
26/12/1985 00:00,3.341,13.823,2.288
27/12/1985 00:00,3.293,13.593,1.886
28/12/1985 00:00,3.178,10.494,2.004
29/12/1985 00:00,1.884,8.956,1.706
30/12/1985 00:00,2.992,9.779,1.544
31/12/1985 00:00,2.790,8.043,1.413
01/01/1986 00:00,2.729,10.218,1.421
02/01/1986 00:00,2.449,10.023,1.796
03/01/1986 00:00,2.603,9.494,1.429
04/01/1986 00:00,2.375,8.833,1.399
05/01/1986 00:00,2.274,8.343,1.554
06/01/1986 00:00,2.230,8.171,1.667
07/01/1986 00:00,2.174,7.934,1.696
08/01/1986 00:00,2.243,8.617,1.408
09/01/1986 00:00,3.089,10.550,3.897
10/01/1986 00:00,3.686,14.737,7.082
11/01/1986 00:00,9.221,24.627,10.631
12/01/1986 00:00,15.219,58.648,23.093
13/01/1986 00:00,21.955,97.198,36.919
14/01/1986 00:00,29.911,111.050,61.501
15/01/1986 00:00,28.100,100.504,42.754
16/01/1986 00:00,15.367,67.286,31.445
17/01/1986 00:00,9.796,38.138,20.544
18/01/1986 00:00,7.327,29.552,12.775
19/01/1986 00:00,5.836,24.715,7.965
20/01/1986 00:00,5.551,21.996,6.499
21/01/1986 00:00,5.027,17.797,5.297
22/01/1986 00:00,4.161,14.407,4.373
23/01/1986 00:00,3.017,13.003,3.597
24/01/1986 00:00,2.486,11.986,3.018
25/01/1986 00:00,2.475,11.195,2.678
26/01/1986 00:00,2.676,10.890,2.364
27/01/1986 00:00,2.662,10.666,2.161
28/01/1986 00:00,2.537,10.192,2.007
29/01/1986 00:00,2.648,10.399,2.167
30/01/1986 00:00,2.586,10.108,2.262
31/01/1986 00:00,2.437,9.430,1.917
01/02/1986 00:00,2.228,8.283,1.683
02/02/1986 00:00,2.118,7.730,1.507
03/02/1986 00:00,2.023,7.291,1.385
04/02/1986 00:00,1.968,7.122,1.326
05/02/1986 00:00,1.919,6.873,1.246
06/02/1986 00:00,1.853,6.757,1.193
07/02/1986 00:00,1.810,6.668,1.185
08/02/1986 00:00,1.749,6.657,1.208
09/02/1986 00:00,1.691,6.536,1.224
10/02/1986 00:00,1.620,6.406,1.184
11/02/1986 00:00,1.630,6.456,1.236
12/02/1986 00:00,1.705,7.186,1.319
13/02/1986 00:00,1.774,7.411,1.292
14/02/1986 00:00,1.857,7.992,1.326
15/02/1986 00:00,2.395,10.032,1.879
16/02/1986 00:00,2.693,11.270,2.188
17/02/1986 00:00,2.628,11.488,2.272
18/02/1986 00:00,2.540,11.760,3.490
19/02/1986 00:00,4.925,16.477,7.726
20/02/1986 00:00,3.931,13.560,4.146
21/02/1986 00:00,3.112,11.770,2.612
22/02/1986 00:00,2.220,9.361,1.514
23/02/1986 00:00,1.926,7.973,1.153
24/02/1986 00:00,1.817,7.012,1.104
25/02/1986 00:00,2.065,7.494,1.350
26/02/1986 00:00,1.944,6.974,1.159
27/02/1986 00:00,1.837,6.681,0.995
28/02/1986 00:00,1.736,5.920,0.951
01/03/1986 00:00,1.703,6.032,0.954
02/03/1986 00:00,1.685,5.664,0.912
03/03/1986 00:00,1.686,5.675,0.888
04/03/1986 00:00,1.668,5.393,0.886
05/03/1986 00:00,1.655,5.294,0.836
06/03/1986 00:00,1.612,5.012,0.804
07/03/1986 00:00,1.575,4.824,0.786
08/03/1986 00:00,1.550,4.747,0.764
09/03/1986 00:00,1.590,5.006,0.910
10/03/1986 00:00,1.694,5.824,0.990
11/03/1986 00:00,7.103,25.724,6.260
12/03/1986 00:00,6.100,21.417,5.525
13/03/1986 00:00,4.680,17.129,3.500
14/03/1986 00:00,3.335,11.986,2.259
15/03/1986 00:00,2.653,9.573,1.520
16/03/1986 00:00,2.126,8.323,1.081
17/03/1986 00:00,2.040,7.930,0.905
18/03/1986 00:00,1.990,7.741,0.831
19/03/1986 00:00,1.933,7.677,0.812
20/03/1986 00:00,1.929,7.554,0.818
21/03/1986 00:00,1.867,7.337,0.816
22/03/1986 00:00,1.811,7.177,0.797
23/03/1986 00:00,1.726,6.944,0.772
24/03/1986 00:00,1.673,6.740,0.751
25/03/1986 00:00,1.625,6.649,0.737
26/03/1986 00:00,1.622,6.665,0.744
27/03/1986 00:00,1.602,6.692,0.735
28/03/1986 00:00,1.659,6.722,0.718
29/03/1986 00:00,1.573,6.653,0.730
30/03/1986 00:00,1.599,6.789,0.697
31/03/1986 00:00,1.537,6.850,0.648
01/04/1986 00:00,1.509,7.099,0.658
02/04/1986 00:00,1.481,6.940,0.678
03/04/1986 00:00,1.463,7.122,0.687
04/04/1986 00:00,1.432,6.858,0.678
05/04/1986 00:00,1.387,6.893,0.658
06/04/1986 00:00,1.360,6.797,0.678
07/04/1986 00:00,1.366,6.762,0.675
08/04/1986 00:00,1.360,6.845,0.665
09/04/1986 00:00,1.355,6.699,0.658
10/04/1986 00:00,1.359,6.877,0.659
11/04/1986 00:00,1.357,6.822,0.652
12/04/1986 00:00,1.369,6.967,0.647
13/04/1986 00:00,1.378,6.942,0.647
14/04/1986 00:00,1.393,7.086,0.645
15/04/1986 00:00,1.376,7.128,0.639
16/04/1986 00:00,1.393,7.228,0.634
17/04/1986 00:00,1.364,7.326,0.628
18/04/1986 00:00,1.414,7.457,0.626
19/04/1986 00:00,1.377,7.520,0.620
20/04/1986 00:00,1.406,7.569,0.618
21/04/1986 00:00,1.369,7.532,0.624
22/04/1986 00:00,1.395,7.644,0.617
23/04/1986 00:00,1.366,7.640,0.617
24/04/1986 00:00,1.401,7.571,0.609
25/04/1986 00:00,1.365,7.436,0.606
26/04/1986 00:00,1.415,7.399,0.611
27/04/1986 00:00,1.519,7.529,0.655
28/04/1986 00:00,2.008,8.027,0.711
29/04/1986 00:00,2.120,8.263,0.651
30/04/1986 00:00,3.083,9.845,0.714
01/05/1986 00:00,2.687,9.582,0.690
02/05/1986 00:00,2.283,9.099,0.623
03/05/1986 00:00,1.768,8.205,0.613
04/05/1986 00:00,1.681,7.667,0.602
05/05/1986 00:00,1.619,7.390,0.614
06/05/1986 00:00,1.753,7.511,0.658
07/05/1986 00:00,1.720,7.473,0.638
08/05/1986 00:00,1.752,7.376,0.609
09/05/1986 00:00,1.694,7.340,0.601
10/05/1986 00:00,1.802,7.436,0.597
11/05/1986 00:00,1.794,7.440,0.583
12/05/1986 00:00,1.779,7.438,0.573
13/05/1986 00:00,1.701,7.387,0.566
14/05/1986 00:00,1.673,7.357,0.561
15/05/1986 00:00,1.674,7.350,0.567
16/05/1986 00:00,1.700,7.284,0.566
17/05/1986 00:00,1.706,7.236,0.558
18/05/1986 00:00,1.704,7.163,0.547
19/05/1986 00:00,1.674,7.074,0.536
20/05/1986 00:00,1.610,6.909,0.530
21/05/1986 00:00,1.634,6.962,0.534
22/05/1986 00:00,1.676,6.956,0.537
23/05/1986 00:00,1.677,6.954,0.536
24/05/1986 00:00,1.747,7.022,0.543
25/05/1986 00:00,1.826,7.129,0.539
26/05/1986 00:00,1.839,6.843,0.520
27/05/1986 00:00,2.013,7.277,0.535
28/05/1986 00:00,2.063,5.853,0.520
29/05/1986 00:00,2.024,5.654,0.512
30/05/1986 00:00,1.972,5.880,0.539
31/05/1986 00:00,2.404,8.126,0.915
01/06/1986 00:00,3.158,10.044,1.013
02/06/1986 00:00,3.042,9.433,0.789
03/06/1986 00:00,2.263,7.733,0.614
04/06/1986 00:00,2.101,6.905,0.623
05/06/1986 00:00,2.174,7.620,0.543
06/06/1986 00:00,2.095,7.439,0.525
07/06/1986 00:00,2.061,7.388,0.525
08/06/1986 00:00,2.024,7.364,0.525
09/06/1986 00:00,2.103,7.402,0.570
10/06/1986 00:00,2.052,7.336,0.552
11/06/1986 00:00,2.150,7.525,0.520
12/06/1986 00:00,2.388,7.764,0.570
13/06/1986 00:00,3.652,8.857,0.956
14/06/1986 00:00,3.789,9.955,0.745
15/06/1986 00:00,3.926,10.556,1.304
16/06/1986 00:00,3.900,11.304,1.009
17/06/1986 00:00,2.809,9.502,0.653
18/06/1986 00:00,2.350,8.519,0.590
19/06/1986 00:00,2.332,7.854,0.553
20/06/1986 00:00,2.322,7.462,0.591
21/06/1986 00:00,2.347,7.091,0.582
22/06/1986 00:00,2.320,6.908,0.568
23/06/1986 00:00,2.504,7.196,0.691
24/06/1986 00:00,2.385,7.649,0.660
25/06/1986 00:00,2.328,7.707,0.608
26/06/1986 00:00,2.309,7.672,0.612
27/06/1986 00:00,2.360,7.291,0.671
28/06/1986 00:00,2.341,7.235,0.666
29/06/1986 00:00,2.227,7.488,0.616
30/06/1986 00:00,2.625,8.698,0.817
01/07/1986 00:00,3.006,9.583,0.844
02/07/1986 00:00,3.094,9.636,0.692
03/07/1986 00:00,3.351,9.420,1.140
04/07/1986 00:00,3.822,10.474,1.112
05/07/1986 00:00,4.179,16.715,2.906
06/07/1986 00:00,3.287,14.347,2.098
07/07/1986 00:00,2.896,11.872,1.039
08/07/1986 00:00,2.496,10.182,0.712
09/07/1986 00:00,2.458,9.462,0.588
10/07/1986 00:00,2.419,9.231,0.582
11/07/1986 00:00,2.392,9.025,0.591
12/07/1986 00:00,3.028,10.080,1.110
13/07/1986 00:00,3.214,11.788,1.191
14/07/1986 00:00,2.887,10.343,0.856
15/07/1986 00:00,2.660,9.609,0.724
16/07/1986 00:00,2.466,8.761,0.569
17/07/1986 00:00,2.329,8.128,0.556
18/07/1986 00:00,2.194,7.711,0.656
19/07/1986 00:00,2.159,7.597,0.695
20/07/1986 00:00,2.116,7.474,0.431
21/07/1986 00:00,2.158,7.330,0.468
22/07/1986 00:00,2.066,7.006,0.768
23/07/1986 00:00,2.045,6.821,1.668
24/07/1986 00:00,2.194,7.495,0.862
25/07/1986 00:00,2.236,7.556,0.580
26/07/1986 00:00,2.187,8.023,0.618
27/07/1986 00:00,2.108,7.946,0.623
28/07/1986 00:00,2.130,7.830,0.670
29/07/1986 00:00,2.994,10.875,1.525
30/07/1986 00:00,3.543,11.605,2.164
31/07/1986 00:00,5.437,15.782,3.061
01/08/1986 00:00,4.930,15.343,3.414
02/08/1986 00:00,6.005,17.717,4.190
03/08/1986 00:00,9.102,26.023,5.970
04/08/1986 00:00,7.575,24.003,4.798
05/08/1986 00:00,6.935,22.375,4.152
06/08/1986 00:00,4.934,16.457,2.600
07/08/1986 00:00,3.740,10.663,2.304
08/08/1986 00:00,2.914,8.863,1.285
09/08/1986 00:00,8.811,28.068,5.819
10/08/1986 00:00,7.173,21.295,6.978
11/08/1986 00:00,6.692,19.607,5.974
12/08/1986 00:00,4.030,8.234,2.749
13/08/1986 00:00,3.320,11.684,2.075
14/08/1986 00:00,2.861,8.659,1.761
15/08/1986 00:00,2.704,9.771,1.466
16/08/1986 00:00,2.621,7.835,1.327
17/08/1986 00:00,2.222,8.603,2.600
18/08/1986 00:00,2.097,8.007,2.438
19/08/1986 00:00,1.994,7.542,2.336
20/08/1986 00:00,2.505,7.582,1.052
21/08/1986 00:00,2.458,7.473,2.151
22/08/1986 00:00,2.415,7.321,1.003
23/08/1986 00:00,2.263,7.168,0.842
24/08/1986 00:00,2.325,7.512,0.930
25/08/1986 00:00,2.398,9.584,1.851
26/08/1986 00:00,2.926,10.712,2.838
27/08/1986 00:00,3.073,11.551,1.912
28/08/1986 00:00,3.655,14.696,2.774
29/08/1986 00:00,3.718,13.177,2.060
30/08/1986 00:00,3.532,11.953,1.324
31/08/1986 00:00,3.297,11.626,1.252
01/09/1986 00:00,3.027,10.228,1.126
02/09/1986 00:00,2.692,9.006,0.902
03/09/1986 00:00,2.966,9.343,0.853
04/09/1986 00:00,3.370,12.542,1.297
05/09/1986 00:00,3.517,12.865,1.506
06/09/1986 00:00,3.932,17.137,2.871
07/09/1986 00:00,3.787,14.132,1.917
08/09/1986 00:00,3.314,10.198,1.204
09/09/1986 00:00,2.683,8.787,1.075
10/09/1986 00:00,2.772,8.935,1.083
11/09/1986 00:00,2.999,8.996,1.031
12/09/1986 00:00,2.812,9.833,0.993
13/09/1986 00:00,2.935,10.176,1.071
14/09/1986 00:00,3.338,11.644,1.175
15/09/1986 00:00,4.520,15.007,2.544
16/09/1986 00:00,5.911,19.162,3.709
17/09/1986 00:00,4.921,16.082,2.480
18/09/1986 00:00,4.463,12.542,1.699
19/09/1986 00:00,3.954,12.253,1.902
20/09/1986 00:00,5.144,18.050,4.159
21/09/1986 00:00,6.040,19.266,2.384
22/09/1986 00:00,7.877,19.890,3.756
23/09/1986 00:00,8.168,22.040,5.578
24/09/1986 00:00,6.063,19.020,3.184
25/09/1986 00:00,6.350,21.157,5.759
26/09/1986 00:00,7.727,26.191,7.351
27/09/1986 00:00,8.004,29.000,7.868
28/09/1986 00:00,9.139,27.371,5.960
29/09/1986 00:00,9.513,28.816,7.655
30/09/1986 00:00,9.075,25.466,5.952
01/10/1986 00:00,8.537,28.117,7.340
02/10/1986 00:00,8.263,27.762,6.317
03/10/1986 00:00,8.527,27.123,4.568
04/10/1986 00:00,8.973,24.929,3.686
05/10/1986 00:00,7.982,28.333,6.729
06/10/1986 00:00,11.555,31.730,11.834
07/10/1986 00:00,13.418,41.647,17.119
08/10/1986 00:00,13.836,40.145,14.555
09/10/1986 00:00,10.674,33.789,12.476
10/10/1986 00:00,8.078,30.854,11.341
11/10/1986 00:00,7.548,22.629,7.936
12/10/1986 00:00,6.490,19.795,7.949
13/10/1986 00:00,5.858,22.640,7.815
14/10/1986 00:00,5.203,16.018,5.172
15/10/1986 00:00,4.270,14.160,3.618
16/10/1986 00:00,3.561,11.489,2.607
17/10/1986 00:00,3.163,10.213,2.032
18/10/1986 00:00,2.953,9.789,1.671
19/10/1986 00:00,2.916,9.212,1.493
20/10/1986 00:00,2.820,8.636,1.397
21/10/1986 00:00,2.794,7.751,1.228
22/10/1986 00:00,2.695,7.187,1.135
23/10/1986 00:00,3.833,13.363,1.664
24/10/1986 00:00,4.079,9.990,1.588
25/10/1986 00:00,3.904,13.365,1.858
26/10/1986 00:00,5.384,18.714,7.065
27/10/1986 00:00,10.817,31.694,12.720
28/10/1986 00:00,9.914,38.269,15.780
29/10/1986 00:00,11.690,45.535,17.663
30/10/1986 00:00,11.335,48.735,18.904
31/10/1986 00:00,11.238,47.414,16.956
01/11/1986 00:00,12.738,51.498,17.551
02/11/1986 00:00,13.030,55.273,20.745
03/11/1986 00:00,11.453,49.568,20.437
04/11/1986 00:00,9.808,35.147,17.265
05/11/1986 00:00,15.542,63.090,20.053
06/11/1986 00:00,37.628,109.587,26.546
07/11/1986 00:00,29.159,100.594,28.183
08/11/1986 00:00,20.919,78.698,23.563
09/11/1986 00:00,12.278,34.928,16.143
10/11/1986 00:00,8.868,24.213,10.482
11/11/1986 00:00,13.540,36.454,10.857
12/11/1986 00:00,8.316,23.443,8.639
13/11/1986 00:00,6.119,16.690,6.985
14/11/1986 00:00,5.618,11.496,5.449
15/11/1986 00:00,5.508,9.590,4.631
16/11/1986 00:00,4.534,8.126,3.907
17/11/1986 00:00,4.119,7.435,3.310
18/11/1986 00:00,3.959,7.337,2.826
19/11/1986 00:00,3.882,7.185,2.474
20/11/1986 00:00,3.737,6.903,2.273
21/11/1986 00:00,3.601,7.494,2.729
22/11/1986 00:00,3.374,7.443,2.639
23/11/1986 00:00,3.247,6.790,2.392
24/11/1986 00:00,3.327,6.683,2.290
25/11/1986 00:00,5.186,11.662,4.031
26/11/1986 00:00,5.280,11.991,4.607
27/11/1986 00:00,5.512,14.470,4.316
28/11/1986 00:00,6.000,16.274,6.094
29/11/1986 00:00,7.548,22.912,9.233
30/11/1986 00:00,6.633,23.567,9.462
01/12/1986 00:00,10.990,35.464,15.452
02/12/1986 00:00,20.405,56.792,29.615
03/12/1986 00:00,17.625,64.328,31.417
04/12/1986 00:00,9.519,30.033,17.756
05/12/1986 00:00,7.314,22.457,13.813
06/12/1986 00:00,6.380,17.609,10.434
07/12/1986 00:00,6.730,21.824,10.733
08/12/1986 00:00,6.168,21.565,11.592
09/12/1986 00:00,6.920,22.668,9.653
10/12/1986 00:00,5.999,22.186,8.113
11/12/1986 00:00,5.761,20.022,6.900
12/12/1986 00:00,5.094,16.196,4.787
13/12/1986 00:00,4.633,15.693,3.950
14/12/1986 00:00,4.235,11.272,3.025
15/12/1986 00:00,3.858,12.924,2.429
16/12/1986 00:00,3.436,11.244,2.166
17/12/1986 00:00,3.168,10.077,1.963
18/12/1986 00:00,3.026,9.648,1.884
19/12/1986 00:00,3.027,9.470,1.992
20/12/1986 00:00,3.066,9.645,1.909
21/12/1986 00:00,3.106,10.731,2.599
22/12/1986 00:00,3.916,13.412,3.564
23/12/1986 00:00,3.898,14.555,2.732
24/12/1986 00:00,3.181,12.545,1.996
25/12/1986 00:00,3.131,12.820,2.344
26/12/1986 00:00,6.139,17.974,5.197
27/12/1986 00:00,8.686,28.920,8.029
28/12/1986 00:00,9.923,33.612,9.316
29/12/1986 00:00,5.626,22.897,5.211
30/12/1986 00:00,4.160,16.690,2.663
31/12/1986 00:00,3.372,13.454,2.106
01/01/1987 00:00,2.987,11.642,1.743
02/01/1987 00:00,2.730,10.830,1.579
03/01/1987 00:00,2.468,9.751,1.553
04/01/1987 00:00,2.380,9.654,1.592
05/01/1987 00:00,2.393,9.179,1.501
06/01/1987 00:00,2.287,7.329,1.300
07/01/1987 00:00,2.178,7.871,1.463
08/01/1987 00:00,2.212,8.372,1.444
09/01/1987 00:00,1.399,6.215,1.471
10/01/1987 00:00,1.558,6.361,1.615
11/01/1987 00:00,2.176,6.362,1.547
12/01/1987 00:00,2.183,7.633,1.701
13/01/1987 00:00,2.452,8.435,1.666
14/01/1987 00:00,4.832,11.438,2.294
15/01/1987 00:00,3.389,9.386,2.080
16/01/1987 00:00,3.008,8.336,1.230
17/01/1987 00:00,2.202,7.515,1.068
18/01/1987 00:00,2.003,7.037,0.959
19/01/1987 00:00,1.771,6.559,0.934
20/01/1987 00:00,1.765,6.540,0.867
21/01/1987 00:00,1.712,6.050,0.848
22/01/1987 00:00,1.718,6.252,0.847
23/01/1987 00:00,1.736,5.899,0.800
24/01/1987 00:00,1.706,5.963,0.766
25/01/1987 00:00,1.687,5.443,0.749
26/01/1987 00:00,1.627,5.466,0.723
27/01/1987 00:00,1.629,5.103,0.702
28/01/1987 00:00,1.544,5.167,0.685
29/01/1987 00:00,1.549,5.025,0.657
30/01/1987 00:00,1.438,4.831,0.644
31/01/1987 00:00,1.461,4.941,0.647
01/02/1987 00:00,1.338,4.671,0.633
02/02/1987 00:00,1.346,4.745,0.633
03/02/1987 00:00,1.260,4.578,0.632
04/02/1987 00:00,1.292,4.507,0.645
05/02/1987 00:00,1.270,4.641,0.660
06/02/1987 00:00,1.304,4.306,0.652
07/02/1987 00:00,1.257,4.542,0.628
08/02/1987 00:00,1.256,4.116,0.615
09/02/1987 00:00,1.220,4.239,0.609
10/02/1987 00:00,1.172,4.068,0.606
11/02/1987 00:00,1.156,4.071,0.601
12/02/1987 00:00,1.118,4.162,0.600
13/02/1987 00:00,1.116,3.944,0.592
14/02/1987 00:00,1.167,4.259,0.602
15/02/1987 00:00,1.110,4.047,0.588
16/02/1987 00:00,1.132,4.267,0.589
17/02/1987 00:00,1.069,4.035,0.805
18/02/1987 00:00,1.144,4.078,0.623
19/02/1987 00:00,1.314,4.700,0.641
20/02/1987 00:00,1.343,4.563,0.589
21/02/1987 00:00,1.276,4.701,0.575
22/02/1987 00:00,1.185,4.169,0.564
23/02/1987 00:00,1.120,4.151,0.567
24/02/1987 00:00,1.129,4.184,0.574
25/02/1987 00:00,1.115,4.284,0.572
26/02/1987 00:00,1.092,4.105,0.572
27/02/1987 00:00,1.119,4.300,0.563
28/02/1987 00:00,1.090,4.286,0.566
01/03/1987 00:00,1.175,4.196,0.554
02/03/1987 00:00,1.142,4.216,0.535
03/03/1987 00:00,1.205,4.105,0.528
04/03/1987 00:00,1.121,4.184,0.526
05/03/1987 00:00,1.200,4.142,0.525
06/03/1987 00:00,1.159,4.205,0.519
07/03/1987 00:00,1.246,4.173,0.509
08/03/1987 00:00,1.251,4.116,0.506
09/03/1987 00:00,1.226,4.279,0.577
10/03/1987 00:00,1.193,4.250,0.720
11/03/1987 00:00,1.640,5.853,0.801
12/03/1987 00:00,2.227,8.007,1.289
13/03/1987 00:00,2.462,9.204,1.129
14/03/1987 00:00,2.365,9.251,0.974
15/03/1987 00:00,2.142,8.059,0.796
16/03/1987 00:00,2.105,7.378,0.714
17/03/1987 00:00,1.790,6.613,0.642
18/03/1987 00:00,1.776,6.570,0.612
19/03/1987 00:00,1.615,6.512,0.596
20/03/1987 00:00,1.706,6.859,0.594
21/03/1987 00:00,1.718,7.141,0.597
22/03/1987 00:00,1.688,6.536,0.550
23/03/1987 00:00,1.689,6.182,0.523
24/03/1987 00:00,1.750,6.737,0.517
25/03/1987 00:00,1.780,6.617,0.517
26/03/1987 00:00,1.659,6.137,0.497
27/03/1987 00:00,1.546,5.998,0.490
28/03/1987 00:00,1.468,5.980,0.501
29/03/1987 00:00,1.498,5.981,0.505
30/03/1987 00:00,1.444,6.164,0.513
31/03/1987 00:00,1.535,6.072,0.510
01/04/1987 00:00,1.433,6.215,0.505
02/04/1987 00:00,1.541,6.011,0.512
03/04/1987 00:00,1.429,6.210,0.519
04/04/1987 00:00,1.534,6.181,0.528
05/04/1987 00:00,1.438,6.290,0.524
06/04/1987 00:00,1.530,6.171,0.527
07/04/1987 00:00,1.456,6.209,0.534
08/04/1987 00:00,1.536,6.205,0.537
09/04/1987 00:00,1.496,6.135,0.546
10/04/1987 00:00,1.581,6.165,0.556
11/04/1987 00:00,1.537,6.077,0.563
12/04/1987 00:00,1.594,6.047,0.571
13/04/1987 00:00,1.566,6.001,0.574
14/04/1987 00:00,1.544,5.850,0.572
15/04/1987 00:00,1.470,5.796,0.573
16/04/1987 00:00,1.490,5.722,0.583
17/04/1987 00:00,1.436,5.652,0.587
18/04/1987 00:00,1.442,5.587,0.583
19/04/1987 00:00,1.387,6.079,0.597
20/04/1987 00:00,1.435,6.554,0.621
21/04/1987 00:00,1.433,6.489,0.636
22/04/1987 00:00,1.461,6.545,0.645
23/04/1987 00:00,1.452,6.805,0.676
24/04/1987 00:00,1.470,6.807,0.678
25/04/1987 00:00,1.454,6.743,0.640
26/04/1987 00:00,1.420,6.045,0.613
27/04/1987 00:00,1.531,6.630,0.651
28/04/1987 00:00,1.731,7.083,0.662
29/04/1987 00:00,1.491,7.377,0.774
30/04/1987 00:00,1.719,7.024,0.632
01/05/1987 00:00,1.611,6.916,0.578
02/05/1987 00:00,1.693,6.747,0.641
03/05/1987 00:00,1.621,6.720,0.652
04/05/1987 00:00,1.629,6.419,0.646
05/05/1987 00:00,1.545,6.305,0.659
06/05/1987 00:00,1.490,6.311,0.686
07/05/1987 00:00,1.468,6.117,0.680
08/05/1987 00:00,1.369,5.972,0.661
09/05/1987 00:00,1.356,6.168,0.660
10/05/1987 00:00,1.274,6.198,0.649
11/05/1987 00:00,1.288,6.196,0.645
12/05/1987 00:00,1.284,6.113,0.646
13/05/1987 00:00,1.281,6.027,0.635
14/05/1987 00:00,1.311,6.071,0.625
15/05/1987 00:00,1.442,6.495,0.701
16/05/1987 00:00,1.524,6.816,0.703
17/05/1987 00:00,1.520,6.356,0.623
18/05/1987 00:00,1.438,5.944,0.568
19/05/1987 00:00,1.463,5.867,0.607
20/05/1987 00:00,1.620,6.161,0.605
21/05/1987 00:00,1.603,6.096,0.623
22/05/1987 00:00,1.611,5.942,0.653
23/05/1987 00:00,1.459,5.923,0.725
24/05/1987 00:00,1.498,5.748,0.725
25/05/1987 00:00,1.421,5.677,0.690
26/05/1987 00:00,1.461,5.614,0.727
27/05/1987 00:00,1.406,5.632,0.978
28/05/1987 00:00,1.458,5.572,1.007
29/05/1987 00:00,1.428,5.754,0.780
30/05/1987 00:00,1.385,5.694,1.013
31/05/1987 00:00,1.391,5.635,0.998
01/06/1987 00:00,1.509,5.603,1.004
02/06/1987 00:00,1.711,6.135,0.987
03/06/1987 00:00,1.794,6.536,0.920
04/06/1987 00:00,1.748,6.038,1.078
05/06/1987 00:00,1.646,5.839,1.104
06/06/1987 00:00,1.608,5.592,1.060
07/06/1987 00:00,1.598,5.552,1.051
08/06/1987 00:00,1.588,5.453,1.047
09/06/1987 00:00,1.584,5.439,1.068
10/06/1987 00:00,1.757,6.250,1.038
11/06/1987 00:00,2.400,7.944,1.228
12/06/1987 00:00,2.824,9.189,1.661
13/06/1987 00:00,2.591,8.175,1.608
14/06/1987 00:00,2.413,7.206,1.599
15/06/1987 00:00,2.176,6.878,1.483
16/06/1987 00:00,1.931,6.372,1.390
17/06/1987 00:00,1.880,6.031,1.295
18/06/1987 00:00,1.899,6.065,1.251
19/06/1987 00:00,1.904,6.043,1.215
20/06/1987 00:00,1.857,5.966,1.232
21/06/1987 00:00,3.183,8.481,1.417
22/06/1987 00:00,3.003,8.612,1.372
23/06/1987 00:00,2.769,7.252,1.369
24/06/1987 00:00,2.397,6.629,1.316
25/06/1987 00:00,3.256,7.418,1.311
26/06/1987 00:00,4.191,10.607,1.555
27/06/1987 00:00,4.518,11.692,2.414
28/06/1987 00:00,6.780,16.911,4.292
29/06/1987 00:00,7.112,18.054,5.217
30/06/1987 00:00,5.685,13.461,4.401
01/07/1987 00:00,4.551,11.137,2.754
02/07/1987 00:00,3.801,9.596,2.031
03/07/1987 00:00,2.868,8.076,2.001
04/07/1987 00:00,2.720,8.163,1.876
05/07/1987 00:00,2.699,8.087,1.740
06/07/1987 00:00,2.776,8.030,1.645
07/07/1987 00:00,2.821,7.519,1.599
08/07/1987 00:00,2.642,7.085,1.512
09/07/1987 00:00,2.513,6.986,1.480
10/07/1987 00:00,2.280,6.827,1.467
11/07/1987 00:00,2.139,6.470,1.421
12/07/1987 00:00,2.110,6.336,1.379
13/07/1987 00:00,2.060,6.154,1.354
14/07/1987 00:00,1.964,5.975,1.307
15/07/1987 00:00,1.978,5.833,1.273
16/07/1987 00:00,1.962,5.646,1.235
17/07/1987 00:00,2.013,5.536,1.234
18/07/1987 00:00,1.985,5.432,1.209
19/07/1987 00:00,1.988,5.292,1.190
20/07/1987 00:00,1.931,5.128,1.182
21/07/1987 00:00,1.948,5.052,1.149
22/07/1987 00:00,1.921,4.928,1.145
23/07/1987 00:00,1.952,4.795,1.148
24/07/1987 00:00,1.998,4.881,1.148
25/07/1987 00:00,2.158,4.880,1.165
26/07/1987 00:00,3.176,7.301,1.477
27/07/1987 00:00,2.795,6.676,1.490
28/07/1987 00:00,2.484,6.265,1.443
29/07/1987 00:00,2.380,6.207,1.459
30/07/1987 00:00,3.343,7.139,1.509
31/07/1987 00:00,4.370,9.356,1.558
01/08/1987 00:00,3.103,7.473,1.329
02/08/1987 00:00,2.436,6.581,1.368
03/08/1987 00:00,2.624,6.426,1.331
04/08/1987 00:00,3.646,8.062,1.424
05/08/1987 00:00,5.747,12.795,2.360
06/08/1987 00:00,5.241,12.006,2.488
07/08/1987 00:00,6.196,13.838,3.432
08/08/1987 00:00,4.416,9.876,2.262
09/08/1987 00:00,3.386,7.754,2.077
10/08/1987 00:00,3.611,7.926,2.089
11/08/1987 00:00,4.726,11.185,2.647
12/08/1987 00:00,9.338,21.423,6.102
13/08/1987 00:00,12.920,30.643,10.532
14/08/1987 00:00,11.603,24.437,9.538
15/08/1987 00:00,9.188,22.495,6.475
16/08/1987 00:00,5.685,17.594,3.864
17/08/1987 00:00,5.109,12.880,2.983
18/08/1987 00:00,7.348,15.180,3.295
19/08/1987 00:00,8.548,19.232,6.408
20/08/1987 00:00,7.645,15.877,5.679
21/08/1987 00:00,6.042,15.095,4.430
22/08/1987 00:00,5.414,12.331,3.431
23/08/1987 00:00,5.305,10.094,3.301
24/08/1987 00:00,5.452,10.027,3.061
25/08/1987 00:00,4.631,8.780,2.851
26/08/1987 00:00,3.893,7.659,2.422
27/08/1987 00:00,3.007,7.413,2.239
28/08/1987 00:00,2.963,7.384,2.198
29/08/1987 00:00,2.660,6.685,2.011
30/08/1987 00:00,2.247,6.031,1.862
31/08/1987 00:00,2.341,6.244,1.813
01/09/1987 00:00,2.342,6.517,1.800
02/09/1987 00:00,2.137,5.887,1.758
03/09/1987 00:00,2.021,5.151,1.658
04/09/1987 00:00,2.283,6.506,1.970
05/09/1987 00:00,2.441,5.751,1.834
06/09/1987 00:00,3.400,9.448,2.262
07/09/1987 00:00,5.568,13.479,3.329
08/09/1987 00:00,4.391,10.333,2.692
09/09/1987 00:00,3.060,7.717,2.221
10/09/1987 00:00,2.229,5.865,1.954
11/09/1987 00:00,1.980,5.118,1.785
12/09/1987 00:00,3.218,11.416,2.567
13/09/1987 00:00,4.370,12.152,3.633
14/09/1987 00:00,5.830,15.252,4.337
15/09/1987 00:00,4.280,13.165,3.309
16/09/1987 00:00,3.688,10.980,2.651
17/09/1987 00:00,2.767,8.440,2.285
18/09/1987 00:00,2.317,7.574,2.112
19/09/1987 00:00,2.192,7.330,2.061
20/09/1987 00:00,2.141,7.774,1.962
21/09/1987 00:00,2.493,9.740,2.034
22/09/1987 00:00,2.689,11.280,2.215
23/09/1987 00:00,3.962,14.728,2.577
24/09/1987 00:00,7.085,18.561,3.943
25/09/1987 00:00,5.970,16.921,3.004
26/09/1987 00:00,4.828,14.947,2.888
27/09/1987 00:00,4.692,16.692,3.394
28/09/1987 00:00,4.575,17.328,2.738
29/09/1987 00:00,5.344,17.200,3.686
30/09/1987 00:00,11.807,26.973,7.897
01/10/1987 00:00,14.482,29.200,8.538
02/10/1987 00:00,10.668,26.066,8.331
03/10/1987 00:00,8.479,24.287,7.298
04/10/1987 00:00,7.039,18.379,5.644
05/10/1987 00:00,7.054,15.950,6.046
06/10/1987 00:00,9.541,18.086,6.872
07/10/1987 00:00,8.354,17.389,6.342
08/10/1987 00:00,7.907,18.097,7.324
09/10/1987 00:00,8.929,21.870,7.417
10/10/1987 00:00,9.137,23.186,8.539
11/10/1987 00:00,9.462,20.849,7.655
12/10/1987 00:00,8.880,20.021,7.536
13/10/1987 00:00,9.653,22.961,6.851
14/10/1987 00:00,8.529,21.154,6.567
15/10/1987 00:00,6.612,15.226,3.988
16/10/1987 00:00,5.011,11.178,2.589
17/10/1987 00:00,4.848,10.964,2.335
18/10/1987 00:00,4.982,12.477,2.985
19/10/1987 00:00,7.322,18.727,5.874
20/10/1987 00:00,8.406,25.418,6.607
21/10/1987 00:00,10.792,31.331,12.532
22/10/1987 00:00,7.876,29.017,9.454
23/10/1987 00:00,7.142,20.490,8.958
24/10/1987 00:00,6.184,15.481,7.051
25/10/1987 00:00,7.158,22.142,9.538
26/10/1987 00:00,6.257,21.031,9.063
27/10/1987 00:00,5.791,16.302,6.528
28/10/1987 00:00,5.224,11.577,3.425
29/10/1987 00:00,5.182,15.169,5.091
30/10/1987 00:00,11.641,29.412,13.187
31/10/1987 00:00,17.759,38.961,18.065
01/11/1987 00:00,10.638,27.383,15.820
02/11/1987 00:00,7.689,21.752,17.842
03/11/1987 00:00,9.842,32.044,18.068
04/11/1987 00:00,7.919,24.047,16.159
05/11/1987 00:00,10.316,30.117,16.529
06/11/1987 00:00,22.221,50.932,25.510
07/11/1987 00:00,22.786,90.055,39.626
08/11/1987 00:00,34.176,124.288,49.945
09/11/1987 00:00,21.125,85.113,46.859
10/11/1987 00:00,11.718,38.262,21.502
11/11/1987 00:00,17.710,48.945,24.968
12/11/1987 00:00,19.509,53.069,27.150
13/11/1987 00:00,9.934,31.025,17.891
14/11/1987 00:00,7.755,26.186,11.937
15/11/1987 00:00,7.243,21.998,9.891
16/11/1987 00:00,5.893,17.956,6.640
17/11/1987 00:00,5.253,16.056,5.848
18/11/1987 00:00,5.217,15.763,5.039
19/11/1987 00:00,5.745,18.860,6.280
20/11/1987 00:00,5.603,17.114,5.411
21/11/1987 00:00,5.417,16.170,4.726
22/11/1987 00:00,5.973,18.139,5.413
23/11/1987 00:00,6.666,20.941,6.820
24/11/1987 00:00,15.786,45.943,14.225
25/11/1987 00:00,11.128,29.359,9.698
26/11/1987 00:00,7.979,20.411,6.440
27/11/1987 00:00,5.380,14.802,4.200
28/11/1987 00:00,4.684,10.685,3.430
29/11/1987 00:00,4.214,9.322,3.141
30/11/1987 00:00,4.045,8.828,2.728
01/12/1987 00:00,3.729,9.374,2.456
02/12/1987 00:00,3.517,7.822,2.472
03/12/1987 00:00,3.162,7.752,3.579
04/12/1987 00:00,9.956,29.256,13.436
05/12/1987 00:00,41.557,142.526,62.134
06/12/1987 00:00,116.812,418.212,162.116
07/12/1987 00:00,182.991,605.404,205.378
08/12/1987 00:00,87.209,336.282,132.640
09/12/1987 00:00,61.427,203.908,102.219
10/12/1987 00:00,59.063,213.609,96.312
11/12/1987 00:00,43.525,148.841,73.652
12/12/1987 00:00,27.882,96.850,49.224
13/12/1987 00:00,17.962,72.268,24.489
14/12/1987 00:00,13.239,48.734,15.066
15/12/1987 00:00,11.052,39.910,13.892
16/12/1987 00:00,9.584,35.484,11.583
17/12/1987 00:00,7.006,26.432,8.731
18/12/1987 00:00,6.468,25.920,10.576
19/12/1987 00:00,7.494,28.082,11.824
20/12/1987 00:00,7.218,27.653,8.640
21/12/1987 00:00,6.057,24.553,6.720
22/12/1987 00:00,8.789,34.134,16.363
23/12/1987 00:00,25.838,75.481,35.053
24/12/1987 00:00,32.196,101.752,35.920
25/12/1987 00:00,22.940,81.381,25.171
26/12/1987 00:00,14.625,53.139,16.748
27/12/1987 00:00,9.672,38.208,13.029
28/12/1987 00:00,7.409,27.760,8.599
29/12/1987 00:00,6.625,25.699,6.513
30/12/1987 00:00,6.333,22.801,5.349
31/12/1987 00:00,5.555,20.239,4.695
01/01/1988 00:00,5.010,17.787,4.131
02/01/1988 00:00,4.534,15.443,3.816
03/01/1988 00:00,4.175,13.637,3.473
04/01/1988 00:00,3.811,12.503,3.133
05/01/1988 00:00,3.470,11.732,2.868
06/01/1988 00:00,3.247,11.048,2.726
07/01/1988 00:00,3.072,10.221,2.578
08/01/1988 00:00,2.950,9.379,2.405
09/01/1988 00:00,2.779,9.007,2.295
10/01/1988 00:00,2.664,8.657,2.218
11/01/1988 00:00,2.585,8.748,2.121
12/01/1988 00:00,2.519,8.321,2.154
13/01/1988 00:00,2.452,8.276,2.555
14/01/1988 00:00,2.334,7.775,1.937
15/01/1988 00:00,2.254,7.460,1.912
16/01/1988 00:00,2.302,7.650,2.040
17/01/1988 00:00,2.317,7.789,1.955
18/01/1988 00:00,2.382,7.600,1.817
19/01/1988 00:00,2.085,7.290,1.754
20/01/1988 00:00,2.035,7.006,1.733
21/01/1988 00:00,2.011,7.492,1.683
22/01/1988 00:00,1.992,7.509,1.619
23/01/1988 00:00,1.972,7.286,1.548
24/01/1988 00:00,1.947,7.190,1.517
25/01/1988 00:00,1.912,7.162,1.465
26/01/1988 00:00,1.871,7.016,1.404
27/01/1988 00:00,1.856,6.714,1.384
28/01/1988 00:00,1.847,6.411,1.361
29/01/1988 00:00,1.804,6.367,1.334
30/01/1988 00:00,1.747,6.202,1.280
31/01/1988 00:00,1.716,5.873,1.245
01/02/1988 00:00,1.684,5.737,1.206
02/02/1988 00:00,1.659,5.625,1.162
03/02/1988 00:00,1.625,5.605,1.144
04/02/1988 00:00,1.588,5.506,1.112
05/02/1988 00:00,1.548,5.421,1.061
06/02/1988 00:00,1.509,5.589,1.025
07/02/1988 00:00,1.473,5.577,0.994
08/02/1988 00:00,1.445,5.516,0.965
09/02/1988 00:00,1.418,5.456,0.944
10/02/1988 00:00,1.389,5.375,0.924
11/02/1988 00:00,1.358,5.267,0.911
12/02/1988 00:00,1.346,5.237,0.913
13/02/1988 00:00,1.351,5.271,0.955
14/02/1988 00:00,1.379,5.398,1.068
15/02/1988 00:00,1.403,5.343,1.035
16/02/1988 00:00,1.334,5.336,0.979
17/02/1988 00:00,1.271,5.343,0.917
18/02/1988 00:00,1.174,5.241,0.874
19/02/1988 00:00,1.211,5.171,0.838
20/02/1988 00:00,1.203,5.119,0.826
21/02/1988 00:00,1.180,5.061,0.810
22/02/1988 00:00,1.150,5.014,0.794
23/02/1988 00:00,1.138,5.028,0.794
24/02/1988 00:00,1.148,5.094,0.837
25/02/1988 00:00,1.179,5.206,0.885
26/02/1988 00:00,1.193,5.305,0.928
27/02/1988 00:00,1.155,5.294,0.890
28/02/1988 00:00,1.097,5.196,0.839
29/02/1988 00:00,1.058,5.179,0.821
01/03/1988 00:00,1.099,5.393,0.875
02/03/1988 00:00,1.102,5.556,0.965
03/03/1988 00:00,1.083,5.515,0.918
04/03/1988 00:00,1.119,5.531,0.889
05/03/1988 00:00,1.072,5.394,0.871
06/03/1988 00:00,1.055,5.326,0.861
07/03/1988 00:00,1.158,5.309,0.820
08/03/1988 00:00,1.454,5.454,0.786
09/03/1988 00:00,1.639,5.281,0.702
10/03/1988 00:00,1.639,5.088,1.045
11/03/1988 00:00,1.695,5.300,0.774
12/03/1988 00:00,1.723,5.643,0.841
13/03/1988 00:00,1.721,5.438,0.836
14/03/1988 00:00,1.714,5.431,0.783
15/03/1988 00:00,1.536,5.350,0.778
16/03/1988 00:00,1.680,5.436,0.800
17/03/1988 00:00,1.663,5.452,0.786
18/03/1988 00:00,1.648,5.291,0.771
19/03/1988 00:00,1.622,5.330,0.799
20/03/1988 00:00,1.661,5.374,0.804
21/03/1988 00:00,1.759,5.497,0.830
22/03/1988 00:00,1.850,5.522,0.847
23/03/1988 00:00,1.840,5.413,0.834
24/03/1988 00:00,1.770,5.377,0.836
25/03/1988 00:00,1.857,5.373,0.805
26/03/1988 00:00,1.838,5.385,0.817
27/03/1988 00:00,1.857,5.467,0.853
28/03/1988 00:00,1.856,5.411,0.831
29/03/1988 00:00,1.860,5.303,0.815
30/03/1988 00:00,1.885,5.298,0.784
31/03/1988 00:00,1.877,5.352,0.773
01/04/1988 00:00,1.905,5.446,0.804
02/04/1988 00:00,1.906,5.422,0.779
03/04/1988 00:00,1.889,5.315,0.748
04/04/1988 00:00,1.870,5.214,0.735
05/04/1988 00:00,1.857,5.282,0.771
06/04/1988 00:00,1.966,5.424,0.816
07/04/1988 00:00,1.940,5.458,0.824
08/04/1988 00:00,2.059,5.368,0.832
09/04/1988 00:00,2.407,5.552,1.013
10/04/1988 00:00,2.460,5.658,1.021
11/04/1988 00:00,2.349,6.047,1.029
12/04/1988 00:00,2.382,6.028,1.007
13/04/1988 00:00,2.456,5.934,0.873
14/04/1988 00:00,2.339,5.767,0.831
15/04/1988 00:00,2.418,5.800,0.785
16/04/1988 00:00,2.455,5.937,0.864
17/04/1988 00:00,2.593,5.848,0.847
18/04/1988 00:00,3.213,6.263,1.601
19/04/1988 00:00,3.116,6.386,1.274
20/04/1988 00:00,2.939,5.803,0.874
21/04/1988 00:00,2.846,5.957,0.890
22/04/1988 00:00,3.319,5.963,0.871
23/04/1988 00:00,3.097,5.637,0.805
24/04/1988 00:00,3.615,6.099,0.875
25/04/1988 00:00,5.917,10.342,2.264
26/04/1988 00:00,5.110,12.035,2.223
27/04/1988 00:00,4.478,8.274,2.041
28/04/1988 00:00,5.037,9.831,2.598
29/04/1988 00:00,4.753,12.214,4.585
30/04/1988 00:00,4.427,11.455,3.787
01/05/1988 00:00,5.549,11.045,2.863
02/05/1988 00:00,5.678,11.080,2.704
03/05/1988 00:00,4.746,9.895,1.753
04/05/1988 00:00,6.236,17.195,5.540
05/05/1988 00:00,5.627,12.901,4.812
06/05/1988 00:00,4.747,10.164,2.822
07/05/1988 00:00,3.445,8.093,1.654
08/05/1988 00:00,2.922,7.289,1.333
09/05/1988 00:00,2.977,6.912,1.120
10/05/1988 00:00,3.055,6.895,0.987
11/05/1988 00:00,3.019,6.867,0.897
12/05/1988 00:00,3.178,6.775,0.874
13/05/1988 00:00,3.031,6.233,0.850
14/05/1988 00:00,3.005,6.391,0.855
15/05/1988 00:00,3.210,7.428,1.279
16/05/1988 00:00,4.481,12.555,2.679
17/05/1988 00:00,4.475,11.040,1.844
18/05/1988 00:00,4.126,9.008,1.451
19/05/1988 00:00,3.148,7.566,1.198
20/05/1988 00:00,2.867,6.567,1.038
21/05/1988 00:00,2.616,6.419,0.954
22/05/1988 00:00,3.107,7.244,1.141
23/05/1988 00:00,3.672,7.858,1.469
24/05/1988 00:00,3.040,7.388,1.260
25/05/1988 00:00,4.125,10.394,1.964
26/05/1988 00:00,5.353,12.789,3.533
27/05/1988 00:00,4.069,9.748,1.893
28/05/1988 00:00,2.779,7.563,1.181
29/05/1988 00:00,2.502,6.635,0.940
30/05/1988 00:00,2.633,6.443,0.835
31/05/1988 00:00,2.484,5.905,0.816
01/06/1988 00:00,3.228,7.262,1.288
02/06/1988 00:00,4.870,12.259,3.107
03/06/1988 00:00,5.319,10.958,2.271
04/06/1988 00:00,4.024,8.173,1.295
05/06/1988 00:00,2.821,5.976,0.993
06/06/1988 00:00,2.281,5.076,0.823
07/06/1988 00:00,2.199,4.899,0.803
08/06/1988 00:00,2.509,5.852,0.903
09/06/1988 00:00,2.866,6.319,0.960
10/06/1988 00:00,2.425,5.999,0.865
11/06/1988 00:00,2.343,5.034,0.825
12/06/1988 00:00,2.147,4.800,0.750
13/06/1988 00:00,2.192,4.659,0.742
14/06/1988 00:00,2.059,4.499,0.718
15/06/1988 00:00,2.051,4.512,0.714
16/06/1988 00:00,2.097,4.477,0.720
17/06/1988 00:00,2.025,4.462,0.702
18/06/1988 00:00,1.982,4.510,0.689
19/06/1988 00:00,1.881,4.989,0.675
20/06/1988 00:00,2.458,4.881,0.787
21/06/1988 00:00,2.865,5.184,0.869
22/06/1988 00:00,2.672,4.968,0.742
23/06/1988 00:00,2.354,5.266,0.662
24/06/1988 00:00,2.737,5.495,0.761
25/06/1988 00:00,2.613,5.662,0.792
26/06/1988 00:00,2.174,5.587,0.751
27/06/1988 00:00,2.442,6.220,0.781
28/06/1988 00:00,2.378,5.297,0.676
29/06/1988 00:00,2.236,5.209,0.638
30/06/1988 00:00,2.730,5.695,0.687
01/07/1988 00:00,2.720,5.527,0.646
02/07/1988 00:00,3.013,6.596,0.990
03/07/1988 00:00,3.131,6.133,0.848
04/07/1988 00:00,3.807,8.250,1.241
05/07/1988 00:00,4.225,10.233,1.799
06/07/1988 00:00,5.221,13.194,1.951
07/07/1988 00:00,5.882,15.645,2.905
08/07/1988 00:00,7.846,22.784,4.443
09/07/1988 00:00,7.131,19.179,4.688
10/07/1988 00:00,5.426,13.528,2.063
11/07/1988 00:00,4.684,12.156,1.899
12/07/1988 00:00,8.650,22.919,5.727
13/07/1988 00:00,7.482,21.664,6.186
14/07/1988 00:00,6.279,19.019,4.594
15/07/1988 00:00,5.518,13.520,3.073
16/07/1988 00:00,5.275,13.982,4.617
17/07/1988 00:00,5.900,19.127,5.093
18/07/1988 00:00,5.297,16.106,2.725
19/07/1988 00:00,4.819,12.824,1.822
20/07/1988 00:00,5.057,14.630,3.229
21/07/1988 00:00,7.004,24.516,9.228
22/07/1988 00:00,6.634,20.482,8.062
23/07/1988 00:00,5.440,18.640,6.396
24/07/1988 00:00,6.156,20.935,7.396
25/07/1988 00:00,5.187,18.208,7.263
26/07/1988 00:00,4.921,16.407,4.242
27/07/1988 00:00,4.860,12.497,2.672
28/07/1988 00:00,4.067,10.187,2.008
29/07/1988 00:00,3.427,9.266,1.403
30/07/1988 00:00,3.413,9.365,1.263
31/07/1988 00:00,2.994,8.640,1.159
01/08/1988 00:00,2.709,8.133,1.090
02/08/1988 00:00,2.478,7.607,1.048
03/08/1988 00:00,2.258,7.428,1.103
04/08/1988 00:00,3.503,13.575,2.695
05/08/1988 00:00,4.134,15.186,5.007
06/08/1988 00:00,4.709,17.884,6.119
07/08/1988 00:00,5.020,15.564,5.630
08/08/1988 00:00,6.351,20.672,8.289
09/08/1988 00:00,6.637,17.731,7.889
10/08/1988 00:00,6.038,19.659,8.714
11/08/1988 00:00,8.990,23.723,11.821
12/08/1988 00:00,8.869,29.011,13.693
13/08/1988 00:00,11.245,29.457,16.658
14/08/1988 00:00,10.815,33.190,15.034
15/08/1988 00:00,8.450,30.385,14.292
16/08/1988 00:00,9.181,32.932,15.243
17/08/1988 00:00,9.000,36.255,15.380
18/08/1988 00:00,7.552,23.745,13.710
19/08/1988 00:00,5.880,15.721,7.164
20/08/1988 00:00,5.410,13.284,4.299
21/08/1988 00:00,4.972,12.069,3.565
22/08/1988 00:00,4.702,12.537,3.892
23/08/1988 00:00,5.501,20.402,8.698
24/08/1988 00:00,6.202,19.897,9.202
25/08/1988 00:00,6.607,20.109,8.106
26/08/1988 00:00,7.257,20.817,9.637
27/08/1988 00:00,8.746,23.812,11.328
28/08/1988 00:00,9.849,29.923,11.598
29/08/1988 00:00,10.739,35.542,16.350
30/08/1988 00:00,8.803,33.703,13.506
31/08/1988 00:00,6.496,20.407,8.085
01/09/1988 00:00,5.560,14.117,4.775
02/09/1988 00:00,4.794,13.447,4.254
03/09/1988 00:00,4.627,12.138,3.514
04/09/1988 00:00,4.052,10.850,3.394
05/09/1988 00:00,5.443,20.194,7.656
06/09/1988 00:00,6.768,25.818,10.653
07/09/1988 00:00,8.146,30.769,11.331
08/09/1988 00:00,8.051,36.357,16.916
09/09/1988 00:00,9.856,36.540,16.848
10/09/1988 00:00,17.144,47.656,17.800
11/09/1988 00:00,11.889,42.907,15.162
12/09/1988 00:00,10.828,35.554,11.796
13/09/1988 00:00,10.405,34.104,11.671
14/09/1988 00:00,8.782,29.810,10.996
15/09/1988 00:00,8.125,26.085,11.937
16/09/1988 00:00,7.846,23.723,12.009
17/09/1988 00:00,9.376,29.818,14.095
18/09/1988 00:00,8.148,23.752,13.914
19/09/1988 00:00,6.598,18.636,10.316
20/09/1988 00:00,5.487,14.239,5.678
21/09/1988 00:00,6.955,23.423,9.770
22/09/1988 00:00,6.503,20.342,8.369
23/09/1988 00:00,6.133,14.931,7.045
24/09/1988 00:00,7.598,19.480,10.240
25/09/1988 00:00,16.207,45.812,21.600
26/09/1988 00:00,19.181,56.293,23.632
27/09/1988 00:00,9.369,36.517,17.312
28/09/1988 00:00,6.428,21.614,12.091
29/09/1988 00:00,5.938,16.181,5.186
30/09/1988 00:00,5.601,13.081,4.141
01/10/1988 00:00,5.092,11.649,3.512
02/10/1988 00:00,4.728,10.423,3.487
03/10/1988 00:00,6.638,20.441,10.247
04/10/1988 00:00,7.194,24.264,12.698
05/10/1988 00:00,7.424,29.915,16.899
06/10/1988 00:00,7.577,28.115,13.571
07/10/1988 00:00,9.238,31.814,17.186
08/10/1988 00:00,10.652,37.443,16.650
09/10/1988 00:00,10.067,34.821,14.547
10/10/1988 00:00,6.680,22.935,8.264
11/10/1988 00:00,5.047,16.329,5.138
12/10/1988 00:00,4.449,13.101,4.473
13/10/1988 00:00,4.164,11.318,3.902
14/10/1988 00:00,3.889,10.057,3.394
15/10/1988 00:00,3.738,8.630,3.023
16/10/1988 00:00,3.538,7.703,2.619
17/10/1988 00:00,3.558,6.914,2.388
18/10/1988 00:00,3.372,6.969,2.064
19/10/1988 00:00,3.138,6.747,1.935
20/10/1988 00:00,2.723,6.209,1.998
21/10/1988 00:00,2.574,5.511,1.908
22/10/1988 00:00,2.499,5.239,1.739
23/10/1988 00:00,2.849,5.998,1.971
24/10/1988 00:00,2.881,7.055,2.172
25/10/1988 00:00,2.691,6.910,1.914
26/10/1988 00:00,2.487,5.726,1.654
27/10/1988 00:00,2.500,5.402,1.604
28/10/1988 00:00,2.605,5.311,1.554
29/10/1988 00:00,2.300,4.773,1.454
30/10/1988 00:00,2.235,4.677,1.415
31/10/1988 00:00,2.247,4.799,1.463
01/11/1988 00:00,2.218,5.108,1.602
02/11/1988 00:00,2.211,5.786,2.110
03/11/1988 00:00,5.121,14.179,5.826
04/11/1988 00:00,5.508,18.041,9.591
05/11/1988 00:00,8.273,28.921,15.240
06/11/1988 00:00,86.958,199.760,72.219
07/11/1988 00:00,165.650,415.786,266.828
08/11/1988 00:00,135.088,468.031,238.187
09/11/1988 00:00,64.036,285.210,114.274
10/11/1988 00:00,35.154,126.922,64.177
11/11/1988 00:00,23.881,72.459,45.410
12/11/1988 00:00,17.252,67.753,45.983
13/11/1988 00:00,15.955,70.184,42.815
14/11/1988 00:00,22.893,81.374,45.318
15/11/1988 00:00,14.300,55.940,36.566
16/11/1988 00:00,10.108,40.674,29.962
17/11/1988 00:00,7.919,29.436,20.630
18/11/1988 00:00,5.953,24.077,16.081
19/11/1988 00:00,4.961,20.973,12.014
20/11/1988 00:00,4.355,18.283,8.201
21/11/1988 00:00,3.924,14.353,6.107
22/11/1988 00:00,3.718,12.386,4.726
23/11/1988 00:00,3.374,11.454,3.973
24/11/1988 00:00,3.217,10.790,3.492
25/11/1988 00:00,3.092,10.146,3.274
26/11/1988 00:00,2.977,9.481,2.842
27/11/1988 00:00,2.827,8.973,2.666
28/11/1988 00:00,2.696,8.513,2.557
29/11/1988 00:00,2.596,8.101,2.523
30/11/1988 00:00,2.594,7.722,2.408
01/12/1988 00:00,2.471,7.530,2.272
02/12/1988 00:00,2.511,7.288,2.619
03/12/1988 00:00,6.355,20.537,11.403
04/12/1988 00:00,7.104,19.889,12.541
05/12/1988 00:00,4.448,16.068,6.685
06/12/1988 00:00,3.503,12.962,3.731
07/12/1988 00:00,3.114,10.871,2.667
08/12/1988 00:00,2.961,9.657,2.135
09/12/1988 00:00,2.899,10.059,2.208
10/12/1988 00:00,2.909,9.451,2.313
11/12/1988 00:00,2.774,8.879,2.661
12/12/1988 00:00,6.523,21.751,7.353
13/12/1988 00:00,11.462,31.919,13.371
14/12/1988 00:00,11.341,33.642,13.187
15/12/1988 00:00,8.779,32.933,10.633
16/12/1988 00:00,7.820,31.545,9.085
17/12/1988 00:00,6.148,21.575,7.056
18/12/1988 00:00,5.343,18.430,5.426
19/12/1988 00:00,3.988,17.651,6.477
20/12/1988 00:00,4.861,16.674,6.185
21/12/1988 00:00,4.110,15.059,3.388
22/12/1988 00:00,3.781,12.671,3.144
23/12/1988 00:00,3.524,11.629,2.468
24/12/1988 00:00,3.332,10.174,2.389
25/12/1988 00:00,3.237,9.457,1.911
26/12/1988 00:00,3.166,9.054,1.813
27/12/1988 00:00,3.102,8.862,1.756
28/12/1988 00:00,3.046,8.620,1.710
29/12/1988 00:00,3.012,8.073,1.649
30/12/1988 00:00,2.998,8.001,1.576
31/12/1988 00:00,3.073,8.134,1.847
01/01/1989 00:00,3.159,8.249,1.867
02/01/1989 00:00,3.073,8.189,1.966
03/01/1989 00:00,3.313,9.160,2.959
04/01/1989 00:00,3.888,11.620,4.195
05/01/1989 00:00,3.707,11.609,3.228
06/01/1989 00:00,1.661,10.007,2.187
07/01/1989 00:00,3.079,8.995,1.744
08/01/1989 00:00,2.864,8.373,1.536
09/01/1989 00:00,2.728,7.880,1.461
10/01/1989 00:00,2.660,7.549,1.393
11/01/1989 00:00,2.507,7.200,1.370
12/01/1989 00:00,1.306,6.837,1.341
13/01/1989 00:00,1.300,6.433,1.389
14/01/1989 00:00,2.383,6.123,1.477
15/01/1989 00:00,1.227,6.354,1.452
16/01/1989 00:00,1.223,6.294,1.386
17/01/1989 00:00,1.200,6.216,1.390
18/01/1989 00:00,1.153,6.130,1.362
19/01/1989 00:00,1.116,6.011,1.264
20/01/1989 00:00,1.083,5.903,1.246
21/01/1989 00:00,1.818,5.805,1.236
22/01/1989 00:00,1.080,5.692,1.220
23/01/1989 00:00,1.038,5.639,1.205
24/01/1989 00:00,1.028,5.627,1.195
25/01/1989 00:00,1.025,5.631,1.191
26/01/1989 00:00,0.995,5.589,1.185
27/01/1989 00:00,0.973,5.568,1.144
28/01/1989 00:00,0.974,5.544,1.121
29/01/1989 00:00,1.002,5.437,1.096
30/01/1989 00:00,1.056,5.452,1.074
31/01/1989 00:00,1.110,5.150,1.049
01/02/1989 00:00,1.108,5.103,1.023
02/02/1989 00:00,1.092,4.903,1.001
03/02/1989 00:00,1.120,4.652,0.981
04/02/1989 00:00,1.157,4.860,0.962
05/02/1989 00:00,1.182,4.412,0.933
06/02/1989 00:00,1.139,4.692,0.904
07/02/1989 00:00,1.151,4.281,0.883
08/02/1989 00:00,1.105,4.407,0.863
09/02/1989 00:00,1.119,4.176,0.838
10/02/1989 00:00,1.086,4.211,0.820
11/02/1989 00:00,1.107,4.168,0.807
12/02/1989 00:00,1.077,4.165,0.803
13/02/1989 00:00,1.111,4.120,0.779
14/02/1989 00:00,1.080,4.039,0.767
15/02/1989 00:00,1.139,4.056,0.764
16/02/1989 00:00,1.098,4.045,0.755
17/02/1989 00:00,1.160,4.073,0.743
18/02/1989 00:00,1.087,4.070,0.732
19/02/1989 00:00,1.148,4.053,0.726
20/02/1989 00:00,1.090,4.043,0.723
21/02/1989 00:00,1.168,4.028,0.714
22/02/1989 00:00,1.110,4.063,0.704
23/02/1989 00:00,1.190,4.053,0.707
24/02/1989 00:00,1.118,4.067,0.710
25/02/1989 00:00,1.167,4.017,0.693
26/02/1989 00:00,1.096,3.999,0.684
27/02/1989 00:00,1.125,3.935,0.679
28/02/1989 00:00,1.087,4.056,0.677
01/03/1989 00:00,1.107,4.021,0.676
02/03/1989 00:00,1.065,4.044,0.666
03/03/1989 00:00,1.088,4.123,0.662
04/03/1989 00:00,1.040,4.110,0.663
05/03/1989 00:00,1.027,4.102,0.661
06/03/1989 00:00,1.024,4.166,0.667
07/03/1989 00:00,1.013,4.141,0.679
08/03/1989 00:00,1.062,4.219,0.682
09/03/1989 00:00,1.112,4.605,0.740
10/03/1989 00:00,1.457,6.556,0.974
11/03/1989 00:00,2.460,8.833,1.188
12/03/1989 00:00,6.190,17.584,2.929
13/03/1989 00:00,5.420,15.027,2.765
14/03/1989 00:00,3.183,10.991,1.647
15/03/1989 00:00,1.962,7.533,1.024
16/03/1989 00:00,1.686,6.233,0.840
17/03/1989 00:00,1.574,6.014,0.757
18/03/1989 00:00,1.611,6.110,0.710
19/03/1989 00:00,1.610,6.188,0.705
20/03/1989 00:00,1.632,6.200,0.704
21/03/1989 00:00,1.599,6.298,0.697
22/03/1989 00:00,1.567,6.320,0.701
23/03/1989 00:00,1.535,6.291,0.701
24/03/1989 00:00,1.517,6.230,0.696
25/03/1989 00:00,1.478,6.190,0.696
26/03/1989 00:00,1.451,6.169,0.711
27/03/1989 00:00,1.419,6.205,0.717
28/03/1989 00:00,1.515,6.659,0.795
29/03/1989 00:00,1.525,6.938,0.786
30/03/1989 00:00,1.533,6.926,0.761
31/03/1989 00:00,1.455,6.743,0.738
01/04/1989 00:00,1.440,7.068,0.727
02/04/1989 00:00,1.431,6.906,0.737
03/04/1989 00:00,1.463,6.822,0.743
04/04/1989 00:00,1.497,6.819,0.754
05/04/1989 00:00,1.520,6.787,0.749
06/04/1989 00:00,1.551,6.746,0.732
07/04/1989 00:00,1.565,6.596,0.726
08/04/1989 00:00,1.491,6.534,0.708
09/04/1989 00:00,1.448,6.393,0.690
10/04/1989 00:00,1.429,6.331,0.683
11/04/1989 00:00,1.475,6.186,0.688
12/04/1989 00:00,1.548,6.280,0.693
13/04/1989 00:00,1.585,6.239,0.688
14/04/1989 00:00,1.583,6.144,0.689
15/04/1989 00:00,1.582,6.119,0.671
16/04/1989 00:00,1.533,5.826,0.681
17/04/1989 00:00,1.547,5.467,0.774
18/04/1989 00:00,1.577,5.755,0.679
19/04/1989 00:00,1.619,5.804,0.756
20/04/1989 00:00,1.701,5.811,0.834
21/04/1989 00:00,1.660,5.892,0.816
22/04/1989 00:00,1.514,5.532,0.778
23/04/1989 00:00,1.581,5.050,0.831
24/04/1989 00:00,1.523,4.636,1.287
25/04/1989 00:00,1.641,5.287,0.886
26/04/1989 00:00,1.611,5.266,0.887
27/04/1989 00:00,1.535,4.706,0.923
28/04/1989 00:00,2.047,5.219,1.014
29/04/1989 00:00,2.092,5.723,1.034
30/04/1989 00:00,1.956,5.743,1.030
01/05/1989 00:00,1.648,5.384,0.992
02/05/1989 00:00,1.761,5.492,0.973
03/05/1989 00:00,1.647,5.023,0.780
04/05/1989 00:00,1.701,5.827,0.887
05/05/1989 00:00,1.650,5.700,0.920
06/05/1989 00:00,1.555,5.450,0.882
07/05/1989 00:00,1.546,5.347,0.902
08/05/1989 00:00,1.489,5.325,0.923
09/05/1989 00:00,1.519,5.275,0.969
10/05/1989 00:00,1.474,5.226,0.956
11/05/1989 00:00,1.491,5.209,0.991
12/05/1989 00:00,1.475,5.150,0.987
13/05/1989 00:00,1.512,5.152,0.971
14/05/1989 00:00,1.566,5.085,1.019
15/05/1989 00:00,2.479,8.322,1.368
16/05/1989 00:00,3.080,8.327,1.353
17/05/1989 00:00,2.811,7.867,1.351
18/05/1989 00:00,2.777,6.655,0.981
19/05/1989 00:00,3.059,6.601,1.037
20/05/1989 00:00,3.392,7.135,1.144
21/05/1989 00:00,3.511,7.573,0.988
22/05/1989 00:00,3.007,6.862,1.143
23/05/1989 00:00,2.436,6.405,0.959
24/05/1989 00:00,2.088,5.970,1.035
25/05/1989 00:00,1.875,5.761,1.191
26/05/1989 00:00,1.653,5.556,1.123
27/05/1989 00:00,1.588,5.530,1.126
28/05/1989 00:00,1.523,5.540,1.118
29/05/1989 00:00,1.499,5.633,1.134
30/05/1989 00:00,1.460,5.807,1.134
31/05/1989 00:00,1.714,6.314,0.999
01/06/1989 00:00,1.581,6.746,1.155
02/06/1989 00:00,1.938,7.211,1.174
03/06/1989 00:00,2.020,7.518,1.216
04/06/1989 00:00,2.031,7.323,1.233
05/06/1989 00:00,2.336,8.193,1.355
06/06/1989 00:00,2.383,9.106,1.384
07/06/1989 00:00,1.714,7.749,1.306
08/06/1989 00:00,1.695,7.389,1.269
09/06/1989 00:00,1.721,7.630,1.433
10/06/1989 00:00,2.152,8.047,1.652
11/06/1989 00:00,3.208,11.145,2.201
12/06/1989 00:00,3.140,11.382,2.890
13/06/1989 00:00,2.745,10.839,2.275
14/06/1989 00:00,2.093,8.097,1.497
15/06/1989 00:00,1.686,6.679,1.249
16/06/1989 00:00,1.541,6.116,1.114
17/06/1989 00:00,1.997,7.717,1.290
18/06/1989 00:00,4.138,12.590,2.435
19/06/1989 00:00,3.638,13.313,2.913
20/06/1989 00:00,4.632,13.589,3.482
21/06/1989 00:00,3.261,13.040,3.119
22/06/1989 00:00,2.498,9.692,2.193
23/06/1989 00:00,1.969,7.924,1.590
24/06/1989 00:00,1.749,7.110,1.464
25/06/1989 00:00,2.254,9.350,2.164
26/06/1989 00:00,2.598,8.953,2.126
27/06/1989 00:00,2.414,8.910,1.807
28/06/1989 00:00,2.102,8.215,1.619
29/06/1989 00:00,1.883,7.656,1.594
30/06/1989 00:00,1.760,7.379,1.571
01/07/1989 00:00,1.716,7.168,1.617
02/07/1989 00:00,2.237,8.124,1.957
03/07/1989 00:00,3.137,9.028,2.069
04/07/1989 00:00,3.351,9.795,2.243
05/07/1989 00:00,4.204,10.912,2.925
06/07/1989 00:00,8.353,16.828,6.374
07/07/1989 00:00,7.176,17.009,5.311
08/07/1989 00:00,9.523,20.080,6.588
09/07/1989 00:00,7.953,18.534,5.174
10/07/1989 00:00,7.613,16.926,4.945
11/07/1989 00:00,8.633,15.814,5.057
12/07/1989 00:00,11.714,23.417,6.059
13/07/1989 00:00,14.020,24.780,7.958
14/07/1989 00:00,13.107,29.125,8.566
15/07/1989 00:00,17.902,38.341,12.151
16/07/1989 00:00,13.319,36.994,12.074
17/07/1989 00:00,8.501,24.201,9.524
18/07/1989 00:00,5.957,14.840,5.267
19/07/1989 00:00,4.396,12.143,4.482
20/07/1989 00:00,3.609,10.153,5.160
21/07/1989 00:00,4.204,12.930,6.671
22/07/1989 00:00,5.819,18.139,8.979
23/07/1989 00:00,5.936,18.600,9.102
24/07/1989 00:00,3.767,12.031,6.646
25/07/1989 00:00,2.985,9.762,3.674
26/07/1989 00:00,2.853,11.288,4.282
27/07/1989 00:00,5.709,19.278,9.463
28/07/1989 00:00,6.594,16.601,9.961
29/07/1989 00:00,5.720,15.616,8.314
30/07/1989 00:00,5.768,16.648,8.776
31/07/1989 00:00,5.186,12.862,7.026
01/08/1989 00:00,3.679,10.795,4.971
02/08/1989 00:00,3.124,10.029,4.559
03/08/1989 00:00,3.066,9.366,3.993
04/08/1989 00:00,3.832,13.158,5.122
05/08/1989 00:00,3.838,12.051,5.618
06/08/1989 00:00,5.965,16.192,6.591
07/08/1989 00:00,5.259,15.184,4.889
08/08/1989 00:00,4.537,11.482,2.977
09/08/1989 00:00,3.152,9.226,2.295
10/08/1989 00:00,2.998,10.589,3.163
11/08/1989 00:00,3.445,11.429,3.671
12/08/1989 00:00,2.984,10.900,2.905
13/08/1989 00:00,2.652,8.976,1.881
14/08/1989 00:00,2.614,8.704,2.141
15/08/1989 00:00,3.459,11.362,4.336
16/08/1989 00:00,6.566,15.065,5.824
17/08/1989 00:00,5.040,12.304,4.492
18/08/1989 00:00,6.075,15.253,3.628
19/08/1989 00:00,4.040,12.860,2.732
20/08/1989 00:00,4.466,14.274,3.361
21/08/1989 00:00,4.041,11.636,3.141
22/08/1989 00:00,3.080,9.433,2.692
23/08/1989 00:00,2.842,8.509,2.135
24/08/1989 00:00,2.578,7.424,1.849
25/08/1989 00:00,2.661,7.554,1.643
26/08/1989 00:00,2.619,7.292,1.606
27/08/1989 00:00,2.557,7.357,1.446
28/08/1989 00:00,2.435,7.005,1.357
29/08/1989 00:00,2.398,7.510,1.465
30/08/1989 00:00,2.431,7.466,1.437
31/08/1989 00:00,2.409,7.888,1.602
01/09/1989 00:00,2.509,8.168,1.693
02/09/1989 00:00,3.173,10.611,2.339
03/09/1989 00:00,4.164,13.668,3.416
04/09/1989 00:00,6.781,18.461,5.627
05/09/1989 00:00,5.373,15.089,4.147
06/09/1989 00:00,9.004,21.946,10.548
07/09/1989 00:00,6.720,22.208,8.705
08/09/1989 00:00,6.193,17.239,5.297
09/09/1989 00:00,4.273,13.958,2.533
10/09/1989 00:00,3.632,9.785,2.093
11/09/1989 00:00,2.731,8.186,1.658
12/09/1989 00:00,2.770,7.665,1.594
13/09/1989 00:00,2.383,7.178,1.535
14/09/1989 00:00,2.148,6.916,1.311
15/09/1989 00:00,3.254,13.231,3.761
16/09/1989 00:00,5.455,14.735,5.887
17/09/1989 00:00,8.296,17.728,5.638
18/09/1989 00:00,9.191,19.734,6.593
19/09/1989 00:00,7.806,22.129,7.462
20/09/1989 00:00,9.126,24.308,8.245
21/09/1989 00:00,11.674,26.142,8.060
22/09/1989 00:00,10.835,26.917,8.691
23/09/1989 00:00,12.502,29.386,13.207
24/09/1989 00:00,9.762,26.448,10.234
25/09/1989 00:00,7.939,19.789,6.438
26/09/1989 00:00,6.595,19.207,5.905
27/09/1989 00:00,6.845,21.167,9.492
28/09/1989 00:00,6.590,19.554,9.956
29/09/1989 00:00,10.096,24.785,12.915
30/09/1989 00:00,9.658,27.495,15.145
01/10/1989 00:00,8.193,25.349,15.263
02/10/1989 00:00,7.250,22.086,11.916
03/10/1989 00:00,6.404,15.817,7.221
04/10/1989 00:00,5.356,10.224,4.652
05/10/1989 00:00,8.841,23.576,11.602
06/10/1989 00:00,9.294,26.066,12.432
07/10/1989 00:00,9.090,23.864,11.154
08/10/1989 00:00,7.992,17.055,10.945
09/10/1989 00:00,22.020,47.901,16.649
10/10/1989 00:00,19.973,50.408,18.433
11/10/1989 00:00,11.474,36.258,16.036
12/10/1989 00:00,8.014,26.166,14.382
13/10/1989 00:00,7.444,21.140,12.170
14/10/1989 00:00,6.371,16.664,11.723
15/10/1989 00:00,5.558,10.621,7.007
16/10/1989 00:00,4.604,8.463,4.409
17/10/1989 00:00,4.138,6.924,3.366
18/10/1989 00:00,3.605,5.954,2.922
19/10/1989 00:00,3.521,5.276,2.713
20/10/1989 00:00,3.279,5.433,2.546
21/10/1989 00:00,4.872,11.158,3.450
22/10/1989 00:00,4.258,10.269,3.159
23/10/1989 00:00,4.271,9.865,2.451
24/10/1989 00:00,3.830,6.540,2.876
25/10/1989 00:00,3.373,5.663,2.437
26/10/1989 00:00,3.284,6.379,2.861
27/10/1989 00:00,4.393,13.236,7.005
28/10/1989 00:00,5.002,19.156,11.332
29/10/1989 00:00,5.820,23.816,13.016
30/10/1989 00:00,7.782,28.841,13.175
31/10/1989 00:00,8.539,36.229,14.158
01/11/1989 00:00,7.759,37.325,15.184
02/11/1989 00:00,24.975,59.186,25.477
03/11/1989 00:00,20.697,71.472,40.567
04/11/1989 00:00,13.976,57.522,32.949
05/11/1989 00:00,7.981,40.611,20.277
06/11/1989 00:00,7.893,36.683,19.182
07/11/1989 00:00,6.495,22.466,14.408
08/11/1989 00:00,5.513,19.215,10.674
09/11/1989 00:00,5.858,18.407,9.999
10/11/1989 00:00,9.279,32.577,18.963
11/11/1989 00:00,17.137,54.332,29.602
12/11/1989 00:00,82.358,363.373,147.789
13/11/1989 00:00,174.303,603.803,215.730
14/11/1989 00:00,139.093,404.999,208.266
15/11/1989 00:00,69.575,229.537,110.335
16/11/1989 00:00,39.360,125.846,64.830
17/11/1989 00:00,24.043,79.560,52.065
18/11/1989 00:00,47.893,159.192,88.372
19/11/1989 00:00,98.694,247.817,174.353
20/11/1989 00:00,85.369,250.409,107.398
21/11/1989 00:00,46.385,109.187,56.301
22/11/1989 00:00,23.418,55.967,27.956
23/11/1989 00:00,16.287,41.180,20.390
24/11/1989 00:00,12.121,32.685,14.838
25/11/1989 00:00,9.812,25.213,11.659
26/11/1989 00:00,8.350,22.313,9.353
27/11/1989 00:00,12.465,33.268,17.827
28/11/1989 00:00,11.917,34.584,21.607
29/11/1989 00:00,10.875,28.358,13.924
30/11/1989 00:00,10.687,28.493,13.069
01/12/1989 00:00,15.429,57.377,19.032
02/12/1989 00:00,54.295,151.772,65.919
03/12/1989 00:00,57.661,165.408,81.075
04/12/1989 00:00,53.678,172.048,54.934
05/12/1989 00:00,20.783,81.806,37.516
06/12/1989 00:00,13.895,45.232,18.461
07/12/1989 00:00,10.571,32.691,12.372
08/12/1989 00:00,9.240,24.826,9.169
09/12/1989 00:00,8.594,21.578,6.936
10/12/1989 00:00,7.422,18.149,6.959
11/12/1989 00:00,8.183,23.318,8.564
12/12/1989 00:00,8.318,21.450,7.911
13/12/1989 00:00,6.049,17.354,5.397
14/12/1989 00:00,5.584,15.865,4.389
15/12/1989 00:00,5.190,13.819,3.887
16/12/1989 00:00,4.822,12.572,3.575
17/12/1989 00:00,4.557,12.165,3.485
18/12/1989 00:00,4.382,11.089,3.316
19/12/1989 00:00,8.254,24.302,9.436
20/12/1989 00:00,8.470,27.077,9.619
21/12/1989 00:00,5.458,19.997,5.148
22/12/1989 00:00,5.627,16.138,4.036
23/12/1989 00:00,4.114,14.337,3.711
24/12/1989 00:00,3.230,12.974,3.231
25/12/1989 00:00,3.007,11.630,2.945
26/12/1989 00:00,3.321,10.659,2.648
27/12/1989 00:00,2.537,10.139,2.482
28/12/1989 00:00,2.243,9.729,2.398
29/12/1989 00:00,3.603,9.421,2.492
30/12/1989 00:00,3.978,9.423,2.489
31/12/1989 00:00,2.313,9.939,2.861
01/01/1990 00:00,5.418,13.732,6.496
02/01/1990 00:00,4.645,13.940,5.223
03/01/1990 00:00,4.518,11.976,3.365
04/01/1990 00:00,2.307,10.301,2.731
05/01/1990 00:00,2.263,9.761,2.463
06/01/1990 00:00,4.438,15.805,7.886
07/01/1990 00:00,18.338,67.608,22.107
08/01/1990 00:00,19.845,80.733,25.321
09/01/1990 00:00,13.137,48.430,16.937
10/01/1990 00:00,6.762,32.592,10.497
11/01/1990 00:00,4.713,22.176,6.013
12/01/1990 00:00,3.750,16.592,4.183
13/01/1990 00:00,3.158,13.750,3.259
14/01/1990 00:00,2.852,11.772,2.747
15/01/1990 00:00,2.593,10.762,2.530
16/01/1990 00:00,2.415,9.885,2.374
17/01/1990 00:00,2.327,9.188,2.271
18/01/1990 00:00,2.186,8.639,2.162
19/01/1990 00:00,2.094,8.219,2.027
20/01/1990 00:00,2.003,7.892,1.914
21/01/1990 00:00,1.915,7.624,1.832
22/01/1990 00:00,1.840,7.373,1.724
23/01/1990 00:00,1.775,7.183,1.645
24/01/1990 00:00,1.757,6.915,1.592
25/01/1990 00:00,1.833,6.726,1.527
26/01/1990 00:00,1.805,6.507,1.441
27/01/1990 00:00,1.822,6.297,1.386
28/01/1990 00:00,1.797,6.203,1.330
29/01/1990 00:00,1.766,6.147,1.282
30/01/1990 00:00,1.645,6.105,1.243
31/01/1990 00:00,1.590,6.028,1.198
01/02/1990 00:00,1.684,5.977,1.153
02/02/1990 00:00,1.815,5.927,1.099
03/02/1990 00:00,1.961,5.865,1.046
04/02/1990 00:00,1.918,5.832,1.004
05/02/1990 00:00,1.879,5.783,0.970
06/02/1990 00:00,1.857,5.727,0.948
07/02/1990 00:00,1.877,5.769,0.988
08/02/1990 00:00,1.954,5.788,0.982
09/02/1990 00:00,2.073,5.892,1.033
10/02/1990 00:00,2.159,5.929,1.039
11/02/1990 00:00,2.068,5.860,0.991
12/02/1990 00:00,1.968,5.796,0.955
13/02/1990 00:00,1.920,5.769,0.945
14/02/1990 00:00,1.887,5.759,0.913
15/02/1990 00:00,1.864,5.729,0.910
16/02/1990 00:00,2.032,6.162,1.621
17/02/1990 00:00,2.258,6.355,1.798
18/02/1990 00:00,2.112,6.127,1.275
19/02/1990 00:00,2.658,6.521,1.766
20/02/1990 00:00,3.098,7.004,1.830
21/02/1990 00:00,2.537,6.393,1.172
22/02/1990 00:00,2.049,5.853,1.031
23/02/1990 00:00,1.962,5.550,1.065
24/02/1990 00:00,1.922,5.397,1.073
25/02/1990 00:00,1.902,5.363,1.045
26/02/1990 00:00,1.899,5.456,1.046
27/02/1990 00:00,1.868,5.513,1.017
28/02/1990 00:00,1.905,5.589,1.023
01/03/1990 00:00,1.843,5.604,0.979
02/03/1990 00:00,1.869,5.622,0.969
03/03/1990 00:00,1.847,5.709,0.984
04/03/1990 00:00,2.079,5.830,1.239
05/03/1990 00:00,2.066,5.825,1.087
06/03/1990 00:00,2.127,5.676,1.034
07/03/1990 00:00,2.076,5.789,1.159
08/03/1990 00:00,2.735,7.194,2.156
09/03/1990 00:00,5.485,10.268,3.261
10/03/1990 00:00,5.164,12.755,4.809
11/03/1990 00:00,4.659,11.471,4.356
12/03/1990 00:00,4.052,8.394,3.233
13/03/1990 00:00,3.590,6.938,2.469
14/03/1990 00:00,2.543,6.411,1.689
15/03/1990 00:00,2.547,6.442,1.522
16/03/1990 00:00,2.567,6.631,1.400
17/03/1990 00:00,2.550,6.315,1.166
18/03/1990 00:00,2.414,5.931,1.018
19/03/1990 00:00,2.533,5.951,1.129
20/03/1990 00:00,2.889,6.232,1.142
21/03/1990 00:00,2.706,6.133,0.956
22/03/1990 00:00,2.504,6.018,0.869
23/03/1990 00:00,2.320,5.948,0.873
24/03/1990 00:00,2.406,6.129,0.948
25/03/1990 00:00,2.438,6.294,0.944
26/03/1990 00:00,2.424,6.315,1.312
27/03/1990 00:00,2.549,6.315,1.064
28/03/1990 00:00,2.466,6.208,1.308
29/03/1990 00:00,2.438,6.259,1.151
30/03/1990 00:00,2.254,6.235,0.874
31/03/1990 00:00,2.227,6.080,0.866
01/04/1990 00:00,2.131,5.952,0.982
02/04/1990 00:00,2.133,6.031,1.093
03/04/1990 00:00,2.138,6.144,1.131
04/04/1990 00:00,2.200,6.065,1.132
05/04/1990 00:00,2.541,6.327,1.359
06/04/1990 00:00,2.940,6.527,1.418
07/04/1990 00:00,2.830,6.354,1.105
08/04/1990 00:00,2.433,6.256,1.132
09/04/1990 00:00,2.332,6.325,1.246
10/04/1990 00:00,2.283,6.494,1.358
11/04/1990 00:00,2.267,6.489,1.420
12/04/1990 00:00,2.276,6.411,1.415
13/04/1990 00:00,2.273,6.330,1.384
14/04/1990 00:00,2.214,6.310,1.363
15/04/1990 00:00,2.247,6.418,1.433
16/04/1990 00:00,2.342,6.587,1.488
17/04/1990 00:00,2.392,6.757,1.325
18/04/1990 00:00,2.315,6.712,1.252
19/04/1990 00:00,2.236,6.790,1.214
20/04/1990 00:00,2.242,6.800,1.223
21/04/1990 00:00,2.272,6.829,1.210
22/04/1990 00:00,2.255,6.822,1.191
23/04/1990 00:00,2.232,6.713,1.161
24/04/1990 00:00,2.090,6.629,1.107
25/04/1990 00:00,2.061,6.548,1.106
26/04/1990 00:00,1.942,6.527,1.136
27/04/1990 00:00,1.966,6.539,1.129
28/04/1990 00:00,1.924,6.628,1.116
29/04/1990 00:00,1.964,6.624,1.122
30/04/1990 00:00,1.931,6.686,1.178
01/05/1990 00:00,2.083,6.679,1.155
02/05/1990 00:00,2.129,6.760,1.137
03/05/1990 00:00,2.086,6.741,1.108
04/05/1990 00:00,2.107,6.705,1.102
05/05/1990 00:00,2.010,6.613,1.120
06/05/1990 00:00,2.423,7.298,1.487
07/05/1990 00:00,5.692,11.502,4.920
08/05/1990 00:00,9.209,35.314,17.088
09/05/1990 00:00,10.737,33.267,17.981
10/05/1990 00:00,8.390,22.666,11.397
11/05/1990 00:00,10.276,30.295,15.109
12/05/1990 00:00,8.893,22.108,11.171
13/05/1990 00:00,6.413,14.473,7.551
14/05/1990 00:00,4.072,11.561,4.039
15/05/1990 00:00,3.319,8.766,2.792
16/05/1990 00:00,2.880,7.855,1.866
17/05/1990 00:00,2.836,7.545,1.585
18/05/1990 00:00,4.058,9.464,2.173
19/05/1990 00:00,5.834,14.996,3.176
20/05/1990 00:00,4.577,13.160,2.435
21/05/1990 00:00,4.584,12.240,2.588
22/05/1990 00:00,5.767,14.774,4.414
23/05/1990 00:00,7.177,20.665,7.477
24/05/1990 00:00,8.285,24.886,7.296
25/05/1990 00:00,8.153,21.175,7.189
26/05/1990 00:00,7.438,17.777,6.139
27/05/1990 00:00,5.936,11.501,5.245
28/05/1990 00:00,4.144,9.067,4.064
29/05/1990 00:00,3.096,7.478,2.577
30/05/1990 00:00,3.025,7.009,2.586
31/05/1990 00:00,3.081,6.902,2.783
01/06/1990 00:00,3.063,6.861,2.713
02/06/1990 00:00,2.826,6.954,2.570
03/06/1990 00:00,3.028,7.067,2.571
04/06/1990 00:00,4.093,9.231,3.354
05/06/1990 00:00,3.821,8.774,2.833
06/06/1990 00:00,3.482,8.205,2.447
07/06/1990 00:00,3.214,7.913,2.241
08/06/1990 00:00,4.326,10.976,3.008
09/06/1990 00:00,4.315,9.916,3.175
10/06/1990 00:00,5.219,12.618,3.541
11/06/1990 00:00,4.161,11.442,2.648
12/06/1990 00:00,5.626,12.579,2.819
13/06/1990 00:00,5.355,10.774,3.109
14/06/1990 00:00,5.199,11.217,3.269
15/06/1990 00:00,6.276,15.685,5.087
16/06/1990 00:00,5.315,12.860,4.262
17/06/1990 00:00,4.727,10.563,3.514
18/06/1990 00:00,3.796,8.960,2.599
19/06/1990 00:00,2.801,8.106,1.779
20/06/1990 00:00,2.343,7.611,1.557
21/06/1990 00:00,2.326,7.508,1.593
22/06/1990 00:00,2.268,7.420,1.604
23/06/1990 00:00,2.315,7.503,1.637
24/06/1990 00:00,2.330,7.313,1.650
25/06/1990 00:00,2.276,7.120,1.597
26/06/1990 00:00,2.301,7.137,1.673
27/06/1990 00:00,2.240,6.573,1.621
28/06/1990 00:00,2.441,7.312,2.195
29/06/1990 00:00,3.795,9.227,3.278
30/06/1990 00:00,3.333,9.669,2.810
01/07/1990 00:00,2.943,8.727,1.864
02/07/1990 00:00,2.527,7.937,2.282
03/07/1990 00:00,3.014,8.587,3.217
04/07/1990 00:00,3.039,8.285,2.828
05/07/1990 00:00,5.507,12.785,4.493
06/07/1990 00:00,5.900,12.201,3.818
07/07/1990 00:00,4.276,11.326,2.753
08/07/1990 00:00,3.151,9.109,2.073
09/07/1990 00:00,3.171,10.301,2.966
10/07/1990 00:00,4.209,11.532,3.637
11/07/1990 00:00,8.373,20.071,6.326
12/07/1990 00:00,8.707,20.969,5.831
13/07/1990 00:00,5.703,14.186,4.336
14/07/1990 00:00,5.389,15.055,4.990
15/07/1990 00:00,5.368,15.235,5.379
16/07/1990 00:00,3.576,10.579,4.279
17/07/1990 00:00,3.292,8.754,2.951
18/07/1990 00:00,3.475,8.901,2.695
19/07/1990 00:00,3.638,9.386,2.300
20/07/1990 00:00,4.718,13.770,4.041
21/07/1990 00:00,4.096,14.376,3.998
22/07/1990 00:00,4.843,18.813,4.913
23/07/1990 00:00,4.083,15.493,3.145
24/07/1990 00:00,3.928,11.677,1.923
25/07/1990 00:00,2.946,8.605,1.381
26/07/1990 00:00,2.824,7.320,1.499
27/07/1990 00:00,2.740,6.655,1.397
28/07/1990 00:00,2.786,6.608,1.275
29/07/1990 00:00,3.821,11.236,2.314
30/07/1990 00:00,3.564,11.445,2.084
31/07/1990 00:00,3.967,11.232,2.978
01/08/1990 00:00,4.815,13.879,4.458
02/08/1990 00:00,5.747,15.032,3.922
03/08/1990 00:00,6.826,19.707,5.956
04/08/1990 00:00,7.466,21.864,6.698
05/08/1990 00:00,8.718,21.809,7.425
06/08/1990 00:00,15.459,47.799,20.528
07/08/1990 00:00,20.609,67.500,31.715
08/08/1990 00:00,24.014,87.596,41.979
09/08/1990 00:00,27.151,108.282,41.992
10/08/1990 00:00,15.634,83.547,42.250
11/08/1990 00:00,12.885,53.000,28.394
12/08/1990 00:00,10.473,29.629,17.932
13/08/1990 00:00,10.487,22.056,15.438
14/08/1990 00:00,9.913,19.898,11.119
15/08/1990 00:00,8.479,16.420,6.931
16/08/1990 00:00,6.056,13.480,4.648
17/08/1990 00:00,5.180,12.178,3.609
18/08/1990 00:00,4.461,10.649,3.039
19/08/1990 00:00,4.127,9.732,2.576
20/08/1990 00:00,3.733,9.044,2.369
21/08/1990 00:00,3.517,8.421,2.128
22/08/1990 00:00,3.435,7.983,1.887
23/08/1990 00:00,3.326,7.705,1.655
24/08/1990 00:00,3.437,7.837,1.983
25/08/1990 00:00,4.407,11.963,2.959
26/08/1990 00:00,5.251,13.351,4.552
27/08/1990 00:00,7.589,18.767,6.671
28/08/1990 00:00,6.380,15.725,5.655
29/08/1990 00:00,5.405,15.431,3.495
30/08/1990 00:00,5.553,17.212,3.619
31/08/1990 00:00,4.645,13.653,3.002
01/09/1990 00:00,4.244,11.164,2.476
02/09/1990 00:00,3.887,10.322,2.249
03/09/1990 00:00,4.402,10.312,1.895
04/09/1990 00:00,3.613,9.433,1.871
05/09/1990 00:00,4.014,12.004,1.724
06/09/1990 00:00,4.366,11.335,1.616
07/09/1990 00:00,5.089,12.920,2.078
08/09/1990 00:00,12.215,36.841,11.791
09/09/1990 00:00,13.751,34.419,13.990
10/09/1990 00:00,9.318,30.658,12.122
11/09/1990 00:00,7.063,23.430,10.300
12/09/1990 00:00,9.218,25.225,12.225
13/09/1990 00:00,6.349,19.754,9.078
14/09/1990 00:00,5.680,18.301,7.521
15/09/1990 00:00,7.568,22.965,11.902
16/09/1990 00:00,6.944,22.049,12.393
17/09/1990 00:00,7.463,21.496,11.820
18/09/1990 00:00,11.435,32.911,14.887
19/09/1990 00:00,10.115,28.836,13.850
20/09/1990 00:00,5.812,19.365,10.409
21/09/1990 00:00,5.089,15.220,6.857
22/09/1990 00:00,6.344,19.329,9.103
23/09/1990 00:00,7.747,20.330,11.543
24/09/1990 00:00,9.393,27.203,13.078
25/09/1990 00:00,17.398,38.685,18.640
26/09/1990 00:00,11.826,36.842,17.584
27/09/1990 00:00,8.376,26.755,15.527
28/09/1990 00:00,9.104,23.957,14.454
29/09/1990 00:00,8.913,26.031,14.404
30/09/1990 00:00,8.824,21.812,13.884
01/10/1990 00:00,6.534,17.279,10.403
02/10/1990 00:00,5.869,13.924,6.247
03/10/1990 00:00,5.535,12.336,5.309
04/10/1990 00:00,4.857,10.348,3.215
05/10/1990 00:00,4.421,9.558,2.896
06/10/1990 00:00,4.131,8.732,2.645
07/10/1990 00:00,3.636,8.262,2.476
08/10/1990 00:00,3.576,8.259,2.334
09/10/1990 00:00,3.657,7.779,1.955
10/10/1990 00:00,3.260,7.794,1.929
11/10/1990 00:00,3.278,7.763,1.347
12/10/1990 00:00,3.345,8.359,1.962
13/10/1990 00:00,4.230,9.012,2.017
14/10/1990 00:00,5.017,10.569,1.924
15/10/1990 00:00,5.073,9.730,1.953
16/10/1990 00:00,4.284,9.565,2.246
17/10/1990 00:00,5.165,13.462,4.013
18/10/1990 00:00,5.822,13.764,4.895
19/10/1990 00:00,8.461,19.683,6.722
20/10/1990 00:00,12.651,34.056,15.907
21/10/1990 00:00,12.582,35.109,19.036
22/10/1990 00:00,11.454,36.851,19.367
23/10/1990 00:00,29.470,80.671,38.108
24/10/1990 00:00,25.802,107.455,46.891
25/10/1990 00:00,34.012,149.003,53.145
26/10/1990 00:00,31.252,122.638,38.450
27/10/1990 00:00,57.125,215.006,90.144
28/10/1990 00:00,59.862,234.292,86.815
29/10/1990 00:00,107.000,363.443,146.162
30/10/1990 00:00,128.886,414.251,173.470
31/10/1990 00:00,112.115,363.823,184.395
01/11/1990 00:00,97.423,392.623,162.178
02/11/1990 00:00,88.379,320.702,165.743
03/11/1990 00:00,53.518,170.130,107.876
04/11/1990 00:00,33.585,108.976,48.529
05/11/1990 00:00,22.477,71.347,31.759
06/11/1990 00:00,14.718,53.648,21.744
07/11/1990 00:00,10.926,38.531,15.877
08/11/1990 00:00,9.703,26.805,12.031
09/11/1990 00:00,7.916,23.818,9.907
10/11/1990 00:00,5.928,22.202,7.463
11/11/1990 00:00,4.908,19.542,5.966
12/11/1990 00:00,4.472,19.135,4.988
13/11/1990 00:00,4.120,18.986,4.609
14/11/1990 00:00,5.224,19.926,5.327
15/11/1990 00:00,5.062,20.784,4.894
16/11/1990 00:00,4.621,19.862,3.982
17/11/1990 00:00,4.317,17.518,3.431
18/11/1990 00:00,3.688,17.114,3.359
19/11/1990 00:00,4.371,13.084,3.841
20/11/1990 00:00,4.342,12.443,3.633
21/11/1990 00:00,4.197,11.831,3.450
22/11/1990 00:00,4.096,11.316,3.161
23/11/1990 00:00,4.447,11.340,3.140
24/11/1990 00:00,6.583,14.374,4.508
25/11/1990 00:00,10.725,20.275,9.379
26/11/1990 00:00,24.167,93.206,25.164
27/11/1990 00:00,20.683,73.074,25.608
28/11/1990 00:00,10.842,36.844,14.233
29/11/1990 00:00,6.994,22.196,6.766
30/11/1990 00:00,4.891,18.308,3.494
01/12/1990 00:00,4.922,16.715,2.910
02/12/1990 00:00,4.960,14.723,2.806
03/12/1990 00:00,5.627,15.370,6.594
04/12/1990 00:00,7.145,21.231,8.172
05/12/1990 00:00,6.762,20.933,7.066
06/12/1990 00:00,6.910,20.660,9.357
07/12/1990 00:00,6.437,19.920,6.394
08/12/1990 00:00,5.812,17.424,4.221
09/12/1990 00:00,5.201,15.371,3.736
10/12/1990 00:00,4.863,13.992,3.165
11/12/1990 00:00,4.243,13.228,2.712
12/12/1990 00:00,3.960,12.318,2.294
13/12/1990 00:00,3.730,11.736,2.057
14/12/1990 00:00,3.466,11.190,1.897
15/12/1990 00:00,3.282,10.692,1.801
16/12/1990 00:00,3.162,10.372,1.699
17/12/1990 00:00,3.099,10.215,1.546
18/12/1990 00:00,3.125,10.373,1.576
19/12/1990 00:00,2.955,9.543,1.554
20/12/1990 00:00,2.883,9.409,1.621
21/12/1990 00:00,2.898,9.338,1.514
22/12/1990 00:00,2.880,9.214,1.452
23/12/1990 00:00,2.907,9.308,1.456
24/12/1990 00:00,2.881,9.206,1.364
25/12/1990 00:00,2.897,9.113,1.301
26/12/1990 00:00,2.950,9.033,1.263
27/12/1990 00:00,2.912,8.966,1.206
28/12/1990 00:00,2.762,8.940,1.170
29/12/1990 00:00,2.838,9.060,1.250
30/12/1990 00:00,3.442,11.287,3.146
31/12/1990 00:00,3.624,12.647,3.122
01/01/1991 00:00,3.384,12.769,2.023
02/01/1991 00:00,3.416,11.278,2.022
03/01/1991 00:00,3.790,12.108,2.688
04/01/1991 00:00,3.838,11.563,2.401
05/01/1991 00:00,3.762,10.523,2.050
06/01/1991 00:00,3.888,12.556,2.783
07/01/1991 00:00,3.910,12.136,2.691
08/01/1991 00:00,3.547,9.161,2.026
09/01/1991 00:00,3.190,8.070,1.530
10/01/1991 00:00,2.976,7.696,1.424
11/01/1991 00:00,2.741,7.473,1.365
12/01/1991 00:00,2.625,7.318,1.261
13/01/1991 00:00,2.475,7.233,1.122
14/01/1991 00:00,2.216,7.179,1.069
15/01/1991 00:00,2.005,7.250,1.046
16/01/1991 00:00,1.911,7.155,1.026
17/01/1991 00:00,1.929,7.030,1.038
18/01/1991 00:00,2.172,6.921,1.057
19/01/1991 00:00,2.007,6.707,1.039
20/01/1991 00:00,1.911,6.446,0.979
21/01/1991 00:00,1.747,6.356,0.935
22/01/1991 00:00,1.571,6.404,0.879
23/01/1991 00:00,1.492,6.375,0.859
24/01/1991 00:00,1.425,6.215,0.836
25/01/1991 00:00,1.402,6.074,0.803
26/01/1991 00:00,1.338,5.984,0.772
27/01/1991 00:00,1.270,5.957,0.758
28/01/1991 00:00,1.204,5.936,0.733
29/01/1991 00:00,1.252,5.893,0.712
30/01/1991 00:00,1.297,5.880,0.731
31/01/1991 00:00,1.320,5.964,0.749
01/02/1991 00:00,1.387,6.055,0.844
02/02/1991 00:00,1.432,6.195,0.857
03/02/1991 00:00,1.473,6.378,0.839
04/02/1991 00:00,1.525,6.505,0.844
05/02/1991 00:00,1.474,6.425,0.812
06/02/1991 00:00,1.380,6.264,0.739
07/02/1991 00:00,1.239,6.112,0.727
08/02/1991 00:00,1.186,6.085,0.732
09/02/1991 00:00,1.124,6.006,0.728
10/02/1991 00:00,1.096,5.920,0.687
11/02/1991 00:00,1.061,5.619,0.677
12/02/1991 00:00,1.043,5.592,0.682
13/02/1991 00:00,1.068,5.344,0.687
14/02/1991 00:00,1.074,5.336,0.685
15/02/1991 00:00,1.084,5.303,0.694
16/02/1991 00:00,1.140,5.298,0.724
17/02/1991 00:00,1.090,5.248,0.692
18/02/1991 00:00,1.112,5.397,0.735
19/02/1991 00:00,1.513,5.321,0.766
20/02/1991 00:00,1.430,5.375,0.748
21/02/1991 00:00,1.403,5.365,0.741
22/02/1991 00:00,1.309,5.454,0.727
23/02/1991 00:00,1.171,5.226,0.734
24/02/1991 00:00,1.095,5.077,0.737
25/02/1991 00:00,0.955,5.028,0.761
26/02/1991 00:00,1.165,5.174,0.790
27/02/1991 00:00,1.236,5.532,0.779
28/02/1991 00:00,1.265,5.492,0.743
01/03/1991 00:00,1.142,5.454,0.719
02/03/1991 00:00,1.182,5.386,0.761
03/03/1991 00:00,1.275,5.852,0.812
04/03/1991 00:00,1.282,5.939,0.803
05/03/1991 00:00,1.171,5.972,0.813
06/03/1991 00:00,1.210,5.846,0.782
07/03/1991 00:00,1.199,6.179,0.754
08/03/1991 00:00,1.173,5.786,0.771
09/03/1991 00:00,1.110,6.047,0.721
10/03/1991 00:00,1.569,5.840,0.686
11/03/1991 00:00,1.569,5.672,0.658
12/03/1991 00:00,1.505,5.684,0.701
13/03/1991 00:00,1.481,5.476,0.703
14/03/1991 00:00,1.512,5.610,0.689
15/03/1991 00:00,1.468,5.620,0.695
16/03/1991 00:00,1.474,5.318,0.699
17/03/1991 00:00,1.421,5.201,0.692
18/03/1991 00:00,1.465,5.446,0.657
19/03/1991 00:00,1.427,5.582,0.653
20/03/1991 00:00,1.481,5.221,0.667
21/03/1991 00:00,1.451,5.191,0.665
22/03/1991 00:00,1.475,5.179,0.665
23/03/1991 00:00,1.424,5.273,0.662
24/03/1991 00:00,1.439,5.534,0.652
25/03/1991 00:00,1.343,5.653,0.648
26/03/1991 00:00,1.604,6.419,0.709
27/03/1991 00:00,1.880,6.977,0.728
28/03/1991 00:00,1.854,6.776,0.661
29/03/1991 00:00,1.741,6.412,0.626
30/03/1991 00:00,1.623,6.265,0.629
31/03/1991 00:00,1.714,6.319,0.644
01/04/1991 00:00,1.628,6.434,0.644
02/04/1991 00:00,1.793,6.651,0.651
03/04/1991 00:00,1.736,6.966,0.684
04/04/1991 00:00,1.661,7.256,0.663
05/04/1991 00:00,1.723,7.147,0.660
06/04/1991 00:00,2.390,7.967,0.941
07/04/1991 00:00,3.084,8.556,0.997
08/04/1991 00:00,3.412,8.012,0.903
09/04/1991 00:00,3.025,8.128,0.751
10/04/1991 00:00,2.309,7.586,0.655
11/04/1991 00:00,2.054,7.508,0.635
12/04/1991 00:00,1.946,7.336,0.691
13/04/1991 00:00,1.727,7.234,0.692
14/04/1991 00:00,1.641,7.276,0.738
15/04/1991 00:00,1.585,7.333,0.678
16/04/1991 00:00,1.558,7.057,0.642
17/04/1991 00:00,1.432,6.928,0.618
18/04/1991 00:00,1.430,6.981,0.621
19/04/1991 00:00,1.437,7.007,0.626
20/04/1991 00:00,1.437,6.926,0.638
21/04/1991 00:00,1.419,6.982,0.646
22/04/1991 00:00,1.350,6.932,0.661
23/04/1991 00:00,1.596,6.922,0.658
24/04/1991 00:00,1.627,6.886,0.645
25/04/1991 00:00,1.803,6.938,0.641
26/04/1991 00:00,1.795,7.050,0.662
27/04/1991 00:00,1.769,7.066,0.659
28/04/1991 00:00,1.719,7.334,0.647
29/04/1991 00:00,1.716,7.389,0.647
30/04/1991 00:00,1.719,7.368,0.649
01/05/1991 00:00,1.759,7.384,0.648
02/05/1991 00:00,1.599,7.349,0.646
03/05/1991 00:00,1.656,7.329,0.648
04/05/1991 00:00,2.155,7.442,0.656
05/05/1991 00:00,2.243,7.746,0.608
06/05/1991 00:00,1.715,6.952,0.975
07/05/1991 00:00,1.711,7.218,0.805
08/05/1991 00:00,1.895,7.305,0.689
09/05/1991 00:00,1.811,7.160,0.614
10/05/1991 00:00,1.843,7.227,0.648
11/05/1991 00:00,1.850,7.120,0.604
12/05/1991 00:00,1.481,7.162,0.597
13/05/1991 00:00,1.414,7.140,0.601
14/05/1991 00:00,1.421,7.211,0.599
15/05/1991 00:00,1.455,7.237,0.596
16/05/1991 00:00,1.516,6.930,0.589
17/05/1991 00:00,1.429,6.778,0.587
18/05/1991 00:00,1.444,6.748,0.566
19/05/1991 00:00,1.685,6.889,0.574
20/05/1991 00:00,1.693,7.300,0.566
21/05/1991 00:00,1.546,6.976,0.574
22/05/1991 00:00,1.588,7.134,0.566
23/05/1991 00:00,1.733,6.086,0.559
24/05/1991 00:00,1.494,6.413,0.553
25/05/1991 00:00,1.466,6.625,0.548
26/05/1991 00:00,1.441,6.663,0.537
27/05/1991 00:00,1.831,7.013,0.545
28/05/1991 00:00,1.873,7.203,0.552
29/05/1991 00:00,1.605,6.780,0.541
30/05/1991 00:00,2.187,7.077,0.585
31/05/1991 00:00,2.482,7.417,0.613
01/06/1991 00:00,2.286,7.039,0.600
02/06/1991 00:00,4.729,9.661,0.825
03/06/1991 00:00,6.630,16.774,2.446
04/06/1991 00:00,7.908,17.995,4.545
05/06/1991 00:00,9.644,30.032,12.171
06/06/1991 00:00,9.157,23.746,9.925
07/06/1991 00:00,7.500,14.859,4.276
08/06/1991 00:00,4.401,10.650,2.789
09/06/1991 00:00,3.472,8.522,2.238
10/06/1991 00:00,2.427,7.818,1.623
11/06/1991 00:00,2.085,7.147,1.847
12/06/1991 00:00,2.339,7.464,2.240
13/06/1991 00:00,2.576,7.377,2.263
14/06/1991 00:00,2.642,7.167,2.001
15/06/1991 00:00,4.143,9.070,2.170
16/06/1991 00:00,4.385,10.506,2.572
17/06/1991 00:00,3.890,10.416,2.257
18/06/1991 00:00,2.721,8.737,2.028
19/06/1991 00:00,2.102,7.578,1.443
20/06/1991 00:00,1.771,6.799,1.149
21/06/1991 00:00,2.535,8.603,1.915
22/06/1991 00:00,2.377,8.487,2.144
23/06/1991 00:00,2.301,7.902,1.826
24/06/1991 00:00,2.209,8.185,2.041
25/06/1991 00:00,2.682,9.567,2.336
26/06/1991 00:00,4.465,18.291,3.849
27/06/1991 00:00,4.915,16.311,4.418
28/06/1991 00:00,4.375,12.092,3.803
29/06/1991 00:00,2.860,9.761,2.526
30/06/1991 00:00,1.992,8.094,1.896
01/07/1991 00:00,3.354,15.383,4.072
02/07/1991 00:00,3.415,11.684,3.749
03/07/1991 00:00,3.521,10.519,3.410
04/07/1991 00:00,3.174,9.625,3.337
05/07/1991 00:00,2.586,8.171,2.735
06/07/1991 00:00,2.337,8.255,2.674
07/07/1991 00:00,3.267,13.821,4.386
08/07/1991 00:00,3.990,11.462,4.179
09/07/1991 00:00,4.562,13.206,3.793
10/07/1991 00:00,3.553,12.210,3.700
11/07/1991 00:00,3.727,13.002,3.796
12/07/1991 00:00,3.283,12.092,3.410
13/07/1991 00:00,2.608,9.938,2.750
14/07/1991 00:00,1.907,7.729,2.224
15/07/1991 00:00,1.672,6.771,1.710
16/07/1991 00:00,1.604,6.473,2.104
17/07/1991 00:00,1.557,6.086,2.047
18/07/1991 00:00,1.518,5.655,1.920
19/07/1991 00:00,1.495,5.330,1.846
20/07/1991 00:00,1.506,5.334,1.947
21/07/1991 00:00,1.562,5.208,1.937
22/07/1991 00:00,1.427,5.107,1.785
23/07/1991 00:00,1.362,4.915,1.683
24/07/1991 00:00,1.326,4.717,1.613
25/07/1991 00:00,1.334,4.575,1.588
26/07/1991 00:00,1.348,4.446,1.578
27/07/1991 00:00,1.680,5.243,1.938
28/07/1991 00:00,1.938,5.654,2.013
29/07/1991 00:00,1.941,5.538,1.690
30/07/1991 00:00,1.724,5.266,1.507
31/07/1991 00:00,1.747,5.826,1.755
01/08/1991 00:00,1.939,6.022,2.307
02/08/1991 00:00,3.380,9.533,3.145
03/08/1991 00:00,4.765,13.796,4.168
04/08/1991 00:00,10.665,30.382,13.877
05/08/1991 00:00,15.571,41.341,19.896
06/08/1991 00:00,14.001,39.968,23.337
07/08/1991 00:00,9.825,29.395,18.142
08/08/1991 00:00,7.004,21.955,14.533
09/08/1991 00:00,5.847,19.238,10.493
10/08/1991 00:00,5.343,12.442,9.534
11/08/1991 00:00,4.362,10.669,5.358
12/08/1991 00:00,3.590,9.394,3.304
13/08/1991 00:00,3.805,9.285,4.196
14/08/1991 00:00,3.087,8.608,2.874
15/08/1991 00:00,2.570,8.121,2.411
16/08/1991 00:00,2.177,7.870,2.212
17/08/1991 00:00,2.018,7.926,2.306
18/08/1991 00:00,1.889,7.866,2.203
19/08/1991 00:00,1.890,7.684,1.932
20/08/1991 00:00,1.828,7.300,1.967
21/08/1991 00:00,1.783,7.019,2.038
22/08/1991 00:00,1.919,6.925,2.150
23/08/1991 00:00,2.080,6.689,1.878
24/08/1991 00:00,1.965,6.497,1.739
25/08/1991 00:00,2.029,6.348,1.801
26/08/1991 00:00,2.287,6.382,1.867
27/08/1991 00:00,1.994,6.881,2.093
28/08/1991 00:00,2.000,6.478,2.115
29/08/1991 00:00,1.963,6.049,1.626
30/08/1991 00:00,1.766,5.756,1.912
31/08/1991 00:00,1.714,5.512,1.916
01/09/1991 00:00,1.708,5.265,1.932
02/09/1991 00:00,1.980,6.214,2.040
03/09/1991 00:00,3.093,14.369,3.539
04/09/1991 00:00,3.678,12.977,3.825
05/09/1991 00:00,4.458,14.886,3.811
06/09/1991 00:00,3.757,12.569,4.009
07/09/1991 00:00,4.775,12.005,2.973
08/09/1991 00:00,2.813,9.103,1.729
09/09/1991 00:00,2.443,7.244,1.185
10/09/1991 00:00,2.266,7.780,1.454
11/09/1991 00:00,4.953,12.253,4.306
12/09/1991 00:00,5.372,13.912,4.571
13/09/1991 00:00,5.433,14.079,4.506
14/09/1991 00:00,6.921,18.904,5.288
15/09/1991 00:00,6.604,15.285,5.016
16/09/1991 00:00,10.041,27.182,7.616
17/09/1991 00:00,7.172,20.037,7.022
18/09/1991 00:00,6.054,17.516,6.263
19/09/1991 00:00,5.360,11.859,4.026
20/09/1991 00:00,4.431,9.270,3.864
21/09/1991 00:00,4.534,10.050,1.954
22/09/1991 00:00,3.839,8.846,1.344
23/09/1991 00:00,3.924,10.355,1.902
24/09/1991 00:00,4.861,15.055,4.258
25/09/1991 00:00,5.306,19.028,5.210
26/09/1991 00:00,4.820,16.844,4.177
27/09/1991 00:00,4.814,12.679,3.479
28/09/1991 00:00,5.001,12.525,4.181
29/09/1991 00:00,4.253,9.760,1.792
30/09/1991 00:00,3.176,8.158,1.079
01/10/1991 00:00,2.631,6.926,0.856
02/10/1991 00:00,2.643,9.376,2.203
03/10/1991 00:00,7.572,22.178,10.410
04/10/1991 00:00,8.010,22.035,9.052
05/10/1991 00:00,5.648,20.159,10.340
06/10/1991 00:00,5.428,18.395,8.141
07/10/1991 00:00,6.446,22.458,10.190
08/10/1991 00:00,5.469,16.786,8.519
09/10/1991 00:00,4.822,18.036,9.796
10/10/1991 00:00,6.419,20.896,10.865
11/10/1991 00:00,5.915,16.964,7.517
12/10/1991 00:00,3.459,12.539,5.530
13/10/1991 00:00,2.432,9.764,2.183
14/10/1991 00:00,2.377,8.897,1.690
15/10/1991 00:00,2.292,8.144,3.241
16/10/1991 00:00,2.299,8.097,2.777
17/10/1991 00:00,1.939,7.239,1.310
18/10/1991 00:00,2.183,6.916,1.124
19/10/1991 00:00,3.087,10.553,3.716
20/10/1991 00:00,4.614,13.395,5.234
21/10/1991 00:00,4.575,12.417,4.242
22/10/1991 00:00,4.401,12.301,3.322
23/10/1991 00:00,5.059,16.476,4.831
24/10/1991 00:00,4.981,14.295,5.756
25/10/1991 00:00,3.847,11.881,2.647
26/10/1991 00:00,3.552,7.991,3.174
27/10/1991 00:00,3.503,12.440,4.929
28/10/1991 00:00,15.962,45.428,14.489
29/10/1991 00:00,343.773,405.943,150.376
30/10/1991 00:00,193.733,434.377,193.435
31/10/1991 00:00,55.124,188.602,59.110
01/11/1991 00:00,33.331,108.054,31.159
02/11/1991 00:00,25.494,102.057,33.611
03/11/1991 00:00,19.536,91.800,31.678
04/11/1991 00:00,20.369,79.644,28.546
05/11/1991 00:00,26.889,90.816,38.652
06/11/1991 00:00,16.521,81.869,35.538
07/11/1991 00:00,14.091,45.507,26.938
08/11/1991 00:00,11.108,45.064,19.319
09/11/1991 00:00,9.023,31.107,13.070
10/11/1991 00:00,7.598,24.473,12.437
11/11/1991 00:00,6.642,22.518,10.719
12/11/1991 00:00,5.917,22.298,10.289
13/11/1991 00:00,7.997,30.759,16.518
14/11/1991 00:00,73.296,210.653,138.145
15/11/1991 00:00,187.989,528.668,252.693
16/11/1991 00:00,214.290,632.091,378.799
17/11/1991 00:00,183.384,569.898,228.466
18/11/1991 00:00,105.411,323.159,169.134
19/11/1991 00:00,66.263,190.472,68.307
20/11/1991 00:00,33.874,116.261,35.681
21/11/1991 00:00,27.571,87.521,33.736
22/11/1991 00:00,26.236,83.496,28.278
23/11/1991 00:00,20.754,67.019,26.566
24/11/1991 00:00,13.467,51.957,19.005
25/11/1991 00:00,13.198,45.985,15.660
26/11/1991 00:00,15.333,46.864,17.257
27/11/1991 00:00,10.905,36.018,14.466
28/11/1991 00:00,8.111,27.230,9.004
29/11/1991 00:00,6.578,22.443,6.677
30/11/1991 00:00,5.699,19.626,5.353
01/12/1991 00:00,5.115,16.944,4.897
02/12/1991 00:00,4.883,16.290,5.248
03/12/1991 00:00,4.586,15.459,5.317
04/12/1991 00:00,4.396,14.065,4.420
05/12/1991 00:00,4.447,13.106,4.866
06/12/1991 00:00,3.920,12.745,3.909
07/12/1991 00:00,3.760,12.470,3.654
08/12/1991 00:00,3.588,12.091,3.517
09/12/1991 00:00,3.489,11.691,3.055
10/12/1991 00:00,3.391,11.465,2.808
11/12/1991 00:00,3.345,11.337,2.668
12/12/1991 00:00,3.443,11.617,2.609
13/12/1991 00:00,3.427,11.543,2.520
14/12/1991 00:00,3.501,11.561,2.576
15/12/1991 00:00,3.444,11.496,2.697
16/12/1991 00:00,4.006,14.015,5.138
17/12/1991 00:00,6.320,27.089,6.558
18/12/1991 00:00,5.165,18.787,4.281
19/12/1991 00:00,4.396,16.054,3.691
20/12/1991 00:00,3.945,13.902,2.525
21/12/1991 00:00,3.748,13.008,2.390
22/12/1991 00:00,4.777,14.513,3.308
23/12/1991 00:00,4.082,14.473,2.859
24/12/1991 00:00,3.916,12.909,2.210
25/12/1991 00:00,3.480,11.759,2.004
26/12/1991 00:00,3.384,11.464,1.950
27/12/1991 00:00,3.385,11.353,1.861
28/12/1991 00:00,3.443,10.864,1.857
29/12/1991 00:00,3.711,12.017,2.516
30/12/1991 00:00,3.734,13.192,2.621
31/12/1991 00:00,3.782,12.484,2.197
01/01/1992 00:00,3.848,11.994,2.278
02/01/1992 00:00,4.569,14.116,3.905
03/01/1992 00:00,4.970,16.993,4.489
04/01/1992 00:00,5.094,16.122,3.926
05/01/1992 00:00,4.297,12.958,2.469
06/01/1992 00:00,3.920,11.697,1.781
07/01/1992 00:00,3.632,10.800,1.617
08/01/1992 00:00,3.414,10.175,1.506
09/01/1992 00:00,3.285,9.822,1.463
10/01/1992 00:00,3.206,9.537,1.416
11/01/1992 00:00,3.154,9.073,1.366
12/01/1992 00:00,2.207,8.740,1.271
13/01/1992 00:00,2.409,8.482,1.245
14/01/1992 00:00,3.069,8.258,1.231
15/01/1992 00:00,3.053,8.136,1.211
16/01/1992 00:00,3.086,8.082,1.192
17/01/1992 00:00,3.072,7.875,1.161
18/01/1992 00:00,3.084,7.822,1.039
19/01/1992 00:00,2.300,7.301,0.974
20/01/1992 00:00,2.010,7.126,0.930
21/01/1992 00:00,2.050,6.997,0.894
22/01/1992 00:00,1.989,6.878,0.878
23/01/1992 00:00,1.941,6.706,0.840
24/01/1992 00:00,1.953,6.606,0.812
25/01/1992 00:00,1.953,6.609,0.792
26/01/1992 00:00,2.412,6.586,0.776
27/01/1992 00:00,2.449,6.490,0.780
28/01/1992 00:00,2.216,6.362,0.853
29/01/1992 00:00,2.397,6.261,0.824
30/01/1992 00:00,2.123,6.402,0.884
31/01/1992 00:00,2.123,6.172,0.840
01/02/1992 00:00,2.396,6.190,0.811
02/02/1992 00:00,2.275,6.302,0.813
03/02/1992 00:00,2.345,5.822,0.775
04/02/1992 00:00,2.233,5.855,0.733
05/02/1992 00:00,2.232,5.648,0.701
06/02/1992 00:00,2.205,5.537,0.666
07/02/1992 00:00,2.133,5.451,0.646
08/02/1992 00:00,2.130,5.380,0.632
09/02/1992 00:00,2.088,5.329,0.623
10/02/1992 00:00,2.077,5.323,0.628
11/02/1992 00:00,2.033,5.304,0.628
12/02/1992 00:00,1.986,5.299,0.625
13/02/1992 00:00,1.898,5.283,0.610
14/02/1992 00:00,1.850,5.243,0.610
15/02/1992 00:00,1.817,5.171,0.615
16/02/1992 00:00,1.805,5.116,0.622
17/02/1992 00:00,1.801,5.101,0.631
18/02/1992 00:00,1.792,5.092,0.637
19/02/1992 00:00,1.786,5.062,0.647
20/02/1992 00:00,1.753,5.058,0.643
21/02/1992 00:00,1.744,5.069,0.645
22/02/1992 00:00,1.730,5.067,0.636
23/02/1992 00:00,1.737,5.034,0.632
24/02/1992 00:00,1.713,5.014,0.621
25/02/1992 00:00,1.762,5.049,0.634
26/02/1992 00:00,1.722,5.058,0.619
27/02/1992 00:00,1.738,5.058,0.604
28/02/1992 00:00,1.680,4.995,0.600
29/02/1992 00:00,1.691,4.967,0.593
01/03/1992 00:00,1.668,4.973,0.580
02/03/1992 00:00,1.667,4.961,0.581
03/03/1992 00:00,1.659,4.963,0.582
04/03/1992 00:00,1.648,4.974,0.585
05/03/1992 00:00,1.633,4.987,0.583
06/03/1992 00:00,1.581,5.039,0.582
07/03/1992 00:00,1.534,5.066,0.579
08/03/1992 00:00,1.496,5.070,0.574
09/03/1992 00:00,1.457,5.051,0.575
10/03/1992 00:00,1.426,5.034,0.576
11/03/1992 00:00,1.398,5.035,0.577
12/03/1992 00:00,1.375,5.004,0.578
13/03/1992 00:00,1.329,5.002,0.577
14/03/1992 00:00,1.290,4.968,0.570
15/03/1992 00:00,1.254,4.929,0.569
16/03/1992 00:00,1.252,4.925,0.568
17/03/1992 00:00,1.243,4.932,0.572
18/03/1992 00:00,1.247,4.930,0.571
19/03/1992 00:00,1.210,4.896,0.567
20/03/1992 00:00,1.200,4.887,0.563
21/03/1992 00:00,1.107,4.876,0.561
22/03/1992 00:00,1.143,4.873,0.556
23/03/1992 00:00,1.068,4.864,0.554
24/03/1992 00:00,1.126,4.990,0.539
25/03/1992 00:00,1.102,4.905,0.548
26/03/1992 00:00,1.131,4.856,0.560
27/03/1992 00:00,1.155,4.797,0.554
28/03/1992 00:00,1.233,4.770,0.548
29/03/1992 00:00,1.316,4.785,0.546
30/03/1992 00:00,1.386,4.791,0.548
31/03/1992 00:00,1.387,4.757,0.544
01/04/1992 00:00,1.320,4.822,0.543
02/04/1992 00:00,1.327,4.730,0.533
03/04/1992 00:00,1.452,4.712,0.513
04/04/1992 00:00,1.607,4.661,0.525
05/04/1992 00:00,1.231,5.065,0.547
06/04/1992 00:00,1.438,5.063,0.544
07/04/1992 00:00,1.440,4.773,0.550
08/04/1992 00:00,1.417,4.747,0.549
09/04/1992 00:00,1.451,4.773,0.546
10/04/1992 00:00,1.374,4.737,0.541
11/04/1992 00:00,1.281,4.784,0.530
12/04/1992 00:00,1.318,4.725,0.517
13/04/1992 00:00,1.262,4.703,0.509
14/04/1992 00:00,1.255,4.713,0.512
15/04/1992 00:00,1.359,4.792,0.545
16/04/1992 00:00,1.497,4.931,0.633
17/04/1992 00:00,1.744,5.013,0.676
18/04/1992 00:00,1.846,4.969,0.634
19/04/1992 00:00,1.867,4.901,0.581
20/04/1992 00:00,1.807,4.891,0.540
21/04/1992 00:00,1.878,4.885,0.523
22/04/1992 00:00,1.856,4.922,0.510
23/04/1992 00:00,2.051,5.079,0.596
24/04/1992 00:00,2.260,5.303,0.712
25/04/1992 00:00,2.245,5.237,0.678
26/04/1992 00:00,2.257,4.987,0.667
27/04/1992 00:00,1.952,4.843,0.547
28/04/1992 00:00,1.834,4.771,0.516
29/04/1992 00:00,1.888,4.858,0.505
30/04/1992 00:00,1.851,4.915,0.517
01/05/1992 00:00,1.817,4.784,0.522
02/05/1992 00:00,1.815,4.700,0.532
03/05/1992 00:00,1.805,4.771,0.549
04/05/1992 00:00,1.876,4.818,0.574
05/05/1992 00:00,1.944,4.852,0.582
06/05/1992 00:00,1.912,4.798,0.565
07/05/1992 00:00,1.820,4.767,0.557
08/05/1992 00:00,1.803,4.793,0.558
09/05/1992 00:00,1.784,4.813,0.569
10/05/1992 00:00,1.796,4.767,0.567
11/05/1992 00:00,1.807,4.695,0.560
12/05/1992 00:00,1.796,4.641,0.560
13/05/1992 00:00,2.171,4.939,0.700
14/05/1992 00:00,2.177,4.939,0.688
15/05/1992 00:00,2.128,4.829,0.603
16/05/1992 00:00,1.995,4.811,0.587
17/05/1992 00:00,2.350,5.062,0.650
18/05/1992 00:00,2.633,5.306,0.688
19/05/1992 00:00,2.423,5.119,0.685
20/05/1992 00:00,2.121,4.995,0.619
21/05/1992 00:00,1.832,4.937,0.571
22/05/1992 00:00,1.863,5.025,0.570
23/05/1992 00:00,1.671,5.273,0.596
24/05/1992 00:00,2.025,5.415,0.743
25/05/1992 00:00,2.216,5.741,1.055
26/05/1992 00:00,2.301,5.494,0.929
27/05/1992 00:00,1.993,5.428,0.825
28/05/1992 00:00,2.649,5.990,0.824
29/05/1992 00:00,2.318,5.735,0.749
30/05/1992 00:00,2.467,5.927,0.798
31/05/1992 00:00,3.897,6.711,0.966
01/06/1992 00:00,2.963,5.780,0.745
02/06/1992 00:00,4.329,7.474,1.232
03/06/1992 00:00,3.143,7.067,1.016
04/06/1992 00:00,2.027,6.149,0.769
05/06/1992 00:00,2.107,6.045,0.871
06/06/1992 00:00,1.783,5.881,0.885
07/06/1992 00:00,1.460,5.711,0.713
08/06/1992 00:00,2.247,6.440,0.896
09/06/1992 00:00,1.999,6.322,0.803
10/06/1992 00:00,1.877,6.657,1.278
11/06/1992 00:00,4.139,17.458,3.314
12/06/1992 00:00,5.167,15.968,4.522
13/06/1992 00:00,4.481,9.176,2.203
14/06/1992 00:00,3.107,6.975,1.651
15/06/1992 00:00,2.906,6.350,1.359
16/06/1992 00:00,2.745,5.936,1.172
17/06/1992 00:00,2.555,5.759,1.056
18/06/1992 00:00,2.272,5.917,1.021
19/06/1992 00:00,2.203,6.124,0.978
20/06/1992 00:00,1.916,6.080,0.954
21/06/1992 00:00,2.001,6.018,0.989
22/06/1992 00:00,1.879,5.880,0.941
23/06/1992 00:00,1.799,5.683,0.919
24/06/1992 00:00,1.665,5.557,0.899
25/06/1992 00:00,1.636,5.419,0.936
26/06/1992 00:00,1.613,5.383,0.910
27/06/1992 00:00,1.669,5.405,0.968
28/06/1992 00:00,1.655,5.369,1.020
29/06/1992 00:00,1.609,5.241,1.211
30/06/1992 00:00,2.060,5.618,1.309
01/07/1992 00:00,2.241,5.725,1.327
02/07/1992 00:00,2.446,5.692,1.496
03/07/1992 00:00,3.658,6.877,1.879
04/07/1992 00:00,3.518,6.602,1.660
05/07/1992 00:00,4.955,9.373,2.154
06/07/1992 00:00,5.763,10.250,2.782
07/07/1992 00:00,5.667,10.101,2.991
08/07/1992 00:00,4.132,8.008,2.486
09/07/1992 00:00,2.727,6.418,1.435
10/07/1992 00:00,1.974,5.725,1.009
11/07/1992 00:00,2.222,6.026,1.189
12/07/1992 00:00,3.081,7.015,1.377
13/07/1992 00:00,5.125,9.201,1.809
14/07/1992 00:00,3.917,8.676,2.178
15/07/1992 00:00,3.681,8.442,2.200
16/07/1992 00:00,4.845,10.038,2.560
17/07/1992 00:00,3.188,8.073,2.066
18/07/1992 00:00,2.587,6.987,1.391
19/07/1992 00:00,1.963,6.414,1.119
20/07/1992 00:00,1.751,6.302,1.057
21/07/1992 00:00,1.707,6.315,1.083
22/07/1992 00:00,1.726,6.232,1.026
23/07/1992 00:00,1.893,6.356,1.437
24/07/1992 00:00,3.429,9.276,2.556
25/07/1992 00:00,3.240,9.409,2.472
26/07/1992 00:00,3.085,8.088,1.925
27/07/1992 00:00,1.822,6.821,1.544
28/07/1992 00:00,2.007,6.863,1.536
29/07/1992 00:00,1.721,6.271,1.427
30/07/1992 00:00,2.040,6.600,1.403
31/07/1992 00:00,2.750,7.886,1.887
01/08/1992 00:00,4.479,11.032,3.128
02/08/1992 00:00,4.649,10.062,3.297
03/08/1992 00:00,3.944,9.713,3.137
04/08/1992 00:00,3.506,10.199,3.138
05/08/1992 00:00,4.242,9.950,3.200
06/08/1992 00:00,3.914,10.243,2.187
07/08/1992 00:00,3.091,8.963,1.495
08/08/1992 00:00,2.339,7.795,1.368
09/08/1992 00:00,2.207,7.415,1.311
10/08/1992 00:00,2.813,7.782,1.772
11/08/1992 00:00,3.289,8.489,1.897
12/08/1992 00:00,4.400,11.537,2.581
13/08/1992 00:00,3.908,9.405,2.009
14/08/1992 00:00,2.311,8.033,1.560
15/08/1992 00:00,1.701,7.209,1.347
16/08/1992 00:00,1.504,6.671,1.240
17/08/1992 00:00,1.438,6.331,1.216
18/08/1992 00:00,1.383,6.133,1.194
19/08/1992 00:00,1.422,6.002,1.187
20/08/1992 00:00,1.447,6.004,1.203
21/08/1992 00:00,1.467,6.119,1.153
22/08/1992 00:00,1.450,6.049,1.106
23/08/1992 00:00,1.379,6.059,1.101
24/08/1992 00:00,1.520,5.996,1.089
25/08/1992 00:00,1.730,6.032,1.203
26/08/1992 00:00,2.398,6.507,1.565
27/08/1992 00:00,2.418,6.550,1.674
28/08/1992 00:00,2.193,6.470,1.474
29/08/1992 00:00,2.151,6.203,1.265
30/08/1992 00:00,2.583,6.650,1.866
31/08/1992 00:00,2.807,6.936,1.826
01/09/1992 00:00,2.331,6.537,1.626
02/09/1992 00:00,2.663,6.919,1.311
03/09/1992 00:00,2.725,7.330,1.538
04/09/1992 00:00,3.311,9.201,2.172
05/09/1992 00:00,3.792,10.384,2.523
06/09/1992 00:00,6.588,18.881,5.910
07/09/1992 00:00,6.037,14.510,4.951
08/09/1992 00:00,4.561,10.158,2.939
09/09/1992 00:00,5.105,12.479,3.315
10/09/1992 00:00,3.891,10.720,2.487
11/09/1992 00:00,2.555,9.134,1.867
12/09/1992 00:00,2.537,8.069,1.455
13/09/1992 00:00,3.006,10.294,1.857
14/09/1992 00:00,3.438,11.008,1.981
15/09/1992 00:00,2.812,11.327,2.409
16/09/1992 00:00,2.607,11.262,2.181
17/09/1992 00:00,5.422,17.052,3.188
18/09/1992 00:00,4.273,13.644,1.661
19/09/1992 00:00,3.774,12.318,1.168
20/09/1992 00:00,3.303,11.340,0.893
21/09/1992 00:00,2.554,9.320,0.843
22/09/1992 00:00,2.590,9.230,0.999
23/09/1992 00:00,4.105,14.794,1.817
24/09/1992 00:00,6.072,20.195,5.292
25/09/1992 00:00,4.399,16.516,3.799
26/09/1992 00:00,3.807,12.073,1.870
27/09/1992 00:00,3.508,13.212,3.334
28/09/1992 00:00,12.346,43.628,12.122
29/09/1992 00:00,13.425,43.681,14.625
30/09/1992 00:00,10.134,29.798,13.137
01/10/1992 00:00,7.124,21.816,7.030
02/10/1992 00:00,6.671,20.482,6.482
03/10/1992 00:00,7.612,23.475,6.798
04/10/1992 00:00,9.025,29.998,8.655
05/10/1992 00:00,8.710,29.363,8.716
06/10/1992 00:00,9.045,31.226,8.066
07/10/1992 00:00,9.817,28.521,8.960
08/10/1992 00:00,9.789,34.759,12.499
09/10/1992 00:00,7.567,22.792,12.183
10/10/1992 00:00,7.419,21.916,11.325
11/10/1992 00:00,7.906,20.188,10.558
12/10/1992 00:00,7.646,19.609,9.519
13/10/1992 00:00,7.437,18.642,9.197
14/10/1992 00:00,6.874,16.240,7.789
15/10/1992 00:00,7.090,18.749,9.142
16/10/1992 00:00,9.908,25.875,12.578
17/10/1992 00:00,11.700,31.702,11.056
18/10/1992 00:00,9.100,24.493,9.171
19/10/1992 00:00,6.250,14.503,3.689
20/10/1992 00:00,4.686,10.337,2.299
21/10/1992 00:00,4.271,8.627,1.745
22/10/1992 00:00,3.822,7.630,1.295
23/10/1992 00:00,3.459,7.009,1.274
24/10/1992 00:00,3.154,6.502,1.277
25/10/1992 00:00,2.854,6.097,1.072
26/10/1992 00:00,2.494,6.185,1.323
27/10/1992 00:00,2.361,6.611,1.144
28/10/1992 00:00,2.330,6.066,1.206
29/10/1992 00:00,2.345,5.933,1.151
30/10/1992 00:00,2.339,5.564,1.144
31/10/1992 00:00,2.055,5.499,1.106
01/11/1992 00:00,1.936,5.530,1.150
02/11/1992 00:00,2.172,6.110,1.356
03/11/1992 00:00,2.822,8.025,1.909
04/11/1992 00:00,5.454,13.645,5.049
05/11/1992 00:00,6.035,15.447,5.900
06/11/1992 00:00,5.479,14.171,5.691
07/11/1992 00:00,4.744,11.645,6.022
08/11/1992 00:00,6.975,19.035,7.493
09/11/1992 00:00,12.454,34.103,9.814
10/11/1992 00:00,8.249,29.599,10.152
11/11/1992 00:00,8.702,32.704,10.199
12/11/1992 00:00,10.956,38.729,12.486
13/11/1992 00:00,17.330,68.183,27.082
14/11/1992 00:00,59.503,180.763,68.301
15/11/1992 00:00,75.876,274.012,145.201
16/11/1992 00:00,83.955,255.632,107.630
17/11/1992 00:00,61.997,219.336,88.412
18/11/1992 00:00,45.106,167.466,59.698
19/11/1992 00:00,26.189,113.673,43.347
20/11/1992 00:00,17.371,60.883,27.130
21/11/1992 00:00,14.289,45.163,18.972
22/11/1992 00:00,13.719,40.788,23.002
23/11/1992 00:00,12.387,39.008,15.286
24/11/1992 00:00,9.426,30.189,9.229
25/11/1992 00:00,7.161,20.896,5.949
26/11/1992 00:00,5.664,17.439,4.615
27/11/1992 00:00,4.784,15.953,4.097
28/11/1992 00:00,4.590,15.912,3.997
29/11/1992 00:00,5.901,19.422,6.260
30/11/1992 00:00,4.882,16.913,4.589
01/12/1992 00:00,4.263,14.617,3.368
02/12/1992 00:00,3.950,13.072,2.898
03/12/1992 00:00,5.495,15.952,5.851
04/12/1992 00:00,15.332,56.273,19.661
05/12/1992 00:00,23.266,79.634,37.930
06/12/1992 00:00,13.667,61.520,27.820
07/12/1992 00:00,9.729,47.215,18.544
08/12/1992 00:00,6.506,33.525,15.051
09/12/1992 00:00,6.257,24.367,8.795
10/12/1992 00:00,5.253,22.479,5.682
11/12/1992 00:00,4.556,18.121,3.963
12/12/1992 00:00,4.198,16.232,3.401
13/12/1992 00:00,3.934,13.979,3.042
14/12/1992 00:00,3.662,13.025,3.975
15/12/1992 00:00,3.404,12.816,2.706
16/12/1992 00:00,3.194,11.844,2.336
17/12/1992 00:00,3.115,11.688,2.253
18/12/1992 00:00,3.994,13.862,2.642
19/12/1992 00:00,4.996,17.047,4.466
20/12/1992 00:00,6.143,32.451,7.737
21/12/1992 00:00,4.890,18.653,5.830
22/12/1992 00:00,3.982,16.386,3.524
23/12/1992 00:00,3.552,13.224,2.241
24/12/1992 00:00,3.087,11.949,1.694
25/12/1992 00:00,2.873,11.044,1.534
26/12/1992 00:00,2.786,10.400,1.345
27/12/1992 00:00,2.637,10.247,1.232
28/12/1992 00:00,2.585,9.734,1.361
29/12/1992 00:00,2.542,9.445,1.327
30/12/1992 00:00,2.493,8.463,1.204
31/12/1992 00:00,2.480,8.998,1.370
01/01/1993 00:00,2.433,8.639,1.049
02/01/1993 00:00,2.384,8.658,1.057
03/01/1993 00:00,2.339,8.255,0.898
04/01/1993 00:00,1.300,8.069,0.851
05/01/1993 00:00,1.257,7.849,0.828
06/01/1993 00:00,1.246,7.681,0.840
07/01/1993 00:00,2.117,7.474,0.906
08/01/1993 00:00,2.061,7.397,0.899
09/01/1993 00:00,2.023,7.388,0.867
10/01/1993 00:00,2.015,7.681,0.803
11/01/1993 00:00,1.524,7.788,0.755
12/01/1993 00:00,1.992,7.776,0.730
13/01/1993 00:00,1.975,7.075,0.723
14/01/1993 00:00,1.949,7.160,0.696
15/01/1993 00:00,1.048,7.021,0.669
16/01/1993 00:00,1.922,7.115,0.672
17/01/1993 00:00,1.038,6.946,0.640
18/01/1993 00:00,1.314,6.739,0.627
19/01/1993 00:00,1.400,6.561,0.622
20/01/1993 00:00,1.261,6.565,0.620
21/01/1993 00:00,1.544,6.482,0.621
22/01/1993 00:00,1.564,6.532,0.619
23/01/1993 00:00,1.574,6.515,0.611
24/01/1993 00:00,1.654,6.484,0.607
25/01/1993 00:00,1.494,6.391,0.605
26/01/1993 00:00,1.614,6.281,0.590
27/01/1993 00:00,1.592,6.131,0.582
28/01/1993 00:00,1.575,6.032,0.578
29/01/1993 00:00,1.561,5.976,0.576
30/01/1993 00:00,1.543,5.836,0.567
31/01/1993 00:00,1.529,5.854,0.566
01/02/1993 00:00,1.508,5.591,0.556
02/02/1993 00:00,1.469,5.717,0.558
03/02/1993 00:00,1.470,5.511,0.565
04/02/1993 00:00,1.429,5.708,0.540
05/02/1993 00:00,1.358,5.200,0.529
06/02/1993 00:00,1.267,5.315,0.526
07/02/1993 00:00,1.247,5.127,0.522
08/02/1993 00:00,1.209,5.066,0.518
09/02/1993 00:00,1.226,5.217,0.513
10/02/1993 00:00,1.161,4.851,0.509
11/02/1993 00:00,1.181,5.212,0.525
12/02/1993 00:00,1.904,6.607,0.912
13/02/1993 00:00,2.005,7.251,0.780
14/02/1993 00:00,1.854,7.143,0.641
15/02/1993 00:00,1.567,6.179,0.578
16/02/1993 00:00,1.509,6.047,0.570
17/02/1993 00:00,1.565,5.863,0.537
18/02/1993 00:00,1.610,6.043,0.527
19/02/1993 00:00,1.659,5.986,0.506
20/02/1993 00:00,1.620,5.933,0.493
21/02/1993 00:00,1.605,6.081,0.480
22/02/1993 00:00,1.573,5.899,0.472
23/02/1993 00:00,1.562,5.892,0.439
24/02/1993 00:00,1.531,5.556,0.432
25/02/1993 00:00,1.483,5.528,0.439
26/02/1993 00:00,1.490,5.502,0.448
27/02/1993 00:00,1.472,5.448,0.431
28/02/1993 00:00,1.471,5.346,0.440
01/03/1993 00:00,1.744,6.669,0.512
02/03/1993 00:00,1.940,6.760,0.548
03/03/1993 00:00,1.871,6.908,0.480
04/03/1993 00:00,1.585,6.101,0.458
05/03/1993 00:00,1.540,5.640,0.446
06/03/1993 00:00,1.406,5.320,0.457
07/03/1993 00:00,1.409,5.114,0.468
08/03/1993 00:00,1.382,5.328,0.474
09/03/1993 00:00,1.404,5.123,0.470
10/03/1993 00:00,1.361,5.245,0.461
11/03/1993 00:00,1.365,5.225,0.477
12/03/1993 00:00,1.387,5.544,0.480
13/03/1993 00:00,1.396,5.507,0.466
14/03/1993 00:00,1.415,5.498,0.460
15/03/1993 00:00,1.373,5.464,0.462
16/03/1993 00:00,1.406,5.443,0.463
17/03/1993 00:00,1.351,5.400,0.459
18/03/1993 00:00,1.359,5.283,0.451
19/03/1993 00:00,1.308,5.256,0.451
20/03/1993 00:00,1.335,5.280,0.458
21/03/1993 00:00,1.319,5.433,0.486
22/03/1993 00:00,1.376,5.609,0.488
23/03/1993 00:00,1.401,5.737,0.509
24/03/1993 00:00,1.412,5.932,0.521
25/03/1993 00:00,1.494,6.216,0.538
26/03/1993 00:00,1.446,6.456,0.566
27/03/1993 00:00,1.499,6.446,0.553
28/03/1993 00:00,1.415,6.237,0.550
29/03/1993 00:00,1.468,6.071,0.542
30/03/1993 00:00,1.363,5.894,0.583
31/03/1993 00:00,1.433,5.795,0.580
01/04/1993 00:00,1.324,5.718,0.594
02/04/1993 00:00,1.396,5.557,0.598
03/04/1993 00:00,1.279,5.384,0.607
04/04/1993 00:00,1.321,5.267,0.628
05/04/1993 00:00,1.257,5.345,0.650
06/04/1993 00:00,1.293,5.508,0.700
07/04/1993 00:00,1.283,5.598,0.690
08/04/1993 00:00,1.246,5.609,0.649
09/04/1993 00:00,1.262,5.658,0.663
10/04/1993 00:00,1.263,5.789,0.682
11/04/1993 00:00,1.287,6.023,0.706
12/04/1993 00:00,1.312,6.250,0.695
13/04/1993 00:00,1.376,6.674,0.718
14/04/1993 00:00,1.480,6.658,0.698
15/04/1993 00:00,1.434,6.582,0.650
16/04/1993 00:00,1.396,6.451,0.619
17/04/1993 00:00,1.360,6.510,0.637
18/04/1993 00:00,1.446,6.496,0.709
19/04/1993 00:00,1.441,6.473,0.697
20/04/1993 00:00,1.447,6.422,0.789
21/04/1993 00:00,1.438,6.383,0.719
22/04/1993 00:00,1.415,6.269,0.673
23/04/1993 00:00,1.492,6.281,0.694
24/04/1993 00:00,1.374,6.326,0.722
25/04/1993 00:00,1.399,6.278,0.774
26/04/1993 00:00,1.324,6.229,0.743
27/04/1993 00:00,1.372,6.213,0.783
28/04/1993 00:00,1.343,6.193,0.743
29/04/1993 00:00,1.363,6.192,0.749
30/04/1993 00:00,1.394,6.169,0.763
01/05/1993 00:00,1.383,6.150,0.764
02/05/1993 00:00,1.455,6.079,0.778
03/05/1993 00:00,1.390,6.040,0.757
04/05/1993 00:00,1.445,5.982,0.796
05/05/1993 00:00,1.346,5.966,0.740
06/05/1993 00:00,1.491,5.932,0.781
07/05/1993 00:00,1.408,5.899,0.758
08/05/1993 00:00,1.608,5.899,0.748
09/05/1993 00:00,1.624,5.871,0.802
10/05/1993 00:00,1.824,5.833,0.745
11/05/1993 00:00,1.826,5.850,0.773
12/05/1993 00:00,1.766,5.761,0.732
13/05/1993 00:00,1.906,5.843,0.766
14/05/1993 00:00,1.878,5.776,0.811
15/05/1993 00:00,1.983,6.003,0.839
16/05/1993 00:00,5.023,11.698,2.182
17/05/1993 00:00,4.837,16.370,3.026
18/05/1993 00:00,3.388,8.946,1.750
19/05/1993 00:00,3.026,7.518,1.549
20/05/1993 00:00,2.821,7.403,1.653
21/05/1993 00:00,2.932,7.278,1.448
22/05/1993 00:00,2.543,6.440,1.151
23/05/1993 00:00,2.471,6.231,0.999
24/05/1993 00:00,2.318,5.962,1.075
25/05/1993 00:00,2.355,5.956,1.001
26/05/1993 00:00,2.696,6.200,1.060
27/05/1993 00:00,4.737,8.624,1.464
28/05/1993 00:00,3.920,8.193,1.479
29/05/1993 00:00,3.196,6.714,1.788
30/05/1993 00:00,2.386,5.863,1.359
31/05/1993 00:00,2.163,5.177,1.152
01/06/1993 00:00,1.929,4.997,0.965
02/06/1993 00:00,2.472,5.773,1.430
03/06/1993 00:00,4.876,9.834,1.870
04/06/1993 00:00,7.485,17.593,3.485
05/06/1993 00:00,5.090,10.395,2.498
06/06/1993 00:00,3.666,8.194,2.179
07/06/1993 00:00,3.298,6.887,1.345
08/06/1993 00:00,2.910,6.375,1.573
09/06/1993 00:00,7.123,18.915,4.662
10/06/1993 00:00,6.418,15.605,5.553
11/06/1993 00:00,5.611,11.396,3.252
12/06/1993 00:00,2.877,8.601,2.054
13/06/1993 00:00,4.220,11.342,3.633
14/06/1993 00:00,4.917,14.356,4.087
15/06/1993 00:00,5.846,15.390,4.357
16/06/1993 00:00,4.944,11.066,3.655
17/06/1993 00:00,4.198,9.890,2.665
18/06/1993 00:00,3.461,7.649,1.917
19/06/1993 00:00,2.603,7.781,1.782
20/06/1993 00:00,2.124,7.402,1.599
21/06/1993 00:00,2.040,6.996,1.455
22/06/1993 00:00,1.947,6.646,1.411
23/06/1993 00:00,1.911,6.324,1.351
24/06/1993 00:00,1.835,6.030,1.354
25/06/1993 00:00,1.803,5.791,1.303
26/06/1993 00:00,1.807,5.757,1.297
27/06/1993 00:00,1.875,5.635,1.400
28/06/1993 00:00,2.026,5.593,1.409
29/06/1993 00:00,2.486,6.212,1.783
30/06/1993 00:00,3.467,7.744,2.136
01/07/1993 00:00,2.994,6.890,1.699
02/07/1993 00:00,3.274,7.568,1.849
03/07/1993 00:00,2.692,7.459,1.646
04/07/1993 00:00,2.051,6.297,1.457
05/07/1993 00:00,1.886,6.177,1.270
06/07/1993 00:00,1.840,5.732,1.393
07/07/1993 00:00,2.121,6.890,1.777
08/07/1993 00:00,2.485,7.561,1.926
09/07/1993 00:00,2.307,6.939,1.607
10/07/1993 00:00,3.366,10.205,2.293
11/07/1993 00:00,3.458,9.392,2.344
12/07/1993 00:00,2.564,7.870,1.776
13/07/1993 00:00,1.940,7.201,1.305
14/07/1993 00:00,1.847,6.434,1.461
15/07/1993 00:00,1.680,6.289,1.333
16/07/1993 00:00,1.696,6.430,1.174
17/07/1993 00:00,1.829,6.661,1.455
18/07/1993 00:00,1.917,6.913,1.612
19/07/1993 00:00,3.486,9.689,1.854
20/07/1993 00:00,3.577,9.621,1.717
21/07/1993 00:00,4.182,12.318,2.082
22/07/1993 00:00,3.819,12.276,2.904
23/07/1993 00:00,7.098,19.608,4.584
24/07/1993 00:00,12.616,30.199,7.298
25/07/1993 00:00,8.725,24.048,7.107
26/07/1993 00:00,8.187,20.735,5.242
27/07/1993 00:00,5.734,15.193,3.807
28/07/1993 00:00,4.552,11.294,2.929
29/07/1993 00:00,3.692,10.142,1.839
30/07/1993 00:00,3.061,8.891,2.009
31/07/1993 00:00,2.613,8.555,2.123
01/08/1993 00:00,2.191,8.864,2.111
02/08/1993 00:00,1.984,8.879,2.037
03/08/1993 00:00,1.845,8.199,1.915
04/08/1993 00:00,1.618,7.669,1.263
05/08/1993 00:00,1.413,7.215,1.041
06/08/1993 00:00,4.764,14.863,2.948
07/08/1993 00:00,3.669,12.636,3.945
08/08/1993 00:00,3.894,15.951,3.880
09/08/1993 00:00,4.664,15.387,3.917
10/08/1993 00:00,3.189,10.736,2.571
11/08/1993 00:00,2.590,7.749,1.781
12/08/1993 00:00,2.089,6.389,1.189
13/08/1993 00:00,1.955,6.531,1.141
14/08/1993 00:00,2.876,8.434,1.597
15/08/1993 00:00,3.812,10.557,1.989
16/08/1993 00:00,3.851,10.874,2.137
17/08/1993 00:00,3.069,8.739,1.623
18/08/1993 00:00,2.416,7.288,1.224
19/08/1993 00:00,1.987,7.299,1.089
20/08/1993 00:00,1.773,6.574,0.968
21/08/1993 00:00,1.512,6.019,0.866
22/08/1993 00:00,1.378,5.649,0.814
23/08/1993 00:00,2.390,8.358,1.688
24/08/1993 00:00,2.274,8.360,1.665
25/08/1993 00:00,2.157,7.773,1.374
26/08/1993 00:00,2.050,7.954,1.518
27/08/1993 00:00,2.878,10.685,3.388
28/08/1993 00:00,3.053,10.655,3.772
29/08/1993 00:00,4.475,15.435,4.552
30/08/1993 00:00,5.326,16.732,4.992
31/08/1993 00:00,13.075,30.740,10.418
01/09/1993 00:00,14.302,33.103,12.348
02/09/1993 00:00,8.594,28.936,9.544
03/09/1993 00:00,6.171,24.567,8.341
04/09/1993 00:00,12.632,29.798,10.539
05/09/1993 00:00,11.927,25.274,10.460
06/09/1993 00:00,9.234,23.308,7.986
07/09/1993 00:00,7.609,21.507,6.425
08/09/1993 00:00,5.502,14.536,4.853
09/09/1993 00:00,4.168,11.382,2.421
10/09/1993 00:00,3.779,8.920,1.604
11/09/1993 00:00,3.801,10.234,2.659
12/09/1993 00:00,3.738,10.068,2.143
13/09/1993 00:00,3.489,10.801,2.954
14/09/1993 00:00,3.495,12.760,3.792
15/09/1993 00:00,3.667,15.223,4.485
16/09/1993 00:00,3.609,14.279,2.513
17/09/1993 00:00,3.652,12.536,2.305
18/09/1993 00:00,3.633,12.183,2.523
19/09/1993 00:00,3.669,12.637,4.360
20/09/1993 00:00,9.382,22.225,8.462
21/09/1993 00:00,12.030,26.983,9.999
22/09/1993 00:00,6.835,24.353,7.904
23/09/1993 00:00,4.348,14.043,3.975
24/09/1993 00:00,3.471,11.031,3.519
25/09/1993 00:00,2.830,9.477,2.958
26/09/1993 00:00,2.301,8.259,1.078
27/09/1993 00:00,2.641,8.438,2.063
28/09/1993 00:00,3.021,11.669,3.884
29/09/1993 00:00,3.698,14.724,4.866
30/09/1993 00:00,3.961,14.437,4.187
01/10/1993 00:00,3.410,13.257,3.895
02/10/1993 00:00,4.840,18.416,4.080
03/10/1993 00:00,7.299,20.862,6.758
04/10/1993 00:00,9.524,25.514,7.764
05/10/1993 00:00,6.875,20.220,5.729
06/10/1993 00:00,5.866,20.055,6.682
07/10/1993 00:00,6.784,21.376,6.577
08/10/1993 00:00,7.710,23.591,8.226
09/10/1993 00:00,7.431,24.804,5.973
10/10/1993 00:00,7.217,24.473,9.060
11/10/1993 00:00,11.053,29.844,9.754
12/10/1993 00:00,15.092,35.952,12.706
13/10/1993 00:00,13.646,39.248,13.026
14/10/1993 00:00,13.284,30.437,12.308
15/10/1993 00:00,17.068,36.324,14.834
16/10/1993 00:00,16.960,38.033,14.969
17/10/1993 00:00,13.978,38.457,16.110
18/10/1993 00:00,13.108,38.665,16.444
19/10/1993 00:00,19.962,58.874,19.758
20/10/1993 00:00,24.983,77.477,23.800
21/10/1993 00:00,19.829,80.849,26.109
22/10/1993 00:00,23.588,92.872,27.807
23/10/1993 00:00,15.849,54.499,22.278
24/10/1993 00:00,10.204,28.696,12.498
25/10/1993 00:00,8.726,26.785,12.741
26/10/1993 00:00,7.973,20.745,10.016
27/10/1993 00:00,7.316,17.679,8.104
28/10/1993 00:00,7.832,24.794,11.051
29/10/1993 00:00,10.440,38.830,12.419
30/10/1993 00:00,24.485,67.607,24.416
31/10/1993 00:00,46.187,146.759,53.313
01/11/1993 00:00,36.669,155.011,48.178
02/11/1993 00:00,47.013,173.367,57.971
03/11/1993 00:00,46.703,154.151,49.809
04/11/1993 00:00,34.344,131.152,42.539
05/11/1993 00:00,29.414,95.766,41.022
06/11/1993 00:00,28.370,101.050,34.446
07/11/1993 00:00,29.881,92.802,36.152
08/11/1993 00:00,42.260,127.517,48.188
09/11/1993 00:00,130.352,249.523,95.313
10/11/1993 00:00,184.671,539.691,196.164
11/11/1993 00:00,159.436,504.926,206.703
12/11/1993 00:00,77.649,292.303,112.024
13/11/1993 00:00,47.132,166.889,72.678
14/11/1993 00:00,30.865,124.137,43.214
15/11/1993 00:00,24.393,71.465,26.066
16/11/1993 00:00,19.008,66.027,28.013
17/11/1993 00:00,16.839,51.128,19.656
18/11/1993 00:00,13.525,41.595,14.228
19/11/1993 00:00,11.532,32.749,10.218
20/11/1993 00:00,10.711,31.381,9.689
21/11/1993 00:00,10.345,28.909,8.096
22/11/1993 00:00,8.961,26.099,6.596
23/11/1993 00:00,8.530,28.420,9.659
24/11/1993 00:00,30.925,95.681,48.237
25/11/1993 00:00,49.283,172.488,60.447
26/11/1993 00:00,37.571,123.713,42.480
27/11/1993 00:00,15.384,45.447,25.834
28/11/1993 00:00,11.575,31.572,15.823
29/11/1993 00:00,9.364,29.238,10.099
30/11/1993 00:00,9.401,31.301,10.795
01/12/1993 00:00,25.767,67.304,32.135
02/12/1993 00:00,40.642,100.845,41.401
03/12/1993 00:00,22.682,65.799,43.944
04/12/1993 00:00,121.617,402.303,198.597
05/12/1993 00:00,255.125,665.550,300.491
06/12/1993 00:00,154.393,462.938,207.014
07/12/1993 00:00,54.984,220.633,87.358
08/12/1993 00:00,34.236,130.506,48.410
09/12/1993 00:00,21.147,77.701,27.375
10/12/1993 00:00,17.764,51.279,19.741
11/12/1993 00:00,14.023,46.213,16.518
12/12/1993 00:00,11.870,36.895,14.065
13/12/1993 00:00,9.733,30.236,11.184
14/12/1993 00:00,8.413,26.734,9.194
15/12/1993 00:00,7.567,24.239,7.690
16/12/1993 00:00,6.884,22.581,7.055
17/12/1993 00:00,6.243,20.639,6.947
18/12/1993 00:00,5.993,19.438,6.307
19/12/1993 00:00,6.274,22.054,9.056
20/12/1993 00:00,21.549,77.018,45.115
21/12/1993 00:00,33.801,94.531,67.396
22/12/1993 00:00,60.820,173.183,75.141
23/12/1993 00:00,57.996,185.503,74.278
24/12/1993 00:00,34.924,107.413,53.606
25/12/1993 00:00,19.034,46.182,23.301
26/12/1993 00:00,13.550,34.218,12.838
27/12/1993 00:00,10.696,32.117,10.105
28/12/1993 00:00,9.813,32.083,9.981
29/12/1993 00:00,10.383,34.528,11.419
30/12/1993 00:00,9.741,32.611,10.953
31/12/1993 00:00,8.117,28.021,9.311
01/01/1994 00:00,6.831,24.347,7.922
02/01/1994 00:00,6.468,22.560,7.435
03/01/1994 00:00,6.201,21.755,7.092
04/01/1994 00:00,5.582,20.808,6.798
05/01/1994 00:00,5.112,18.965,6.064
06/01/1994 00:00,5.328,17.463,5.500
07/01/1994 00:00,4.960,17.143,5.113
08/01/1994 00:00,4.675,16.669,4.698
09/01/1994 00:00,4.922,13.917,4.638
10/01/1994 00:00,4.513,13.348,3.908
11/01/1994 00:00,4.106,12.428,3.669
12/01/1994 00:00,3.975,11.585,3.501
13/01/1994 00:00,3.978,11.663,3.484
14/01/1994 00:00,3.881,11.532,3.466
15/01/1994 00:00,3.691,11.133,3.399
16/01/1994 00:00,3.778,11.443,3.560
17/01/1994 00:00,4.052,11.974,3.527
18/01/1994 00:00,4.065,11.954,3.326
19/01/1994 00:00,4.058,11.730,3.470
20/01/1994 00:00,4.103,11.645,3.508
21/01/1994 00:00,4.383,10.977,3.086
22/01/1994 00:00,3.604,10.130,3.042
23/01/1994 00:00,3.617,9.772,2.913
24/01/1994 00:00,3.367,9.351,2.801
25/01/1994 00:00,3.296,9.012,2.672
26/01/1994 00:00,3.292,8.703,2.599
27/01/1994 00:00,3.135,8.552,2.585
28/01/1994 00:00,3.030,8.195,2.460
29/01/1994 00:00,3.420,7.950,2.404
30/01/1994 00:00,3.289,7.780,2.285
31/01/1994 00:00,3.124,7.561,2.361
01/02/1994 00:00,3.106,7.340,2.423
02/02/1994 00:00,3.029,7.242,2.292
03/02/1994 00:00,2.968,7.228,2.282
04/02/1994 00:00,2.987,7.476,2.360
05/02/1994 00:00,3.350,8.623,2.646
06/02/1994 00:00,3.329,9.239,2.622
07/02/1994 00:00,4.101,12.021,5.793
08/02/1994 00:00,6.743,24.468,10.859
09/02/1994 00:00,6.339,24.612,9.824
10/02/1994 00:00,11.488,41.420,16.676
11/02/1994 00:00,8.014,27.090,11.451
12/02/1994 00:00,6.266,21.630,7.236
13/02/1994 00:00,5.319,17.581,4.850
14/02/1994 00:00,4.610,14.920,4.003
15/02/1994 00:00,4.129,12.560,3.637
16/02/1994 00:00,3.747,10.876,3.368
17/02/1994 00:00,3.405,9.616,3.195
18/02/1994 00:00,3.336,8.842,3.103
19/02/1994 00:00,3.319,8.420,3.027
20/02/1994 00:00,3.268,8.099,2.885
21/02/1994 00:00,3.155,7.836,2.819
22/02/1994 00:00,3.151,7.625,2.759
23/02/1994 00:00,3.257,7.368,2.690
24/02/1994 00:00,3.681,7.161,2.594
25/02/1994 00:00,3.746,7.107,2.476
26/02/1994 00:00,3.658,6.767,2.397
27/02/1994 00:00,3.421,6.453,2.263
28/02/1994 00:00,2.999,5.949,1.576
01/03/1994 00:00,2.957,5.878,1.857
02/03/1994 00:00,3.480,5.986,2.138
03/03/1994 00:00,3.127,5.937,2.099
04/03/1994 00:00,3.147,5.884,2.063
05/03/1994 00:00,3.206,5.812,2.016
06/03/1994 00:00,3.301,5.765,1.960
07/03/1994 00:00,3.279,5.652,1.902
08/03/1994 00:00,3.208,5.577,1.847
09/03/1994 00:00,3.150,5.473,1.783
10/03/1994 00:00,3.102,5.270,1.691
11/03/1994 00:00,3.064,5.036,1.644
12/03/1994 00:00,3.015,5.126,1.593
13/03/1994 00:00,2.947,5.055,1.552
14/03/1994 00:00,2.877,4.923,1.541
15/03/1994 00:00,2.841,4.857,1.532
16/03/1994 00:00,2.814,4.823,1.525
17/03/1994 00:00,2.899,4.824,1.539
18/03/1994 00:00,2.905,4.821,1.487
19/03/1994 00:00,2.822,4.818,1.420
20/03/1994 00:00,2.726,4.687,1.372
21/03/1994 00:00,2.665,4.622,1.319
22/03/1994 00:00,2.632,4.642,1.265
23/03/1994 00:00,2.606,4.599,1.229
24/03/1994 00:00,2.642,4.573,1.214
25/03/1994 00:00,2.695,4.555,1.229
26/03/1994 00:00,2.721,4.562,1.196
27/03/1994 00:00,2.737,4.534,1.172
28/03/1994 00:00,2.736,4.515,1.152
29/03/1994 00:00,2.812,4.574,1.207
30/03/1994 00:00,2.871,4.673,1.212
31/03/1994 00:00,2.874,4.653,1.189
01/04/1994 00:00,2.792,4.534,1.157
02/04/1994 00:00,2.759,4.481,1.161
03/04/1994 00:00,2.858,4.543,1.166
04/04/1994 00:00,2.992,4.630,1.291
05/04/1994 00:00,3.001,4.627,1.286
06/04/1994 00:00,2.933,4.543,1.204
07/04/1994 00:00,2.780,4.373,1.112
08/04/1994 00:00,2.740,4.340,1.130
09/04/1994 00:00,2.830,4.453,1.231
10/04/1994 00:00,2.971,4.516,1.235
11/04/1994 00:00,3.042,4.487,1.161
12/04/1994 00:00,2.942,4.367,1.137
13/04/1994 00:00,3.180,4.424,1.168
14/04/1994 00:00,3.015,4.332,1.133
15/04/1994 00:00,3.099,4.330,1.234
16/04/1994 00:00,2.982,4.498,1.210
17/04/1994 00:00,3.018,4.413,1.164
18/04/1994 00:00,3.026,4.379,1.163
19/04/1994 00:00,3.000,4.388,1.168
20/04/1994 00:00,3.009,4.440,1.165
21/04/1994 00:00,3.075,4.517,1.154
22/04/1994 00:00,3.038,4.545,1.140
23/04/1994 00:00,3.097,4.564,1.129
24/04/1994 00:00,2.992,4.588,1.126
25/04/1994 00:00,3.046,4.607,1.120
26/04/1994 00:00,3.018,4.619,1.116
27/04/1994 00:00,3.070,4.600,1.108
28/04/1994 00:00,3.004,4.588,1.089
29/04/1994 00:00,3.083,4.608,1.072
30/04/1994 00:00,3.072,4.765,1.331
01/05/1994 00:00,3.194,4.735,1.143
02/05/1994 00:00,3.298,4.864,1.162
03/05/1994 00:00,3.882,5.260,1.198
04/05/1994 00:00,4.014,5.154,1.158
05/05/1994 00:00,3.584,4.836,1.058
06/05/1994 00:00,3.360,4.629,1.075
07/05/1994 00:00,3.342,4.548,1.087
08/05/1994 00:00,3.555,4.667,1.037
09/05/1994 00:00,3.637,4.669,1.024
10/05/1994 00:00,3.506,4.269,0.963
11/05/1994 00:00,3.443,4.498,0.996
12/05/1994 00:00,3.619,4.670,1.004
13/05/1994 00:00,3.662,4.007,0.983
14/05/1994 00:00,3.833,4.004,0.977
15/05/1994 00:00,3.786,3.590,1.018
16/05/1994 00:00,3.719,4.143,0.945
17/05/1994 00:00,3.699,4.239,0.927
18/05/1994 00:00,3.928,4.257,0.921
19/05/1994 00:00,3.649,4.513,0.926
20/05/1994 00:00,3.695,4.454,0.914
21/05/1994 00:00,3.683,4.376,0.910
22/05/1994 00:00,4.187,5.146,1.214
23/05/1994 00:00,4.262,5.465,1.025
24/05/1994 00:00,4.119,5.083,0.925
25/05/1994 00:00,4.346,5.041,1.067
26/05/1994 00:00,4.830,8.809,2.670
27/05/1994 00:00,5.450,11.957,3.659
28/05/1994 00:00,5.410,8.851,2.755
29/05/1994 00:00,4.942,6.772,1.640
30/05/1994 00:00,4.539,5.535,1.211
31/05/1994 00:00,4.635,4.915,1.103
01/06/1994 00:00,4.537,4.160,1.023
02/06/1994 00:00,4.197,3.501,1.049
03/06/1994 00:00,4.109,3.711,1.001
04/06/1994 00:00,3.581,3.991,1.085
05/06/1994 00:00,3.444,4.297,1.090
06/06/1994 00:00,3.348,4.290,1.070
07/06/1994 00:00,3.279,4.882,1.276
08/06/1994 00:00,3.313,5.359,1.402
09/06/1994 00:00,3.869,6.428,1.932
10/06/1994 00:00,4.507,12.458,3.956
11/06/1994 00:00,4.607,11.405,4.004
12/06/1994 00:00,4.896,9.431,2.169
13/06/1994 00:00,4.158,7.081,1.848
14/06/1994 00:00,4.058,6.229,1.723
15/06/1994 00:00,3.783,4.826,1.496
16/06/1994 00:00,3.639,4.470,1.358
17/06/1994 00:00,3.403,4.191,1.250
18/06/1994 00:00,3.098,4.143,1.227
19/06/1994 00:00,3.004,4.205,1.172
20/06/1994 00:00,4.150,8.191,2.193
21/06/1994 00:00,4.188,7.698,1.760
22/06/1994 00:00,3.820,6.510,1.300
23/06/1994 00:00,3.242,5.407,1.256
24/06/1994 00:00,3.152,4.971,1.240
25/06/1994 00:00,3.104,4.831,1.287
26/06/1994 00:00,3.300,5.359,1.382
27/06/1994 00:00,3.425,5.064,1.274
28/06/1994 00:00,3.283,5.157,1.123
29/06/1994 00:00,3.382,5.545,1.583
30/06/1994 00:00,3.740,7.025,2.111
01/07/1994 00:00,3.817,6.506,2.036
02/07/1994 00:00,3.576,7.076,2.267
03/07/1994 00:00,3.904,9.277,2.735
04/07/1994 00:00,4.242,10.023,3.041
05/07/1994 00:00,5.165,12.860,3.436
06/07/1994 00:00,5.053,11.272,3.006
07/07/1994 00:00,5.301,10.959,2.306
08/07/1994 00:00,4.440,7.985,1.693
09/07/1994 00:00,5.514,14.532,3.027
10/07/1994 00:00,4.832,10.526,2.502
11/07/1994 00:00,5.042,8.550,1.899
12/07/1994 00:00,4.014,6.977,1.588
13/07/1994 00:00,4.542,7.412,1.681
14/07/1994 00:00,4.154,7.230,1.755
15/07/1994 00:00,4.067,6.603,1.709
16/07/1994 00:00,3.848,6.172,1.502
17/07/1994 00:00,3.881,5.884,1.425
18/07/1994 00:00,3.503,5.690,1.372
19/07/1994 00:00,3.661,5.618,1.300
20/07/1994 00:00,3.473,5.909,1.556
21/07/1994 00:00,3.431,5.934,1.569
22/07/1994 00:00,3.635,6.566,1.512
23/07/1994 00:00,3.851,6.503,1.800
24/07/1994 00:00,3.806,6.177,1.962
25/07/1994 00:00,4.358,8.926,2.646
26/07/1994 00:00,4.639,9.033,2.837
27/07/1994 00:00,4.916,8.813,3.190
28/07/1994 00:00,5.752,10.727,2.805
29/07/1994 00:00,5.037,8.069,2.040
30/07/1994 00:00,5.005,7.242,2.072
31/07/1994 00:00,4.332,6.194,1.968
01/08/1994 00:00,4.285,6.047,2.001
02/08/1994 00:00,3.997,5.722,1.812
03/08/1994 00:00,4.251,6.318,2.121
04/08/1994 00:00,4.103,6.411,2.223
05/08/1994 00:00,4.234,7.319,2.346
06/08/1994 00:00,3.845,6.640,1.894
07/08/1994 00:00,3.633,6.350,1.606
08/08/1994 00:00,3.406,5.869,1.438
09/08/1994 00:00,3.352,5.569,1.416
10/08/1994 00:00,3.210,5.581,1.338
11/08/1994 00:00,3.280,6.265,1.678
12/08/1994 00:00,3.790,11.203,4.924
13/08/1994 00:00,4.280,9.656,4.235
14/08/1994 00:00,4.394,9.526,4.262
15/08/1994 00:00,4.950,10.455,3.176
16/08/1994 00:00,5.626,13.352,4.237
17/08/1994 00:00,6.163,16.536,4.748
18/08/1994 00:00,5.585,12.180,3.369
19/08/1994 00:00,5.379,8.570,2.045
20/08/1994 00:00,4.889,7.035,1.497
21/08/1994 00:00,5.657,14.253,3.523
22/08/1994 00:00,7.015,21.320,7.713
23/08/1994 00:00,7.241,21.899,7.853
24/08/1994 00:00,5.540,15.442,4.732
25/08/1994 00:00,7.971,25.593,11.850
26/08/1994 00:00,7.446,27.736,10.395
27/08/1994 00:00,6.232,15.658,4.877
28/08/1994 00:00,4.857,8.933,2.694
29/08/1994 00:00,5.200,8.221,2.251
30/08/1994 00:00,4.376,7.555,2.004
31/08/1994 00:00,4.054,6.923,1.878
01/09/1994 00:00,4.379,7.360,1.885
02/09/1994 00:00,4.241,6.989,1.851
03/09/1994 00:00,4.567,12.477,2.778
04/09/1994 00:00,4.843,11.684,2.639
05/09/1994 00:00,4.530,8.868,2.086
06/09/1994 00:00,3.957,7.104,1.634
07/09/1994 00:00,3.889,6.722,1.808
08/09/1994 00:00,3.733,6.267,1.846
09/09/1994 00:00,3.414,5.747,1.540
10/09/1994 00:00,3.318,5.829,1.606
11/09/1994 00:00,3.216,5.871,1.788
12/09/1994 00:00,3.382,7.341,2.202
13/09/1994 00:00,3.512,9.768,3.062
14/09/1994 00:00,4.155,11.908,3.819
15/09/1994 00:00,4.627,12.656,3.757
16/09/1994 00:00,4.397,9.749,2.225
17/09/1994 00:00,4.020,7.114,1.515
18/09/1994 00:00,3.279,6.538,1.349
19/09/1994 00:00,3.231,6.030,1.266
20/09/1994 00:00,3.428,5.611,1.131
21/09/1994 00:00,3.349,5.358,1.169
22/09/1994 00:00,3.603,5.943,1.624
23/09/1994 00:00,3.702,6.080,1.460
24/09/1994 00:00,3.693,6.814,1.365
25/09/1994 00:00,3.889,7.085,1.344
26/09/1994 00:00,4.231,10.462,2.168
27/09/1994 00:00,4.320,9.515,1.877
28/09/1994 00:00,4.197,8.573,1.172
29/09/1994 00:00,4.475,8.004,1.039
30/09/1994 00:00,4.217,8.806,1.075
01/10/1994 00:00,4.859,12.620,1.899
02/10/1994 00:00,5.665,16.621,4.554
03/10/1994 00:00,6.094,19.698,5.917
04/10/1994 00:00,7.129,22.432,6.189
05/10/1994 00:00,6.908,24.534,7.378
06/10/1994 00:00,5.685,18.885,2.763
07/10/1994 00:00,4.876,10.214,1.789
08/10/1994 00:00,4.517,7.284,1.424
09/10/1994 00:00,4.085,6.321,1.233
10/10/1994 00:00,3.958,8.660,1.389
11/10/1994 00:00,4.217,10.284,1.387
12/10/1994 00:00,4.391,11.013,1.365
13/10/1994 00:00,4.867,15.164,2.294
14/10/1994 00:00,5.537,18.657,3.953
15/10/1994 00:00,8.280,26.748,6.852
16/10/1994 00:00,8.235,29.613,6.397
17/10/1994 00:00,7.201,27.446,4.281
18/10/1994 00:00,7.414,26.921,5.048
19/10/1994 00:00,8.952,29.947,10.383
20/10/1994 00:00,6.430,28.033,6.965
21/10/1994 00:00,6.057,20.018,4.232
22/10/1994 00:00,7.361,16.729,3.617
23/10/1994 00:00,7.417,16.336,3.329
24/10/1994 00:00,7.492,15.423,3.387
25/10/1994 00:00,5.530,15.206,4.219
26/10/1994 00:00,7.165,22.494,10.237
27/10/1994 00:00,15.169,33.421,14.478
28/10/1994 00:00,15.048,41.951,15.971
29/10/1994 00:00,9.706,32.606,12.789
30/10/1994 00:00,11.581,34.018,17.122
31/10/1994 00:00,12.566,54.412,22.856
01/11/1994 00:00,11.914,61.144,23.615
02/11/1994 00:00,9.679,51.704,20.009
03/11/1994 00:00,17.566,70.276,21.461
04/11/1994 00:00,29.519,134.794,27.916
05/11/1994 00:00,79.845,312.458,147.813
06/11/1994 00:00,94.742,447.827,170.854
07/11/1994 00:00,53.872,281.897,117.762
08/11/1994 00:00,32.579,145.536,63.375
09/11/1994 00:00,28.865,113.027,55.685
10/11/1994 00:00,56.506,185.103,76.607
11/11/1994 00:00,39.586,186.659,69.747
12/11/1994 00:00,50.115,171.910,61.992
13/11/1994 00:00,34.357,106.962,55.133
14/11/1994 00:00,22.918,72.952,44.289
15/11/1994 00:00,17.508,45.224,24.945
16/11/1994 00:00,12.693,30.487,17.149
17/11/1994 00:00,11.880,27.583,16.003
18/11/1994 00:00,9.897,27.601,17.809
19/11/1994 00:00,9.293,27.337,16.030
20/11/1994 00:00,8.942,29.316,15.213
21/11/1994 00:00,9.354,28.057,15.499
22/11/1994 00:00,9.707,32.022,15.884
23/11/1994 00:00,10.495,30.793,17.276
24/11/1994 00:00,9.404,29.407,18.837
25/11/1994 00:00,8.734,26.306,18.409
26/11/1994 00:00,7.702,24.742,17.821
27/11/1994 00:00,6.751,17.060,12.829
28/11/1994 00:00,6.315,14.338,8.624
29/11/1994 00:00,5.892,12.144,6.028
30/11/1994 00:00,5.166,10.751,4.694
01/12/1994 00:00,4.807,10.164,3.932
02/12/1994 00:00,3.974,8.510,3.540
03/12/1994 00:00,3.962,7.768,3.745
04/12/1994 00:00,3.752,8.220,3.401
05/12/1994 00:00,3.014,7.339,3.319
06/12/1994 00:00,2.822,6.526,3.118
07/12/1994 00:00,2.711,6.906,2.910
08/12/1994 00:00,2.628,6.779,2.662
09/12/1994 00:00,2.539,6.527,2.445
10/12/1994 00:00,2.441,6.409,2.308
11/12/1994 00:00,2.333,6.170,2.220
12/12/1994 00:00,2.246,6.107,2.048
13/12/1994 00:00,2.155,6.170,1.920
14/12/1994 00:00,2.091,6.158,1.688
15/12/1994 00:00,2.076,6.105,1.696
16/12/1994 00:00,2.036,6.040,1.723
17/12/1994 00:00,1.937,6.617,1.682
18/12/1994 00:00,2.001,9.105,2.645
19/12/1994 00:00,4.783,16.658,8.377
20/12/1994 00:00,10.812,38.101,15.840
21/12/1994 00:00,21.052,90.747,35.811
22/12/1994 00:00,30.431,127.228,45.975
23/12/1994 00:00,20.150,81.354,29.637
24/12/1994 00:00,9.973,50.143,16.930
25/12/1994 00:00,6.777,31.928,13.465
26/12/1994 00:00,5.352,21.031,7.643
27/12/1994 00:00,4.992,17.063,5.954
28/12/1994 00:00,4.423,13.939,5.069
29/12/1994 00:00,3.830,11.308,4.265
30/12/1994 00:00,3.374,11.017,3.594
31/12/1994 00:00,3.091,9.681,3.045
01/01/1995 00:00,2.889,9.081,2.884
02/01/1995 00:00,2.791,8.814,2.708
03/01/1995 00:00,2.707,8.556,2.330
04/01/1995 00:00,2.649,8.567,2.206
05/01/1995 00:00,2.917,8.903,2.599
06/01/1995 00:00,2.787,8.585,2.483
07/01/1995 00:00,6.163,13.431,7.768
08/01/1995 00:00,6.435,15.533,9.183
09/01/1995 00:00,4.625,13.686,3.752
10/01/1995 00:00,5.559,13.211,3.654
11/01/1995 00:00,4.109,11.381,2.725
12/01/1995 00:00,3.546,10.485,2.544
13/01/1995 00:00,5.447,14.329,6.441
14/01/1995 00:00,9.578,26.873,10.431
15/01/1995 00:00,11.832,40.798,12.383
16/01/1995 00:00,11.497,40.074,14.118
17/01/1995 00:00,11.587,42.057,15.727
18/01/1995 00:00,11.676,49.046,21.177
19/01/1995 00:00,10.293,49.299,21.648
20/01/1995 00:00,7.969,40.158,13.305
21/01/1995 00:00,5.666,27.616,7.598
22/01/1995 00:00,4.926,20.637,4.780
23/01/1995 00:00,4.031,15.793,3.273
24/01/1995 00:00,3.546,13.262,2.821
25/01/1995 00:00,3.195,11.872,2.576
26/01/1995 00:00,2.964,10.489,2.455
27/01/1995 00:00,2.801,10.124,2.570
28/01/1995 00:00,2.755,9.732,2.563
29/01/1995 00:00,2.545,8.921,2.317
30/01/1995 00:00,2.471,8.506,2.186
31/01/1995 00:00,2.439,8.115,2.133
01/02/1995 00:00,2.487,7.979,2.132
02/02/1995 00:00,2.501,9.021,2.048
03/02/1995 00:00,2.491,7.783,1.930
04/02/1995 00:00,2.455,7.755,1.979
05/02/1995 00:00,2.569,7.735,1.860
06/02/1995 00:00,2.491,8.253,1.589
07/02/1995 00:00,2.201,6.999,1.903
08/02/1995 00:00,2.003,6.907,1.928
09/02/1995 00:00,1.919,6.774,1.702
10/02/1995 00:00,1.981,6.957,1.606
11/02/1995 00:00,1.916,6.879,1.562
12/02/1995 00:00,1.839,6.828,1.407
13/02/1995 00:00,1.778,6.348,1.307
14/02/1995 00:00,1.743,6.254,1.261
15/02/1995 00:00,1.729,6.497,1.189
16/02/1995 00:00,1.712,6.411,1.150
17/02/1995 00:00,1.730,6.364,1.146
18/02/1995 00:00,1.705,6.422,1.138
19/02/1995 00:00,1.680,6.385,1.108
20/02/1995 00:00,1.609,6.205,1.071
21/02/1995 00:00,1.580,5.981,1.064
22/02/1995 00:00,1.535,5.866,1.032
23/02/1995 00:00,1.520,5.954,0.998
24/02/1995 00:00,1.527,5.955,0.979
25/02/1995 00:00,1.536,5.982,0.957
26/02/1995 00:00,1.541,6.138,0.929
27/02/1995 00:00,1.561,6.202,0.907
28/02/1995 00:00,1.572,6.177,0.881
01/03/1995 00:00,1.551,6.131,0.863
02/03/1995 00:00,1.543,6.113,0.842
03/03/1995 00:00,1.526,6.165,0.834
04/03/1995 00:00,1.518,6.178,0.825
05/03/1995 00:00,1.507,6.139,0.809
06/03/1995 00:00,1.504,6.117,0.796
07/03/1995 00:00,1.502,6.142,0.794
08/03/1995 00:00,1.499,6.147,0.798
09/03/1995 00:00,1.535,6.203,0.821
10/03/1995 00:00,1.566,6.220,0.820
11/03/1995 00:00,1.615,6.380,0.839
12/03/1995 00:00,1.615,6.620,0.836
13/03/1995 00:00,1.575,6.756,0.818
14/03/1995 00:00,1.520,6.606,0.804
15/03/1995 00:00,1.486,6.509,0.797
16/03/1995 00:00,1.455,6.464,0.804
17/03/1995 00:00,1.449,6.465,0.786
18/03/1995 00:00,1.424,6.344,0.776
19/03/1995 00:00,1.382,6.296,0.768
20/03/1995 00:00,1.347,6.161,0.755
21/03/1995 00:00,1.318,6.057,0.748
22/03/1995 00:00,1.308,5.960,0.750
23/03/1995 00:00,1.299,5.872,0.770
24/03/1995 00:00,1.310,5.859,0.761
25/03/1995 00:00,1.321,5.898,0.775
26/03/1995 00:00,2.121,7.931,0.971
27/03/1995 00:00,3.135,11.178,1.675
28/03/1995 00:00,2.897,9.873,1.376
29/03/1995 00:00,2.322,8.346,1.099
30/03/1995 00:00,1.866,7.261,0.960
31/03/1995 00:00,1.768,6.767,0.928
01/04/1995 00:00,1.714,6.695,0.886
02/04/1995 00:00,1.684,6.526,0.893
03/04/1995 00:00,1.695,6.510,0.778
04/04/1995 00:00,1.626,6.529,0.823
05/04/1995 00:00,1.969,7.579,0.925
06/04/1995 00:00,2.211,7.901,0.887
07/04/1995 00:00,2.167,7.357,0.845
08/04/1995 00:00,1.940,6.872,0.802
09/04/1995 00:00,1.854,6.924,0.769
10/04/1995 00:00,1.778,7.024,0.769
11/04/1995 00:00,1.725,6.845,0.847
12/04/1995 00:00,1.705,6.860,0.773
13/04/1995 00:00,1.654,6.666,0.758
14/04/1995 00:00,1.685,7.115,0.756
15/04/1995 00:00,1.920,7.242,0.811
16/04/1995 00:00,2.044,7.633,0.793
17/04/1995 00:00,2.035,7.371,0.767
18/04/1995 00:00,1.881,6.982,0.742
19/04/1995 00:00,1.835,6.822,0.731
20/04/1995 00:00,1.770,6.586,0.717
21/04/1995 00:00,1.808,6.464,0.717
22/04/1995 00:00,1.783,6.451,0.727
23/04/1995 00:00,1.793,6.330,0.729
24/04/1995 00:00,1.785,6.177,0.741
25/04/1995 00:00,1.807,6.795,0.729
26/04/1995 00:00,1.823,7.831,0.766
27/04/1995 00:00,1.842,7.627,0.752
28/04/1995 00:00,1.987,7.772,0.817
29/04/1995 00:00,1.987,8.118,0.743
30/04/1995 00:00,1.964,8.279,0.733
01/05/1995 00:00,1.877,8.045,0.772
02/05/1995 00:00,1.855,8.229,0.795
03/05/1995 00:00,1.947,8.399,0.814
04/05/1995 00:00,2.513,8.453,0.937
05/05/1995 00:00,4.836,11.184,1.684
06/05/1995 00:00,10.036,29.994,9.416
07/05/1995 00:00,25.557,112.033,43.016
08/05/1995 00:00,15.199,70.401,45.571
09/05/1995 00:00,11.009,50.567,32.504
10/05/1995 00:00,10.280,31.830,20.090
11/05/1995 00:00,6.507,24.621,13.265
12/05/1995 00:00,5.881,16.075,9.681
13/05/1995 00:00,4.593,12.418,5.542
14/05/1995 00:00,3.713,11.309,4.013
15/05/1995 00:00,3.515,10.248,2.874
16/05/1995 00:00,2.627,8.588,1.974
17/05/1995 00:00,2.344,8.409,1.719
18/05/1995 00:00,2.124,8.051,1.636
19/05/1995 00:00,2.177,7.885,1.785
20/05/1995 00:00,2.374,8.287,1.829
21/05/1995 00:00,2.357,7.843,1.648
22/05/1995 00:00,2.647,8.176,1.517
23/05/1995 00:00,2.522,7.511,1.452
24/05/1995 00:00,2.533,7.494,1.499
25/05/1995 00:00,2.436,7.260,1.559
26/05/1995 00:00,2.372,6.796,1.381
27/05/1995 00:00,2.319,6.546,1.322
28/05/1995 00:00,2.324,6.371,1.302
29/05/1995 00:00,2.245,6.070,1.269
30/05/1995 00:00,2.188,5.775,1.216
31/05/1995 00:00,2.261,5.808,1.238
01/06/1995 00:00,2.299,5.732,1.258
02/06/1995 00:00,2.589,6.850,1.433
03/06/1995 00:00,3.094,7.754,1.769
04/06/1995 00:00,3.259,8.112,1.993
05/06/1995 00:00,4.389,10.319,2.600
06/06/1995 00:00,3.391,6.623,2.182
07/06/1995 00:00,3.426,6.379,1.789
08/06/1995 00:00,2.569,5.731,1.309
09/06/1995 00:00,2.978,5.441,1.761
10/06/1995 00:00,3.158,5.468,1.509
11/06/1995 00:00,3.201,5.577,1.773
12/06/1995 00:00,3.901,6.933,2.151
13/06/1995 00:00,4.499,9.145,2.380
14/06/1995 00:00,4.099,7.862,2.212
15/06/1995 00:00,4.643,10.923,2.870
16/06/1995 00:00,5.962,11.706,3.552
17/06/1995 00:00,5.843,13.262,4.054
18/06/1995 00:00,5.261,10.640,3.165
19/06/1995 00:00,3.625,7.850,2.953
20/06/1995 00:00,3.271,7.238,1.404
21/06/1995 00:00,3.187,7.396,1.681
22/06/1995 00:00,5.044,17.140,4.263
23/06/1995 00:00,5.794,15.852,5.740
24/06/1995 00:00,6.217,19.215,5.439
25/06/1995 00:00,5.020,15.484,4.237
26/06/1995 00:00,4.194,11.150,3.218
27/06/1995 00:00,4.322,8.600,1.995
28/06/1995 00:00,3.226,6.806,1.670
29/06/1995 00:00,2.758,6.183,1.434
30/06/1995 00:00,2.728,6.246,1.405
01/07/1995 00:00,2.551,5.935,1.310
02/07/1995 00:00,2.557,5.831,1.292
03/07/1995 00:00,2.605,5.846,1.411
04/07/1995 00:00,2.627,6.010,1.549
05/07/1995 00:00,2.950,6.790,1.500
06/07/1995 00:00,5.156,11.534,2.456
07/07/1995 00:00,4.256,11.550,2.270
08/07/1995 00:00,3.588,8.603,2.183
09/07/1995 00:00,3.725,9.192,2.153
10/07/1995 00:00,5.730,14.456,4.436
11/07/1995 00:00,7.126,17.650,4.240
12/07/1995 00:00,4.972,14.294,3.134
13/07/1995 00:00,4.205,10.954,1.610
14/07/1995 00:00,4.371,9.555,1.735
15/07/1995 00:00,7.059,19.279,5.286
16/07/1995 00:00,7.315,21.677,6.993
17/07/1995 00:00,6.586,19.153,5.262
18/07/1995 00:00,4.585,15.387,2.943
19/07/1995 00:00,3.946,10.832,1.858
20/07/1995 00:00,3.497,9.372,1.575
21/07/1995 00:00,3.562,8.294,1.288
22/07/1995 00:00,3.215,7.952,0.960
23/07/1995 00:00,3.619,8.606,1.460
24/07/1995 00:00,4.723,12.947,3.565
25/07/1995 00:00,4.920,13.821,3.021
26/07/1995 00:00,5.641,15.203,3.317
27/07/1995 00:00,6.828,20.531,5.717
28/07/1995 00:00,8.703,24.667,10.648
29/07/1995 00:00,7.773,25.286,7.713
30/07/1995 00:00,6.278,21.676,5.763
31/07/1995 00:00,5.798,14.562,3.219
01/08/1995 00:00,5.074,16.809,4.989
02/08/1995 00:00,4.070,14.645,4.299
03/08/1995 00:00,4.138,10.513,2.791
04/08/1995 00:00,3.305,8.382,1.794
05/08/1995 00:00,4.172,9.275,2.303
06/08/1995 00:00,4.870,14.620,4.708
07/08/1995 00:00,5.711,17.074,4.349
08/08/1995 00:00,8.446,23.383,8.507
09/08/1995 00:00,10.691,28.210,13.287
10/08/1995 00:00,9.110,23.915,10.408
11/08/1995 00:00,10.601,29.560,10.173
12/08/1995 00:00,6.625,18.117,8.060
13/08/1995 00:00,7.464,17.675,4.710
14/08/1995 00:00,7.674,18.698,7.536
15/08/1995 00:00,8.994,21.043,9.117
16/08/1995 00:00,6.864,14.684,7.280
17/08/1995 00:00,6.874,14.143,7.370
18/08/1995 00:00,7.124,14.320,7.675
19/08/1995 00:00,8.420,20.376,9.771
20/08/1995 00:00,10.856,23.987,11.771
21/08/1995 00:00,24.302,56.973,20.451
22/08/1995 00:00,17.759,48.584,17.625
23/08/1995 00:00,17.538,34.580,16.308
24/08/1995 00:00,18.460,41.517,19.213
25/08/1995 00:00,13.846,30.297,14.390
26/08/1995 00:00,13.369,25.006,17.840
27/08/1995 00:00,12.476,24.086,15.715
28/08/1995 00:00,10.262,19.810,10.125
29/08/1995 00:00,7.807,15.632,8.189
30/08/1995 00:00,6.877,13.860,5.609
31/08/1995 00:00,6.972,12.876,5.681
01/09/1995 00:00,6.017,11.934,4.005
02/09/1995 00:00,5.453,10.500,3.290
03/09/1995 00:00,4.574,9.914,3.181
04/09/1995 00:00,4.826,12.408,4.707
05/09/1995 00:00,5.343,12.741,5.593
06/09/1995 00:00,4.910,11.600,4.360
07/09/1995 00:00,4.330,10.384,3.888
08/09/1995 00:00,3.940,8.686,3.459
09/09/1995 00:00,4.024,8.674,3.769
10/09/1995 00:00,5.140,12.974,6.912
11/09/1995 00:00,7.141,19.183,13.632
12/09/1995 00:00,7.293,20.461,11.160
13/09/1995 00:00,5.549,15.570,5.886
14/09/1995 00:00,4.510,9.808,4.020
15/09/1995 00:00,3.976,8.442,4.300
16/09/1995 00:00,3.915,9.221,5.554
17/09/1995 00:00,5.825,15.583,9.390
18/09/1995 00:00,5.326,13.789,5.052
19/09/1995 00:00,4.235,12.360,5.044
20/09/1995 00:00,4.032,11.003,5.327
21/09/1995 00:00,5.620,16.407,7.740
22/09/1995 00:00,4.816,13.830,4.609
23/09/1995 00:00,4.134,13.291,4.137
24/09/1995 00:00,3.708,9.947,3.116
25/09/1995 00:00,3.268,8.629,1.994
26/09/1995 00:00,3.135,7.980,2.330
27/09/1995 00:00,3.109,9.771,3.618
28/09/1995 00:00,8.428,23.496,12.910
29/09/1995 00:00,10.991,40.708,16.395
30/09/1995 00:00,25.884,78.130,25.009
01/10/1995 00:00,12.666,50.140,18.604
02/10/1995 00:00,9.784,30.248,12.007
03/10/1995 00:00,7.443,21.821,8.911
04/10/1995 00:00,8.570,24.895,10.585
05/10/1995 00:00,6.814,20.304,9.126
06/10/1995 00:00,6.219,20.076,9.503
07/10/1995 00:00,7.865,23.872,13.455
08/10/1995 00:00,7.132,22.998,10.298
09/10/1995 00:00,5.777,19.866,7.432
10/10/1995 00:00,4.592,16.471,5.237
11/10/1995 00:00,6.042,21.887,8.335
12/10/1995 00:00,5.870,22.309,8.920
13/10/1995 00:00,5.062,18.677,6.936
14/10/1995 00:00,5.396,17.465,7.276
15/10/1995 00:00,8.795,26.518,14.075
16/10/1995 00:00,6.881,21.858,9.572
17/10/1995 00:00,5.763,18.539,7.156
18/10/1995 00:00,4.835,15.015,7.367
19/10/1995 00:00,5.037,16.093,9.838
20/10/1995 00:00,5.155,19.430,9.881
21/10/1995 00:00,8.124,26.044,10.628
22/10/1995 00:00,7.559,25.294,11.528
23/10/1995 00:00,7.624,27.184,13.280
24/10/1995 00:00,11.443,41.354,20.431
25/10/1995 00:00,18.503,58.254,26.038
26/10/1995 00:00,13.183,45.864,21.153
27/10/1995 00:00,14.061,49.380,21.778
28/10/1995 00:00,11.307,34.971,19.797
29/10/1995 00:00,9.159,29.591,18.331
30/10/1995 00:00,9.711,26.350,16.503
31/10/1995 00:00,7.960,19.073,12.678
01/11/1995 00:00,6.061,14.702,8.703
02/11/1995 00:00,6.716,14.603,7.908
03/11/1995 00:00,10.843,29.170,12.487
04/11/1995 00:00,24.172,77.159,30.913
05/11/1995 00:00,31.955,132.101,40.606
06/11/1995 00:00,42.532,178.635,66.029
07/11/1995 00:00,22.845,104.966,41.448
08/11/1995 00:00,14.673,47.043,29.267
09/11/1995 00:00,11.015,27.643,15.103
10/11/1995 00:00,8.333,24.700,10.962
11/11/1995 00:00,8.260,22.107,8.771
12/11/1995 00:00,7.656,19.653,7.120
13/11/1995 00:00,6.415,16.681,5.466
14/11/1995 00:00,5.618,14.253,4.444
15/11/1995 00:00,5.096,12.594,3.831
16/11/1995 00:00,4.745,11.579,3.374
17/11/1995 00:00,4.163,10.410,3.041
18/11/1995 00:00,3.850,9.875,2.850
19/11/1995 00:00,3.664,9.873,2.773
20/11/1995 00:00,3.587,9.538,2.772
21/11/1995 00:00,3.403,9.530,2.662
22/11/1995 00:00,3.270,9.180,2.542
23/11/1995 00:00,3.298,9.292,2.774
24/11/1995 00:00,4.927,11.305,4.369
25/11/1995 00:00,5.615,14.774,5.095
26/11/1995 00:00,5.485,14.169,4.650
27/11/1995 00:00,4.968,12.771,3.783
28/11/1995 00:00,4.815,12.063,3.335
29/11/1995 00:00,4.165,10.815,2.518
30/11/1995 00:00,3.592,9.692,2.078
01/12/1995 00:00,3.178,8.767,1.909
02/12/1995 00:00,2.962,8.283,1.801
03/12/1995 00:00,2.769,7.810,1.714
04/12/1995 00:00,2.660,7.533,1.626
05/12/1995 00:00,2.557,7.450,1.584
06/12/1995 00:00,2.493,7.389,1.617
07/12/1995 00:00,2.535,7.345,1.735
08/12/1995 00:00,2.528,7.141,1.649
09/12/1995 00:00,2.427,7.115,1.682
10/12/1995 00:00,2.448,7.276,1.840
11/12/1995 00:00,2.509,7.130,1.681
12/12/1995 00:00,2.467,6.872,1.488
13/12/1995 00:00,2.444,6.894,1.370
14/12/1995 00:00,2.260,6.727,1.304
15/12/1995 00:00,2.204,6.453,1.268
16/12/1995 00:00,2.162,6.312,1.279
17/12/1995 00:00,2.182,5.917,1.300
18/12/1995 00:00,2.107,6.053,1.308
19/12/1995 00:00,2.134,6.167,1.270
20/12/1995 00:00,2.104,6.121,1.393
21/12/1995 00:00,2.100,5.950,1.158
22/12/1995 00:00,2.082,5.614,1.362
23/12/1995 00:00,2.064,5.496,1.118
24/12/1995 00:00,1.978,5.486,1.082
25/12/1995 00:00,1.925,5.548,1.077
26/12/1995 00:00,1.906,5.573,1.072
27/12/1995 00:00,2.043,5.482,1.099
28/12/1995 00:00,2.035,5.346,1.063
29/12/1995 00:00,2.045,5.256,1.057
30/12/1995 00:00,2.047,5.252,1.062
31/12/1995 00:00,1.923,5.209,1.010
01/01/1996 00:00,1.853,5.268,0.991
02/01/1996 00:00,1.842,5.320,1.000
03/01/1996 00:00,1.957,5.157,1.010
04/01/1996 00:00,1.867,4.830,1.205
05/01/1996 00:00,1.974,4.844,1.034
06/01/1996 00:00,1.901,4.987,1.273
07/01/1996 00:00,1.890,4.777,1.071
08/01/1996 00:00,1.797,5.009,0.977
09/01/1996 00:00,1.825,5.122,0.976
10/01/1996 00:00,1.798,5.207,0.979
11/01/1996 00:00,1.684,5.083,1.003
12/01/1996 00:00,1.698,5.041,0.965
13/01/1996 00:00,1.730,4.916,0.901
14/01/1996 00:00,1.836,5.124,0.861
15/01/1996 00:00,1.929,5.174,0.860
16/01/1996 00:00,2.054,5.130,0.850
17/01/1996 00:00,1.684,5.770,0.782
18/01/1996 00:00,1.402,5.110,0.746
19/01/1996 00:00,1.219,5.388,1.023
20/01/1996 00:00,1.228,5.204,0.762
21/01/1996 00:00,1.215,5.158,0.731
22/01/1996 00:00,1.264,5.138,0.717
23/01/1996 00:00,1.252,5.130,0.715
24/01/1996 00:00,1.236,5.120,0.685
25/01/1996 00:00,1.202,5.106,0.656
26/01/1996 00:00,1.164,5.024,0.624
27/01/1996 00:00,1.145,4.929,0.640
28/01/1996 00:00,1.109,4.775,0.635
29/01/1996 00:00,1.110,4.609,0.617
30/01/1996 00:00,1.059,4.470,0.595
31/01/1996 00:00,1.113,4.585,0.602
01/02/1996 00:00,1.053,4.484,0.610
02/02/1996 00:00,1.024,4.380,0.586
03/02/1996 00:00,0.999,4.168,0.570
04/02/1996 00:00,1.003,4.086,0.577
05/02/1996 00:00,0.978,3.998,0.565
06/02/1996 00:00,0.993,3.945,0.556
07/02/1996 00:00,0.980,3.871,0.547
08/02/1996 00:00,0.975,3.801,0.542
09/02/1996 00:00,0.980,3.812,0.561
10/02/1996 00:00,1.034,3.971,0.589
11/02/1996 00:00,1.073,4.122,0.601
12/02/1996 00:00,1.091,4.178,0.631
13/02/1996 00:00,1.079,4.027,0.611
14/02/1996 00:00,1.039,3.856,0.609
15/02/1996 00:00,1.004,3.718,0.579
16/02/1996 00:00,0.983,3.583,0.567
17/02/1996 00:00,0.978,3.541,0.557
18/02/1996 00:00,0.983,3.536,0.551
19/02/1996 00:00,0.987,3.531,0.546
20/02/1996 00:00,0.977,3.563,0.556
21/02/1996 00:00,1.010,3.656,0.569
22/02/1996 00:00,1.035,3.789,0.579
23/02/1996 00:00,1.058,3.875,0.567
24/02/1996 00:00,1.030,3.789,0.557
25/02/1996 00:00,1.001,3.654,0.548
26/02/1996 00:00,0.979,3.583,0.552
27/02/1996 00:00,0.982,3.658,0.554
28/02/1996 00:00,0.975,3.613,0.547
29/02/1996 00:00,0.971,3.596,0.544
01/03/1996 00:00,0.950,3.639,0.537
02/03/1996 00:00,0.937,3.597,0.533
03/03/1996 00:00,0.921,3.623,0.528
04/03/1996 00:00,0.917,3.698,0.526
05/03/1996 00:00,0.931,3.814,0.526
06/03/1996 00:00,0.932,3.884,0.523
07/03/1996 00:00,0.940,3.910,0.517
08/03/1996 00:00,0.938,3.924,0.515
09/03/1996 00:00,0.945,3.918,0.509
10/03/1996 00:00,0.936,3.916,0.504
11/03/1996 00:00,0.925,3.880,0.502
12/03/1996 00:00,0.925,3.868,0.501
13/03/1996 00:00,0.916,3.856,0.493
14/03/1996 00:00,0.918,3.818,0.482
15/03/1996 00:00,0.909,3.804,0.473
16/03/1996 00:00,0.931,3.821,0.464
17/03/1996 00:00,0.955,3.919,0.461
18/03/1996 00:00,1.003,4.000,0.462
19/03/1996 00:00,1.032,4.093,0.452
20/03/1996 00:00,1.027,4.048,0.439
21/03/1996 00:00,1.004,3.980,0.431
22/03/1996 00:00,1.005,4.041,0.425
23/03/1996 00:00,1.003,3.993,0.418
24/03/1996 00:00,0.927,4.059,0.415
25/03/1996 00:00,0.952,4.268,0.414
26/03/1996 00:00,0.987,4.382,0.416
27/03/1996 00:00,1.045,4.552,0.417
28/03/1996 00:00,1.066,4.817,0.420
29/03/1996 00:00,1.100,4.974,0.415
30/03/1996 00:00,1.091,4.879,0.408
31/03/1996 00:00,1.094,5.133,0.405
01/04/1996 00:00,1.101,5.350,0.411
02/04/1996 00:00,1.139,5.706,0.421
03/04/1996 00:00,1.094,5.722,0.416
04/04/1996 00:00,1.140,5.849,0.405
05/04/1996 00:00,1.160,5.865,0.406
06/04/1996 00:00,1.198,6.082,0.445
07/04/1996 00:00,1.529,6.796,0.713
08/04/1996 00:00,1.499,7.392,0.603
09/04/1996 00:00,1.326,6.566,0.467
10/04/1996 00:00,1.233,6.403,0.484
11/04/1996 00:00,1.323,6.374,0.503
12/04/1996 00:00,2.433,7.709,0.674
13/04/1996 00:00,6.668,18.920,2.785
14/04/1996 00:00,6.604,19.034,3.337
15/04/1996 00:00,4.772,15.744,2.739
16/04/1996 00:00,4.695,12.198,2.063
17/04/1996 00:00,3.961,9.627,1.429
18/04/1996 00:00,2.602,7.664,1.087
19/04/1996 00:00,1.895,6.845,0.942
20/04/1996 00:00,1.541,5.972,0.903
21/04/1996 00:00,1.412,5.517,0.880
22/04/1996 00:00,1.548,5.764,0.889
23/04/1996 00:00,1.595,5.927,0.903
24/04/1996 00:00,1.424,5.698,0.901
25/04/1996 00:00,1.391,5.355,0.891
26/04/1996 00:00,1.314,5.014,0.879
27/04/1996 00:00,1.334,4.668,0.869
28/04/1996 00:00,1.292,4.373,0.863
29/04/1996 00:00,1.359,4.019,0.866
30/04/1996 00:00,1.466,4.499,0.867
01/05/1996 00:00,2.657,8.529,1.243
02/05/1996 00:00,2.389,8.649,1.236
03/05/1996 00:00,2.089,8.566,1.001
04/05/1996 00:00,2.317,7.086,0.974
05/05/1996 00:00,2.104,5.987,0.925
06/05/1996 00:00,1.093,5.768,0.990
07/05/1996 00:00,1.172,5.451,1.161
08/05/1996 00:00,1.153,5.277,1.146
09/05/1996 00:00,1.088,5.386,1.126
10/05/1996 00:00,1.086,5.417,1.116
11/05/1996 00:00,1.098,5.468,1.106
12/05/1996 00:00,1.095,5.469,1.098
13/05/1996 00:00,1.133,5.589,1.113
14/05/1996 00:00,1.075,5.579,1.115
15/05/1996 00:00,1.062,5.605,1.102
16/05/1996 00:00,0.997,5.631,1.085
17/05/1996 00:00,0.955,5.659,1.074
18/05/1996 00:00,0.922,5.709,1.061
19/05/1996 00:00,1.169,5.894,1.050
20/05/1996 00:00,1.168,6.156,1.081
21/05/1996 00:00,1.108,5.975,1.058
22/05/1996 00:00,0.960,5.876,1.022
23/05/1996 00:00,0.981,5.864,1.020
24/05/1996 00:00,1.015,5.796,1.004
25/05/1996 00:00,1.017,5.829,0.993
26/05/1996 00:00,0.968,5.751,0.991
27/05/1996 00:00,1.016,5.795,0.995
28/05/1996 00:00,1.110,5.800,0.995
29/05/1996 00:00,1.176,5.935,0.983
30/05/1996 00:00,1.106,5.938,0.987
31/05/1996 00:00,1.071,5.743,0.974
01/06/1996 00:00,0.964,5.706,0.970
02/06/1996 00:00,0.975,5.707,0.962
03/06/1996 00:00,0.972,5.635,0.934
04/06/1996 00:00,1.055,5.707,0.943
05/06/1996 00:00,1.204,5.649,0.927
06/06/1996 00:00,1.502,6.200,0.958
07/06/1996 00:00,1.690,6.625,0.960
08/06/1996 00:00,1.509,6.704,0.966
09/06/1996 00:00,3.601,9.785,1.091
10/06/1996 00:00,5.282,14.966,1.260
11/06/1996 00:00,6.234,18.495,3.103
12/06/1996 00:00,8.710,27.669,6.873
13/06/1996 00:00,35.461,122.381,52.856
14/06/1996 00:00,109.299,435.154,227.119
15/06/1996 00:00,72.758,247.518,96.412
16/06/1996 00:00,32.539,108.706,56.117
17/06/1996 00:00,22.414,69.980,29.765
18/06/1996 00:00,12.386,43.945,18.029
19/06/1996 00:00,11.194,31.951,12.830
20/06/1996 00:00,8.245,22.027,8.876
21/06/1996 00:00,6.172,18.282,6.534
22/06/1996 00:00,5.241,15.579,6.171
23/06/1996 00:00,6.966,28.351,11.319
24/06/1996 00:00,5.714,17.325,8.434
25/06/1996 00:00,6.081,14.346,6.103
26/06/1996 00:00,4.125,11.473,5.219
27/06/1996 00:00,5.791,27.227,10.764
28/06/1996 00:00,4.986,20.595,9.021
29/06/1996 00:00,5.668,17.773,5.898
30/06/1996 00:00,3.976,11.001,3.830
01/07/1996 00:00,3.498,9.730,3.264
02/07/1996 00:00,3.735,9.133,2.503
03/07/1996 00:00,3.888,9.151,2.389
04/07/1996 00:00,3.339,8.845,2.460
05/07/1996 00:00,3.803,8.619,2.542
06/07/1996 00:00,4.552,10.327,2.863
07/07/1996 00:00,4.997,13.224,3.587
08/07/1996 00:00,5.273,13.443,3.570
09/07/1996 00:00,5.214,14.073,3.192
10/07/1996 00:00,6.857,15.863,4.132
11/07/1996 00:00,5.507,12.371,3.265
12/07/1996 00:00,4.935,11.610,2.911
13/07/1996 00:00,4.988,11.079,3.298
14/07/1996 00:00,5.455,13.911,4.025
15/07/1996 00:00,4.544,13.086,3.993
16/07/1996 00:00,4.497,10.660,3.385
17/07/1996 00:00,4.097,9.722,3.106
18/07/1996 00:00,4.588,11.599,4.030
19/07/1996 00:00,4.804,12.365,4.314
20/07/1996 00:00,5.062,12.441,4.014
21/07/1996 00:00,5.231,13.338,4.087
22/07/1996 00:00,4.735,11.105,3.438
23/07/1996 00:00,4.058,9.332,2.516
24/07/1996 00:00,3.505,8.988,2.344
25/07/1996 00:00,3.718,8.469,2.227
26/07/1996 00:00,3.515,8.123,1.840
27/07/1996 00:00,3.183,8.231,2.117
28/07/1996 00:00,3.122,8.182,1.617
29/07/1996 00:00,3.364,8.066,1.582
30/07/1996 00:00,3.346,8.174,1.974
31/07/1996 00:00,3.189,8.018,1.524
01/08/1996 00:00,3.197,7.899,1.446
02/08/1996 00:00,2.930,7.611,1.375
03/08/1996 00:00,2.918,7.380,1.748
04/08/1996 00:00,2.402,7.257,1.732
05/08/1996 00:00,2.372,7.160,1.707
06/08/1996 00:00,2.271,7.135,1.796
07/08/1996 00:00,2.878,6.894,1.956
08/08/1996 00:00,2.793,7.331,1.838
09/08/1996 00:00,2.734,6.858,1.887
10/08/1996 00:00,2.635,7.721,1.924
11/08/1996 00:00,3.890,9.643,2.696
12/08/1996 00:00,9.925,24.681,11.803
13/08/1996 00:00,15.144,35.733,17.125
14/08/1996 00:00,14.771,39.415,16.248
15/08/1996 00:00,9.697,34.199,14.758
16/08/1996 00:00,8.657,28.532,13.895
17/08/1996 00:00,7.807,26.816,12.743
18/08/1996 00:00,7.318,23.007,10.586
19/08/1996 00:00,8.905,28.348,10.118
20/08/1996 00:00,11.647,32.285,16.367
21/08/1996 00:00,18.780,47.093,19.328
22/08/1996 00:00,20.617,50.068,17.021
23/08/1996 00:00,13.381,35.843,16.507
24/08/1996 00:00,10.976,27.269,10.717
25/08/1996 00:00,8.725,23.138,9.605
26/08/1996 00:00,7.134,16.186,8.569
27/08/1996 00:00,5.937,13.132,6.327
28/08/1996 00:00,5.154,11.926,4.891
29/08/1996 00:00,4.495,11.088,4.038
30/08/1996 00:00,4.009,10.637,3.410
31/08/1996 00:00,6.358,18.026,7.496
01/09/1996 00:00,7.649,21.950,10.825
02/09/1996 00:00,10.043,28.261,13.721
03/09/1996 00:00,9.447,24.318,12.800
04/09/1996 00:00,9.679,26.216,14.048
05/09/1996 00:00,10.160,27.724,13.614
06/09/1996 00:00,8.327,20.603,10.448
07/09/1996 00:00,7.495,18.796,10.875
08/09/1996 00:00,14.136,32.773,14.892
09/09/1996 00:00,12.926,27.623,13.546
10/09/1996 00:00,10.460,22.987,15.122
11/09/1996 00:00,11.044,24.812,16.117
12/09/1996 00:00,17.727,48.658,23.728
13/09/1996 00:00,31.257,86.476,44.694
14/09/1996 00:00,30.371,99.682,30.931
15/09/1996 00:00,21.442,64.005,27.591
16/09/1996 00:00,12.788,32.254,17.081
17/09/1996 00:00,9.560,21.160,12.821
18/09/1996 00:00,8.058,20.506,10.086
19/09/1996 00:00,8.574,18.944,9.645
20/09/1996 00:00,7.929,17.763,9.176
21/09/1996 00:00,6.809,18.385,9.498
22/09/1996 00:00,10.248,28.420,14.767
23/09/1996 00:00,14.000,31.359,15.413
24/09/1996 00:00,27.785,76.097,25.360
25/09/1996 00:00,30.177,74.997,23.781
26/09/1996 00:00,20.983,61.278,18.905
27/09/1996 00:00,12.561,29.347,14.225
28/09/1996 00:00,17.886,44.861,20.034
29/09/1996 00:00,18.798,52.046,20.245
30/09/1996 00:00,13.363,36.873,14.284
01/10/1996 00:00,9.892,24.459,12.513
02/10/1996 00:00,9.873,24.711,11.716
03/10/1996 00:00,8.679,20.293,9.724
04/10/1996 00:00,7.282,15.897,8.117
05/10/1996 00:00,6.748,14.017,5.840
06/10/1996 00:00,5.626,12.786,4.876
07/10/1996 00:00,6.469,15.892,7.330
08/10/1996 00:00,8.088,19.973,11.004
09/10/1996 00:00,17.411,56.319,25.984
10/10/1996 00:00,20.094,57.658,22.129
11/10/1996 00:00,21.948,73.515,25.045
12/10/1996 00:00,29.141,87.536,31.955
13/10/1996 00:00,26.732,77.050,29.318
14/10/1996 00:00,30.441,85.312,31.248
15/10/1996 00:00,38.502,116.666,37.665
16/10/1996 00:00,43.344,121.953,46.060
17/10/1996 00:00,52.803,149.959,59.276
18/10/1996 00:00,68.340,205.272,67.835
19/10/1996 00:00,63.220,183.020,68.487
20/10/1996 00:00,31.229,128.658,51.306
21/10/1996 00:00,22.779,67.953,26.748
22/10/1996 00:00,18.092,50.653,18.917
23/10/1996 00:00,13.493,37.582,15.407
24/10/1996 00:00,11.859,37.780,14.252
25/10/1996 00:00,11.502,42.120,14.570
26/10/1996 00:00,10.277,38.237,12.454
27/10/1996 00:00,8.253,33.355,9.278
28/10/1996 00:00,7.115,24.994,6.768
29/10/1996 00:00,6.400,20.292,5.848
30/10/1996 00:00,5.652,17.159,5.135
31/10/1996 00:00,5.031,14.866,4.887
01/11/1996 00:00,4.247,10.929,5.158
02/11/1996 00:00,4.687,11.703,4.860
03/11/1996 00:00,4.616,11.834,4.470
04/11/1996 00:00,4.268,11.294,4.137
05/11/1996 00:00,4.109,9.811,3.516
06/11/1996 00:00,3.874,9.183,3.330
07/11/1996 00:00,3.737,8.628,3.199
08/11/1996 00:00,3.686,8.440,3.252
09/11/1996 00:00,3.671,8.258,3.012
10/11/1996 00:00,3.681,8.078,2.861
11/11/1996 00:00,3.550,7.666,2.766
12/11/1996 00:00,3.512,7.419,2.531
13/11/1996 00:00,3.590,7.298,2.404
14/11/1996 00:00,3.655,7.372,2.501
15/11/1996 00:00,3.669,7.374,2.461
16/11/1996 00:00,3.587,7.076,2.387
17/11/1996 00:00,3.481,6.866,2.317
18/11/1996 00:00,6.391,16.280,9.754
19/11/1996 00:00,8.085,24.244,13.278
20/11/1996 00:00,6.786,22.568,9.168
21/11/1996 00:00,12.640,46.142,18.356
22/11/1996 00:00,40.284,108.573,61.672
23/11/1996 00:00,52.052,176.998,65.761
24/11/1996 00:00,69.964,245.543,148.689
25/11/1996 00:00,56.421,222.032,76.643
26/11/1996 00:00,55.545,198.577,75.022
27/11/1996 00:00,43.121,182.004,69.671
28/11/1996 00:00,24.953,123.240,55.948
29/11/1996 00:00,16.402,78.273,47.140
30/11/1996 00:00,11.845,45.256,28.787
01/12/1996 00:00,8.996,32.691,19.153
02/12/1996 00:00,7.558,24.965,13.203
03/12/1996 00:00,6.969,21.977,9.546
04/12/1996 00:00,6.223,18.690,7.346
05/12/1996 00:00,5.732,16.610,6.222
06/12/1996 00:00,8.813,26.082,18.427
07/12/1996 00:00,16.281,58.178,30.655
08/12/1996 00:00,44.907,174.174,95.425
09/12/1996 00:00,216.228,665.386,240.036
10/12/1996 00:00,231.294,682.728,295.327
11/12/1996 00:00,213.589,715.167,274.828
12/12/1996 00:00,183.240,681.535,310.598
13/12/1996 00:00,239.062,863.919,394.827
14/12/1996 00:00,247.265,731.744,324.155
15/12/1996 00:00,188.463,587.825,319.142
16/12/1996 00:00,173.618,559.590,283.453
17/12/1996 00:00,139.652,395.030,165.712
18/12/1996 00:00,77.213,238.362,97.026
19/12/1996 00:00,45.508,134.572,69.124
20/12/1996 00:00,29.904,75.264,56.349
21/12/1996 00:00,22.079,63.128,45.017
22/12/1996 00:00,18.343,55.003,42.275
23/12/1996 00:00,17.502,51.942,27.256
24/12/1996 00:00,16.432,48.240,16.056
25/12/1996 00:00,15.275,45.140,13.652
26/12/1996 00:00,14.634,43.928,12.439
27/12/1996 00:00,13.810,42.416,11.186
28/12/1996 00:00,13.193,38.395,9.589
29/12/1996 00:00,11.229,37.095,8.125
30/12/1996 00:00,10.660,34.413,7.625
31/12/1996 00:00,11.373,33.110,7.219
01/01/1997 00:00,10.415,30.680,6.825
02/01/1997 00:00,10.125,29.377,6.378
03/01/1997 00:00,9.578,27.419,5.888
04/01/1997 00:00,9.239,24.845,5.493
05/01/1997 00:00,8.094,22.808,5.222
06/01/1997 00:00,7.928,21.116,4.994
07/01/1997 00:00,8.704,19.893,4.916
08/01/1997 00:00,9.228,22.265,6.673
09/01/1997 00:00,9.108,23.961,7.356
10/01/1997 00:00,9.722,24.173,6.610
11/01/1997 00:00,11.206,28.076,11.898
12/01/1997 00:00,12.063,32.005,9.408
13/01/1997 00:00,10.768,28.488,6.761
14/01/1997 00:00,9.392,24.301,5.488
15/01/1997 00:00,8.828,21.314,4.550
16/01/1997 00:00,8.187,19.875,4.273
17/01/1997 00:00,7.849,19.096,4.231
18/01/1997 00:00,7.728,18.932,4.230
19/01/1997 00:00,7.543,18.470,4.025
20/01/1997 00:00,7.189,17.618,3.820
21/01/1997 00:00,6.650,15.946,3.677
22/01/1997 00:00,6.378,15.249,3.605
23/01/1997 00:00,6.075,14.611,3.434
24/01/1997 00:00,5.921,13.753,3.258
25/01/1997 00:00,5.756,13.030,3.213
26/01/1997 00:00,5.651,12.556,3.143
27/01/1997 00:00,5.516,12.152,3.081
28/01/1997 00:00,5.266,11.926,3.010
29/01/1997 00:00,5.469,11.608,2.856
30/01/1997 00:00,5.042,11.113,2.881
31/01/1997 00:00,5.052,10.787,2.826
01/02/1997 00:00,4.880,10.568,2.782
02/02/1997 00:00,4.726,10.348,2.720
03/02/1997 00:00,4.688,10.234,2.644
04/02/1997 00:00,4.559,10.128,2.592
05/02/1997 00:00,4.409,10.031,2.555
06/02/1997 00:00,4.215,9.717,2.483
07/02/1997 00:00,4.118,9.441,1.968
08/02/1997 00:00,4.407,9.156,1.817
09/02/1997 00:00,4.040,8.913,1.823
10/02/1997 00:00,4.003,8.690,1.871
11/02/1997 00:00,3.972,8.554,1.707
12/02/1997 00:00,3.839,8.311,1.660
13/02/1997 00:00,3.839,8.184,1.605
14/02/1997 00:00,3.795,8.010,1.658
15/02/1997 00:00,3.732,7.778,1.497
16/02/1997 00:00,3.643,7.575,1.454
17/02/1997 00:00,3.586,7.375,1.663
18/02/1997 00:00,3.518,7.220,1.449
19/02/1997 00:00,3.461,7.178,1.444
20/02/1997 00:00,3.474,7.161,1.528
21/02/1997 00:00,3.488,7.169,1.426
22/02/1997 00:00,3.493,7.232,1.388
23/02/1997 00:00,3.462,7.228,1.343
24/02/1997 00:00,3.438,7.158,1.310
25/02/1997 00:00,3.350,6.976,1.271
26/02/1997 00:00,3.298,6.775,1.220
27/02/1997 00:00,3.231,6.573,1.187
28/02/1997 00:00,3.160,6.426,1.156
01/03/1997 00:00,3.078,6.324,1.136
02/03/1997 00:00,3.010,6.235,1.113
03/03/1997 00:00,2.977,6.134,1.099
04/03/1997 00:00,2.925,6.020,1.082
05/03/1997 00:00,2.863,5.914,1.057
06/03/1997 00:00,2.770,5.840,1.034
07/03/1997 00:00,2.663,5.796,1.021
08/03/1997 00:00,2.599,5.759,1.001
09/03/1997 00:00,2.609,5.688,0.966
10/03/1997 00:00,2.612,5.605,0.945
11/03/1997 00:00,2.628,5.505,0.931
12/03/1997 00:00,2.650,5.427,0.913
13/03/1997 00:00,2.690,5.379,0.892
14/03/1997 00:00,2.721,5.330,0.888
15/03/1997 00:00,2.752,5.276,0.877
16/03/1997 00:00,2.798,5.280,0.884
17/03/1997 00:00,2.809,5.092,0.905
18/03/1997 00:00,2.840,4.964,0.869
19/03/1997 00:00,2.826,4.876,0.848
20/03/1997 00:00,2.840,4.816,0.833
21/03/1997 00:00,2.892,4.832,0.839
22/03/1997 00:00,2.961,4.798,0.827
23/03/1997 00:00,2.967,4.745,0.818
24/03/1997 00:00,2.929,4.655,0.804
25/03/1997 00:00,2.854,4.562,0.793
26/03/1997 00:00,2.788,4.493,0.799
27/03/1997 00:00,2.809,4.469,0.806
28/03/1997 00:00,2.808,4.505,0.812
29/03/1997 00:00,2.898,4.530,0.803
30/03/1997 00:00,3.442,4.974,0.936
31/03/1997 00:00,3.815,5.620,1.237
01/04/1997 00:00,4.062,5.873,1.235
02/04/1997 00:00,4.239,6.272,1.417
03/04/1997 00:00,4.146,6.605,1.423
04/04/1997 00:00,4.015,6.464,1.571
05/04/1997 00:00,4.329,7.597,2.284
06/04/1997 00:00,7.474,17.462,4.325
07/04/1997 00:00,5.571,13.073,4.353
08/04/1997 00:00,4.560,8.857,1.770
09/04/1997 00:00,4.109,7.346,1.868
10/04/1997 00:00,3.888,6.038,1.716
11/04/1997 00:00,3.808,5.775,1.646
12/04/1997 00:00,4.026,5.506,1.758
13/04/1997 00:00,3.820,5.777,1.752
14/04/1997 00:00,3.690,6.164,1.634
15/04/1997 00:00,3.653,5.750,1.292
16/04/1997 00:00,3.553,5.508,1.110
17/04/1997 00:00,3.479,5.537,1.481
18/04/1997 00:00,3.433,5.491,1.392
19/04/1997 00:00,3.394,5.508,1.391
20/04/1997 00:00,3.276,5.519,1.100
21/04/1997 00:00,3.192,5.356,1.048
22/04/1997 00:00,3.097,5.242,1.289
23/04/1997 00:00,3.034,5.200,1.296
24/04/1997 00:00,3.011,5.148,1.281
25/04/1997 00:00,2.964,5.169,1.300
26/04/1997 00:00,2.937,5.246,1.279
27/04/1997 00:00,2.897,5.396,0.910
28/04/1997 00:00,2.875,5.166,0.900
29/04/1997 00:00,2.809,5.091,1.342
30/04/1997 00:00,2.936,5.713,1.234
01/05/1997 00:00,2.942,5.184,1.256
02/05/1997 00:00,2.968,5.337,1.282
03/05/1997 00:00,3.080,5.451,1.283
04/05/1997 00:00,3.067,5.397,1.257
05/05/1997 00:00,3.506,5.879,1.562
06/05/1997 00:00,4.392,6.679,2.191
07/05/1997 00:00,4.828,6.890,1.874
08/05/1997 00:00,4.603,6.690,1.707
09/05/1997 00:00,4.061,6.158,1.440
10/05/1997 00:00,3.620,5.676,1.362
11/05/1997 00:00,3.654,5.487,1.386
12/05/1997 00:00,3.426,5.388,1.330
13/05/1997 00:00,3.400,5.313,1.272
14/05/1997 00:00,3.322,5.284,1.194
15/05/1997 00:00,3.295,5.222,1.132
16/05/1997 00:00,3.190,5.117,1.103
17/05/1997 00:00,3.195,4.754,1.157
18/05/1997 00:00,3.231,4.657,1.144
19/05/1997 00:00,3.214,4.518,1.127
20/05/1997 00:00,3.124,4.390,1.106
21/05/1997 00:00,3.093,4.315,1.102
22/05/1997 00:00,3.074,4.256,1.082
23/05/1997 00:00,3.142,4.238,1.065
24/05/1997 00:00,3.239,4.254,1.066
25/05/1997 00:00,3.412,4.380,1.135
26/05/1997 00:00,3.730,4.609,1.114
27/05/1997 00:00,3.734,4.624,1.069
28/05/1997 00:00,3.514,4.489,1.073
29/05/1997 00:00,3.252,4.425,1.047
30/05/1997 00:00,3.412,4.452,1.011
31/05/1997 00:00,3.280,4.531,1.010
01/06/1997 00:00,3.303,4.764,1.014
02/06/1997 00:00,3.072,5.157,1.020
03/06/1997 00:00,3.172,5.465,1.053
04/06/1997 00:00,3.157,5.616,1.067
05/06/1997 00:00,3.210,5.692,1.140
06/06/1997 00:00,3.293,5.871,1.188
07/06/1997 00:00,3.508,6.128,1.245
08/06/1997 00:00,3.410,6.015,1.027
09/06/1997 00:00,3.315,5.896,1.022
10/06/1997 00:00,3.137,4.176,0.909
11/06/1997 00:00,3.228,4.827,1.043
12/06/1997 00:00,3.885,4.975,2.106
13/06/1997 00:00,4.815,7.076,2.830
14/06/1997 00:00,4.535,7.597,1.468
15/06/1997 00:00,4.014,7.201,1.220
16/06/1997 00:00,3.433,6.188,1.120
17/06/1997 00:00,3.342,5.513,1.112
18/06/1997 00:00,3.263,5.278,1.104
19/06/1997 00:00,3.311,5.435,1.092
20/06/1997 00:00,3.309,5.403,1.078
21/06/1997 00:00,3.579,5.987,2.742
22/06/1997 00:00,4.029,7.274,2.324
23/06/1997 00:00,4.519,8.942,2.846
24/06/1997 00:00,6.135,12.712,4.718
25/06/1997 00:00,5.372,11.109,3.292
26/06/1997 00:00,4.561,8.261,2.101
27/06/1997 00:00,3.461,6.811,1.540
28/06/1997 00:00,3.319,6.340,1.407
29/06/1997 00:00,3.280,6.100,1.385
30/06/1997 00:00,3.551,6.257,1.507
01/07/1997 00:00,3.558,6.391,1.402
02/07/1997 00:00,3.591,6.593,1.354
03/07/1997 00:00,3.418,6.842,1.307
04/07/1997 00:00,3.417,6.834,1.329
05/07/1997 00:00,3.736,7.065,2.109
06/07/1997 00:00,3.499,6.984,1.779
07/07/1997 00:00,3.901,7.115,1.703
08/07/1997 00:00,3.553,7.139,1.531
09/07/1997 00:00,3.834,7.051,1.601
10/07/1997 00:00,3.646,7.494,2.071
11/07/1997 00:00,5.715,15.264,5.996
12/07/1997 00:00,5.337,15.186,4.598
13/07/1997 00:00,4.716,10.107,3.220
14/07/1997 00:00,3.876,7.742,2.047
15/07/1997 00:00,3.670,7.498,1.745
16/07/1997 00:00,3.615,6.975,1.625
17/07/1997 00:00,3.614,6.508,1.663
18/07/1997 00:00,3.593,6.453,1.652
19/07/1997 00:00,3.750,6.944,1.742
20/07/1997 00:00,3.655,7.570,1.588
21/07/1997 00:00,5.104,10.142,2.446
22/07/1997 00:00,6.200,15.666,4.770
23/07/1997 00:00,9.333,21.715,12.994
24/07/1997 00:00,8.982,22.152,11.939
25/07/1997 00:00,8.818,18.584,9.287
26/07/1997 00:00,6.491,12.860,3.890
27/07/1997 00:00,6.175,11.901,3.999
28/07/1997 00:00,5.384,10.462,2.896
29/07/1997 00:00,4.777,9.091,2.447
30/07/1997 00:00,4.777,8.246,2.240
31/07/1997 00:00,4.471,7.877,2.095
01/08/1997 00:00,4.889,8.613,2.226
02/08/1997 00:00,4.951,8.583,2.116
03/08/1997 00:00,4.449,8.185,1.949
04/08/1997 00:00,4.150,7.898,1.775
05/08/1997 00:00,3.846,7.555,1.671
06/08/1997 00:00,3.757,7.299,1.623
07/08/1997 00:00,3.987,7.676,1.798
08/08/1997 00:00,4.378,9.782,2.560
09/08/1997 00:00,5.407,13.483,3.783
10/08/1997 00:00,6.039,13.277,3.285
11/08/1997 00:00,5.273,11.538,3.437
12/08/1997 00:00,6.208,14.909,5.405
13/08/1997 00:00,6.067,14.108,4.579
14/08/1997 00:00,5.943,12.527,3.230
15/08/1997 00:00,6.250,11.194,2.841
16/08/1997 00:00,7.184,17.144,5.309
17/08/1997 00:00,10.550,28.234,12.891
18/08/1997 00:00,10.380,28.768,13.562
19/08/1997 00:00,9.371,21.673,7.742
20/08/1997 00:00,7.852,16.181,4.464
21/08/1997 00:00,5.537,9.922,2.679
22/08/1997 00:00,5.214,9.170,2.183
23/08/1997 00:00,4.684,8.210,1.909
24/08/1997 00:00,4.506,7.521,1.709
25/08/1997 00:00,4.403,7.276,1.564
26/08/1997 00:00,4.396,7.524,1.533
27/08/1997 00:00,5.091,9.322,2.023
28/08/1997 00:00,5.821,16.694,3.784
29/08/1997 00:00,5.961,15.687,4.936
30/08/1997 00:00,5.507,13.242,3.486
31/08/1997 00:00,4.921,9.976,2.366
01/09/1997 00:00,4.522,8.746,1.958
02/09/1997 00:00,5.217,11.338,2.535
03/09/1997 00:00,5.071,10.516,2.610
04/09/1997 00:00,5.230,10.837,2.556
05/09/1997 00:00,4.901,10.036,1.958
06/09/1997 00:00,5.067,10.880,2.358
07/09/1997 00:00,5.371,12.286,3.975
08/09/1997 00:00,6.149,16.948,7.307
09/09/1997 00:00,6.393,16.181,5.869
10/09/1997 00:00,6.760,14.397,2.770
11/09/1997 00:00,6.649,13.133,2.091
12/09/1997 00:00,7.173,15.194,3.244
13/09/1997 00:00,8.788,18.479,5.894
14/09/1997 00:00,8.437,18.101,6.537
15/09/1997 00:00,9.321,19.615,8.466
16/09/1997 00:00,11.429,22.673,8.769
17/09/1997 00:00,10.299,22.455,8.070
18/09/1997 00:00,10.643,21.512,6.417
19/09/1997 00:00,8.629,16.386,3.544
20/09/1997 00:00,10.344,21.076,8.498
21/09/1997 00:00,8.916,21.451,9.174
22/09/1997 00:00,7.693,19.113,7.637
23/09/1997 00:00,7.024,13.584,2.967
24/09/1997 00:00,5.651,10.595,1.912
25/09/1997 00:00,4.910,9.029,1.585
26/09/1997 00:00,4.555,8.097,1.353
27/09/1997 00:00,4.284,7.540,1.143
28/09/1997 00:00,4.301,7.778,1.235
29/09/1997 00:00,4.675,8.309,1.862
30/09/1997 00:00,5.475,15.202,4.056
01/10/1997 00:00,6.686,21.063,7.006
02/10/1997 00:00,7.554,22.398,10.135
03/10/1997 00:00,7.263,22.189,8.327
04/10/1997 00:00,5.668,12.699,2.253
05/10/1997 00:00,5.082,9.234,1.419
06/10/1997 00:00,4.493,7.762,1.384
07/10/1997 00:00,4.069,7.443,1.205
08/10/1997 00:00,3.970,7.009,1.199
09/10/1997 00:00,3.418,6.683,1.173
10/10/1997 00:00,3.342,6.369,1.083
11/10/1997 00:00,3.433,6.698,1.065
12/10/1997 00:00,3.849,8.311,1.613
13/10/1997 00:00,4.141,13.141,3.580
14/10/1997 00:00,4.367,12.823,3.415
15/10/1997 00:00,4.748,14.815,5.340
16/10/1997 00:00,5.422,17.534,8.716
17/10/1997 00:00,6.766,24.035,9.616
18/10/1997 00:00,6.143,20.047,7.604
19/10/1997 00:00,6.989,25.115,10.952
20/10/1997 00:00,7.558,26.009,12.566
21/10/1997 00:00,8.660,36.220,14.427
22/10/1997 00:00,10.864,44.235,16.135
23/10/1997 00:00,10.593,34.348,15.710
24/10/1997 00:00,12.327,32.841,14.439
25/10/1997 00:00,10.507,25.606,10.462
26/10/1997 00:00,9.333,26.065,11.692
27/10/1997 00:00,10.959,35.043,14.454
28/10/1997 00:00,17.106,54.402,15.771
29/10/1997 00:00,16.039,53.817,16.647
30/10/1997 00:00,13.139,39.209,16.560
31/10/1997 00:00,10.653,32.140,12.484
01/11/1997 00:00,8.906,27.102,10.135
02/11/1997 00:00,17.955,56.382,16.676
03/11/1997 00:00,38.930,112.976,33.792
04/11/1997 00:00,37.364,114.632,40.184
05/11/1997 00:00,36.111,112.614,29.288
06/11/1997 00:00,39.382,143.853,49.167
07/11/1997 00:00,79.730,319.670,130.707
08/11/1997 00:00,76.576,286.454,106.769
09/11/1997 00:00,60.486,206.993,60.441
10/11/1997 00:00,34.145,84.976,46.387
11/11/1997 00:00,31.837,89.075,39.293
12/11/1997 00:00,29.892,56.517,30.171
13/11/1997 00:00,18.105,37.571,19.265
14/11/1997 00:00,19.197,36.519,19.925
15/11/1997 00:00,33.830,98.064,50.345
16/11/1997 00:00,71.085,194.577,67.375
17/11/1997 00:00,55.524,205.848,86.624
18/11/1997 00:00,59.645,204.774,75.667
19/11/1997 00:00,49.477,159.467,48.367
20/11/1997 00:00,38.840,133.217,40.100
21/11/1997 00:00,26.519,87.935,37.547
22/11/1997 00:00,25.028,71.097,29.393
23/11/1997 00:00,34.762,98.107,34.789
24/11/1997 00:00,42.935,123.000,46.037
25/11/1997 00:00,29.566,80.149,34.444
26/11/1997 00:00,38.291,92.580,42.335
27/11/1997 00:00,51.167,138.417,70.983
28/11/1997 00:00,42.550,116.928,62.701
29/11/1997 00:00,39.015,105.297,40.057
30/11/1997 00:00,30.853,60.377,35.162
01/12/1997 00:00,18.635,50.524,29.754
02/12/1997 00:00,13.696,41.049,17.979
03/12/1997 00:00,11.095,35.429,12.934
04/12/1997 00:00,27.930,96.102,49.138
05/12/1997 00:00,84.676,233.105,120.382
06/12/1997 00:00,191.899,583.811,282.566
07/12/1997 00:00,243.753,586.568,341.669
08/12/1997 00:00,141.024,416.104,205.406
09/12/1997 00:00,71.574,203.535,106.802
10/12/1997 00:00,47.301,140.199,69.471
11/12/1997 00:00,32.528,100.713,50.776
12/12/1997 00:00,28.547,87.482,43.072
13/12/1997 00:00,25.139,78.330,37.309
14/12/1997 00:00,20.840,66.062,29.005
15/12/1997 00:00,17.477,53.306,24.620
16/12/1997 00:00,12.682,48.226,16.110
17/12/1997 00:00,20.298,54.908,30.022
18/12/1997 00:00,22.060,59.762,31.103
19/12/1997 00:00,38.075,90.734,46.298
20/12/1997 00:00,33.274,70.780,42.248
21/12/1997 00:00,22.775,63.834,28.247
22/12/1997 00:00,14.109,51.097,17.092
23/12/1997 00:00,10.860,40.790,12.431
24/12/1997 00:00,8.731,31.044,10.160
25/12/1997 00:00,8.157,25.343,9.673
26/12/1997 00:00,7.596,22.346,9.294
27/12/1997 00:00,7.367,20.525,8.804
28/12/1997 00:00,7.600,19.161,8.691
29/12/1997 00:00,7.429,17.511,8.045
30/12/1997 00:00,6.715,15.947,7.125
31/12/1997 00:00,6.453,14.769,6.380
01/01/1998 00:00,6.083,14.287,5.950
02/01/1998 00:00,5.809,13.701,5.728
03/01/1998 00:00,5.744,13.505,5.569
04/01/1998 00:00,5.798,13.238,5.447
05/01/1998 00:00,5.630,12.985,5.270
06/01/1998 00:00,5.532,12.673,4.806
07/01/1998 00:00,5.374,12.327,4.872
08/01/1998 00:00,5.197,11.816,4.666
09/01/1998 00:00,5.091,11.749,4.464
10/01/1998 00:00,5.195,9.475,4.250
11/01/1998 00:00,5.151,11.403,3.922
12/01/1998 00:00,3.909,10.636,3.705
13/01/1998 00:00,3.841,10.350,3.413
14/01/1998 00:00,4.019,10.150,3.210
15/01/1998 00:00,4.195,10.128,3.015
16/01/1998 00:00,3.860,9.924,2.853
17/01/1998 00:00,3.611,9.743,2.693
18/01/1998 00:00,3.445,9.501,2.620
19/01/1998 00:00,3.615,9.292,2.504
20/01/1998 00:00,3.406,9.262,2.553
21/01/1998 00:00,3.864,9.194,2.412
22/01/1998 00:00,2.824,9.001,2.225
23/01/1998 00:00,2.885,9.070,2.172
24/01/1998 00:00,3.140,9.149,2.140
25/01/1998 00:00,3.574,9.278,2.107
26/01/1998 00:00,3.870,9.100,1.985
27/01/1998 00:00,3.339,8.973,1.912
28/01/1998 00:00,3.076,8.642,1.812
29/01/1998 00:00,2.907,8.516,1.780
30/01/1998 00:00,3.066,8.637,1.938
31/01/1998 00:00,3.160,8.841,1.894
01/02/1998 00:00,3.202,8.599,1.714
02/02/1998 00:00,3.474,8.220,1.550
03/02/1998 00:00,3.420,7.868,1.464
04/02/1998 00:00,3.335,7.505,1.396
05/02/1998 00:00,3.173,7.181,1.319
06/02/1998 00:00,3.124,7.177,1.282
07/02/1998 00:00,3.028,7.269,1.270
08/02/1998 00:00,2.983,7.350,1.324
09/02/1998 00:00,3.196,7.505,1.535
10/02/1998 00:00,3.304,7.481,1.717
11/02/1998 00:00,3.267,7.607,1.557
12/02/1998 00:00,3.057,7.360,1.368
13/02/1998 00:00,2.671,7.142,1.244
14/02/1998 00:00,2.618,7.023,1.199
15/02/1998 00:00,2.529,6.919,1.187
16/02/1998 00:00,2.493,6.771,1.178
17/02/1998 00:00,2.472,6.587,1.178
18/02/1998 00:00,2.505,6.591,1.241
19/02/1998 00:00,2.520,6.642,1.251
20/02/1998 00:00,2.472,6.578,1.243
21/02/1998 00:00,2.436,6.523,1.174
22/02/1998 00:00,2.447,6.525,1.182
23/02/1998 00:00,2.820,6.689,1.244
24/02/1998 00:00,2.769,6.783,1.152
25/02/1998 00:00,2.674,7.046,1.078
26/02/1998 00:00,2.522,6.852,1.050
27/02/1998 00:00,2.521,7.057,1.046
28/02/1998 00:00,2.537,6.750,1.012
01/03/1998 00:00,2.492,7.087,0.989
02/03/1998 00:00,2.502,6.678,0.959
03/03/1998 00:00,2.482,6.848,0.939
04/03/1998 00:00,2.443,6.553,0.911
05/03/1998 00:00,2.441,6.669,0.907
06/03/1998 00:00,2.465,6.477,0.889
07/03/1998 00:00,2.456,6.771,0.952
08/03/1998 00:00,2.622,6.464,0.929
09/03/1998 00:00,2.578,6.710,0.915
10/03/1998 00:00,2.546,6.345,0.898
11/03/1998 00:00,2.465,6.496,0.868
12/03/1998 00:00,2.393,5.895,0.831
13/03/1998 00:00,2.380,6.002,0.800
14/03/1998 00:00,2.365,5.708,0.783
15/03/1998 00:00,2.389,5.889,0.773
16/03/1998 00:00,2.405,5.665,0.770
17/03/1998 00:00,2.416,5.901,0.766
18/03/1998 00:00,2.325,5.742,0.755
19/03/1998 00:00,2.299,5.907,0.760
20/03/1998 00:00,2.265,5.780,0.756
21/03/1998 00:00,2.266,6.053,0.737
22/03/1998 00:00,2.211,5.924,0.725
23/03/1998 00:00,2.209,6.156,0.715
24/03/1998 00:00,2.175,6.207,0.731
25/03/1998 00:00,2.271,6.606,0.751
26/03/1998 00:00,2.308,6.410,0.787
27/03/1998 00:00,2.356,6.710,0.783
28/03/1998 00:00,2.327,6.558,0.830
29/03/1998 00:00,2.329,5.579,1.031
30/03/1998 00:00,2.223,6.543,1.097
31/03/1998 00:00,2.318,6.900,0.983
01/04/1998 00:00,2.459,7.320,1.125
02/04/1998 00:00,2.599,7.260,1.091
03/04/1998 00:00,2.621,7.313,0.874
04/04/1998 00:00,2.465,5.729,0.822
05/04/1998 00:00,2.330,6.591,1.141
06/04/1998 00:00,2.332,6.863,0.784
07/04/1998 00:00,2.297,6.763,0.752
08/04/1998 00:00,2.314,6.533,0.754
09/04/1998 00:00,2.262,5.624,0.764
10/04/1998 00:00,2.318,5.461,0.935
11/04/1998 00:00,2.311,6.152,0.962
12/04/1998 00:00,2.361,7.079,0.812
13/04/1998 00:00,2.318,6.939,0.825
14/04/1998 00:00,2.378,7.134,0.833
15/04/1998 00:00,2.276,6.783,0.804
16/04/1998 00:00,2.310,6.911,0.767
17/04/1998 00:00,2.229,6.691,0.823
18/04/1998 00:00,2.320,7.037,0.782
19/04/1998 00:00,2.314,7.005,0.764
20/04/1998 00:00,2.392,7.409,0.783
21/04/1998 00:00,2.371,7.334,0.784
22/04/1998 00:00,2.408,7.479,0.776
23/04/1998 00:00,2.396,7.470,0.778
24/04/1998 00:00,2.405,7.462,0.779
25/04/1998 00:00,2.414,7.498,0.826
26/04/1998 00:00,2.395,7.613,0.784
27/04/1998 00:00,2.536,7.747,0.771
28/04/1998 00:00,2.508,7.935,0.814
29/04/1998 00:00,2.945,8.681,1.075
30/04/1998 00:00,2.939,8.963,0.857
01/05/1998 00:00,3.179,8.615,0.806
02/05/1998 00:00,2.889,8.414,0.818
03/05/1998 00:00,2.979,8.048,0.773
04/05/1998 00:00,2.876,7.503,0.726
05/05/1998 00:00,2.852,7.382,0.740
06/05/1998 00:00,2.666,7.433,0.818
07/05/1998 00:00,2.793,8.004,0.760
08/05/1998 00:00,2.720,6.430,0.772
09/05/1998 00:00,2.704,6.430,0.848
10/05/1998 00:00,2.774,6.484,0.793
11/05/1998 00:00,2.944,6.974,0.824
12/05/1998 00:00,3.049,7.387,0.931
13/05/1998 00:00,2.929,7.517,0.892
14/05/1998 00:00,3.232,8.442,1.366
15/05/1998 00:00,7.791,20.011,6.660
16/05/1998 00:00,14.061,48.237,16.410
17/05/1998 00:00,9.508,32.361,11.860
18/05/1998 00:00,6.800,18.117,6.590
19/05/1998 00:00,4.668,13.541,4.473
20/05/1998 00:00,4.085,11.676,2.962
21/05/1998 00:00,3.867,8.743,1.792
22/05/1998 00:00,3.855,10.371,1.231
23/05/1998 00:00,4.130,10.824,1.256
24/05/1998 00:00,4.125,10.147,1.153
25/05/1998 00:00,4.625,10.021,1.078
26/05/1998 00:00,4.913,8.804,1.013
27/05/1998 00:00,4.758,8.250,0.955
28/05/1998 00:00,4.492,7.167,0.910
29/05/1998 00:00,3.773,6.498,0.852
30/05/1998 00:00,3.506,5.555,0.805
31/05/1998 00:00,3.231,5.542,0.778
01/06/1998 00:00,3.105,5.107,0.753
02/06/1998 00:00,2.980,5.210,0.745
03/06/1998 00:00,2.920,4.856,0.733
04/06/1998 00:00,2.804,4.965,0.732
05/06/1998 00:00,2.769,4.687,0.734
06/06/1998 00:00,2.959,4.921,0.757
07/06/1998 00:00,3.129,4.790,0.747
08/06/1998 00:00,3.308,5.149,0.880
09/06/1998 00:00,3.882,6.188,1.419
10/06/1998 00:00,4.122,6.775,1.227
11/06/1998 00:00,4.276,7.611,1.215
12/06/1998 00:00,4.848,7.710,1.396
13/06/1998 00:00,4.175,7.028,1.740
14/06/1998 00:00,3.575,5.834,1.352
15/06/1998 00:00,2.974,5.159,0.929
16/06/1998 00:00,3.457,6.166,1.321
17/06/1998 00:00,5.001,9.306,2.286
18/06/1998 00:00,4.232,7.247,1.732
19/06/1998 00:00,3.118,6.095,1.228
20/06/1998 00:00,2.795,6.048,1.122
21/06/1998 00:00,2.842,5.808,1.184
22/06/1998 00:00,2.836,5.227,0.970
23/06/1998 00:00,2.884,6.116,1.077
24/06/1998 00:00,2.743,5.255,0.924
25/06/1998 00:00,2.603,5.462,0.892
26/06/1998 00:00,2.714,5.104,0.971
27/06/1998 00:00,2.742,5.563,1.172
28/06/1998 00:00,3.344,5.992,1.674
29/06/1998 00:00,2.947,5.825,1.495
30/06/1998 00:00,3.436,6.081,1.660
01/07/1998 00:00,3.187,5.917,1.366
02/07/1998 00:00,2.959,5.613,1.115
03/07/1998 00:00,2.831,5.679,1.057
04/07/1998 00:00,2.575,5.594,1.139
05/07/1998 00:00,3.030,7.919,2.348
06/07/1998 00:00,3.273,7.980,2.440
07/07/1998 00:00,2.951,7.026,1.763
08/07/1998 00:00,2.710,6.085,1.233
09/07/1998 00:00,2.529,6.476,1.330
10/07/1998 00:00,2.778,6.282,1.629
11/07/1998 00:00,2.545,6.270,1.273
12/07/1998 00:00,2.608,6.656,1.353
13/07/1998 00:00,3.172,8.456,2.319
14/07/1998 00:00,4.237,10.513,2.905
15/07/1998 00:00,4.914,11.104,3.012
16/07/1998 00:00,5.173,11.443,3.085
17/07/1998 00:00,6.497,13.393,3.922
18/07/1998 00:00,8.154,21.774,8.486
19/07/1998 00:00,8.832,21.806,6.925
20/07/1998 00:00,7.451,17.708,6.451
21/07/1998 00:00,7.723,20.644,7.881
22/07/1998 00:00,7.465,17.464,5.517
23/07/1998 00:00,7.184,15.747,3.927
24/07/1998 00:00,6.486,14.541,2.754
25/07/1998 00:00,6.415,14.410,3.070
26/07/1998 00:00,6.275,13.620,3.264
27/07/1998 00:00,6.640,19.055,4.206
28/07/1998 00:00,6.061,13.811,3.273
29/07/1998 00:00,5.319,9.588,2.512
30/07/1998 00:00,5.123,7.817,1.821
31/07/1998 00:00,5.445,10.114,2.481
01/08/1998 00:00,5.578,12.481,2.618
02/08/1998 00:00,5.357,13.070,2.756
03/08/1998 00:00,6.507,17.083,3.926
04/08/1998 00:00,6.855,20.619,6.376
05/08/1998 00:00,7.522,21.269,7.683
06/08/1998 00:00,7.073,19.958,5.980
07/08/1998 00:00,8.352,25.112,10.698
08/08/1998 00:00,7.459,25.725,8.947
09/08/1998 00:00,6.229,19.795,4.700
10/08/1998 00:00,5.999,14.690,3.165
11/08/1998 00:00,4.979,10.037,2.182
12/08/1998 00:00,4.574,8.213,1.943
13/08/1998 00:00,4.620,8.456,2.687
14/08/1998 00:00,6.116,16.688,6.260
15/08/1998 00:00,5.936,17.230,6.930
16/08/1998 00:00,5.780,21.693,6.981
17/08/1998 00:00,7.445,25.003,8.781
18/08/1998 00:00,7.834,22.663,7.942
19/08/1998 00:00,9.591,28.419,9.191
20/08/1998 00:00,12.041,36.843,14.382
21/08/1998 00:00,11.993,39.437,17.267
22/08/1998 00:00,10.988,32.417,14.132
23/08/1998 00:00,10.176,27.946,9.010
24/08/1998 00:00,9.413,22.978,6.206
25/08/1998 00:00,7.652,18.754,4.419
26/08/1998 00:00,6.183,14.934,3.368
27/08/1998 00:00,4.876,12.381,2.543
28/08/1998 00:00,4.663,10.307,2.241
29/08/1998 00:00,4.433,8.693,2.087
30/08/1998 00:00,5.238,11.075,3.293
31/08/1998 00:00,6.156,15.299,6.553
01/09/1998 00:00,6.977,16.147,8.338
02/09/1998 00:00,7.404,21.586,9.760
03/09/1998 00:00,6.910,19.827,9.340
04/09/1998 00:00,8.887,28.138,11.940
05/09/1998 00:00,9.065,28.076,9.908
06/09/1998 00:00,8.024,21.573,8.052
07/09/1998 00:00,6.396,17.558,5.338
08/09/1998 00:00,5.605,14.362,5.111
09/09/1998 00:00,5.525,13.226,4.616
10/09/1998 00:00,4.960,11.167,3.506
11/09/1998 00:00,4.472,9.423,2.520
12/09/1998 00:00,4.411,8.292,2.498
13/09/1998 00:00,5.000,13.142,3.803
14/09/1998 00:00,5.671,14.257,4.819
15/09/1998 00:00,5.123,11.941,3.180
16/09/1998 00:00,4.718,10.160,2.490
17/09/1998 00:00,4.092,8.452,2.198
18/09/1998 00:00,3.676,6.456,2.075
19/09/1998 00:00,3.543,6.860,2.070
20/09/1998 00:00,3.574,6.052,2.026
21/09/1998 00:00,3.208,5.521,1.887
22/09/1998 00:00,3.531,5.863,1.853
23/09/1998 00:00,3.695,8.061,2.537
24/09/1998 00:00,4.734,10.230,3.444
25/09/1998 00:00,5.599,15.233,5.572
26/09/1998 00:00,11.930,31.595,12.882
27/09/1998 00:00,9.754,37.726,14.516
28/09/1998 00:00,9.736,41.376,16.413
29/09/1998 00:00,9.168,39.035,18.867
30/09/1998 00:00,23.206,81.886,31.311
01/10/1998 00:00,15.082,82.217,31.266
02/10/1998 00:00,18.084,82.794,25.737
03/10/1998 00:00,21.185,69.730,27.857
04/10/1998 00:00,13.638,59.799,23.918
05/10/1998 00:00,10.186,43.919,19.470
06/10/1998 00:00,11.439,43.482,18.707
07/10/1998 00:00,10.385,42.476,16.979
08/10/1998 00:00,10.132,40.942,15.330
09/10/1998 00:00,9.868,39.150,17.059
10/10/1998 00:00,11.053,45.566,23.303
11/10/1998 00:00,14.138,50.331,22.260
12/10/1998 00:00,11.473,48.555,21.404
13/10/1998 00:00,11.555,51.932,23.470
14/10/1998 00:00,10.969,45.330,20.933
15/10/1998 00:00,7.990,27.432,13.761
16/10/1998 00:00,6.508,20.180,8.219
17/10/1998 00:00,5.796,17.447,5.912
18/10/1998 00:00,5.280,15.481,4.737
19/10/1998 00:00,4.550,13.193,4.481
20/10/1998 00:00,4.124,11.247,4.238
21/10/1998 00:00,3.778,10.435,4.382
22/10/1998 00:00,3.743,10.988,5.593
23/10/1998 00:00,3.583,10.502,5.016
24/10/1998 00:00,3.772,10.089,4.167
25/10/1998 00:00,3.544,9.436,3.351
26/10/1998 00:00,3.015,8.683,3.073
27/10/1998 00:00,2.848,8.345,2.997
28/10/1998 00:00,4.823,15.604,9.607
29/10/1998 00:00,4.937,17.175,9.480
30/10/1998 00:00,4.410,12.980,5.016
31/10/1998 00:00,2.998,9.912,2.724
01/11/1998 00:00,5.297,19.432,10.197
02/11/1998 00:00,48.287,124.447,50.885
03/11/1998 00:00,152.472,535.970,202.778
04/11/1998 00:00,205.785,855.388,297.935
05/11/1998 00:00,114.232,506.266,210.157
06/11/1998 00:00,98.445,443.232,200.748
07/11/1998 00:00,100.942,382.688,155.798
08/11/1998 00:00,63.752,264.670,118.589
09/11/1998 00:00,55.581,229.420,117.101
10/11/1998 00:00,47.137,163.319,73.915
11/11/1998 00:00,27.810,88.001,33.218
12/11/1998 00:00,19.128,60.041,21.370
13/11/1998 00:00,13.170,44.887,16.492
14/11/1998 00:00,10.574,31.782,12.892
15/11/1998 00:00,8.585,24.385,8.433
16/11/1998 00:00,7.005,20.714,6.567
17/11/1998 00:00,5.576,18.772,5.773
18/11/1998 00:00,5.278,17.345,5.271
19/11/1998 00:00,4.770,17.042,4.974
20/11/1998 00:00,5.683,18.458,6.079
21/11/1998 00:00,5.226,17.949,4.872
22/11/1998 00:00,4.840,16.182,4.246
23/11/1998 00:00,4.485,14.727,3.911
24/11/1998 00:00,4.623,13.726,4.169
25/11/1998 00:00,3.653,13.725,4.153
26/11/1998 00:00,4.428,12.588,4.287
27/11/1998 00:00,4.104,11.163,3.505
28/11/1998 00:00,3.860,10.904,2.873
29/11/1998 00:00,4.376,11.557,4.307
30/11/1998 00:00,5.444,14.496,6.405
01/12/1998 00:00,5.378,14.592,5.112
02/12/1998 00:00,4.688,14.865,4.138
03/12/1998 00:00,4.739,12.018,3.951
04/12/1998 00:00,13.260,46.261,18.537
05/12/1998 00:00,12.585,43.389,18.961
06/12/1998 00:00,8.132,34.852,8.759
07/12/1998 00:00,10.537,42.211,9.381
08/12/1998 00:00,14.580,62.225,14.620
09/12/1998 00:00,64.105,196.865,72.023
10/12/1998 00:00,142.155,507.651,160.952
11/12/1998 00:00,121.548,419.611,136.778
12/12/1998 00:00,76.464,232.423,100.784
13/12/1998 00:00,72.895,242.957,82.613
14/12/1998 00:00,50.657,181.386,65.107
15/12/1998 00:00,26.325,107.983,45.092
16/12/1998 00:00,17.578,66.107,29.119
17/12/1998 00:00,13.379,47.041,23.217
18/12/1998 00:00,11.128,42.643,16.080
19/12/1998 00:00,9.747,32.824,11.304
20/12/1998 00:00,9.092,28.007,8.202
21/12/1998 00:00,8.428,24.133,6.576
22/12/1998 00:00,7.584,21.306,5.782
23/12/1998 00:00,6.985,19.224,5.282
24/12/1998 00:00,6.538,17.816,5.008
25/12/1998 00:00,6.347,16.635,4.660
26/12/1998 00:00,6.213,15.832,4.622
27/12/1998 00:00,6.080,15.365,4.550
28/12/1998 00:00,5.891,15.006,4.476
29/12/1998 00:00,5.655,13.962,4.160
30/12/1998 00:00,5.444,13.000,3.941
31/12/1998 00:00,5.333,12.548,3.809
01/01/1999 00:00,5.179,12.055,3.724
02/01/1999 00:00,5.123,11.567,3.530
03/01/1999 00:00,4.982,11.193,3.412
04/01/1999 00:00,4.660,10.778,3.294
05/01/1999 00:00,5.119,11.714,4.930
06/01/1999 00:00,5.079,12.580,4.565
07/01/1999 00:00,4.769,11.573,3.632
08/01/1999 00:00,4.524,10.549,3.124
09/01/1999 00:00,4.313,9.893,3.007
10/01/1999 00:00,4.072,9.455,2.897
11/01/1999 00:00,3.954,9.360,2.786
12/01/1999 00:00,3.776,8.929,2.716
13/01/1999 00:00,4.265,9.977,3.285
14/01/1999 00:00,4.704,11.273,3.598
15/01/1999 00:00,4.870,11.068,3.044
16/01/1999 00:00,4.387,10.042,2.736
17/01/1999 00:00,3.829,9.134,2.615
18/01/1999 00:00,3.356,8.709,2.488
19/01/1999 00:00,3.106,8.388,2.389
20/01/1999 00:00,3.018,8.033,2.319
21/01/1999 00:00,2.922,7.913,2.214
22/01/1999 00:00,2.881,7.754,2.087
23/01/1999 00:00,2.805,7.556,2.001
24/01/1999 00:00,2.714,7.418,1.873
25/01/1999 00:00,2.612,7.511,1.998
26/01/1999 00:00,2.556,7.305,1.897
27/01/1999 00:00,2.435,7.342,1.817
28/01/1999 00:00,2.398,6.910,2.058
29/01/1999 00:00,2.358,6.752,2.106
30/01/1999 00:00,2.310,6.734,1.937
31/01/1999 00:00,2.267,6.820,1.566
01/02/1999 00:00,2.241,6.730,1.600
02/02/1999 00:00,2.285,6.733,1.628
03/02/1999 00:00,2.409,7.002,1.697
04/02/1999 00:00,2.428,7.084,1.733
05/02/1999 00:00,2.678,7.483,1.954
06/02/1999 00:00,2.978,7.907,1.969
07/02/1999 00:00,2.983,7.915,2.081
08/02/1999 00:00,2.852,7.301,1.560
09/02/1999 00:00,2.594,6.805,1.814
10/02/1999 00:00,2.424,6.399,1.841
11/02/1999 00:00,2.244,6.720,1.652
12/02/1999 00:00,2.202,6.690,1.594
13/02/1999 00:00,2.204,6.750,1.587
14/02/1999 00:00,2.144,6.528,1.630
15/02/1999 00:00,2.129,6.374,1.665
16/02/1999 00:00,2.100,6.268,1.671
17/02/1999 00:00,2.071,6.143,1.706
18/02/1999 00:00,2.053,6.066,1.695
19/02/1999 00:00,2.067,6.077,1.698
20/02/1999 00:00,2.083,6.136,1.694
21/02/1999 00:00,2.103,6.180,1.648
22/02/1999 00:00,2.060,5.686,1.628
23/02/1999 00:00,2.003,5.861,1.634
24/02/1999 00:00,1.910,5.644,1.606
25/02/1999 00:00,1.850,5.524,1.568
26/02/1999 00:00,1.813,5.593,1.550
27/02/1999 00:00,1.811,5.621,1.544
28/02/1999 00:00,1.801,5.593,1.561
01/03/1999 00:00,1.819,5.548,1.560
02/03/1999 00:00,1.805,5.519,1.530
03/03/1999 00:00,1.788,5.500,1.493
04/03/1999 00:00,1.761,5.440,1.482
05/03/1999 00:00,1.765,5.963,1.449
06/03/1999 00:00,1.743,5.480,1.453
07/03/1999 00:00,1.732,5.245,1.402
08/03/1999 00:00,1.675,5.178,1.387
09/03/1999 00:00,1.695,5.098,1.368
10/03/1999 00:00,1.637,4.953,1.345
11/03/1999 00:00,1.679,4.831,1.329
12/03/1999 00:00,1.645,4.815,1.346
13/03/1999 00:00,1.780,4.867,1.371
14/03/1999 00:00,1.827,4.930,1.407
15/03/1999 00:00,1.904,4.763,1.383
16/03/1999 00:00,1.852,4.560,1.351
17/03/1999 00:00,1.859,4.497,1.321
18/03/1999 00:00,1.803,4.515,1.280
19/03/1999 00:00,1.805,4.397,1.267
20/03/1999 00:00,1.804,4.362,1.253
21/03/1999 00:00,1.818,4.347,1.236
22/03/1999 00:00,1.863,4.418,1.225
23/03/1999 00:00,1.863,4.733,1.204
24/03/1999 00:00,1.919,4.850,1.208
25/03/1999 00:00,1.914,4.816,1.220
26/03/1999 00:00,1.968,4.739,1.194
27/03/1999 00:00,1.894,4.588,1.199
28/03/1999 00:00,1.962,4.665,1.176
29/03/1999 00:00,1.850,4.759,1.187
30/03/1999 00:00,1.925,4.985,1.182
31/03/1999 00:00,1.784,4.596,1.046
01/04/1999 00:00,1.820,4.463,1.101
02/04/1999 00:00,1.687,4.521,1.098
03/04/1999 00:00,1.704,4.550,1.107
04/04/1999 00:00,1.668,4.621,1.185
05/04/1999 00:00,1.835,4.715,1.344
06/04/1999 00:00,1.922,4.713,1.307
07/04/1999 00:00,1.975,4.575,1.169
08/04/1999 00:00,1.989,4.524,1.162
09/04/1999 00:00,1.961,4.426,1.139
10/04/1999 00:00,2.013,4.580,1.049
11/04/1999 00:00,1.935,4.605,1.011
12/04/1999 00:00,2.091,4.749,1.022
13/04/1999 00:00,2.094,5.009,1.010
14/04/1999 00:00,2.219,5.133,0.933
15/04/1999 00:00,2.112,5.193,0.915
16/04/1999 00:00,2.088,5.286,0.945
17/04/1999 00:00,2.017,5.385,0.953
18/04/1999 00:00,1.986,5.475,0.967
19/04/1999 00:00,2.000,5.560,0.966
20/04/1999 00:00,2.020,5.625,0.981
21/04/1999 00:00,3.166,7.547,2.127
22/04/1999 00:00,9.236,26.359,9.279
23/04/1999 00:00,6.484,27.130,6.439
24/04/1999 00:00,4.917,14.195,5.594
25/04/1999 00:00,4.479,9.847,3.778
26/04/1999 00:00,4.018,7.968,2.444
27/04/1999 00:00,3.779,6.605,2.039
28/04/1999 00:00,3.570,5.218,1.795
29/04/1999 00:00,3.324,5.667,1.359
30/04/1999 00:00,3.194,5.469,1.206
01/05/1999 00:00,3.203,5.553,1.127
02/05/1999 00:00,3.137,5.625,1.092
03/05/1999 00:00,4.982,12.539,1.915
04/05/1999 00:00,5.952,13.400,2.473
05/05/1999 00:00,6.229,12.429,2.226
06/05/1999 00:00,5.180,10.554,2.158
07/05/1999 00:00,4.528,7.858,1.947
08/05/1999 00:00,3.969,6.650,1.628
09/05/1999 00:00,3.848,6.312,1.439
10/05/1999 00:00,3.986,6.379,1.348
11/05/1999 00:00,3.804,4.704,1.175
12/05/1999 00:00,4.416,7.713,1.819
13/05/1999 00:00,4.494,8.924,1.847
14/05/1999 00:00,4.423,9.695,1.837
15/05/1999 00:00,5.294,9.759,1.810
16/05/1999 00:00,5.186,7.797,1.685
17/05/1999 00:00,4.659,6.816,1.688
18/05/1999 00:00,3.992,5.775,1.574
19/05/1999 00:00,3.296,5.013,1.526
20/05/1999 00:00,3.463,4.904,1.537
21/05/1999 00:00,3.262,4.901,1.504
22/05/1999 00:00,3.377,4.862,1.464
23/05/1999 00:00,3.293,5.567,1.576
24/05/1999 00:00,3.195,5.186,1.587
25/05/1999 00:00,3.176,5.553,1.667
26/05/1999 00:00,3.105,5.260,1.655
27/05/1999 00:00,2.883,5.013,1.529
28/05/1999 00:00,2.860,4.918,1.399
29/05/1999 00:00,2.807,4.929,1.349
30/05/1999 00:00,2.969,4.944,1.388
31/05/1999 00:00,3.665,8.932,1.997
01/06/1999 00:00,6.561,15.493,4.873
02/06/1999 00:00,5.084,14.307,5.217
03/06/1999 00:00,4.232,11.074,4.460
04/06/1999 00:00,3.637,7.852,2.906
05/06/1999 00:00,3.894,7.328,2.113
06/06/1999 00:00,3.759,6.948,1.718
07/06/1999 00:00,4.752,8.004,2.043
08/06/1999 00:00,4.535,8.242,2.133
09/06/1999 00:00,3.797,7.620,2.102
10/06/1999 00:00,3.513,7.583,2.145
11/06/1999 00:00,3.097,6.736,1.733
12/06/1999 00:00,2.687,6.151,1.437
13/06/1999 00:00,2.963,6.062,1.497
14/06/1999 00:00,3.273,6.483,1.655
15/06/1999 00:00,4.608,14.444,3.032
16/06/1999 00:00,5.117,13.852,3.287
17/06/1999 00:00,4.278,10.933,2.613
18/06/1999 00:00,3.981,8.581,2.158
19/06/1999 00:00,3.661,7.192,1.811
20/06/1999 00:00,3.141,6.718,1.550
21/06/1999 00:00,2.925,5.939,1.428
22/06/1999 00:00,2.795,5.758,1.326
23/06/1999 00:00,2.757,5.521,1.145
24/06/1999 00:00,2.756,5.581,1.076
25/06/1999 00:00,2.650,5.562,1.141
26/06/1999 00:00,2.595,5.780,1.106
27/06/1999 00:00,2.738,5.677,1.164
28/06/1999 00:00,2.615,5.586,1.173
29/06/1999 00:00,2.720,5.530,1.157
30/06/1999 00:00,4.387,13.467,2.175
01/07/1999 00:00,4.259,13.444,3.733
02/07/1999 00:00,4.493,10.403,2.568
03/07/1999 00:00,3.206,7.350,1.725
04/07/1999 00:00,2.782,7.090,1.392
05/07/1999 00:00,4.082,8.613,1.401
06/07/1999 00:00,4.495,8.779,1.473
07/07/1999 00:00,5.224,12.818,3.131
08/07/1999 00:00,4.022,10.106,2.334
09/07/1999 00:00,4.113,9.042,2.181
10/07/1999 00:00,4.009,9.032,1.796
11/07/1999 00:00,4.293,9.557,2.591
12/07/1999 00:00,7.563,20.620,6.363
13/07/1999 00:00,6.036,19.633,5.841
14/07/1999 00:00,5.027,13.073,4.260
15/07/1999 00:00,3.690,9.735,2.527
16/07/1999 00:00,3.536,8.765,2.009
17/07/1999 00:00,3.363,8.582,1.737
18/07/1999 00:00,3.408,7.407,1.763
19/07/1999 00:00,3.307,7.323,1.495
20/07/1999 00:00,3.221,8.259,1.462
21/07/1999 00:00,2.906,7.305,1.178
22/07/1999 00:00,3.291,7.491,1.062
23/07/1999 00:00,2.966,7.941,1.443
24/07/1999 00:00,2.780,7.419,1.466
25/07/1999 00:00,2.567,7.361,1.378
26/07/1999 00:00,2.918,7.310,1.452
27/07/1999 00:00,2.643,7.879,1.129
28/07/1999 00:00,2.594,7.626,0.932
29/07/1999 00:00,2.405,7.457,0.866
30/07/1999 00:00,2.500,7.298,1.194
31/07/1999 00:00,3.009,8.755,1.665
01/08/1999 00:00,3.791,10.142,2.573
02/08/1999 00:00,3.686,8.837,1.842
03/08/1999 00:00,3.234,7.901,1.454
04/08/1999 00:00,2.840,7.782,1.051
05/08/1999 00:00,2.641,7.284,0.887
06/08/1999 00:00,2.886,7.132,1.130
07/08/1999 00:00,2.569,6.679,0.783
08/08/1999 00:00,2.480,6.894,0.809
09/08/1999 00:00,2.746,7.100,0.719
10/08/1999 00:00,2.759,7.432,0.682
11/08/1999 00:00,3.614,12.019,1.944
12/08/1999 00:00,3.979,11.487,1.900
13/08/1999 00:00,3.643,9.802,1.489
14/08/1999 00:00,3.449,8.490,1.163
15/08/1999 00:00,4.077,10.233,1.745
16/08/1999 00:00,4.999,11.357,3.497
17/08/1999 00:00,6.155,14.705,3.874
18/08/1999 00:00,5.131,13.511,2.953
19/08/1999 00:00,4.200,10.519,2.091
20/08/1999 00:00,5.016,16.263,4.818
21/08/1999 00:00,4.971,13.450,4.060
22/08/1999 00:00,4.317,9.940,3.004
23/08/1999 00:00,4.147,8.788,2.684
24/08/1999 00:00,4.480,11.367,3.363
25/08/1999 00:00,5.150,17.822,4.680
26/08/1999 00:00,4.748,15.922,4.161
27/08/1999 00:00,3.745,10.761,2.549
28/08/1999 00:00,3.373,8.582,1.962
29/08/1999 00:00,3.752,9.130,2.161
30/08/1999 00:00,3.423,8.267,1.738
31/08/1999 00:00,3.353,8.549,1.859
01/09/1999 00:00,6.415,19.858,6.268
02/09/1999 00:00,7.472,19.960,5.737
03/09/1999 00:00,5.521,15.451,4.450
04/09/1999 00:00,4.415,11.407,3.536
05/09/1999 00:00,3.597,8.982,2.567
06/09/1999 00:00,3.408,8.282,2.534
07/09/1999 00:00,3.290,8.080,2.247
08/09/1999 00:00,3.067,7.070,1.903
09/09/1999 00:00,2.797,6.463,1.571
10/09/1999 00:00,2.713,5.939,1.403
11/09/1999 00:00,2.971,6.192,1.478
12/09/1999 00:00,2.977,6.158,1.383
13/09/1999 00:00,2.761,5.827,1.231
14/09/1999 00:00,2.587,5.649,1.109
15/09/1999 00:00,2.565,5.400,1.046
16/09/1999 00:00,2.540,5.231,0.969
17/09/1999 00:00,2.864,6.568,1.410
18/09/1999 00:00,2.879,6.638,1.207
19/09/1999 00:00,3.078,9.574,1.811
20/09/1999 00:00,3.007,8.481,1.481
21/09/1999 00:00,2.719,7.506,1.170
22/09/1999 00:00,2.715,6.699,0.973
23/09/1999 00:00,3.190,6.945,1.050
24/09/1999 00:00,3.016,6.952,0.933
25/09/1999 00:00,2.827,6.319,0.917
26/09/1999 00:00,2.768,7.134,1.189
27/09/1999 00:00,5.472,15.284,3.516
28/09/1999 00:00,5.687,15.076,4.846
29/09/1999 00:00,6.288,17.797,4.722
30/09/1999 00:00,5.049,17.299,4.877
01/10/1999 00:00,6.390,19.445,5.001
02/10/1999 00:00,6.236,18.218,4.919
03/10/1999 00:00,8.670,20.915,5.303
04/10/1999 00:00,11.537,30.148,13.141
05/10/1999 00:00,24.933,60.216,29.709
06/10/1999 00:00,19.698,60.775,35.492
07/10/1999 00:00,13.210,49.416,23.296
08/10/1999 00:00,10.745,40.264,18.149
09/10/1999 00:00,10.111,32.290,13.033
10/10/1999 00:00,9.309,28.568,12.530
11/10/1999 00:00,8.459,26.138,8.882
12/10/1999 00:00,7.870,22.141,4.862
13/10/1999 00:00,6.905,18.802,3.069
14/10/1999 00:00,7.313,23.458,7.274
15/10/1999 00:00,9.764,35.858,14.470
16/10/1999 00:00,8.621,39.519,15.732
17/10/1999 00:00,7.625,30.905,12.917
18/10/1999 00:00,7.938,30.321,9.898
19/10/1999 00:00,7.112,26.389,9.352
20/10/1999 00:00,6.233,19.816,7.494
21/10/1999 00:00,7.277,29.921,12.841
22/10/1999 00:00,27.021,55.584,17.571
23/10/1999 00:00,16.509,55.751,23.798
24/10/1999 00:00,10.295,50.500,22.015
25/10/1999 00:00,9.465,46.224,14.135
26/10/1999 00:00,8.321,34.635,12.505
27/10/1999 00:00,8.297,32.469,12.018
28/10/1999 00:00,16.350,46.539,14.300
29/10/1999 00:00,9.380,41.999,12.582
30/10/1999 00:00,7.924,24.249,10.379
31/10/1999 00:00,6.972,16.947,6.766
01/11/1999 00:00,5.692,12.576,3.970
02/11/1999 00:00,4.898,10.140,3.586
03/11/1999 00:00,5.400,9.647,3.128
04/11/1999 00:00,5.049,8.958,3.014
05/11/1999 00:00,8.522,20.396,7.576
06/11/1999 00:00,8.465,21.067,7.487
07/11/1999 00:00,8.052,14.437,5.690
08/11/1999 00:00,6.486,11.167,3.755
09/11/1999 00:00,5.030,9.896,2.784
10/11/1999 00:00,4.500,9.622,2.250
11/11/1999 00:00,4.168,9.445,1.800
12/11/1999 00:00,3.822,8.741,1.511
13/11/1999 00:00,3.520,7.988,1.315
14/11/1999 00:00,3.342,7.566,1.163
15/11/1999 00:00,3.197,7.339,1.048
16/11/1999 00:00,3.072,7.360,0.975
17/11/1999 00:00,3.017,7.143,1.004
18/11/1999 00:00,6.126,15.169,5.704
19/11/1999 00:00,7.986,21.063,10.435
20/11/1999 00:00,14.023,38.300,13.663
21/11/1999 00:00,65.313,214.972,90.894
22/11/1999 00:00,52.946,236.121,97.647
23/11/1999 00:00,39.224,155.520,52.612
24/11/1999 00:00,15.059,76.491,32.969
25/11/1999 00:00,9.833,42.615,23.598
26/11/1999 00:00,8.296,27.255,13.059
27/11/1999 00:00,11.579,41.872,25.002
28/11/1999 00:00,28.679,100.594,44.403
29/11/1999 00:00,32.646,113.243,49.623
30/11/1999 00:00,25.483,100.981,33.219
01/12/1999 00:00,14.278,69.597,29.413
02/12/1999 00:00,11.923,48.523,16.897
03/12/1999 00:00,8.754,31.903,11.038
04/12/1999 00:00,7.949,23.738,6.815
05/12/1999 00:00,6.556,18.579,5.208
06/12/1999 00:00,5.166,12.462,4.272
07/12/1999 00:00,4.403,11.032,3.839
08/12/1999 00:00,4.364,10.216,3.560
09/12/1999 00:00,3.924,8.994,3.291
10/12/1999 00:00,3.245,11.056,2.806
11/12/1999 00:00,3.135,10.631,2.681
12/12/1999 00:00,9.964,38.056,14.076
13/12/1999 00:00,22.352,67.081,32.737
14/12/1999 00:00,22.284,74.283,44.832
15/12/1999 00:00,11.551,51.621,31.247
16/12/1999 00:00,7.908,31.501,13.555
17/12/1999 00:00,6.000,24.031,8.413
18/12/1999 00:00,4.534,18.779,5.091
19/12/1999 00:00,3.793,16.002,3.854
20/12/1999 00:00,3.380,14.463,3.474
21/12/1999 00:00,6.766,25.665,13.234
22/12/1999 00:00,16.159,43.620,20.067
23/12/1999 00:00,11.565,41.748,18.024
24/12/1999 00:00,8.637,32.489,15.422
25/12/1999 00:00,6.327,27.212,10.935
26/12/1999 00:00,5.303,23.545,7.000
27/12/1999 00:00,4.458,19.993,5.352
28/12/1999 00:00,4.057,18.373,5.250
29/12/1999 00:00,3.524,16.217,4.486
30/12/1999 00:00,3.210,14.265,3.822
31/12/1999 00:00,2.975,12.936,3.463
01/01/2000 00:00,2.748,12.451,2.997
02/01/2000 00:00,2.568,12.067,2.693
03/01/2000 00:00,2.415,10.775,2.573
04/01/2000 00:00,2.348,10.357,2.127
05/01/2000 00:00,2.330,11.300,2.308
06/01/2000 00:00,2.489,11.688,2.848
07/01/2000 00:00,2.428,11.432,2.599
08/01/2000 00:00,2.319,10.987,2.250
09/01/2000 00:00,2.359,11.157,2.488
10/01/2000 00:00,6.182,21.426,7.713
11/01/2000 00:00,5.863,21.831,6.284
12/01/2000 00:00,3.272,15.098,3.916
13/01/2000 00:00,2.695,14.149,2.636
14/01/2000 00:00,2.346,11.462,2.199
15/01/2000 00:00,2.235,9.847,2.023
16/01/2000 00:00,2.162,9.123,2.007
17/01/2000 00:00,2.161,8.644,1.926
18/01/2000 00:00,2.059,8.100,1.809
19/01/2000 00:00,1.989,7.787,1.702
20/01/2000 00:00,1.994,7.440,1.607
21/01/2000 00:00,1.990,7.215,1.530
22/01/2000 00:00,1.915,6.998,1.465
23/01/2000 00:00,1.880,6.801,1.411
24/01/2000 00:00,1.842,6.643,1.386
25/01/2000 00:00,1.802,6.565,1.315
26/01/2000 00:00,1.747,6.518,1.297
27/01/2000 00:00,1.677,6.457,1.278
28/01/2000 00:00,1.635,6.530,1.262
29/01/2000 00:00,1.554,6.328,1.222
30/01/2000 00:00,1.563,6.178,1.165
31/01/2000 00:00,1.528,5.993,1.110
01/02/2000 00:00,1.572,5.881,1.052
02/02/2000 00:00,1.548,6.141,1.065
03/02/2000 00:00,1.713,7.018,1.294
04/02/2000 00:00,2.112,7.534,1.424
05/02/2000 00:00,2.222,7.521,1.334
06/02/2000 00:00,1.961,7.556,1.310
07/02/2000 00:00,1.811,7.032,1.241
08/02/2000 00:00,2.397,8.915,1.981
09/02/2000 00:00,2.515,8.307,1.903
10/02/2000 00:00,2.239,7.767,1.414
11/02/2000 00:00,1.943,7.088,1.305
12/02/2000 00:00,1.851,6.765,1.175
13/02/2000 00:00,1.713,6.250,1.065
14/02/2000 00:00,1.616,6.066,1.074
15/02/2000 00:00,1.628,5.826,1.102
16/02/2000 00:00,1.586,5.939,1.084
17/02/2000 00:00,1.621,5.651,1.028
18/02/2000 00:00,1.595,5.767,1.013
19/02/2000 00:00,1.639,5.593,1.015
20/02/2000 00:00,1.671,5.883,1.076
21/02/2000 00:00,1.765,6.141,1.093
22/02/2000 00:00,1.893,6.473,1.175
23/02/2000 00:00,7.218,19.858,5.225
24/02/2000 00:00,14.160,45.526,12.296
25/02/2000 00:00,14.403,44.889,14.416
26/02/2000 00:00,22.761,67.533,22.625
27/02/2000 00:00,26.651,95.877,28.689
28/02/2000 00:00,21.557,87.246,26.842
29/02/2000 00:00,13.018,46.018,15.002
01/03/2000 00:00,8.920,26.106,10.311
02/03/2000 00:00,6.810,19.040,6.960
03/03/2000 00:00,5.409,14.797,3.967
04/03/2000 00:00,4.045,12.389,2.719
05/03/2000 00:00,3.226,11.242,2.339
06/03/2000 00:00,2.856,10.034,2.130
07/03/2000 00:00,2.676,9.423,2.112
08/03/2000 00:00,2.615,9.441,2.280
09/03/2000 00:00,2.511,9.012,1.979
10/03/2000 00:00,2.491,8.411,1.756
11/03/2000 00:00,2.462,7.806,1.653
12/03/2000 00:00,2.394,7.299,1.578
13/03/2000 00:00,2.329,6.912,1.455
14/03/2000 00:00,2.220,6.661,1.415
15/03/2000 00:00,2.154,6.453,1.313
16/03/2000 00:00,2.089,6.254,1.226
17/03/2000 00:00,2.003,6.047,1.146
18/03/2000 00:00,1.929,5.792,1.084
19/03/2000 00:00,1.861,5.608,1.046
20/03/2000 00:00,1.800,5.414,1.011
21/03/2000 00:00,1.724,5.317,0.975
22/03/2000 00:00,1.669,5.190,0.962
23/03/2000 00:00,1.640,5.108,0.945
24/03/2000 00:00,1.662,5.004,0.939
25/03/2000 00:00,1.665,4.894,0.934
26/03/2000 00:00,1.686,4.835,0.938
27/03/2000 00:00,1.808,4.796,1.016
28/03/2000 00:00,1.832,4.869,1.004
29/03/2000 00:00,1.826,4.720,0.923
30/03/2000 00:00,1.767,4.492,0.867
31/03/2000 00:00,2.127,5.399,1.256
01/04/2000 00:00,5.693,19.002,3.405
02/04/2000 00:00,7.393,21.729,4.443
03/04/2000 00:00,5.251,16.411,3.562
04/04/2000 00:00,3.476,9.956,1.816
05/04/2000 00:00,2.643,7.065,1.417
06/04/2000 00:00,2.194,5.832,1.106
07/04/2000 00:00,2.159,5.448,0.974
08/04/2000 00:00,2.073,4.948,0.910
09/04/2000 00:00,1.987,4.747,0.888
10/04/2000 00:00,1.979,4.609,0.897
11/04/2000 00:00,1.930,4.522,0.919
12/04/2000 00:00,1.961,4.402,0.932
13/04/2000 00:00,1.956,4.533,0.932
14/04/2000 00:00,2.140,4.975,0.939
15/04/2000 00:00,2.157,5.171,0.918
16/04/2000 00:00,2.203,5.119,0.913
17/04/2000 00:00,2.241,5.550,0.944
18/04/2000 00:00,2.280,5.318,1.016
19/04/2000 00:00,2.097,5.556,0.984
20/04/2000 00:00,2.037,5.233,0.665
21/04/2000 00:00,1.878,5.338,0.842
22/04/2000 00:00,1.930,5.242,0.922
23/04/2000 00:00,1.875,5.391,0.867
24/04/2000 00:00,2.384,6.707,1.067
25/04/2000 00:00,2.565,7.118,0.954
26/04/2000 00:00,2.511,7.147,0.784
27/04/2000 00:00,2.257,6.309,0.690
28/04/2000 00:00,2.267,6.266,0.688
29/04/2000 00:00,2.226,6.121,0.687
30/04/2000 00:00,2.295,6.308,0.683
01/05/2000 00:00,2.234,6.412,1.328
02/05/2000 00:00,2.468,7.507,0.921
03/05/2000 00:00,2.534,7.297,0.938
04/05/2000 00:00,2.494,7.818,0.807
05/05/2000 00:00,2.419,6.943,0.729
06/05/2000 00:00,2.451,6.973,0.764
07/05/2000 00:00,2.439,6.737,0.714
08/05/2000 00:00,2.692,8.693,1.077
09/05/2000 00:00,3.256,9.968,1.170
10/05/2000 00:00,3.797,10.828,1.062
11/05/2000 00:00,3.191,10.225,0.978
12/05/2000 00:00,2.862,8.844,0.994
13/05/2000 00:00,2.699,8.115,0.963
14/05/2000 00:00,2.638,7.929,0.997
15/05/2000 00:00,2.540,8.119,1.035
16/05/2000 00:00,2.779,8.943,1.214
17/05/2000 00:00,3.005,9.989,1.287
18/05/2000 00:00,2.929,9.789,1.133
19/05/2000 00:00,2.776,9.080,1.077
20/05/2000 00:00,2.698,8.782,1.065
21/05/2000 00:00,2.581,8.301,0.965
22/05/2000 00:00,2.477,8.322,0.849
23/05/2000 00:00,2.486,8.445,1.063
24/05/2000 00:00,2.979,9.397,1.098
25/05/2000 00:00,4.163,15.334,1.550
26/05/2000 00:00,4.934,15.233,1.749
27/05/2000 00:00,4.283,11.493,1.338
28/05/2000 00:00,3.353,8.903,1.166
29/05/2000 00:00,3.357,8.645,1.069
30/05/2000 00:00,4.539,13.414,1.568
31/05/2000 00:00,5.493,15.040,2.243
01/06/2000 00:00,5.082,14.519,1.639
02/06/2000 00:00,4.376,10.724,1.532
03/06/2000 00:00,5.619,14.902,2.297
04/06/2000 00:00,6.791,16.001,2.809
05/06/2000 00:00,6.731,15.409,2.321
06/06/2000 00:00,4.482,8.975,2.031
07/06/2000 00:00,3.726,7.437,1.891
08/06/2000 00:00,3.276,6.796,1.697
09/06/2000 00:00,2.685,6.546,1.611
10/06/2000 00:00,2.608,7.169,1.522
11/06/2000 00:00,3.452,11.157,1.775
12/06/2000 00:00,3.754,13.934,2.172
13/06/2000 00:00,3.906,13.039,2.066
14/06/2000 00:00,2.953,10.632,1.697
15/06/2000 00:00,2.410,8.168,1.484
16/06/2000 00:00,2.112,7.304,1.393
17/06/2000 00:00,1.979,7.053,1.244
18/06/2000 00:00,1.922,7.091,1.124
19/06/2000 00:00,2.338,9.738,1.576
20/06/2000 00:00,2.416,10.031,1.401
21/06/2000 00:00,3.388,12.500,2.228
22/06/2000 00:00,8.324,18.572,4.845
23/06/2000 00:00,7.134,17.033,5.038
24/06/2000 00:00,5.582,15.795,3.760
25/06/2000 00:00,3.750,11.154,2.289
26/06/2000 00:00,2.693,7.681,1.742
27/06/2000 00:00,3.316,10.443,2.438
28/06/2000 00:00,3.417,12.811,2.830
29/06/2000 00:00,3.288,12.447,1.925
30/06/2000 00:00,2.849,11.945,1.503
01/07/2000 00:00,2.533,9.039,1.508
02/07/2000 00:00,2.760,9.584,2.288
03/07/2000 00:00,3.392,12.469,3.333
04/07/2000 00:00,7.808,19.447,6.060
05/07/2000 00:00,8.364,19.761,5.935
06/07/2000 00:00,7.160,16.362,4.805
07/07/2000 00:00,6.356,12.857,5.200
08/07/2000 00:00,4.082,10.325,3.747
09/07/2000 00:00,2.955,7.568,2.156
10/07/2000 00:00,2.728,7.321,2.303
11/07/2000 00:00,2.739,7.940,2.202
12/07/2000 00:00,2.699,7.845,1.695
13/07/2000 00:00,2.568,7.462,1.678
14/07/2000 00:00,2.311,6.873,1.579
15/07/2000 00:00,2.021,6.457,1.464
16/07/2000 00:00,1.815,6.277,1.392
17/07/2000 00:00,1.854,6.425,1.422
18/07/2000 00:00,1.805,6.466,1.281
19/07/2000 00:00,1.720,6.393,1.151
20/07/2000 00:00,2.452,9.652,1.835
21/07/2000 00:00,2.424,9.733,1.535
22/07/2000 00:00,2.719,10.231,1.438
23/07/2000 00:00,2.791,9.292,1.369
24/07/2000 00:00,6.003,17.317,5.222
25/07/2000 00:00,5.604,19.022,5.098
26/07/2000 00:00,4.471,18.703,4.159
27/07/2000 00:00,3.676,12.122,2.021
28/07/2000 00:00,3.963,11.238,3.201
29/07/2000 00:00,4.584,13.553,2.854
30/07/2000 00:00,5.427,15.811,3.732
31/07/2000 00:00,6.826,18.021,3.210
01/08/2000 00:00,7.737,22.074,4.920
02/08/2000 00:00,7.385,16.430,3.602
03/08/2000 00:00,5.823,14.656,2.030
04/08/2000 00:00,5.615,13.481,2.166
05/08/2000 00:00,4.796,10.597,1.960
06/08/2000 00:00,5.898,13.782,2.188
07/08/2000 00:00,8.108,18.370,5.194
08/08/2000 00:00,6.632,13.701,5.365
09/08/2000 00:00,5.608,16.039,3.777
10/08/2000 00:00,4.105,10.017,2.403
11/08/2000 00:00,3.551,8.049,1.793
12/08/2000 00:00,2.871,6.855,1.395
13/08/2000 00:00,3.497,8.919,2.138
14/08/2000 00:00,5.071,13.796,4.262
15/08/2000 00:00,4.542,12.584,4.607
16/08/2000 00:00,4.835,12.656,4.263
17/08/2000 00:00,7.040,19.803,6.508
18/08/2000 00:00,9.381,26.425,8.174
19/08/2000 00:00,7.902,21.425,7.473
20/08/2000 00:00,6.521,17.385,5.947
21/08/2000 00:00,6.178,16.283,6.595
22/08/2000 00:00,5.230,14.484,6.071
23/08/2000 00:00,5.309,13.308,4.313
24/08/2000 00:00,4.837,11.486,4.974
25/08/2000 00:00,6.441,14.639,5.347
26/08/2000 00:00,6.395,12.647,5.190
27/08/2000 00:00,5.262,8.426,3.113
28/08/2000 00:00,3.803,6.859,2.560
29/08/2000 00:00,3.132,6.167,2.608
30/08/2000 00:00,2.667,6.016,2.261
31/08/2000 00:00,2.425,6.330,2.448
01/09/2000 00:00,2.377,6.180,2.156
02/09/2000 00:00,2.192,5.989,1.830
03/09/2000 00:00,2.480,8.165,3.139
04/09/2000 00:00,2.926,9.393,3.560
05/09/2000 00:00,3.967,11.172,3.898
06/09/2000 00:00,4.712,11.016,4.192
07/09/2000 00:00,4.890,13.653,4.134
08/09/2000 00:00,5.430,14.696,5.956
09/09/2000 00:00,4.359,12.213,5.666
10/09/2000 00:00,3.889,10.251,3.575
11/09/2000 00:00,3.273,7.555,4.123
12/09/2000 00:00,5.014,12.745,5.121
13/09/2000 00:00,4.489,12.202,4.477
14/09/2000 00:00,3.759,11.952,2.678
15/09/2000 00:00,3.086,8.188,1.942
16/09/2000 00:00,3.575,9.853,2.753
17/09/2000 00:00,5.038,10.934,3.086
18/09/2000 00:00,8.604,18.177,4.819
19/09/2000 00:00,10.197,22.278,5.083
20/09/2000 00:00,11.219,29.380,5.452
21/09/2000 00:00,11.800,28.658,6.885
22/09/2000 00:00,9.175,20.851,5.397
23/09/2000 00:00,7.940,18.591,6.006
24/09/2000 00:00,8.776,21.814,5.615
25/09/2000 00:00,9.080,26.645,7.174
26/09/2000 00:00,11.308,34.016,6.302
27/09/2000 00:00,10.480,32.652,6.390
28/09/2000 00:00,9.115,22.904,7.507
29/09/2000 00:00,16.197,45.488,17.919
30/09/2000 00:00,26.249,69.342,28.162
01/10/2000 00:00,28.685,84.632,30.649
02/10/2000 00:00,19.779,46.973,19.520
03/10/2000 00:00,17.115,39.042,19.913
04/10/2000 00:00,13.645,34.050,23.220
05/10/2000 00:00,15.896,51.419,28.684
06/10/2000 00:00,29.449,86.589,47.445
07/10/2000 00:00,22.196,72.397,35.360
08/10/2000 00:00,33.571,98.877,40.083
09/10/2000 00:00,39.407,128.226,48.044
10/10/2000 00:00,33.872,120.275,47.184
11/10/2000 00:00,26.856,85.588,30.043
12/10/2000 00:00,29.799,96.522,34.763
13/10/2000 00:00,30.533,101.741,37.688
14/10/2000 00:00,27.384,73.080,27.813
15/10/2000 00:00,20.731,43.723,19.074
16/10/2000 00:00,14.624,27.956,14.622
17/10/2000 00:00,12.741,21.308,13.023
18/10/2000 00:00,10.716,17.701,10.016
19/10/2000 00:00,8.372,15.365,10.518
20/10/2000 00:00,12.196,42.348,21.559
21/10/2000 00:00,20.183,61.757,27.542
22/10/2000 00:00,27.555,74.277,26.943
23/10/2000 00:00,24.521,61.532,19.652
24/10/2000 00:00,18.788,44.662,16.014
25/10/2000 00:00,11.332,24.749,11.318
26/10/2000 00:00,8.303,17.665,7.492
27/10/2000 00:00,6.638,14.481,5.837
28/10/2000 00:00,5.920,12.847,4.892
29/10/2000 00:00,5.717,11.664,4.334
30/10/2000 00:00,5.054,10.734,3.939
31/10/2000 00:00,4.466,10.215,3.538
01/11/2000 00:00,4.018,9.414,3.195
02/11/2000 00:00,4.218,9.699,3.023
03/11/2000 00:00,5.931,11.852,3.724
04/11/2000 00:00,5.930,12.135,4.246
05/11/2000 00:00,5.641,10.619,3.203
06/11/2000 00:00,4.654,8.485,2.378
07/11/2000 00:00,4.270,7.949,2.143
08/11/2000 00:00,4.295,7.904,2.089
09/11/2000 00:00,4.277,7.712,2.074
10/11/2000 00:00,5.553,8.974,2.978
11/11/2000 00:00,7.215,16.264,6.365
12/11/2000 00:00,7.336,12.988,6.597
13/11/2000 00:00,6.343,13.616,4.571
14/11/2000 00:00,5.060,9.319,2.547
15/11/2000 00:00,3.869,7.836,1.963
16/11/2000 00:00,3.541,7.104,1.806
17/11/2000 00:00,3.415,6.556,1.660
18/11/2000 00:00,6.301,14.733,6.172
19/11/2000 00:00,7.002,12.372,7.064
20/11/2000 00:00,8.812,28.947,10.928
21/11/2000 00:00,11.767,40.412,12.276
22/11/2000 00:00,13.330,44.549,16.362
23/11/2000 00:00,13.517,44.324,19.277
24/11/2000 00:00,10.797,34.793,12.687
25/11/2000 00:00,8.167,27.968,6.482
26/11/2000 00:00,5.923,17.043,4.111
27/11/2000 00:00,5.225,13.226,3.148
28/11/2000 00:00,6.040,23.693,8.097
29/11/2000 00:00,14.270,60.321,15.527
30/11/2000 00:00,18.621,60.533,24.546
01/12/2000 00:00,16.583,51.763,22.639
02/12/2000 00:00,13.705,45.760,11.593
03/12/2000 00:00,11.590,38.310,12.817
04/12/2000 00:00,13.281,52.255,15.960
05/12/2000 00:00,10.635,40.288,12.251
06/12/2000 00:00,7.087,27.186,6.681
07/12/2000 00:00,5.686,17.964,4.626
08/12/2000 00:00,5.090,14.367,3.871
09/12/2000 00:00,4.848,13.127,2.906
10/12/2000 00:00,4.866,12.001,2.532
11/12/2000 00:00,4.328,10.330,2.408
12/12/2000 00:00,4.097,9.616,1.980
13/12/2000 00:00,4.085,9.305,2.228
14/12/2000 00:00,3.974,8.854,2.014
15/12/2000 00:00,3.879,8.481,1.939
16/12/2000 00:00,3.724,8.086,1.966
17/12/2000 00:00,3.657,7.780,1.894
18/12/2000 00:00,3.620,7.266,1.647
19/12/2000 00:00,3.534,7.257,1.577
20/12/2000 00:00,3.476,6.851,1.800
21/12/2000 00:00,3.474,6.994,1.773
22/12/2000 00:00,3.361,6.755,1.548
23/12/2000 00:00,3.308,6.546,1.705
24/12/2000 00:00,3.229,6.534,1.610
25/12/2000 00:00,3.098,6.577,1.465
26/12/2000 00:00,3.422,7.621,2.126
27/12/2000 00:00,5.253,19.053,5.352
28/12/2000 00:00,11.877,43.849,14.333
29/12/2000 00:00,14.125,44.834,18.087
30/12/2000 00:00,13.083,39.528,17.969
31/12/2000 00:00,9.977,38.814,9.559
01/01/2001 00:00,7.415,27.703,7.328
02/01/2001 00:00,6.868,20.095,4.533
03/01/2001 00:00,6.031,15.561,2.881
04/01/2001 00:00,5.559,13.233,2.523
05/01/2001 00:00,5.182,11.284,2.466
06/01/2001 00:00,4.893,10.416,2.388
07/01/2001 00:00,4.682,9.601,2.140
08/01/2001 00:00,4.498,8.928,1.707
09/01/2001 00:00,4.348,8.559,2.118
10/01/2001 00:00,4.060,8.061,1.942
11/01/2001 00:00,3.825,7.619,1.851
12/01/2001 00:00,3.804,7.536,1.742
13/01/2001 00:00,3.638,7.494,1.653
14/01/2001 00:00,3.509,7.357,1.534
15/01/2001 00:00,3.465,7.454,1.479
16/01/2001 00:00,3.426,7.598,1.445
17/01/2001 00:00,3.389,7.585,1.420
18/01/2001 00:00,3.324,7.451,1.398
19/01/2001 00:00,3.191,7.279,1.364
20/01/2001 00:00,3.107,7.132,1.305
21/01/2001 00:00,3.195,7.548,1.372
22/01/2001 00:00,3.454,8.008,1.354
23/01/2001 00:00,3.292,7.812,1.285
24/01/2001 00:00,3.273,7.549,1.254
25/01/2001 00:00,3.124,7.303,1.204
26/01/2001 00:00,3.012,6.962,1.113
27/01/2001 00:00,2.867,6.861,1.087
28/01/2001 00:00,2.766,6.681,1.072
29/01/2001 00:00,2.750,6.841,1.154
30/01/2001 00:00,2.733,7.059,1.150
31/01/2001 00:00,2.667,7.088,1.058
01/02/2001 00:00,2.601,6.790,1.030
02/02/2001 00:00,2.556,6.715,0.999
03/02/2001 00:00,2.539,6.616,0.966
04/02/2001 00:00,2.516,6.637,0.945
05/02/2001 00:00,2.453,6.558,0.920
06/02/2001 00:00,2.335,6.367,0.862
07/02/2001 00:00,2.300,6.361,0.835
08/02/2001 00:00,2.195,6.290,0.812
09/02/2001 00:00,2.148,6.301,0.789
10/02/2001 00:00,2.076,6.278,0.776
11/02/2001 00:00,2.097,6.300,0.766
12/02/2001 00:00,2.037,6.232,0.753
13/02/2001 00:00,2.003,6.151,0.745
14/02/2001 00:00,1.951,6.065,0.742
15/02/2001 00:00,1.903,5.999,0.731
16/02/2001 00:00,1.842,5.853,0.719
17/02/2001 00:00,1.793,5.378,0.709
18/02/2001 00:00,1.904,5.592,0.709
19/02/2001 00:00,1.895,5.824,0.783
20/02/2001 00:00,1.749,5.533,0.745
21/02/2001 00:00,1.380,4.955,0.751
22/02/2001 00:00,1.668,5.551,0.673
23/02/2001 00:00,1.697,5.679,0.773
24/02/2001 00:00,1.528,5.100,0.706
25/02/2001 00:00,1.631,5.934,0.793
26/02/2001 00:00,1.672,6.104,0.808
27/02/2001 00:00,1.552,6.102,0.809
28/02/2001 00:00,1.582,6.056,0.803
01/03/2001 00:00,1.495,6.064,0.792
02/03/2001 00:00,1.513,5.943,0.782
03/03/2001 00:00,1.507,5.800,0.781
04/03/2001 00:00,1.569,5.858,0.775
05/03/2001 00:00,1.591,5.778,0.767
06/03/2001 00:00,1.718,5.748,0.769
07/03/2001 00:00,1.726,5.936,0.749
08/03/2001 00:00,1.758,5.815,0.749
09/03/2001 00:00,1.710,5.952,0.750
10/03/2001 00:00,1.756,5.930,0.741
11/03/2001 00:00,1.679,5.904,0.733
12/03/2001 00:00,1.735,5.883,0.727
13/03/2001 00:00,1.663,5.800,0.723
14/03/2001 00:00,1.729,5.707,0.718
15/03/2001 00:00,1.668,5.580,0.711
16/03/2001 00:00,1.735,5.553,0.706
17/03/2001 00:00,1.679,5.469,0.703
18/03/2001 00:00,1.717,5.470,0.701
19/03/2001 00:00,1.659,5.447,0.697
20/03/2001 00:00,1.705,5.429,0.696
21/03/2001 00:00,1.680,5.452,0.696
22/03/2001 00:00,1.753,5.483,0.694
23/03/2001 00:00,1.748,5.561,0.693
24/03/2001 00:00,1.786,5.609,0.696
25/03/2001 00:00,1.795,5.595,0.691
26/03/2001 00:00,1.856,5.547,0.674
27/03/2001 00:00,1.908,5.465,0.668
28/03/2001 00:00,1.999,5.417,0.666
29/03/2001 00:00,1.999,5.365,0.737
30/03/2001 00:00,1.983,5.127,0.657
31/03/2001 00:00,1.823,5.229,0.767
01/04/2001 00:00,2.021,5.158,0.667
02/04/2001 00:00,1.978,5.075,0.661
03/04/2001 00:00,1.937,4.978,0.659
04/04/2001 00:00,1.943,4.868,0.659
05/04/2001 00:00,1.936,4.892,0.662
06/04/2001 00:00,1.981,4.878,0.658
07/04/2001 00:00,1.983,4.858,0.665
08/04/2001 00:00,2.013,4.942,0.675
09/04/2001 00:00,1.992,4.955,0.668
10/04/2001 00:00,2.174,5.108,0.783
11/04/2001 00:00,3.092,11.716,1.578
12/04/2001 00:00,4.521,13.821,2.880
13/04/2001 00:00,7.864,17.859,5.893
14/04/2001 00:00,6.627,17.023,5.244
15/04/2001 00:00,6.424,12.687,3.959
16/04/2001 00:00,5.259,7.568,3.098
17/04/2001 00:00,5.252,7.670,1.933
18/04/2001 00:00,4.366,7.573,1.528
19/04/2001 00:00,3.506,7.008,1.280
20/04/2001 00:00,3.138,6.296,1.127
21/04/2001 00:00,2.836,5.293,1.105
22/04/2001 00:00,2.745,4.863,1.103
23/04/2001 00:00,2.462,4.586,1.109
24/04/2001 00:00,2.521,4.520,1.019
25/04/2001 00:00,2.421,4.420,0.988
26/04/2001 00:00,2.491,4.414,0.972
27/04/2001 00:00,2.530,4.478,0.934
28/04/2001 00:00,2.659,4.516,0.942
29/04/2001 00:00,2.707,4.494,0.966
30/04/2001 00:00,2.677,4.459,0.948
01/05/2001 00:00,2.704,4.462,0.941
02/05/2001 00:00,2.674,4.538,0.935
03/05/2001 00:00,2.753,4.741,0.938
04/05/2001 00:00,2.835,5.004,0.932
05/05/2001 00:00,2.922,5.167,0.948
06/05/2001 00:00,3.512,7.489,1.294
07/05/2001 00:00,3.064,7.157,1.197
08/05/2001 00:00,2.884,7.204,0.978
09/05/2001 00:00,2.802,5.334,0.922
10/05/2001 00:00,2.898,4.502,0.919
11/05/2001 00:00,3.007,4.469,0.931
12/05/2001 00:00,3.914,9.266,1.491
13/05/2001 00:00,3.371,9.171,1.327
14/05/2001 00:00,3.205,8.322,1.202
15/05/2001 00:00,2.929,5.292,1.008
16/05/2001 00:00,2.876,4.748,1.044
17/05/2001 00:00,2.766,4.596,1.042
18/05/2001 00:00,2.687,4.499,0.992
19/05/2001 00:00,2.833,4.629,1.032
20/05/2001 00:00,2.962,5.244,1.006
21/05/2001 00:00,2.991,5.762,1.065
22/05/2001 00:00,2.900,5.711,1.098
23/05/2001 00:00,2.734,5.378,1.050
24/05/2001 00:00,2.505,5.211,1.039
25/05/2001 00:00,2.248,5.077,1.025
26/05/2001 00:00,2.706,5.140,0.769
27/05/2001 00:00,2.805,5.362,0.862
28/05/2001 00:00,2.764,5.925,1.210
29/05/2001 00:00,2.832,6.350,1.221
30/05/2001 00:00,2.938,6.976,1.187
31/05/2001 00:00,2.846,6.172,1.158
01/06/2001 00:00,2.729,5.341,1.130
02/06/2001 00:00,2.839,5.714,1.249
03/06/2001 00:00,3.486,10.361,1.509
04/06/2001 00:00,5.658,12.961,3.092
05/06/2001 00:00,5.247,14.854,4.030
06/06/2001 00:00,4.969,13.002,4.416
07/06/2001 00:00,5.187,11.065,3.374
08/06/2001 00:00,4.189,6.304,2.120
09/06/2001 00:00,3.961,5.307,2.090
10/06/2001 00:00,3.395,4.881,1.624
11/06/2001 00:00,3.564,5.431,1.546
12/06/2001 00:00,3.531,5.303,1.331
13/06/2001 00:00,3.796,5.547,1.469
14/06/2001 00:00,3.922,5.929,1.440
15/06/2001 00:00,3.748,5.622,1.269
16/06/2001 00:00,3.603,5.056,1.170
17/06/2001 00:00,3.441,4.653,1.022
18/06/2001 00:00,3.241,4.334,1.238
19/06/2001 00:00,2.905,4.481,1.217
20/06/2001 00:00,2.647,4.702,1.233
21/06/2001 00:00,2.514,4.996,1.241
22/06/2001 00:00,2.830,5.713,1.154
23/06/2001 00:00,2.772,6.393,0.928
24/06/2001 00:00,2.635,5.902,0.846
25/06/2001 00:00,2.535,5.294,1.026
26/06/2001 00:00,2.311,5.083,1.255
27/06/2001 00:00,2.258,5.280,1.042
28/06/2001 00:00,2.237,5.395,0.791
29/06/2001 00:00,2.560,6.553,1.511
30/06/2001 00:00,2.876,8.736,1.949
01/07/2001 00:00,2.742,8.564,2.018
02/07/2001 00:00,2.984,8.082,2.083
03/07/2001 00:00,2.663,6.268,1.557
04/07/2001 00:00,2.691,5.756,1.206
05/07/2001 00:00,2.362,5.535,1.100
06/07/2001 00:00,2.106,5.405,0.861
07/07/2001 00:00,1.961,5.180,0.809
08/07/2001 00:00,1.876,5.041,0.858
09/07/2001 00:00,1.818,4.999,0.890
10/07/2001 00:00,1.710,4.982,0.929
11/07/2001 00:00,1.788,5.171,1.060
12/07/2001 00:00,2.441,9.593,1.857
13/07/2001 00:00,3.825,11.990,2.768
14/07/2001 00:00,4.439,12.978,3.325
15/07/2001 00:00,5.834,15.310,4.433
16/07/2001 00:00,8.475,19.536,6.092
17/07/2001 00:00,6.725,18.888,5.834
18/07/2001 00:00,5.075,13.830,4.815
19/07/2001 00:00,4.126,9.152,3.305
20/07/2001 00:00,3.284,6.731,2.273
21/07/2001 00:00,2.999,5.603,1.661
22/07/2001 00:00,2.901,4.756,1.547
23/07/2001 00:00,2.884,4.446,1.646
24/07/2001 00:00,4.030,7.695,2.909
25/07/2001 00:00,6.665,11.976,4.035
26/07/2001 00:00,9.331,21.873,5.330
27/07/2001 00:00,8.859,19.945,4.904
28/07/2001 00:00,8.731,20.534,6.007
29/07/2001 00:00,6.735,12.408,4.670
30/07/2001 00:00,6.871,12.168,3.943
31/07/2001 00:00,10.714,25.810,5.940
01/08/2001 00:00,10.989,27.259,6.597
02/08/2001 00:00,9.046,25.291,6.195
03/08/2001 00:00,7.949,18.249,5.236
04/08/2001 00:00,6.788,12.430,4.758
05/08/2001 00:00,5.320,8.667,3.102
06/08/2001 00:00,4.537,6.621,2.269
07/08/2001 00:00,3.727,5.738,1.775
08/08/2001 00:00,3.697,5.884,1.757
09/08/2001 00:00,3.485,5.959,1.739
10/08/2001 00:00,3.740,6.649,1.935
11/08/2001 00:00,3.742,6.948,1.857
12/08/2001 00:00,3.439,6.470,1.537
13/08/2001 00:00,4.360,9.030,1.896
14/08/2001 00:00,4.318,8.547,1.973
15/08/2001 00:00,3.653,6.952,1.636
16/08/2001 00:00,4.469,13.248,2.153
17/08/2001 00:00,4.176,10.790,2.258
18/08/2001 00:00,3.579,8.288,1.823
19/08/2001 00:00,3.627,6.935,1.592
20/08/2001 00:00,3.423,6.168,1.491
21/08/2001 00:00,3.200,5.360,1.449
22/08/2001 00:00,3.054,4.983,1.350
23/08/2001 00:00,3.128,5.248,1.709
24/08/2001 00:00,3.260,5.511,1.850
25/08/2001 00:00,3.585,7.135,2.436
26/08/2001 00:00,6.975,16.111,4.130
27/08/2001 00:00,6.217,16.146,5.561
28/08/2001 00:00,5.295,14.202,4.689
29/08/2001 00:00,4.327,8.258,2.837
30/08/2001 00:00,3.990,6.774,2.250
31/08/2001 00:00,3.490,5.983,1.717
01/09/2001 00:00,3.366,5.078,1.640
02/09/2001 00:00,3.242,4.807,1.688
03/09/2001 00:00,3.225,4.779,1.756
04/09/2001 00:00,3.996,8.550,2.614
05/09/2001 00:00,3.489,7.003,2.906
06/09/2001 00:00,3.239,6.522,2.030
07/09/2001 00:00,3.197,5.323,1.515
08/09/2001 00:00,3.010,4.714,1.533
09/09/2001 00:00,3.057,4.710,1.526
10/09/2001 00:00,6.023,11.481,3.144
11/09/2001 00:00,9.687,21.741,5.933
12/09/2001 00:00,7.866,19.259,5.114
13/09/2001 00:00,6.878,17.512,4.409
14/09/2001 00:00,7.728,18.964,4.393
15/09/2001 00:00,7.472,12.617,4.171
16/09/2001 00:00,7.202,9.516,3.870
17/09/2001 00:00,6.148,9.770,4.175
18/09/2001 00:00,7.149,9.963,4.150
19/09/2001 00:00,8.749,18.141,4.920
20/09/2001 00:00,8.380,19.110,5.842
21/09/2001 00:00,9.496,24.779,5.747
22/09/2001 00:00,7.586,17.242,6.557
23/09/2001 00:00,7.679,15.926,6.413
24/09/2001 00:00,9.284,15.409,5.074
25/09/2001 00:00,14.402,26.152,9.536
26/09/2001 00:00,28.224,64.619,17.434
27/09/2001 00:00,16.726,55.530,17.511
28/09/2001 00:00,12.888,32.895,13.779
29/09/2001 00:00,10.247,27.821,12.909
30/09/2001 00:00,8.576,19.512,9.590
01/10/2001 00:00,7.558,12.911,7.312
02/10/2001 00:00,5.557,10.545,4.913
03/10/2001 00:00,5.125,9.988,4.848
04/10/2001 00:00,8.359,17.189,13.193
05/10/2001 00:00,81.224,124.881,72.665
06/10/2001 00:00,68.279,159.446,129.379
07/10/2001 00:00,49.928,101.473,69.645
08/10/2001 00:00,27.567,66.676,40.010
09/10/2001 00:00,19.897,53.444,25.518
10/10/2001 00:00,14.333,37.616,21.724
11/10/2001 00:00,12.631,35.677,22.803
12/10/2001 00:00,15.624,37.827,23.455
13/10/2001 00:00,19.217,54.090,29.654
14/10/2001 00:00,22.784,67.942,36.424
15/10/2001 00:00,32.132,97.404,40.194
16/10/2001 00:00,24.759,73.197,38.855
17/10/2001 00:00,18.706,57.351,29.516
18/10/2001 00:00,15.478,40.750,24.811
19/10/2001 00:00,13.693,30.144,21.747
20/10/2001 00:00,12.371,25.818,17.898
21/10/2001 00:00,11.406,22.594,15.032
22/10/2001 00:00,10.454,18.828,11.990
23/10/2001 00:00,13.503,39.557,18.713
24/10/2001 00:00,20.931,71.512,28.757
25/10/2001 00:00,23.573,73.788,28.062
26/10/2001 00:00,21.860,75.795,26.741
27/10/2001 00:00,18.193,63.240,25.802
28/10/2001 00:00,13.915,42.709,17.344
29/10/2001 00:00,10.642,27.305,11.005
30/10/2001 00:00,8.262,20.204,7.019
31/10/2001 00:00,7.342,16.473,5.669
01/11/2001 00:00,6.616,14.020,5.488
02/11/2001 00:00,6.723,15.689,7.447
03/11/2001 00:00,7.157,15.796,6.911
04/11/2001 00:00,6.607,15.732,7.363
05/11/2001 00:00,8.747,28.236,15.173
06/11/2001 00:00,15.127,50.308,25.507
07/11/2001 00:00,20.077,61.121,32.132
08/11/2001 00:00,16.929,65.041,31.619
09/11/2001 00:00,13.704,57.275,37.548
10/11/2001 00:00,11.493,46.595,33.577
11/11/2001 00:00,9.320,30.358,16.208
12/11/2001 00:00,7.983,21.643,11.759
13/11/2001 00:00,6.740,18.588,7.846
14/11/2001 00:00,6.261,16.347,6.907
15/11/2001 00:00,7.394,25.115,16.599
16/11/2001 00:00,9.053,36.959,18.710
17/11/2001 00:00,12.553,53.221,21.967
18/11/2001 00:00,11.715,50.512,21.706
19/11/2001 00:00,10.047,48.637,15.374
20/11/2001 00:00,8.116,36.537,12.083
21/11/2001 00:00,12.080,46.845,20.279
22/11/2001 00:00,13.625,46.586,23.400
23/11/2001 00:00,9.936,39.341,13.702
24/11/2001 00:00,8.123,25.244,10.091
25/11/2001 00:00,7.371,22.583,8.334
26/11/2001 00:00,7.393,19.875,7.073
27/11/2001 00:00,7.165,17.958,6.380
28/11/2001 00:00,7.097,16.960,5.453
29/11/2001 00:00,5.637,13.536,4.817
30/11/2001 00:00,6.993,14.622,6.957
01/12/2001 00:00,7.865,19.749,8.895
02/12/2001 00:00,7.585,18.290,6.603
03/12/2001 00:00,6.750,13.922,5.215
04/12/2001 00:00,6.262,11.815,4.181
05/12/2001 00:00,5.674,10.481,3.558
06/12/2001 00:00,5.350,9.519,3.124
07/12/2001 00:00,5.198,8.850,2.840
08/12/2001 00:00,4.889,8.195,2.633
09/12/2001 00:00,4.756,7.759,2.470
10/12/2001 00:00,4.661,7.387,2.323
11/12/2001 00:00,4.590,7.163,2.221
12/12/2001 00:00,4.456,6.919,2.124
13/12/2001 00:00,4.421,6.731,2.026
14/12/2001 00:00,4.240,6.606,1.995
15/12/2001 00:00,4.173,6.603,1.932
16/12/2001 00:00,4.015,6.588,1.909
17/12/2001 00:00,5.622,12.384,6.557
18/12/2001 00:00,7.114,15.081,11.722
19/12/2001 00:00,7.020,15.410,7.650
20/12/2001 00:00,11.246,42.507,26.052
21/12/2001 00:00,23.354,78.276,60.094
22/12/2001 00:00,31.973,103.704,82.603
23/12/2001 00:00,29.298,97.036,67.295
24/12/2001 00:00,25.152,86.315,45.440
25/12/2001 00:00,22.239,62.368,32.748
26/12/2001 00:00,15.001,38.716,16.569
27/12/2001 00:00,11.199,30.673,9.844
28/12/2001 00:00,8.688,27.872,7.538
29/12/2001 00:00,7.394,22.499,6.614
30/12/2001 00:00,6.632,18.970,5.385
31/12/2001 00:00,5.653,16.886,4.841
01/01/2002 00:00,5.099,15.675,4.375
02/01/2002 00:00,4.868,13.921,3.860
03/01/2002 00:00,4.639,12.385,3.497
04/01/2002 00:00,6.258,20.693,11.139
05/01/2002 00:00,7.500,26.355,13.419
06/01/2002 00:00,8.033,32.236,12.886
07/01/2002 00:00,7.821,27.928,10.840
08/01/2002 00:00,7.894,32.319,10.440
09/01/2002 00:00,7.907,27.629,10.460
10/01/2002 00:00,7.502,26.996,9.204
11/01/2002 00:00,6.706,21.152,6.112
12/01/2002 00:00,6.222,16.463,3.839
13/01/2002 00:00,5.652,13.944,3.280
14/01/2002 00:00,5.200,12.331,2.931
15/01/2002 00:00,4.798,11.288,2.658
16/01/2002 00:00,4.547,10.529,2.494
17/01/2002 00:00,4.367,9.537,2.340
18/01/2002 00:00,4.111,8.901,2.148
19/01/2002 00:00,3.991,8.618,2.431
20/01/2002 00:00,4.631,11.754,5.459
21/01/2002 00:00,5.635,14.299,5.760
22/01/2002 00:00,5.294,14.956,3.364
23/01/2002 00:00,5.199,11.220,2.632
24/01/2002 00:00,4.884,9.950,2.332
25/01/2002 00:00,4.494,9.151,2.124
26/01/2002 00:00,4.004,8.592,2.070
27/01/2002 00:00,3.970,8.223,2.277
28/01/2002 00:00,3.906,7.824,2.022
29/01/2002 00:00,3.663,7.405,1.803
30/01/2002 00:00,3.611,7.227,1.761
31/01/2002 00:00,5.122,11.600,4.442
01/02/2002 00:00,10.670,42.631,16.218
02/02/2002 00:00,17.259,55.481,24.989
03/02/2002 00:00,13.928,45.970,18.923
04/02/2002 00:00,10.923,39.528,8.546
05/02/2002 00:00,7.378,32.220,6.861
06/02/2002 00:00,5.417,19.801,4.455
07/02/2002 00:00,5.036,15.479,3.681
08/02/2002 00:00,4.832,13.850,3.370
09/02/2002 00:00,4.690,12.211,3.057
10/02/2002 00:00,4.484,10.946,2.793
11/02/2002 00:00,4.208,10.403,2.598
12/02/2002 00:00,4.084,9.990,2.448
13/02/2002 00:00,3.911,9.553,2.294
14/02/2002 00:00,3.754,9.160,2.156
15/02/2002 00:00,3.492,8.596,2.086
16/02/2002 00:00,3.298,8.191,2.019
17/02/2002 00:00,3.111,7.926,1.884
18/02/2002 00:00,2.947,7.777,1.855
19/02/2002 00:00,2.816,7.598,1.817
20/02/2002 00:00,2.632,7.313,1.735
21/02/2002 00:00,2.514,6.977,1.670
22/02/2002 00:00,2.433,6.784,1.617
23/02/2002 00:00,2.324,6.843,1.565
24/02/2002 00:00,2.257,6.913,1.520
25/02/2002 00:00,2.224,6.947,1.467
26/02/2002 00:00,2.250,7.007,1.431
27/02/2002 00:00,2.219,7.189,1.388
28/02/2002 00:00,2.089,7.301,1.344
01/03/2002 00:00,2.035,7.219,1.309
02/03/2002 00:00,2.022,7.011,1.280
03/03/2002 00:00,1.978,6.943,1.250
04/03/2002 00:00,1.965,6.878,1.221
05/03/2002 00:00,1.948,6.887,1.202
06/03/2002 00:00,1.914,6.859,1.184
07/03/2002 00:00,1.944,6.778,1.178
08/03/2002 00:00,1.992,6.906,1.175
09/03/2002 00:00,1.873,7.046,1.155
10/03/2002 00:00,1.784,6.826,1.137
11/03/2002 00:00,1.771,6.642,1.114
12/03/2002 00:00,1.735,6.525,1.095
13/03/2002 00:00,1.702,6.538,1.085
14/03/2002 00:00,1.691,6.668,1.076
15/03/2002 00:00,1.681,6.943,1.072
16/03/2002 00:00,1.638,7.244,1.059
17/03/2002 00:00,1.528,7.216,1.039
18/03/2002 00:00,1.481,6.972,1.026
19/03/2002 00:00,1.453,6.897,1.015
20/03/2002 00:00,1.372,6.822,0.998
21/03/2002 00:00,1.360,6.777,0.987
22/03/2002 00:00,1.356,6.767,0.983
23/03/2002 00:00,1.403,6.815,0.986
24/03/2002 00:00,1.427,6.804,0.979
25/03/2002 00:00,1.529,6.789,0.963
26/03/2002 00:00,1.483,6.663,0.946
27/03/2002 00:00,1.558,6.534,0.951
28/03/2002 00:00,1.528,6.488,0.959
29/03/2002 00:00,1.595,6.496,0.970
30/03/2002 00:00,1.736,6.588,0.981
31/03/2002 00:00,1.780,6.609,0.960
01/04/2002 00:00,1.773,6.432,0.937
02/04/2002 00:00,1.796,6.326,0.935
03/04/2002 00:00,1.899,6.262,0.929
04/04/2002 00:00,1.978,6.105,0.924
05/04/2002 00:00,2.047,6.075,0.914
06/04/2002 00:00,1.996,5.960,0.919
07/04/2002 00:00,2.005,5.591,0.920
08/04/2002 00:00,2.043,5.303,0.917
09/04/2002 00:00,1.956,5.599,0.913
10/04/2002 00:00,1.594,5.329,0.870
11/04/2002 00:00,1.686,5.557,0.873
12/04/2002 00:00,1.567,5.654,0.858
13/04/2002 00:00,1.966,5.694,0.820
14/04/2002 00:00,1.889,5.508,0.779
15/04/2002 00:00,1.884,5.358,0.761
16/04/2002 00:00,1.893,5.397,0.738
17/04/2002 00:00,1.897,5.266,0.724
18/04/2002 00:00,1.793,5.121,0.716
19/04/2002 00:00,1.871,5.045,0.719
20/04/2002 00:00,1.834,5.049,0.718
21/04/2002 00:00,1.902,5.077,0.722
22/04/2002 00:00,1.846,5.081,0.709
23/04/2002 00:00,1.885,5.004,0.700
24/04/2002 00:00,1.836,4.971,0.699
25/04/2002 00:00,1.890,4.956,0.701
26/04/2002 00:00,1.833,4.979,0.704
27/04/2002 00:00,1.894,4.972,0.704
28/04/2002 00:00,1.827,4.929,0.698
29/04/2002 00:00,1.889,4.892,0.700
30/04/2002 00:00,1.898,4.831,0.696
01/05/2002 00:00,1.907,4.867,0.694
02/05/2002 00:00,2.051,5.052,0.767
03/05/2002 00:00,2.314,5.415,0.952
04/05/2002 00:00,2.302,5.900,0.958
05/05/2002 00:00,1.935,5.863,0.884
06/05/2002 00:00,2.054,5.550,0.796
07/05/2002 00:00,1.954,5.283,0.750
08/05/2002 00:00,1.974,5.216,0.745
09/05/2002 00:00,2.517,5.145,0.783
10/05/2002 00:00,3.144,6.037,0.786
11/05/2002 00:00,2.826,7.213,0.962
12/05/2002 00:00,2.663,7.114,0.952
13/05/2002 00:00,2.435,6.195,0.825
14/05/2002 00:00,2.390,5.586,0.813
15/05/2002 00:00,2.504,5.433,0.800
16/05/2002 00:00,3.908,7.360,1.656
17/05/2002 00:00,4.294,8.565,2.616
18/05/2002 00:00,3.593,8.245,1.894
19/05/2002 00:00,3.531,7.904,1.212
20/05/2002 00:00,2.620,5.934,1.014
21/05/2002 00:00,2.414,5.345,0.882
22/05/2002 00:00,2.446,5.428,0.875
23/05/2002 00:00,2.317,5.456,0.871
24/05/2002 00:00,2.215,5.440,0.862
25/05/2002 00:00,3.482,6.737,1.035
26/05/2002 00:00,3.354,7.178,1.006
27/05/2002 00:00,3.889,7.640,1.042
28/05/2002 00:00,4.447,8.337,1.056
29/05/2002 00:00,4.737,8.802,1.607
30/05/2002 00:00,5.068,8.986,1.936
31/05/2002 00:00,5.761,9.692,1.871
01/06/2002 00:00,6.314,11.002,2.220
02/06/2002 00:00,4.112,8.575,1.585
03/06/2002 00:00,3.019,7.643,1.263
04/06/2002 00:00,2.591,5.711,1.028
05/06/2002 00:00,2.534,5.323,0.962
06/06/2002 00:00,2.571,5.885,0.975
07/06/2002 00:00,4.848,15.258,2.523
08/06/2002 00:00,4.942,12.835,2.407
09/06/2002 00:00,4.060,10.036,2.080
10/06/2002 00:00,5.061,8.856,1.659
11/06/2002 00:00,8.239,11.384,2.109
12/06/2002 00:00,6.561,9.527,1.761
13/06/2002 00:00,6.916,10.858,1.624
14/06/2002 00:00,4.418,7.989,1.403
15/06/2002 00:00,3.346,6.668,1.321
16/06/2002 00:00,3.367,6.350,1.553
17/06/2002 00:00,3.061,6.120,1.292
18/06/2002 00:00,9.035,21.516,5.270
19/06/2002 00:00,9.768,28.698,7.655
20/06/2002 00:00,7.859,25.017,6.626
21/06/2002 00:00,5.306,12.685,3.522
22/06/2002 00:00,4.169,8.932,2.601
23/06/2002 00:00,3.571,7.546,1.967
24/06/2002 00:00,3.252,6.811,1.541
25/06/2002 00:00,3.186,6.086,1.324
26/06/2002 00:00,3.270,5.549,1.269
27/06/2002 00:00,3.185,5.302,1.269
28/06/2002 00:00,3.049,5.263,1.292
29/06/2002 00:00,2.898,5.412,1.305
30/06/2002 00:00,2.706,5.540,1.272
01/07/2002 00:00,2.618,5.686,1.281
02/07/2002 00:00,2.478,5.978,1.309
03/07/2002 00:00,2.408,6.208,1.266
04/07/2002 00:00,2.309,6.187,1.206
05/07/2002 00:00,2.284,6.071,1.163
06/07/2002 00:00,2.256,5.993,1.140
07/07/2002 00:00,2.261,5.961,1.132
08/07/2002 00:00,2.335,6.091,1.140
09/07/2002 00:00,2.293,6.177,1.111
10/07/2002 00:00,2.292,6.155,1.081
11/07/2002 00:00,2.687,8.263,1.374
12/07/2002 00:00,2.556,8.099,1.313
13/07/2002 00:00,2.491,7.607,1.187
14/07/2002 00:00,2.629,6.605,1.175
15/07/2002 00:00,2.891,7.750,1.340
16/07/2002 00:00,2.864,8.416,1.292
17/07/2002 00:00,3.013,9.135,1.290
18/07/2002 00:00,2.898,7.762,1.168
19/07/2002 00:00,2.815,7.124,1.109
20/07/2002 00:00,2.668,6.294,1.028
21/07/2002 00:00,3.817,7.615,1.368
22/07/2002 00:00,3.239,8.294,2.159
23/07/2002 00:00,3.660,9.195,1.964
24/07/2002 00:00,3.427,9.122,2.263
25/07/2002 00:00,3.254,8.457,1.816
26/07/2002 00:00,2.858,7.727,1.283
27/07/2002 00:00,2.820,6.555,1.233
28/07/2002 00:00,3.184,7.651,1.576
29/07/2002 00:00,3.221,8.899,1.918
30/07/2002 00:00,3.348,9.601,2.032
31/07/2002 00:00,4.392,9.650,2.691
01/08/2002 00:00,3.622,8.125,1.916
02/08/2002 00:00,3.218,7.148,1.490
03/08/2002 00:00,4.289,9.659,2.724
04/08/2002 00:00,3.599,8.678,2.167
05/08/2002 00:00,3.369,8.076,1.799
06/08/2002 00:00,2.934,6.676,1.622
07/08/2002 00:00,2.625,6.079,1.367
08/08/2002 00:00,3.182,9.060,2.036
09/08/2002 00:00,3.018,9.709,1.855
10/08/2002 00:00,2.773,8.503,1.461
11/08/2002 00:00,2.768,6.271,1.317
12/08/2002 00:00,2.590,4.995,1.240
13/08/2002 00:00,2.395,5.054,1.224
14/08/2002 00:00,2.282,5.059,1.196
15/08/2002 00:00,2.178,4.408,1.193
16/08/2002 00:00,2.557,7.402,1.632
17/08/2002 00:00,2.826,9.571,2.109
18/08/2002 00:00,2.607,9.280,1.839
19/08/2002 00:00,2.457,7.115,1.513
20/08/2002 00:00,2.567,6.094,1.387
21/08/2002 00:00,2.518,5.507,1.369
22/08/2002 00:00,2.477,5.387,1.262
23/08/2002 00:00,2.371,5.239,1.168
24/08/2002 00:00,2.473,5.754,1.208
25/08/2002 00:00,2.541,5.285,1.144
26/08/2002 00:00,2.311,5.611,1.123
27/08/2002 00:00,3.058,6.969,1.349
28/08/2002 00:00,3.599,12.940,2.801
29/08/2002 00:00,4.547,11.169,3.806
30/08/2002 00:00,3.655,12.119,2.475
31/08/2002 00:00,3.115,6.870,1.932
01/09/2002 00:00,2.813,6.452,1.543
02/09/2002 00:00,3.046,9.881,2.437
03/09/2002 00:00,3.152,9.923,2.477
04/09/2002 00:00,2.964,11.222,1.825
05/09/2002 00:00,2.788,7.171,1.758
06/09/2002 00:00,2.724,5.746,1.587
07/09/2002 00:00,2.937,6.446,1.809
08/09/2002 00:00,2.857,6.221,1.597
09/09/2002 00:00,3.756,7.688,2.116
10/09/2002 00:00,2.897,5.817,1.725
11/09/2002 00:00,2.616,6.205,1.325
12/09/2002 00:00,2.461,4.608,1.172
13/09/2002 00:00,2.450,4.463,1.105
14/09/2002 00:00,2.419,4.311,1.140
15/09/2002 00:00,4.373,11.715,3.089
16/09/2002 00:00,4.552,14.184,5.833
17/09/2002 00:00,9.114,26.065,10.498
18/09/2002 00:00,7.960,20.998,11.041
19/09/2002 00:00,6.258,17.328,5.873
20/09/2002 00:00,4.939,11.491,3.659
21/09/2002 00:00,4.635,9.777,2.683
22/09/2002 00:00,3.419,7.943,1.990
23/09/2002 00:00,3.209,5.570,1.677
24/09/2002 00:00,3.004,4.570,1.736
25/09/2002 00:00,2.611,4.752,1.337
26/09/2002 00:00,2.683,4.275,1.502
27/09/2002 00:00,2.673,4.485,1.693
28/09/2002 00:00,2.586,4.659,1.919
29/09/2002 00:00,2.438,4.514,1.753
30/09/2002 00:00,2.312,4.193,1.670
01/10/2002 00:00,2.353,4.339,1.870
02/10/2002 00:00,2.270,4.543,1.715
03/10/2002 00:00,2.216,4.217,1.696
04/10/2002 00:00,2.249,4.286,1.177
05/10/2002 00:00,2.642,6.288,1.882
06/10/2002 00:00,3.226,10.357,2.836
07/10/2002 00:00,4.517,11.204,3.766
08/10/2002 00:00,5.605,13.291,5.872
09/10/2002 00:00,11.044,22.291,10.121
10/10/2002 00:00,11.231,21.395,12.967
11/10/2002 00:00,9.356,25.045,12.245
12/10/2002 00:00,8.360,22.283,12.286
13/10/2002 00:00,6.920,17.309,6.714
14/10/2002 00:00,6.541,14.772,4.096
15/10/2002 00:00,6.210,12.521,4.008
16/10/2002 00:00,5.324,10.818,2.501
17/10/2002 00:00,6.087,14.782,5.676
18/10/2002 00:00,5.573,13.228,6.264
19/10/2002 00:00,6.003,14.142,6.872
20/10/2002 00:00,5.457,12.516,4.845
21/10/2002 00:00,4.768,11.301,3.827
22/10/2002 00:00,4.360,7.908,3.234
23/10/2002 00:00,3.532,6.094,2.119
24/10/2002 00:00,3.528,5.723,2.627
25/10/2002 00:00,3.923,6.647,2.841
26/10/2002 00:00,8.883,19.018,9.965
27/10/2002 00:00,18.843,42.358,17.984
28/10/2002 00:00,15.583,37.059,15.894
29/10/2002 00:00,20.522,50.643,23.556
30/10/2002 00:00,24.546,58.537,29.609
31/10/2002 00:00,28.024,90.175,48.043
01/11/2002 00:00,44.097,152.804,79.850
02/11/2002 00:00,30.093,91.609,51.105
03/11/2002 00:00,14.890,40.198,30.224
04/11/2002 00:00,12.719,31.942,25.818
05/11/2002 00:00,13.778,38.406,29.398
06/11/2002 00:00,13.215,38.433,28.553
07/11/2002 00:00,14.151,39.039,27.730
08/11/2002 00:00,21.985,85.142,41.186
09/11/2002 00:00,25.829,108.007,50.961
10/11/2002 00:00,22.246,97.468,47.453
11/11/2002 00:00,13.263,44.773,29.513
12/11/2002 00:00,9.463,26.276,15.661
13/11/2002 00:00,7.706,17.501,10.240
14/11/2002 00:00,7.383,14.321,7.751
15/11/2002 00:00,6.232,12.354,5.612
16/11/2002 00:00,5.064,10.945,4.249
17/11/2002 00:00,4.415,10.098,3.661
18/11/2002 00:00,4.369,12.047,5.251
19/11/2002 00:00,4.461,12.362,6.112
20/11/2002 00:00,4.121,12.179,5.162
21/11/2002 00:00,4.104,13.370,4.701
22/11/2002 00:00,3.795,11.829,3.360
23/11/2002 00:00,3.403,9.393,2.552
24/11/2002 00:00,3.159,8.365,2.295
25/11/2002 00:00,2.992,7.584,2.081
26/11/2002 00:00,2.836,7.089,1.848
27/11/2002 00:00,2.665,6.728,1.699
28/11/2002 00:00,2.500,6.290,1.718
29/11/2002 00:00,2.348,6.066,1.695
30/11/2002 00:00,2.263,5.826,1.338
01/12/2002 00:00,2.186,5.727,1.323
02/12/2002 00:00,2.126,5.663,1.241
03/12/2002 00:00,2.070,5.557,1.266
04/12/2002 00:00,2.038,5.586,1.215
05/12/2002 00:00,2.011,5.471,1.285
06/12/2002 00:00,11.767,52.346,16.544
07/12/2002 00:00,12.930,65.396,28.306
08/12/2002 00:00,12.792,56.943,31.051
09/12/2002 00:00,8.413,41.998,13.686
10/12/2002 00:00,5.134,23.711,10.161
11/12/2002 00:00,4.178,13.421,4.444
12/12/2002 00:00,3.538,11.016,2.978
13/12/2002 00:00,3.118,9.805,2.394
14/12/2002 00:00,2.983,8.929,2.218
15/12/2002 00:00,2.858,7.887,2.010
16/12/2002 00:00,2.474,7.780,2.153
17/12/2002 00:00,2.573,7.315,2.039
18/12/2002 00:00,2.561,6.776,1.904
19/12/2002 00:00,2.325,6.516,1.915
20/12/2002 00:00,2.249,6.068,1.723
21/12/2002 00:00,2.203,5.831,1.509
22/12/2002 00:00,2.149,5.568,1.488
23/12/2002 00:00,2.219,5.433,1.494
24/12/2002 00:00,2.203,5.055,1.351
25/12/2002 00:00,2.203,4.829,1.230
26/12/2002 00:00,2.199,4.707,1.188
27/12/2002 00:00,2.166,4.709,1.164
28/12/2002 00:00,2.131,4.696,1.152
29/12/2002 00:00,2.098,4.748,1.103
30/12/2002 00:00,2.058,4.742,1.076
31/12/2002 00:00,2.019,4.674,1.072
01/01/2003 00:00,1.974,4.596,1.021
02/01/2003 00:00,1.948,4.652,0.932
03/01/2003 00:00,1.912,4.716,1.073
04/01/2003 00:00,1.945,4.647,0.914
05/01/2003 00:00,1.905,4.641,0.881
06/01/2003 00:00,1.906,4.411,0.815
07/01/2003 00:00,1.883,4.411,0.785
08/01/2003 00:00,1.891,4.262,0.779
09/01/2003 00:00,1.887,4.222,0.775
10/01/2003 00:00,1.862,4.193,0.785
11/01/2003 00:00,1.832,4.146,0.748
12/01/2003 00:00,1.806,4.021,0.733
13/01/2003 00:00,1.798,4.004,0.726
14/01/2003 00:00,1.726,4.001,0.716
15/01/2003 00:00,1.596,4.002,0.729
16/01/2003 00:00,1.541,4.050,0.704
17/01/2003 00:00,1.468,4.051,0.686
18/01/2003 00:00,1.480,4.228,0.718
19/01/2003 00:00,1.390,4.894,0.874
20/01/2003 00:00,1.604,4.199,0.742
21/01/2003 00:00,1.583,4.202,0.691
22/01/2003 00:00,1.506,4.084,0.680
23/01/2003 00:00,1.400,4.057,0.684
24/01/2003 00:00,1.408,4.084,0.689
25/01/2003 00:00,1.412,4.113,0.694
26/01/2003 00:00,1.447,4.119,0.744
27/01/2003 00:00,1.430,4.110,0.706
28/01/2003 00:00,1.408,4.177,0.684
29/01/2003 00:00,1.379,4.141,0.683
30/01/2003 00:00,1.367,4.049,0.679
31/01/2003 00:00,1.376,4.050,0.650
01/02/2003 00:00,1.561,4.625,0.805
02/02/2003 00:00,1.729,5.108,0.687
03/02/2003 00:00,1.715,4.954,0.638
04/02/2003 00:00,1.618,4.695,0.645
05/02/2003 00:00,1.572,4.667,0.657
06/02/2003 00:00,1.601,4.800,0.696
07/02/2003 00:00,1.632,4.860,0.658
08/02/2003 00:00,1.619,4.719,0.638
09/02/2003 00:00,1.585,4.583,0.647
10/02/2003 00:00,1.586,4.686,0.639
11/02/2003 00:00,1.603,4.791,0.645
12/02/2003 00:00,1.694,4.947,0.741
13/02/2003 00:00,1.709,5.108,0.723
14/02/2003 00:00,1.685,5.035,0.670
15/02/2003 00:00,1.681,5.002,0.727
16/02/2003 00:00,1.693,5.020,0.744
17/02/2003 00:00,1.662,5.012,0.684
18/02/2003 00:00,1.637,4.928,0.667
19/02/2003 00:00,1.618,4.846,0.669
20/02/2003 00:00,1.593,4.860,0.661
21/02/2003 00:00,1.578,4.858,0.664
22/02/2003 00:00,1.565,4.895,0.677
23/02/2003 00:00,1.559,4.913,0.690
24/02/2003 00:00,1.559,4.937,0.704
25/02/2003 00:00,1.568,4.944,0.716
26/02/2003 00:00,1.585,4.916,0.715
27/02/2003 00:00,1.582,4.865,0.707
28/02/2003 00:00,1.569,4.835,0.698
01/03/2003 00:00,1.567,4.764,0.689
02/03/2003 00:00,1.559,4.690,0.684
03/03/2003 00:00,1.560,4.672,0.690
04/03/2003 00:00,1.577,4.654,0.696
05/03/2003 00:00,1.598,4.649,0.715
06/03/2003 00:00,1.642,4.573,0.725
07/03/2003 00:00,1.637,4.562,0.730
08/03/2003 00:00,1.696,4.556,0.730
09/03/2003 00:00,1.642,4.482,0.715
10/03/2003 00:00,1.700,4.403,0.700
11/03/2003 00:00,1.605,4.374,0.701
12/03/2003 00:00,1.747,4.403,0.774
13/03/2003 00:00,1.838,4.625,0.872
14/03/2003 00:00,2.031,5.100,0.868
15/03/2003 00:00,1.888,5.437,0.754
16/03/2003 00:00,1.956,5.244,0.787
17/03/2003 00:00,2.279,5.530,1.109
18/03/2003 00:00,2.382,7.454,1.079
19/03/2003 00:00,2.266,7.856,0.809
20/03/2003 00:00,2.222,6.827,0.789
21/03/2003 00:00,1.981,6.025,0.773
22/03/2003 00:00,1.942,5.206,0.649
23/03/2003 00:00,1.813,4.625,0.616
24/03/2003 00:00,1.797,4.254,0.633
25/03/2003 00:00,1.736,4.131,0.658
26/03/2003 00:00,1.717,4.079,0.685
27/03/2003 00:00,1.702,4.101,0.707
28/03/2003 00:00,1.700,4.152,0.733
29/03/2003 00:00,1.749,4.235,0.755
30/03/2003 00:00,1.741,4.240,0.749
31/03/2003 00:00,1.793,4.220,0.753
01/04/2003 00:00,1.786,4.224,0.762
02/04/2003 00:00,1.819,4.259,0.771
03/04/2003 00:00,1.951,4.365,0.833
04/04/2003 00:00,2.229,4.600,0.853
05/04/2003 00:00,2.528,5.409,0.785
06/04/2003 00:00,2.389,5.106,0.711
07/04/2003 00:00,2.080,5.048,0.711
08/04/2003 00:00,1.912,4.643,0.738
09/04/2003 00:00,1.896,4.530,0.722
10/04/2003 00:00,1.937,4.369,0.724
11/04/2003 00:00,1.989,4.297,0.745
12/04/2003 00:00,2.022,4.300,0.719
13/04/2003 00:00,1.981,4.238,0.668
14/04/2003 00:00,1.937,4.142,0.678
15/04/2003 00:00,1.956,4.173,0.728
16/04/2003 00:00,2.008,4.243,0.708
17/04/2003 00:00,1.991,4.206,0.663
18/04/2003 00:00,2.048,4.167,0.673
19/04/2003 00:00,2.018,4.205,0.676
20/04/2003 00:00,2.023,4.235,0.672
21/04/2003 00:00,1.969,4.230,0.664
22/04/2003 00:00,1.937,4.190,0.646
23/04/2003 00:00,1.893,4.174,0.635
24/04/2003 00:00,1.968,4.158,0.631
25/04/2003 00:00,1.880,4.143,0.623
26/04/2003 00:00,1.949,4.129,0.632
27/04/2003 00:00,2.020,4.219,0.690
28/04/2003 00:00,2.259,4.457,0.705
29/04/2003 00:00,2.641,4.987,0.747
30/04/2003 00:00,2.480,5.024,0.691
01/05/2003 00:00,2.207,4.964,0.653
02/05/2003 00:00,2.169,4.664,0.662
03/05/2003 00:00,2.203,4.577,0.674
04/05/2003 00:00,2.213,4.448,0.671
05/05/2003 00:00,2.256,4.435,0.673
06/05/2003 00:00,2.313,4.460,0.705
07/05/2003 00:00,2.294,4.462,0.660
08/05/2003 00:00,2.145,4.382,0.656
09/05/2003 00:00,1.946,4.252,0.625
10/05/2003 00:00,1.979,4.234,0.637
11/05/2003 00:00,1.990,4.248,0.655
12/05/2003 00:00,1.966,4.267,0.675
13/05/2003 00:00,2.468,5.608,0.979
14/05/2003 00:00,2.682,6.674,0.935
15/05/2003 00:00,2.463,5.408,0.650
16/05/2003 00:00,2.598,4.870,0.631
17/05/2003 00:00,2.785,6.611,1.115
18/05/2003 00:00,2.826,6.833,0.762
19/05/2003 00:00,2.641,5.397,0.607
20/05/2003 00:00,2.485,4.419,0.609
21/05/2003 00:00,2.524,4.127,0.660
22/05/2003 00:00,2.415,4.045,0.652
23/05/2003 00:00,2.468,4.008,0.686
24/05/2003 00:00,2.592,3.996,0.631
25/05/2003 00:00,2.392,4.231,0.643
26/05/2003 00:00,2.976,5.817,0.627
27/05/2003 00:00,2.718,5.382,0.618
28/05/2003 00:00,2.578,5.396,0.593
29/05/2003 00:00,2.706,5.597,0.755
30/05/2003 00:00,2.831,5.727,0.687
31/05/2003 00:00,2.337,5.026,0.618
01/06/2003 00:00,2.588,4.509,0.671
02/06/2003 00:00,2.413,4.357,0.671
03/06/2003 00:00,2.853,4.567,0.635
04/06/2003 00:00,2.993,4.979,0.621
05/06/2003 00:00,2.837,5.279,0.586
06/06/2003 00:00,2.523,4.763,0.650
07/06/2003 00:00,2.855,5.153,0.666
08/06/2003 00:00,2.680,5.235,0.609
09/06/2003 00:00,2.764,5.311,0.615
10/06/2003 00:00,2.274,4.731,0.571
11/06/2003 00:00,2.368,4.871,0.623
12/06/2003 00:00,2.191,4.769,0.565
13/06/2003 00:00,2.466,5.007,0.684
14/06/2003 00:00,2.360,5.243,0.682
15/06/2003 00:00,2.235,5.207,0.603
16/06/2003 00:00,2.397,5.908,0.778
17/06/2003 00:00,2.398,4.971,0.634
18/06/2003 00:00,2.905,6.388,1.412
19/06/2003 00:00,2.900,6.982,1.136
20/06/2003 00:00,2.624,6.858,0.775
21/06/2003 00:00,2.377,5.771,0.631
22/06/2003 00:00,2.470,5.667,0.643
23/06/2003 00:00,3.005,8.815,1.777
24/06/2003 00:00,3.178,10.766,1.800
25/06/2003 00:00,3.012,9.426,1.029
26/06/2003 00:00,2.801,7.028,0.873
27/06/2003 00:00,3.279,6.954,0.972
28/06/2003 00:00,3.661,10.342,2.364
29/06/2003 00:00,3.478,10.699,2.178
30/06/2003 00:00,3.652,9.665,1.622
01/07/2003 00:00,3.635,9.234,2.234
02/07/2003 00:00,4.453,12.186,1.998
03/07/2003 00:00,3.926,10.265,1.339
04/07/2003 00:00,3.626,7.817,0.885
05/07/2003 00:00,3.529,6.174,0.731
06/07/2003 00:00,3.556,5.355,0.777
07/07/2003 00:00,3.394,5.078,1.023
08/07/2003 00:00,3.169,5.458,0.806
09/07/2003 00:00,3.792,10.129,1.933
10/07/2003 00:00,5.297,17.296,3.459
11/07/2003 00:00,4.718,13.661,3.779
12/07/2003 00:00,4.242,10.873,2.953
13/07/2003 00:00,4.731,8.159,2.707
14/07/2003 00:00,5.212,7.975,2.778
15/07/2003 00:00,4.633,7.248,2.105
16/07/2003 00:00,4.452,7.983,1.491
17/07/2003 00:00,4.640,6.903,0.966
18/07/2003 00:00,3.988,5.512,0.789
19/07/2003 00:00,4.117,5.773,0.838
20/07/2003 00:00,4.712,7.963,1.801
21/07/2003 00:00,5.478,11.485,3.290
22/07/2003 00:00,7.440,19.393,6.726
23/07/2003 00:00,6.166,19.200,5.722
24/07/2003 00:00,4.454,13.693,3.930
25/07/2003 00:00,4.579,8.025,1.900
26/07/2003 00:00,4.267,6.206,1.462
27/07/2003 00:00,4.357,5.324,1.388
28/07/2003 00:00,4.340,4.981,1.139
29/07/2003 00:00,4.924,6.906,1.781
30/07/2003 00:00,6.407,15.232,4.002
31/07/2003 00:00,7.251,19.100,5.028
01/08/2003 00:00,9.560,28.289,9.106
02/08/2003 00:00,8.299,26.817,7.216
03/08/2003 00:00,7.604,26.229,7.966
04/08/2003 00:00,8.027,27.836,9.398
05/08/2003 00:00,7.375,23.743,9.058
06/08/2003 00:00,6.149,13.659,5.408
07/08/2003 00:00,4.551,10.460,3.131
08/08/2003 00:00,3.547,7.608,2.199
09/08/2003 00:00,3.087,6.366,1.876
10/08/2003 00:00,3.022,5.903,1.502
11/08/2003 00:00,3.596,11.648,2.935
12/08/2003 00:00,4.474,11.855,3.894
13/08/2003 00:00,5.587,14.071,6.072
14/08/2003 00:00,5.847,14.626,6.838
15/08/2003 00:00,4.869,15.002,6.339
16/08/2003 00:00,8.975,22.642,8.344
17/08/2003 00:00,10.231,27.692,9.767
18/08/2003 00:00,6.497,26.103,10.449
19/08/2003 00:00,4.505,20.064,6.644
20/08/2003 00:00,4.275,17.916,6.324
21/08/2003 00:00,5.757,25.158,9.006
22/08/2003 00:00,8.425,26.688,10.817
23/08/2003 00:00,5.535,24.062,11.271
24/08/2003 00:00,4.766,15.715,5.460
25/08/2003 00:00,4.379,11.806,4.150
26/08/2003 00:00,4.253,9.489,3.419
27/08/2003 00:00,4.264,9.238,2.674
28/08/2003 00:00,4.205,8.414,2.180
29/08/2003 00:00,3.593,8.184,1.716
30/08/2003 00:00,3.390,8.366,1.590
31/08/2003 00:00,3.495,9.564,1.847
01/09/2003 00:00,3.710,9.674,2.464
02/09/2003 00:00,3.981,9.533,2.997
03/09/2003 00:00,4.535,9.852,3.023
04/09/2003 00:00,6.313,14.598,5.291
05/09/2003 00:00,5.223,10.851,3.922
06/09/2003 00:00,4.360,10.980,2.268
07/09/2003 00:00,4.272,6.888,1.548
08/09/2003 00:00,3.621,5.512,1.353
09/09/2003 00:00,3.389,5.155,1.285
10/09/2003 00:00,3.146,5.265,1.296
11/09/2003 00:00,2.915,5.237,1.249
12/09/2003 00:00,2.618,5.112,1.246
13/09/2003 00:00,2.489,5.016,1.186
14/09/2003 00:00,2.196,5.254,1.242
15/09/2003 00:00,2.082,5.262,1.214
16/09/2003 00:00,2.277,7.030,2.023
17/09/2003 00:00,2.765,9.635,2.492
18/09/2003 00:00,3.372,9.803,2.527
19/09/2003 00:00,3.111,8.913,1.812
20/09/2003 00:00,2.605,7.009,1.437
21/09/2003 00:00,2.598,7.312,1.645
22/09/2003 00:00,2.992,6.776,1.534
23/09/2003 00:00,2.657,6.933,1.557
24/09/2003 00:00,2.375,6.397,1.402
25/09/2003 00:00,3.765,13.567,4.419
26/09/2003 00:00,11.063,28.107,9.755
27/09/2003 00:00,8.808,24.650,10.844
28/09/2003 00:00,6.915,23.840,6.395
29/09/2003 00:00,5.725,18.904,5.159
30/09/2003 00:00,4.649,13.428,3.995
01/10/2003 00:00,3.831,11.822,3.172
02/10/2003 00:00,5.217,15.215,6.354
03/10/2003 00:00,7.867,21.076,7.698
04/10/2003 00:00,7.330,27.183,7.898
05/10/2003 00:00,7.955,28.775,9.387
06/10/2003 00:00,5.813,22.185,10.565
07/10/2003 00:00,5.071,19.663,9.184
08/10/2003 00:00,4.517,13.619,5.001
09/10/2003 00:00,4.061,10.275,3.005
10/10/2003 00:00,3.363,8.082,2.362
11/10/2003 00:00,5.547,14.524,3.418
12/10/2003 00:00,7.207,14.146,4.979
13/10/2003 00:00,8.661,25.633,9.399
14/10/2003 00:00,8.010,25.339,11.461
15/10/2003 00:00,5.539,17.979,8.279
16/10/2003 00:00,5.208,12.001,4.801
17/10/2003 00:00,4.889,8.925,2.974
18/10/2003 00:00,8.403,23.582,7.254
19/10/2003 00:00,16.634,43.034,13.336
20/10/2003 00:00,17.497,44.214,16.551
21/10/2003 00:00,23.416,52.992,19.075
22/10/2003 00:00,23.442,49.714,23.527
23/10/2003 00:00,40.051,128.080,48.772
24/10/2003 00:00,36.895,99.421,41.729
25/10/2003 00:00,30.823,64.039,29.421
26/10/2003 00:00,18.520,33.616,14.640
27/10/2003 00:00,11.649,22.268,13.089
28/10/2003 00:00,8.796,16.103,8.291
29/10/2003 00:00,7.501,11.982,6.287
30/10/2003 00:00,8.705,15.055,7.983
31/10/2003 00:00,10.586,17.003,9.287
01/11/2003 00:00,9.322,16.355,7.682
02/11/2003 00:00,8.790,15.145,8.271
03/11/2003 00:00,7.323,14.113,7.670
04/11/2003 00:00,7.700,14.458,8.063
05/11/2003 00:00,8.077,16.634,8.126
06/11/2003 00:00,11.733,40.975,17.071
07/11/2003 00:00,21.276,51.799,24.668
08/11/2003 00:00,31.382,72.999,30.797
09/11/2003 00:00,34.022,89.467,34.960
10/11/2003 00:00,19.570,72.067,20.091
11/11/2003 00:00,13.872,37.550,16.374
12/11/2003 00:00,11.012,24.374,9.656
13/11/2003 00:00,9.567,24.180,12.629
14/11/2003 00:00,9.521,33.958,13.800
15/11/2003 00:00,8.675,28.332,13.340
16/11/2003 00:00,7.749,20.902,7.600
17/11/2003 00:00,7.160,17.123,4.767
18/11/2003 00:00,6.471,15.020,3.793
19/11/2003 00:00,5.601,13.081,3.400
20/11/2003 00:00,5.012,10.742,3.010
21/11/2003 00:00,9.875,31.563,14.041
22/11/2003 00:00,16.277,54.613,25.736
23/11/2003 00:00,14.096,62.402,14.435
24/11/2003 00:00,9.573,30.063,7.117
25/11/2003 00:00,7.136,18.742,4.517
26/11/2003 00:00,5.049,14.436,3.633
27/11/2003 00:00,4.956,12.295,3.629
28/11/2003 00:00,7.520,26.590,12.834
29/11/2003 00:00,37.198,108.603,50.491
30/11/2003 00:00,27.340,111.126,42.770
01/12/2003 00:00,20.064,77.781,21.342
02/12/2003 00:00,13.117,38.829,11.173
03/12/2003 00:00,9.184,26.904,7.343
04/12/2003 00:00,6.589,18.469,6.279
05/12/2003 00:00,5.627,14.911,4.778
06/12/2003 00:00,4.904,13.154,3.985
07/12/2003 00:00,3.668,11.298,3.353
08/12/2003 00:00,3.394,9.809,2.943
09/12/2003 00:00,3.160,9.122,2.690
10/12/2003 00:00,3.012,8.532,2.533
11/12/2003 00:00,2.970,8.041,2.435
12/12/2003 00:00,3.160,7.892,2.476
13/12/2003 00:00,3.222,7.872,2.366
14/12/2003 00:00,5.661,17.055,10.127
15/12/2003 00:00,9.584,26.665,16.198
16/12/2003 00:00,8.339,31.068,14.881
17/12/2003 00:00,6.808,15.740,6.494
18/12/2003 00:00,4.917,12.045,5.118
19/12/2003 00:00,3.811,10.908,4.227
20/12/2003 00:00,3.323,9.754,3.598
21/12/2003 00:00,3.052,8.717,3.096
22/12/2003 00:00,2.911,8.022,2.712
23/12/2003 00:00,3.432,7.913,3.012
24/12/2003 00:00,5.868,9.716,4.465
25/12/2003 00:00,6.514,10.058,4.068
26/12/2003 00:00,5.504,10.371,3.983
27/12/2003 00:00,4.758,9.887,3.979
28/12/2003 00:00,4.515,9.276,3.362
29/12/2003 00:00,3.835,8.444,2.671
30/12/2003 00:00,3.556,7.989,2.456
31/12/2003 00:00,3.602,7.909,2.396
01/01/2004 00:00,3.537,7.940,2.331
02/01/2004 00:00,3.250,7.593,2.161
03/01/2004 00:00,3.024,7.078,2.013
04/01/2004 00:00,2.944,6.790,1.889
05/01/2004 00:00,2.875,6.762,1.814
06/01/2004 00:00,2.809,6.755,1.768
07/01/2004 00:00,2.712,6.748,1.686
08/01/2004 00:00,2.577,6.495,1.621
09/01/2004 00:00,2.486,6.252,1.569
10/01/2004 00:00,2.460,6.121,1.546
11/01/2004 00:00,2.398,5.999,1.513
12/01/2004 00:00,2.334,5.856,1.469
13/01/2004 00:00,2.293,5.795,1.449
14/01/2004 00:00,2.245,5.751,1.423
15/01/2004 00:00,2.217,5.732,1.399
16/01/2004 00:00,2.182,5.737,1.382
17/01/2004 00:00,2.144,5.705,1.374
18/01/2004 00:00,2.490,5.717,1.345
19/01/2004 00:00,2.081,5.676,1.318
20/01/2004 00:00,2.068,5.650,1.281
21/01/2004 00:00,2.040,5.603,1.239
22/01/2004 00:00,2.038,5.550,1.223
23/01/2004 00:00,2.063,5.744,1.249
24/01/2004 00:00,2.153,6.133,1.307
25/01/2004 00:00,2.202,6.181,1.280
26/01/2004 00:00,3.084,7.908,1.819
27/01/2004 00:00,3.454,8.300,1.869
28/01/2004 00:00,3.281,7.538,1.693
29/01/2004 00:00,2.874,5.930,1.459
30/01/2004 00:00,2.795,5.774,1.378
31/01/2004 00:00,3.041,5.645,1.323
01/02/2004 00:00,2.866,5.549,1.310
02/02/2004 00:00,2.468,5.381,1.264
03/02/2004 00:00,2.424,5.338,1.217
04/02/2004 00:00,2.431,5.346,1.211
05/02/2004 00:00,2.617,5.419,1.201
06/02/2004 00:00,2.402,5.485,1.197
07/02/2004 00:00,2.411,5.961,1.415
08/02/2004 00:00,2.388,6.133,1.415
09/02/2004 00:00,2.347,5.987,1.284
10/02/2004 00:00,2.235,5.560,1.158
11/02/2004 00:00,2.204,5.334,1.112
12/02/2004 00:00,2.090,5.324,1.113
13/02/2004 00:00,1.976,5.441,1.111
14/02/2004 00:00,2.019,5.512,1.097
15/02/2004 00:00,1.918,5.558,1.079
16/02/2004 00:00,1.827,5.581,1.052
17/02/2004 00:00,1.795,5.553,1.051
18/02/2004 00:00,1.776,5.533,1.009
19/02/2004 00:00,1.746,5.511,1.020
20/02/2004 00:00,1.735,5.472,0.981
21/02/2004 00:00,1.724,5.440,0.994
22/02/2004 00:00,1.714,5.430,0.966
23/02/2004 00:00,1.720,5.422,0.972
24/02/2004 00:00,1.704,5.410,0.960
25/02/2004 00:00,1.696,5.409,0.945
26/02/2004 00:00,1.672,5.407,0.937
27/02/2004 00:00,1.684,5.391,0.916
28/02/2004 00:00,1.669,5.368,0.899
29/02/2004 00:00,1.665,5.343,0.884
01/03/2004 00:00,1.670,5.331,0.874
02/03/2004 00:00,1.695,5.341,0.867
03/03/2004 00:00,1.737,5.377,0.863
04/03/2004 00:00,1.788,5.360,0.851
05/03/2004 00:00,1.770,5.356,0.835
06/03/2004 00:00,1.721,5.332,0.823
07/03/2004 00:00,1.698,5.314,0.809
08/03/2004 00:00,1.692,5.304,0.805
09/03/2004 00:00,1.698,5.318,0.807
10/03/2004 00:00,1.715,5.314,0.811
11/03/2004 00:00,1.729,5.313,0.813
12/03/2004 00:00,1.732,5.280,0.796
13/03/2004 00:00,1.737,5.261,0.777
14/03/2004 00:00,1.715,5.294,0.773
15/03/2004 00:00,1.668,5.375,0.765
16/03/2004 00:00,1.647,5.414,0.741
17/03/2004 00:00,1.661,5.403,0.748
18/03/2004 00:00,1.687,5.430,0.740
19/03/2004 00:00,1.719,5.439,0.737
20/03/2004 00:00,1.757,5.466,0.729
21/03/2004 00:00,1.751,5.469,0.722
22/03/2004 00:00,1.796,5.412,0.716
23/03/2004 00:00,1.790,5.411,0.713
24/03/2004 00:00,1.837,5.397,0.713
25/03/2004 00:00,1.840,5.394,0.710
26/03/2004 00:00,1.897,5.364,0.708
27/03/2004 00:00,1.870,5.318,0.735
28/03/2004 00:00,2.005,5.520,0.765
29/03/2004 00:00,2.011,5.690,0.747
30/03/2004 00:00,2.054,5.571,0.766
31/03/2004 00:00,2.245,5.638,0.785
01/04/2004 00:00,2.119,5.688,0.722
02/04/2004 00:00,2.180,5.683,0.734
03/04/2004 00:00,2.175,5.771,0.773
04/04/2004 00:00,2.190,5.746,0.805
05/04/2004 00:00,2.111,5.527,0.769
06/04/2004 00:00,2.146,5.268,0.879
07/04/2004 00:00,2.458,5.539,0.861
08/04/2004 00:00,2.422,5.622,0.797
09/04/2004 00:00,2.410,5.554,0.778
10/04/2004 00:00,2.166,5.323,0.754
11/04/2004 00:00,2.101,5.096,0.740
12/04/2004 00:00,2.043,5.204,0.742
13/04/2004 00:00,2.057,5.104,0.742
14/04/2004 00:00,2.059,5.080,0.744
15/04/2004 00:00,2.035,5.155,0.747
16/04/2004 00:00,2.048,5.142,0.744
17/04/2004 00:00,2.033,5.032,0.733
18/04/2004 00:00,2.176,5.240,0.743
19/04/2004 00:00,2.234,5.358,0.729
20/04/2004 00:00,2.066,5.238,0.726
21/04/2004 00:00,2.005,5.015,0.744
22/04/2004 00:00,2.017,4.969,0.728
23/04/2004 00:00,2.083,4.909,0.735
24/04/2004 00:00,2.110,4.791,0.776
25/04/2004 00:00,2.219,4.999,0.876
26/04/2004 00:00,2.165,5.121,0.815
27/04/2004 00:00,2.116,4.805,0.793
28/04/2004 00:00,2.105,4.877,0.787
29/04/2004 00:00,2.189,4.815,0.764
30/04/2004 00:00,2.112,4.813,0.786
01/05/2004 00:00,2.181,4.884,0.838
02/05/2004 00:00,4.604,13.862,3.621
03/05/2004 00:00,56.048,167.174,54.047
04/05/2004 00:00,64.472,197.980,69.417
05/05/2004 00:00,46.298,131.672,48.328
06/05/2004 00:00,28.623,112.189,34.688
07/05/2004 00:00,18.385,79.357,25.468
08/05/2004 00:00,13.593,45.848,19.105
09/05/2004 00:00,10.225,28.424,15.262
10/05/2004 00:00,15.881,52.436,23.942
11/05/2004 00:00,17.203,52.133,22.617
12/05/2004 00:00,13.812,35.015,15.198
13/05/2004 00:00,8.238,21.626,9.554
14/05/2004 00:00,6.848,17.285,6.436
15/05/2004 00:00,9.341,29.172,10.875
16/05/2004 00:00,11.144,38.320,17.866
17/05/2004 00:00,11.336,42.268,16.936
18/05/2004 00:00,8.442,25.169,12.961
19/05/2004 00:00,5.614,18.012,8.736
20/05/2004 00:00,4.082,12.790,5.678
21/05/2004 00:00,3.658,9.777,3.958
22/05/2004 00:00,3.777,8.530,2.842
23/05/2004 00:00,5.999,12.917,7.853
24/05/2004 00:00,7.986,22.984,12.624
25/05/2004 00:00,8.778,29.398,9.818
26/05/2004 00:00,9.588,31.000,7.369
27/05/2004 00:00,9.478,26.746,5.536
28/05/2004 00:00,7.972,20.155,4.016
29/05/2004 00:00,7.559,20.030,4.991
30/05/2004 00:00,6.549,16.913,3.934
31/05/2004 00:00,13.523,40.624,15.089
01/06/2004 00:00,17.632,52.411,18.329
02/06/2004 00:00,14.717,46.865,14.307
03/06/2004 00:00,10.868,26.751,9.245
04/06/2004 00:00,8.346,20.896,7.603
05/06/2004 00:00,8.349,21.034,5.253
06/06/2004 00:00,7.245,17.679,4.292
07/06/2004 00:00,6.222,13.930,3.637
08/06/2004 00:00,5.746,13.117,4.504
09/06/2004 00:00,5.716,12.283,4.386
10/06/2004 00:00,5.780,11.559,4.281
11/06/2004 00:00,5.595,9.365,3.297
12/06/2004 00:00,5.511,9.198,3.142
13/06/2004 00:00,5.308,8.478,2.883
14/06/2004 00:00,4.964,7.599,2.438
15/06/2004 00:00,4.790,6.717,2.106
16/06/2004 00:00,4.455,6.278,1.921
17/06/2004 00:00,4.353,6.061,1.852
18/06/2004 00:00,4.225,5.738,1.771
19/06/2004 00:00,4.132,5.660,1.731
20/06/2004 00:00,4.008,5.567,1.668
21/06/2004 00:00,3.962,5.439,1.633
22/06/2004 00:00,3.790,5.599,1.595
23/06/2004 00:00,3.688,5.666,1.527
24/06/2004 00:00,3.617,5.708,1.499
25/06/2004 00:00,3.513,5.699,1.420
26/06/2004 00:00,3.617,5.966,1.563
27/06/2004 00:00,3.804,7.408,2.412
28/06/2004 00:00,4.301,9.118,3.030
29/06/2004 00:00,4.028,8.805,2.232
30/06/2004 00:00,3.719,6.730,1.588
01/07/2004 00:00,3.685,6.588,1.597
02/07/2004 00:00,3.989,7.429,1.904
03/07/2004 00:00,4.218,8.842,3.404
04/07/2004 00:00,4.003,8.346,2.408
05/07/2004 00:00,3.748,6.708,1.633
06/07/2004 00:00,3.607,6.083,1.504
07/07/2004 00:00,4.267,7.493,1.610
08/07/2004 00:00,4.831,10.651,1.616
09/07/2004 00:00,5.155,14.276,2.718
10/07/2004 00:00,6.027,18.749,4.615
11/07/2004 00:00,5.601,16.130,5.298
12/07/2004 00:00,7.684,29.920,11.988
13/07/2004 00:00,7.362,26.736,7.766
14/07/2004 00:00,5.853,17.186,5.291
15/07/2004 00:00,5.162,11.135,3.319
16/07/2004 00:00,4.456,9.695,2.807
17/07/2004 00:00,4.115,7.901,2.332
18/07/2004 00:00,4.348,8.020,2.118
19/07/2004 00:00,4.324,9.121,2.348
20/07/2004 00:00,4.147,8.693,2.472
21/07/2004 00:00,3.945,8.176,2.588
22/07/2004 00:00,3.860,7.691,2.828
23/07/2004 00:00,4.178,8.545,2.675
24/07/2004 00:00,4.145,8.332,2.470
25/07/2004 00:00,4.056,7.365,2.057
26/07/2004 00:00,3.677,6.750,2.281
27/07/2004 00:00,3.641,6.527,2.418
28/07/2004 00:00,3.757,6.332,2.213
29/07/2004 00:00,4.027,7.169,2.439
30/07/2004 00:00,3.768,7.388,1.865
31/07/2004 00:00,3.805,6.765,1.668
01/08/2004 00:00,3.554,6.076,1.481
02/08/2004 00:00,3.709,6.358,1.978
03/08/2004 00:00,4.896,13.180,3.605
04/08/2004 00:00,5.789,17.347,5.587
05/08/2004 00:00,4.800,13.083,3.343
06/08/2004 00:00,5.188,13.607,3.691
07/08/2004 00:00,4.791,14.325,3.394
08/08/2004 00:00,4.432,9.074,2.434
09/08/2004 00:00,3.537,6.835,1.753
10/08/2004 00:00,3.477,6.092,1.569
11/08/2004 00:00,3.336,5.693,1.468
12/08/2004 00:00,3.209,5.762,1.405
13/08/2004 00:00,3.345,6.146,1.420
14/08/2004 00:00,3.505,5.869,1.367
15/08/2004 00:00,2.923,5.674,1.252
16/08/2004 00:00,3.276,6.659,1.733
17/08/2004 00:00,3.228,6.894,1.326
18/08/2004 00:00,3.297,6.688,1.238
19/08/2004 00:00,3.247,6.050,1.160
20/08/2004 00:00,3.112,5.912,1.041
21/08/2004 00:00,3.063,5.744,1.043
22/08/2004 00:00,2.935,5.623,1.010
23/08/2004 00:00,2.906,5.702,1.051
24/08/2004 00:00,2.880,5.758,1.031
25/08/2004 00:00,2.770,5.652,0.996
26/08/2004 00:00,2.850,6.405,1.162
27/08/2004 00:00,3.103,8.531,1.640
28/08/2004 00:00,4.178,12.743,3.124
29/08/2004 00:00,4.121,12.310,2.517
30/08/2004 00:00,4.519,12.730,1.745
31/08/2004 00:00,4.437,12.949,2.205
01/09/2004 00:00,4.186,11.854,1.769
02/09/2004 00:00,4.479,9.989,1.683
03/09/2004 00:00,5.075,10.569,1.553
04/09/2004 00:00,6.070,14.647,4.788
05/09/2004 00:00,11.109,35.339,10.807
06/09/2004 00:00,10.828,37.238,9.565
07/09/2004 00:00,7.979,21.905,6.849
08/09/2004 00:00,6.308,13.904,4.276
09/09/2004 00:00,7.737,20.454,10.581
10/09/2004 00:00,7.886,28.384,12.375
11/09/2004 00:00,10.078,37.794,17.546
12/09/2004 00:00,8.741,28.919,13.360
13/09/2004 00:00,6.823,23.042,7.637
14/09/2004 00:00,7.476,24.296,6.173
15/09/2004 00:00,12.826,35.131,13.499
16/09/2004 00:00,10.477,30.359,9.211
17/09/2004 00:00,7.493,22.607,5.061
18/09/2004 00:00,6.038,15.198,2.955
19/09/2004 00:00,13.057,34.191,14.273
20/09/2004 00:00,20.513,65.844,18.831
21/09/2004 00:00,12.951,40.563,17.413
22/09/2004 00:00,9.330,24.488,10.147
23/09/2004 00:00,9.892,28.502,10.525
24/09/2004 00:00,15.556,41.195,15.642
25/09/2004 00:00,14.450,48.206,19.239
26/09/2004 00:00,19.866,64.315,19.153
27/09/2004 00:00,26.314,86.469,23.946
28/09/2004 00:00,50.726,199.743,51.807
29/09/2004 00:00,51.853,206.000,38.706
30/09/2004 00:00,35.853,98.185,24.008
01/10/2004 00:00,20.080,54.506,17.471
02/10/2004 00:00,14.803,48.168,16.580
03/10/2004 00:00,16.649,45.838,15.106
04/10/2004 00:00,11.378,35.031,9.970
05/10/2004 00:00,8.878,23.863,7.708
06/10/2004 00:00,6.691,17.774,6.155
07/10/2004 00:00,5.382,14.706,4.767
08/10/2004 00:00,4.720,12.761,3.916
09/10/2004 00:00,4.351,11.117,3.421
10/10/2004 00:00,4.298,11.412,4.223
11/10/2004 00:00,8.806,20.457,5.547
12/10/2004 00:00,11.671,24.351,6.964
13/10/2004 00:00,9.552,26.614,11.060
14/10/2004 00:00,8.035,23.091,9.703
15/10/2004 00:00,10.220,25.611,7.663
16/10/2004 00:00,9.465,25.390,7.474
17/10/2004 00:00,10.669,31.735,11.518
18/10/2004 00:00,15.624,52.114,20.363
19/10/2004 00:00,20.672,64.154,21.753
20/10/2004 00:00,20.347,64.607,25.998
21/10/2004 00:00,22.793,72.638,22.066
22/10/2004 00:00,19.486,60.389,19.281
23/10/2004 00:00,22.125,69.851,22.152
24/10/2004 00:00,23.571,70.999,23.110
25/10/2004 00:00,17.168,52.753,20.928
26/10/2004 00:00,16.475,47.594,20.983
27/10/2004 00:00,24.166,76.575,28.624
28/10/2004 00:00,38.741,132.385,55.548
29/10/2004 00:00,81.698,334.884,113.409
30/10/2004 00:00,226.346,987.738,279.656
31/10/2004 00:00,174.126,591.076,253.778
01/11/2004 00:00,87.579,250.345,125.400
02/11/2004 00:00,56.193,179.284,77.112
03/11/2004 00:00,32.136,124.943,53.904
04/11/2004 00:00,24.188,99.335,53.009
05/11/2004 00:00,100.119,227.609,136.006
06/11/2004 00:00,159.846,439.287,240.251
07/11/2004 00:00,159.306,525.118,240.474
08/11/2004 00:00,123.872,368.377,182.727
09/11/2004 00:00,80.153,276.014,96.529
10/11/2004 00:00,58.451,192.817,73.085
11/11/2004 00:00,57.410,174.478,72.200
12/11/2004 00:00,69.692,187.642,87.051
13/11/2004 00:00,54.235,135.183,70.190
14/11/2004 00:00,34.320,105.183,53.586
15/11/2004 00:00,24.673,79.446,31.508
16/11/2004 00:00,19.750,69.302,20.853
17/11/2004 00:00,16.172,63.430,16.966
18/11/2004 00:00,13.058,51.928,13.183
19/11/2004 00:00,10.837,43.024,11.103
20/11/2004 00:00,9.946,33.411,9.920
21/11/2004 00:00,9.024,30.622,8.736
22/11/2004 00:00,8.298,28.002,8.314
23/11/2004 00:00,8.072,27.485,8.170
24/11/2004 00:00,8.186,28.283,8.236
25/11/2004 00:00,8.863,28.323,10.096
26/11/2004 00:00,13.016,44.152,16.640
27/11/2004 00:00,11.642,45.093,15.536
28/11/2004 00:00,8.617,32.187,9.220
29/11/2004 00:00,7.320,23.955,6.779
30/11/2004 00:00,6.954,21.854,5.768
01/12/2004 00:00,6.613,20.065,5.115
02/12/2004 00:00,8.365,29.573,11.899
03/12/2004 00:00,7.907,30.785,9.781
04/12/2004 00:00,6.913,23.995,6.121
05/12/2004 00:00,6.288,18.865,5.048
06/12/2004 00:00,6.034,17.175,4.621
07/12/2004 00:00,5.839,16.069,4.343
08/12/2004 00:00,5.821,15.765,4.575
09/12/2004 00:00,5.546,15.073,4.462
10/12/2004 00:00,5.431,14.447,3.925
11/12/2004 00:00,5.517,12.444,3.708
12/12/2004 00:00,5.119,13.833,3.596
13/12/2004 00:00,5.743,14.337,5.002
14/12/2004 00:00,5.590,12.374,4.529
15/12/2004 00:00,5.467,11.635,4.005
16/12/2004 00:00,5.318,10.880,3.580
17/12/2004 00:00,5.066,10.352,3.437
18/12/2004 00:00,4.964,10.700,3.298
19/12/2004 00:00,4.880,10.549,3.201
20/12/2004 00:00,4.812,9.921,3.117
21/12/2004 00:00,4.752,9.179,3.099
22/12/2004 00:00,4.696,10.137,3.020
23/12/2004 00:00,4.622,9.868,3.001
24/12/2004 00:00,4.669,10.085,3.180
25/12/2004 00:00,4.750,9.830,3.053
26/12/2004 00:00,3.907,8.573,2.940
27/12/2004 00:00,3.962,8.493,2.943
28/12/2004 00:00,3.934,9.638,3.021
29/12/2004 00:00,3.945,9.629,2.940
30/12/2004 00:00,3.956,9.635,2.865
31/12/2004 00:00,3.900,9.693,2.762
01/01/2005 00:00,3.848,9.543,2.659
02/01/2005 00:00,3.830,9.382,2.632
03/01/2005 00:00,3.842,9.150,2.592
04/01/2005 00:00,3.791,8.393,2.536
05/01/2005 00:00,3.685,8.805,2.476
06/01/2005 00:00,3.581,8.673,2.491
07/01/2005 00:00,3.560,8.626,2.472
08/01/2005 00:00,3.524,8.476,2.422
09/01/2005 00:00,3.471,8.314,2.363
10/01/2005 00:00,3.442,8.143,2.322
11/01/2005 00:00,3.392,7.941,2.245
12/01/2005 00:00,3.355,7.842,2.212
13/01/2005 00:00,3.326,7.814,2.198
14/01/2005 00:00,3.316,7.862,2.192
15/01/2005 00:00,3.296,7.874,2.154
16/01/2005 00:00,3.270,7.757,2.121
17/01/2005 00:00,3.272,7.530,2.115
18/01/2005 00:00,3.294,7.203,2.134
19/01/2005 00:00,3.326,7.432,2.165
20/01/2005 00:00,3.377,7.706,2.179
21/01/2005 00:00,3.353,8.124,2.281
22/01/2005 00:00,3.394,7.404,2.192
23/01/2005 00:00,3.240,6.540,2.166
24/01/2005 00:00,3.259,8.056,2.096
25/01/2005 00:00,3.030,6.917,1.943
26/01/2005 00:00,2.935,6.915,1.901
27/01/2005 00:00,2.906,6.886,1.856
28/01/2005 00:00,2.903,6.971,1.805
29/01/2005 00:00,2.838,6.944,1.805
30/01/2005 00:00,2.847,7.038,1.793
31/01/2005 00:00,3.040,7.217,1.888
01/02/2005 00:00,3.684,8.575,2.640
02/02/2005 00:00,4.023,9.421,2.956
03/02/2005 00:00,4.739,10.773,3.758
04/02/2005 00:00,4.712,10.423,2.884
05/02/2005 00:00,4.699,8.583,2.239
06/02/2005 00:00,3.879,7.814,1.968
07/02/2005 00:00,3.361,7.334,1.860
08/02/2005 00:00,2.962,7.059,1.795
09/02/2005 00:00,2.713,6.928,1.734
10/02/2005 00:00,2.663,6.791,1.689
11/02/2005 00:00,2.683,6.675,1.641
12/02/2005 00:00,2.659,6.550,1.585
13/02/2005 00:00,2.638,6.450,1.531
14/02/2005 00:00,2.595,6.385,1.495
15/02/2005 00:00,2.552,6.302,1.471
16/02/2005 00:00,2.529,6.206,1.452
17/02/2005 00:00,2.493,6.134,1.424
18/02/2005 00:00,2.492,6.058,1.398
19/02/2005 00:00,2.468,5.982,1.376
20/02/2005 00:00,2.466,5.914,1.354
21/02/2005 00:00,2.493,5.936,1.355
22/02/2005 00:00,2.659,6.118,1.426
23/02/2005 00:00,2.704,6.102,1.402
24/02/2005 00:00,2.585,5.938,1.346
25/02/2005 00:00,2.519,5.803,1.311
26/02/2005 00:00,2.472,5.768,1.271
27/02/2005 00:00,2.443,5.724,1.252
28/02/2005 00:00,2.423,5.606,1.240
01/03/2005 00:00,2.421,5.422,1.231
02/03/2005 00:00,2.431,5.491,1.229
03/03/2005 00:00,2.433,5.510,1.223
04/03/2005 00:00,2.432,5.515,1.214
05/03/2005 00:00,2.468,5.614,1.236
06/03/2005 00:00,2.543,5.676,1.255
07/03/2005 00:00,2.558,5.717,1.244
08/03/2005 00:00,2.559,5.680,1.288
09/03/2005 00:00,2.854,5.819,1.579
10/03/2005 00:00,2.951,6.435,1.455
11/03/2005 00:00,2.929,6.417,1.286
12/03/2005 00:00,2.909,6.420,1.303
13/03/2005 00:00,4.563,8.518,2.750
14/03/2005 00:00,4.449,9.229,2.497
15/03/2005 00:00,4.220,8.736,1.487
16/03/2005 00:00,3.445,7.693,1.251
17/03/2005 00:00,2.921,6.844,1.231
18/03/2005 00:00,2.815,6.355,1.221
19/03/2005 00:00,2.706,5.985,1.211
20/03/2005 00:00,2.739,5.933,1.190
21/03/2005 00:00,2.754,6.106,1.203
22/03/2005 00:00,2.772,6.086,1.207
23/03/2005 00:00,2.802,5.994,1.213
24/03/2005 00:00,2.930,6.161,1.302
25/03/2005 00:00,3.054,6.261,1.291
26/03/2005 00:00,3.084,6.294,1.276
27/03/2005 00:00,3.073,6.197,1.259
28/03/2005 00:00,3.077,6.150,1.209
29/03/2005 00:00,3.038,6.083,1.163
30/03/2005 00:00,3.127,6.084,1.147
31/03/2005 00:00,3.074,6.035,1.146
01/04/2005 00:00,3.067,5.969,1.136
02/04/2005 00:00,3.128,6.142,1.228
03/04/2005 00:00,5.242,13.878,5.400
04/04/2005 00:00,10.676,47.497,19.329
05/04/2005 00:00,22.949,103.172,66.921
06/04/2005 00:00,18.966,134.242,52.223
07/04/2005 00:00,16.917,71.537,32.853
08/04/2005 00:00,12.868,40.674,22.251
09/04/2005 00:00,8.756,27.702,16.908
10/04/2005 00:00,7.536,20.377,11.277
11/04/2005 00:00,7.161,17.082,8.645
12/04/2005 00:00,6.488,14.622,7.280
13/04/2005 00:00,5.712,11.973,6.463
14/04/2005 00:00,4.847,9.995,5.024
15/04/2005 00:00,4.076,8.792,4.157
16/04/2005 00:00,3.528,7.929,3.459
17/04/2005 00:00,3.185,7.256,3.029
18/04/2005 00:00,2.986,6.786,2.737
19/04/2005 00:00,2.821,6.469,2.502
20/04/2005 00:00,3.351,8.282,4.197
21/04/2005 00:00,3.645,8.429,3.429
22/04/2005 00:00,3.723,7.126,2.291
23/04/2005 00:00,3.212,6.298,2.176
24/04/2005 00:00,3.093,5.733,2.078
25/04/2005 00:00,3.125,5.474,1.956
26/04/2005 00:00,3.266,5.713,1.965
27/04/2005 00:00,3.457,5.637,1.878
28/04/2005 00:00,3.566,6.133,2.256
29/04/2005 00:00,3.641,5.964,2.104
30/04/2005 00:00,2.935,7.263,2.634
01/05/2005 00:00,5.507,22.967,10.443
02/05/2005 00:00,5.703,22.132,11.144
03/05/2005 00:00,6.123,18.894,8.206
04/05/2005 00:00,7.322,29.098,12.298
05/05/2005 00:00,6.467,29.059,9.448
06/05/2005 00:00,4.970,17.193,5.483
07/05/2005 00:00,4.260,11.381,4.479
08/05/2005 00:00,3.603,8.591,3.491
09/05/2005 00:00,3.446,7.592,2.616
10/05/2005 00:00,2.723,7.344,2.442
11/05/2005 00:00,2.741,6.885,2.210
12/05/2005 00:00,2.780,6.629,2.101
13/05/2005 00:00,2.802,6.277,2.008
14/05/2005 00:00,2.830,6.217,1.887
15/05/2005 00:00,2.876,5.929,1.776
16/05/2005 00:00,2.871,6.146,1.769
17/05/2005 00:00,2.870,6.242,1.701
18/05/2005 00:00,2.819,6.176,1.643
19/05/2005 00:00,2.761,6.173,1.593
20/05/2005 00:00,2.697,6.188,1.551
21/05/2005 00:00,2.647,6.416,1.503
22/05/2005 00:00,2.527,5.718,1.497
23/05/2005 00:00,2.549,5.859,1.496
24/05/2005 00:00,2.467,5.604,1.463
25/05/2005 00:00,2.455,5.664,1.528
26/05/2005 00:00,2.663,6.568,1.856
27/05/2005 00:00,2.856,7.102,1.733
28/05/2005 00:00,2.787,6.473,1.567
29/05/2005 00:00,3.440,7.755,1.393
30/05/2005 00:00,3.996,10.198,1.791
31/05/2005 00:00,3.616,8.975,1.915
01/06/2005 00:00,3.296,7.655,1.636
02/06/2005 00:00,3.480,7.359,1.707
03/06/2005 00:00,3.518,7.204,1.697
04/06/2005 00:00,3.481,7.355,1.578
05/06/2005 00:00,3.523,6.780,1.391
06/06/2005 00:00,3.294,6.345,1.340
07/06/2005 00:00,3.094,6.033,1.315
08/06/2005 00:00,3.108,6.875,1.629
09/06/2005 00:00,4.254,11.001,2.382
10/06/2005 00:00,3.772,10.157,2.263
11/06/2005 00:00,3.846,9.420,1.785
12/06/2005 00:00,3.496,7.433,1.473
13/06/2005 00:00,3.079,6.484,1.516
14/06/2005 00:00,3.043,5.975,1.490
15/06/2005 00:00,2.769,5.801,1.386
16/06/2005 00:00,2.683,5.801,1.308
17/06/2005 00:00,2.671,5.866,1.268
18/06/2005 00:00,2.707,6.076,1.278
19/06/2005 00:00,2.656,6.168,1.244
20/06/2005 00:00,2.999,6.638,1.434
21/06/2005 00:00,3.526,7.296,1.716
22/06/2005 00:00,3.610,7.405,1.724
23/06/2005 00:00,3.287,6.928,1.409
24/06/2005 00:00,2.968,6.448,1.330
25/06/2005 00:00,2.866,6.208,1.296
26/06/2005 00:00,2.746,5.917,1.249
27/06/2005 00:00,2.642,5.856,1.214
28/06/2005 00:00,2.677,5.764,0.988
29/06/2005 00:00,2.559,5.866,1.080
30/06/2005 00:00,2.823,6.170,1.233
01/07/2005 00:00,2.852,6.733,1.192
02/07/2005 00:00,2.881,6.824,1.224
03/07/2005 00:00,2.775,6.215,0.889
04/07/2005 00:00,2.698,6.142,0.858
05/07/2005 00:00,2.501,6.324,0.904
06/07/2005 00:00,2.823,6.487,1.069
07/07/2005 00:00,2.995,7.156,0.971
08/07/2005 00:00,2.841,6.976,0.864
09/07/2005 00:00,2.921,6.501,0.935
10/07/2005 00:00,2.946,7.296,0.766
11/07/2005 00:00,3.220,7.969,0.785
12/07/2005 00:00,3.188,8.150,1.050
13/07/2005 00:00,3.425,8.730,1.275
14/07/2005 00:00,6.190,14.812,2.936
15/07/2005 00:00,6.625,16.504,4.685
16/07/2005 00:00,7.316,16.627,4.119
17/07/2005 00:00,7.078,14.799,3.755
18/07/2005 00:00,6.346,12.803,3.179
19/07/2005 00:00,4.699,11.126,2.235
20/07/2005 00:00,4.796,12.061,3.821
21/07/2005 00:00,4.871,13.516,4.208
22/07/2005 00:00,5.269,14.263,5.860
23/07/2005 00:00,5.825,19.590,8.664
24/07/2005 00:00,5.263,17.352,5.627
25/07/2005 00:00,4.406,12.647,2.809
26/07/2005 00:00,3.651,9.617,2.155
27/07/2005 00:00,3.409,8.015,1.877
28/07/2005 00:00,3.068,8.245,1.881
29/07/2005 00:00,2.993,8.678,2.090
30/07/2005 00:00,3.125,8.994,2.110
31/07/2005 00:00,3.028,8.564,1.742
01/08/2005 00:00,2.948,8.420,1.754
02/08/2005 00:00,3.092,7.942,1.530
03/08/2005 00:00,3.019,7.374,1.515
04/08/2005 00:00,2.720,7.188,1.385
05/08/2005 00:00,2.823,6.792,1.391
06/08/2005 00:00,2.637,6.980,1.165
07/08/2005 00:00,2.542,6.977,1.081
08/08/2005 00:00,2.584,7.077,1.054
09/08/2005 00:00,2.713,7.280,1.118
10/08/2005 00:00,3.354,8.409,2.471
11/08/2005 00:00,3.425,10.651,2.974
12/08/2005 00:00,3.583,11.000,3.052
13/08/2005 00:00,3.377,10.166,2.175
14/08/2005 00:00,3.647,10.705,3.396
15/08/2005 00:00,3.731,11.724,4.236
16/08/2005 00:00,3.747,11.885,2.994
17/08/2005 00:00,3.219,9.167,1.941
18/08/2005 00:00,2.827,7.597,1.538
19/08/2005 00:00,2.802,7.268,1.644
20/08/2005 00:00,2.560,7.077,1.397
21/08/2005 00:00,2.511,6.964,1.239
22/08/2005 00:00,2.750,6.917,1.251
23/08/2005 00:00,3.377,8.206,1.588
24/08/2005 00:00,6.430,17.649,6.315
25/08/2005 00:00,9.022,30.409,10.290
26/08/2005 00:00,8.602,31.677,10.229
27/08/2005 00:00,7.210,25.223,7.633
28/08/2005 00:00,6.294,20.635,3.863
29/08/2005 00:00,4.635,13.593,2.790
30/08/2005 00:00,4.212,11.234,2.298
31/08/2005 00:00,5.872,15.620,5.418
01/09/2005 00:00,8.084,21.978,5.143
02/09/2005 00:00,7.653,24.684,3.790
03/09/2005 00:00,7.743,24.188,5.539
04/09/2005 00:00,9.647,35.985,9.413
05/09/2005 00:00,10.429,33.350,13.693
06/09/2005 00:00,15.076,51.544,23.769
07/09/2005 00:00,12.357,49.629,25.410
08/09/2005 00:00,11.097,41.306,17.708
09/09/2005 00:00,10.683,43.368,18.049
10/09/2005 00:00,12.535,47.530,20.227
11/09/2005 00:00,10.866,34.653,10.603
12/09/2005 00:00,8.655,20.840,5.417
13/09/2005 00:00,7.703,15.865,3.581
14/09/2005 00:00,7.035,14.211,3.176
15/09/2005 00:00,5.640,15.769,3.529
16/09/2005 00:00,5.372,15.524,3.075
17/09/2005 00:00,4.783,12.514,2.561
18/09/2005 00:00,4.058,10.174,2.358
19/09/2005 00:00,3.525,8.045,2.255
20/09/2005 00:00,3.485,7.832,1.934
21/09/2005 00:00,3.451,7.657,1.752
22/09/2005 00:00,3.367,7.558,1.770
23/09/2005 00:00,3.305,7.240,1.667
24/09/2005 00:00,3.559,8.230,2.021
25/09/2005 00:00,4.299,11.766,3.687
26/09/2005 00:00,4.287,12.043,2.660
27/09/2005 00:00,4.696,12.392,2.519
28/09/2005 00:00,12.015,30.676,12.070
29/09/2005 00:00,14.449,47.311,14.073
30/09/2005 00:00,10.707,42.465,13.563
01/10/2005 00:00,7.420,31.007,8.197
02/10/2005 00:00,6.968,25.228,8.349
03/10/2005 00:00,6.325,21.394,7.026
04/10/2005 00:00,6.609,21.439,6.014
05/10/2005 00:00,6.260,18.639,3.669
06/10/2005 00:00,5.813,15.213,2.776
07/10/2005 00:00,5.300,11.838,2.529
08/10/2005 00:00,6.166,19.169,2.858
09/10/2005 00:00,6.406,15.327,3.965
10/10/2005 00:00,7.666,22.543,9.487
11/10/2005 00:00,19.548,67.112,21.391
12/10/2005 00:00,33.289,96.242,35.000
13/10/2005 00:00,37.686,113.592,36.041
14/10/2005 00:00,32.635,98.741,30.119
15/10/2005 00:00,22.662,57.731,24.238
16/10/2005 00:00,15.697,40.689,17.462
17/10/2005 00:00,15.603,42.416,16.106
18/10/2005 00:00,22.797,54.185,17.754
19/10/2005 00:00,45.910,135.963,44.535
20/10/2005 00:00,43.890,129.163,38.051
21/10/2005 00:00,44.503,99.166,29.085
22/10/2005 00:00,61.601,147.977,30.734
23/10/2005 00:00,69.830,154.682,33.617
24/10/2005 00:00,60.197,139.411,32.003
25/10/2005 00:00,70.727,155.824,41.936
26/10/2005 00:00,110.010,238.164,122.621
27/10/2005 00:00,202.583,489.027,267.768
28/10/2005 00:00,123.095,407.897,202.348
29/10/2005 00:00,61.300,213.460,99.150
30/10/2005 00:00,32.162,120.920,63.102
31/10/2005 00:00,24.687,83.617,43.736
01/11/2005 00:00,29.378,69.370,34.484
02/11/2005 00:00,31.946,82.638,33.636
03/11/2005 00:00,36.576,88.102,35.853
04/11/2005 00:00,54.202,115.430,55.060
05/11/2005 00:00,89.607,256.461,107.799
06/11/2005 00:00,158.670,415.618,248.628
07/11/2005 00:00,182.933,589.379,359.505
08/11/2005 00:00,191.658,669.967,389.494
09/11/2005 00:00,123.754,447.801,271.654
10/11/2005 00:00,80.113,285.121,139.066
11/11/2005 00:00,54.262,213.692,89.848
12/11/2005 00:00,40.726,144.178,77.011
13/11/2005 00:00,29.900,102.596,60.216
14/11/2005 00:00,20.863,69.055,37.526
15/11/2005 00:00,16.096,56.571,27.140
16/11/2005 00:00,14.095,48.389,20.044
17/11/2005 00:00,12.543,43.033,14.988
18/11/2005 00:00,11.239,35.896,12.285
19/11/2005 00:00,9.798,30.727,9.764
20/11/2005 00:00,13.049,42.903,16.296
21/11/2005 00:00,70.392,227.029,106.140
22/11/2005 00:00,114.735,395.819,190.302
23/11/2005 00:00,267.486,963.004,322.428
24/11/2005 00:00,281.673,930.808,335.019
25/11/2005 00:00,183.186,623.742,205.341
26/11/2005 00:00,95.797,296.014,103.580
27/11/2005 00:00,63.898,171.063,67.415
28/11/2005 00:00,43.096,131.749,42.730
29/11/2005 00:00,33.390,92.115,29.878
30/11/2005 00:00,25.468,68.570,22.169
01/12/2005 00:00,20.455,54.476,19.450
02/12/2005 00:00,69.487,184.041,112.605
03/12/2005 00:00,184.318,395.066,321.954
04/12/2005 00:00,141.381,499.612,270.207
05/12/2005 00:00,80.457,237.651,101.405
06/12/2005 00:00,40.393,154.992,57.115
07/12/2005 00:00,31.145,98.467,33.319
08/12/2005 00:00,25.566,71.863,25.574
09/12/2005 00:00,34.321,77.993,40.166
10/12/2005 00:00,53.507,155.031,63.948
11/12/2005 00:00,53.484,142.128,51.416
12/12/2005 00:00,53.629,164.162,65.817
13/12/2005 00:00,72.788,216.784,95.091
14/12/2005 00:00,58.344,169.039,54.214
15/12/2005 00:00,35.035,94.676,34.482
16/12/2005 00:00,22.698,62.221,22.280
17/12/2005 00:00,24.238,68.393,30.174
18/12/2005 00:00,29.769,102.852,51.671
19/12/2005 00:00,27.355,85.960,43.484
20/12/2005 00:00,21.686,57.793,30.320
21/12/2005 00:00,17.258,48.982,22.975
22/12/2005 00:00,15.083,45.696,15.688
23/12/2005 00:00,13.084,43.941,13.000
24/12/2005 00:00,12.206,42.970,11.819
25/12/2005 00:00,11.904,36.831,10.930
26/12/2005 00:00,11.203,29.769,9.943
27/12/2005 00:00,10.322,27.825,8.944
28/12/2005 00:00,10.178,26.981,8.510
29/12/2005 00:00,9.864,25.679,8.112
30/12/2005 00:00,9.178,23.757,7.527
31/12/2005 00:00,8.836,22.716,7.068
01/01/2006 00:00,8.570,21.689,6.721
02/01/2006 00:00,8.216,20.715,6.381
03/01/2006 00:00,7.983,19.853,6.031
04/01/2006 00:00,8.063,19.336,5.746
05/01/2006 00:00,8.310,18.763,5.651
06/01/2006 00:00,8.071,18.111,5.407
07/01/2006 00:00,8.151,18.279,5.494
08/01/2006 00:00,9.310,19.558,6.154
09/01/2006 00:00,9.153,19.569,5.500
10/01/2006 00:00,8.183,18.202,4.866
11/01/2006 00:00,7.659,17.220,4.462
12/01/2006 00:00,7.325,16.619,4.192
13/01/2006 00:00,7.145,16.088,3.943
14/01/2006 00:00,7.047,15.668,3.794
15/01/2006 00:00,7.080,15.510,3.752
16/01/2006 00:00,7.051,15.008,3.600
17/01/2006 00:00,6.854,14.519,3.436
18/01/2006 00:00,6.578,13.902,3.175
19/01/2006 00:00,6.358,13.389,3.018
20/01/2006 00:00,6.264,13.096,2.927
21/01/2006 00:00,6.160,12.537,2.747
22/01/2006 00:00,6.075,12.122,2.654
23/01/2006 00:00,5.809,11.700,2.582
24/01/2006 00:00,5.663,11.355,2.511
25/01/2006 00:00,5.587,11.000,2.460
26/01/2006 00:00,5.511,10.747,2.468
27/01/2006 00:00,5.593,10.716,2.490
28/01/2006 00:00,5.534,10.608,2.460
29/01/2006 00:00,5.549,10.310,2.366
30/01/2006 00:00,5.532,9.931,2.225
31/01/2006 00:00,5.286,10.157,2.279
01/02/2006 00:00,5.270,9.706,2.263
02/02/2006 00:00,5.324,9.655,2.200
03/02/2006 00:00,4.996,9.509,2.229
04/02/2006 00:00,5.007,9.607,2.230
05/02/2006 00:00,4.847,9.280,2.114
06/02/2006 00:00,4.810,8.877,2.024
07/02/2006 00:00,4.719,8.515,2.013
08/02/2006 00:00,4.588,8.271,1.989
09/02/2006 00:00,4.551,8.153,1.988
10/02/2006 00:00,4.480,8.057,1.987
11/02/2006 00:00,4.470,7.891,1.955
12/02/2006 00:00,4.444,7.753,1.897
13/02/2006 00:00,4.401,7.591,1.837
14/02/2006 00:00,4.372,7.472,1.789
15/02/2006 00:00,4.352,7.411,1.754
16/02/2006 00:00,4.380,7.439,1.728
17/02/2006 00:00,4.367,7.506,1.688
18/02/2006 00:00,4.323,7.547,1.635
19/02/2006 00:00,4.274,7.514,1.578
20/02/2006 00:00,4.222,7.455,1.512
21/02/2006 00:00,4.128,7.193,1.462
22/02/2006 00:00,4.058,7.248,1.478
23/02/2006 00:00,3.992,7.179,1.471
24/02/2006 00:00,3.947,7.127,1.443
25/02/2006 00:00,3.917,7.128,1.410
26/02/2006 00:00,3.892,7.174,1.372
27/02/2006 00:00,3.875,7.277,1.335
28/02/2006 00:00,3.878,7.489,1.330
01/03/2006 00:00,3.841,7.567,1.295
02/03/2006 00:00,3.978,8.290,1.549
03/03/2006 00:00,5.176,17.369,6.937
04/03/2006 00:00,6.789,17.393,3.758
05/03/2006 00:00,5.944,13.873,2.331
06/03/2006 00:00,5.689,10.201,1.945
07/03/2006 00:00,5.140,8.338,1.600
08/03/2006 00:00,4.506,7.098,1.489
09/03/2006 00:00,4.263,7.455,1.467
10/03/2006 00:00,4.461,7.537,1.514
11/03/2006 00:00,5.636,12.080,5.170
12/03/2006 00:00,6.275,11.257,5.489
13/03/2006 00:00,5.936,10.048,2.941
14/03/2006 00:00,5.369,8.794,2.222
15/03/2006 00:00,4.620,8.401,1.781
16/03/2006 00:00,4.119,8.021,1.604
17/03/2006 00:00,3.976,7.988,1.721
18/03/2006 00:00,3.780,7.763,1.594
19/03/2006 00:00,3.521,7.362,1.421
20/03/2006 00:00,3.397,7.068,1.343
21/03/2006 00:00,3.472,6.755,1.252
22/03/2006 00:00,3.584,6.493,1.204
23/03/2006 00:00,3.608,6.479,1.182
24/03/2006 00:00,3.538,6.521,1.149
25/03/2006 00:00,3.464,6.555,1.121
26/03/2006 00:00,3.412,6.588,1.092
27/03/2006 00:00,3.398,6.594,1.059
28/03/2006 00:00,3.200,6.705,1.040
29/03/2006 00:00,3.176,6.967,1.036
30/03/2006 00:00,3.277,7.582,1.207
31/03/2006 00:00,3.261,7.796,1.224
01/04/2006 00:00,3.142,6.422,1.100
02/04/2006 00:00,3.302,6.004,1.095
03/04/2006 00:00,3.715,4.775,1.014
04/04/2006 00:00,3.254,5.640,0.972
05/04/2006 00:00,3.147,6.690,0.947
06/04/2006 00:00,3.012,6.779,0.919
07/04/2006 00:00,2.934,6.768,0.973
08/04/2006 00:00,3.049,6.576,0.943
09/04/2006 00:00,2.881,7.058,0.932
10/04/2006 00:00,2.909,7.129,0.947
11/04/2006 00:00,2.822,7.144,0.929
12/04/2006 00:00,2.805,6.955,0.912
13/04/2006 00:00,2.739,6.857,0.903
14/04/2006 00:00,2.982,7.077,1.040
15/04/2006 00:00,3.609,7.918,1.147
16/04/2006 00:00,3.890,10.116,1.472
17/04/2006 00:00,5.228,19.759,4.891
18/04/2006 00:00,6.511,24.999,4.695
19/04/2006 00:00,6.019,14.539,2.636
20/04/2006 00:00,5.054,10.872,1.528
21/04/2006 00:00,4.080,8.183,1.166
22/04/2006 00:00,3.574,7.076,1.054
23/04/2006 00:00,3.426,6.452,1.032
24/04/2006 00:00,3.292,5.990,1.027
25/04/2006 00:00,3.176,5.580,1.044
26/04/2006 00:00,3.220,5.872,1.029
27/04/2006 00:00,3.276,5.636,1.091
28/04/2006 00:00,3.331,5.942,1.091
29/04/2006 00:00,3.380,5.070,1.047
30/04/2006 00:00,3.357,5.390,0.925
01/05/2006 00:00,3.545,5.335,1.014
02/05/2006 00:00,3.603,4.808,1.063
03/05/2006 00:00,3.853,6.901,1.360
04/05/2006 00:00,3.899,7.172,1.336
05/05/2006 00:00,3.986,6.994,1.142
06/05/2006 00:00,3.844,6.056,1.030
07/05/2006 00:00,3.707,5.631,0.977
08/05/2006 00:00,3.660,5.634,0.979
09/05/2006 00:00,3.639,5.777,0.987
10/05/2006 00:00,3.717,6.043,0.958
11/05/2006 00:00,3.641,6.146,0.937
12/05/2006 00:00,3.732,6.254,0.933
13/05/2006 00:00,3.614,6.264,0.915
14/05/2006 00:00,3.649,6.213,0.891
15/05/2006 00:00,3.630,6.097,0.867
16/05/2006 00:00,3.627,7.038,0.866
17/05/2006 00:00,4.117,8.877,0.868
18/05/2006 00:00,4.692,10.680,1.328
19/05/2006 00:00,4.542,11.984,1.313
20/05/2006 00:00,4.617,9.692,1.054
21/05/2006 00:00,3.899,7.038,0.934
22/05/2006 00:00,3.676,6.255,0.848
23/05/2006 00:00,3.615,5.971,0.811
24/05/2006 00:00,3.692,6.303,0.901
25/05/2006 00:00,4.098,9.327,2.438
26/05/2006 00:00,5.083,17.098,3.889
27/05/2006 00:00,5.440,16.911,3.491
28/05/2006 00:00,5.448,12.376,1.862
29/05/2006 00:00,4.589,9.257,1.309
30/05/2006 00:00,4.544,7.417,1.205
31/05/2006 00:00,5.099,9.440,1.838
01/06/2006 00:00,4.681,9.600,1.409
02/06/2006 00:00,4.838,8.341,1.140
03/06/2006 00:00,4.553,7.992,1.326
04/06/2006 00:00,4.125,7.955,1.190
05/06/2006 00:00,4.329,7.954,1.090
06/06/2006 00:00,4.342,7.549,1.166
07/06/2006 00:00,4.305,7.182,0.982
08/06/2006 00:00,4.114,7.317,0.896
09/06/2006 00:00,3.996,5.895,0.868
10/06/2006 00:00,3.970,5.617,0.825
11/06/2006 00:00,3.941,5.578,0.810
12/06/2006 00:00,3.925,5.641,0.824
13/06/2006 00:00,4.525,12.071,2.424
14/06/2006 00:00,4.807,14.087,3.042
15/06/2006 00:00,5.274,13.460,1.919
16/06/2006 00:00,5.888,10.792,2.035
17/06/2006 00:00,5.144,9.831,1.551
18/06/2006 00:00,5.317,8.449,1.174
19/06/2006 00:00,5.932,12.625,3.875
20/06/2006 00:00,7.898,17.848,5.673
21/06/2006 00:00,8.905,27.313,7.913
22/06/2006 00:00,8.938,23.664,7.819
23/06/2006 00:00,8.071,19.449,5.979
24/06/2006 00:00,6.039,11.476,3.515
25/06/2006 00:00,6.735,11.899,3.066
26/06/2006 00:00,6.087,10.759,3.057
27/06/2006 00:00,5.838,9.863,3.018
28/06/2006 00:00,5.446,9.162,3.243
29/06/2006 00:00,5.156,9.239,2.818
30/06/2006 00:00,5.096,7.789,2.137
01/07/2006 00:00,4.706,6.822,1.742
02/07/2006 00:00,4.536,6.308,1.563
03/07/2006 00:00,4.373,7.071,1.640
04/07/2006 00:00,4.319,7.220,1.543
05/07/2006 00:00,4.232,7.009,1.383
06/07/2006 00:00,4.193,6.881,1.245
07/07/2006 00:00,4.121,6.709,1.150
08/07/2006 00:00,4.209,6.581,1.138
09/07/2006 00:00,4.231,6.703,1.075
10/07/2006 00:00,4.191,6.779,1.039
11/07/2006 00:00,4.380,7.274,1.223
12/07/2006 00:00,4.744,10.595,2.717
13/07/2006 00:00,4.704,10.852,2.664
14/07/2006 00:00,5.128,12.737,3.541
15/07/2006 00:00,4.749,10.783,2.404
16/07/2006 00:00,4.959,9.139,1.541
17/07/2006 00:00,4.384,7.847,1.281
18/07/2006 00:00,5.516,13.604,2.623
19/07/2006 00:00,5.364,14.283,4.281
20/07/2006 00:00,5.892,14.681,5.261
21/07/2006 00:00,4.916,15.898,5.318
22/07/2006 00:00,4.967,10.403,2.591
23/07/2006 00:00,4.669,8.452,1.788
24/07/2006 00:00,4.115,7.355,1.803
25/07/2006 00:00,4.506,8.396,3.212
26/07/2006 00:00,4.627,10.308,4.795
27/07/2006 00:00,5.059,10.052,3.653
28/07/2006 00:00,4.796,8.436,2.180
29/07/2006 00:00,4.584,7.099,1.615
30/07/2006 00:00,4.282,6.110,1.453
31/07/2006 00:00,4.314,6.086,1.542
01/08/2006 00:00,4.325,6.215,1.557
02/08/2006 00:00,4.343,6.152,1.473
03/08/2006 00:00,4.331,6.023,1.430
04/08/2006 00:00,4.216,6.175,1.419
05/08/2006 00:00,4.357,6.940,1.426
06/08/2006 00:00,4.583,8.124,1.581
07/08/2006 00:00,4.735,8.437,1.352
08/08/2006 00:00,4.912,8.081,1.235
09/08/2006 00:00,4.866,8.732,1.900
10/08/2006 00:00,4.568,8.736,1.728
11/08/2006 00:00,4.786,8.303,1.453
12/08/2006 00:00,4.619,8.798,1.479
13/08/2006 00:00,4.976,11.154,2.272
14/08/2006 00:00,4.721,10.867,2.234
15/08/2006 00:00,5.319,11.142,2.611
16/08/2006 00:00,5.060,11.290,2.303
17/08/2006 00:00,4.743,9.408,1.625
18/08/2006 00:00,5.082,9.774,1.577
19/08/2006 00:00,5.508,11.665,2.380
20/08/2006 00:00,6.920,18.158,3.515
21/08/2006 00:00,6.079,19.377,2.814
22/08/2006 00:00,6.528,20.206,2.315
23/08/2006 00:00,6.220,19.071,1.816
24/08/2006 00:00,5.930,15.999,1.658
25/08/2006 00:00,6.145,14.809,2.124
26/08/2006 00:00,7.357,19.844,3.754
27/08/2006 00:00,6.255,15.064,2.550
28/08/2006 00:00,5.911,14.510,1.696
29/08/2006 00:00,4.602,9.762,1.372
30/08/2006 00:00,4.208,8.229,1.173
31/08/2006 00:00,3.995,7.052,1.199
01/09/2006 00:00,5.804,15.426,4.367
02/09/2006 00:00,5.800,16.836,4.765
03/09/2006 00:00,7.491,25.948,6.790
04/09/2006 00:00,7.284,23.579,5.106
05/09/2006 00:00,7.470,22.842,4.062
06/09/2006 00:00,5.619,15.178,2.560
07/09/2006 00:00,5.700,13.640,2.175
08/09/2006 00:00,6.120,12.549,2.183
09/09/2006 00:00,5.854,11.495,2.115
10/09/2006 00:00,5.637,11.184,2.250
11/09/2006 00:00,5.354,11.063,1.816
12/09/2006 00:00,4.974,9.186,1.500
13/09/2006 00:00,5.487,11.477,3.319
14/09/2006 00:00,6.587,14.550,5.506
15/09/2006 00:00,6.499,23.537,6.625
16/09/2006 00:00,5.670,18.128,4.267
17/09/2006 00:00,5.457,13.595,2.782
18/09/2006 00:00,5.475,11.204,2.107
19/09/2006 00:00,5.050,10.730,2.741
20/09/2006 00:00,4.983,11.310,3.731
21/09/2006 00:00,5.152,11.761,2.974
22/09/2006 00:00,5.065,10.335,2.089
23/09/2006 00:00,5.043,9.245,1.808
24/09/2006 00:00,5.821,13.470,3.942
25/09/2006 00:00,7.343,16.038,7.455
26/09/2006 00:00,8.233,27.262,8.128
27/09/2006 00:00,7.662,27.963,6.911
28/09/2006 00:00,6.964,23.189,6.513
29/09/2006 00:00,6.577,19.259,4.692
30/09/2006 00:00,6.304,14.800,3.125
01/10/2006 00:00,5.759,12.695,2.626
02/10/2006 00:00,6.376,19.153,4.664
03/10/2006 00:00,6.729,14.910,4.535
04/10/2006 00:00,6.923,17.616,7.354
05/10/2006 00:00,6.975,20.886,6.923
06/10/2006 00:00,6.713,22.926,4.316
07/10/2006 00:00,7.074,23.881,4.261
08/10/2006 00:00,9.271,35.959,9.167
09/10/2006 00:00,9.935,30.739,5.896
10/10/2006 00:00,7.514,24.655,3.008
11/10/2006 00:00,7.589,21.142,2.634
12/10/2006 00:00,7.165,18.818,2.513
13/10/2006 00:00,5.883,12.545,2.127
14/10/2006 00:00,4.936,10.363,1.962
15/10/2006 00:00,5.979,14.566,2.562
16/10/2006 00:00,5.622,14.050,2.870
17/10/2006 00:00,6.611,15.024,3.725
18/10/2006 00:00,7.894,28.749,7.928
19/10/2006 00:00,9.277,31.447,6.885
20/10/2006 00:00,10.152,36.652,10.482
21/10/2006 00:00,9.428,30.702,7.884
22/10/2006 00:00,8.314,27.773,7.469
23/10/2006 00:00,8.673,33.060,9.882
24/10/2006 00:00,10.703,46.981,19.317
25/10/2006 00:00,38.745,159.037,52.051
26/10/2006 00:00,64.994,241.569,122.152
27/10/2006 00:00,110.082,394.225,191.331
28/10/2006 00:00,134.612,607.393,244.595
29/10/2006 00:00,85.588,384.549,159.877
30/10/2006 00:00,54.212,204.526,108.592
31/10/2006 00:00,42.670,149.816,77.768
01/11/2006 00:00,43.023,156.240,68.579
02/11/2006 00:00,55.221,141.191,65.904
03/11/2006 00:00,52.654,184.204,82.026
04/11/2006 00:00,49.554,165.894,75.019
05/11/2006 00:00,36.589,113.984,47.612
06/11/2006 00:00,44.453,126.557,54.078
07/11/2006 00:00,51.451,161.101,64.949
08/11/2006 00:00,46.107,154.812,60.257
09/11/2006 00:00,35.391,110.622,47.577
10/11/2006 00:00,27.706,84.690,35.407
11/11/2006 00:00,21.948,70.175,30.941
12/11/2006 00:00,20.285,70.481,30.461
13/11/2006 00:00,22.708,79.373,33.274
14/11/2006 00:00,23.381,78.587,30.934
15/11/2006 00:00,28.507,87.588,35.658
16/11/2006 00:00,31.182,97.118,39.246
17/11/2006 00:00,43.931,139.669,50.603
18/11/2006 00:00,56.363,196.132,61.492
19/11/2006 00:00,49.057,174.636,59.357
20/11/2006 00:00,41.943,125.294,48.294
21/11/2006 00:00,28.746,97.610,34.140
22/11/2006 00:00,20.085,63.313,23.279
23/11/2006 00:00,14.341,42.275,15.739
24/11/2006 00:00,11.133,34.230,12.248
25/11/2006 00:00,9.659,30.077,12.738
26/11/2006 00:00,10.154,35.600,25.471
27/11/2006 00:00,12.040,42.350,25.783
28/11/2006 00:00,10.503,34.466,17.312
29/11/2006 00:00,8.183,28.437,12.635
30/11/2006 00:00,6.858,24.680,9.059
01/12/2006 00:00,6.029,22.768,7.590
02/12/2006 00:00,5.639,21.302,5.852
03/12/2006 00:00,5.544,20.500,5.495
04/12/2006 00:00,5.381,19.911,5.430
05/12/2006 00:00,5.088,19.003,4.988
06/12/2006 00:00,5.008,17.980,4.417
07/12/2006 00:00,5.025,16.983,4.066
08/12/2006 00:00,4.625,16.173,3.616
09/12/2006 00:00,7.945,34.251,11.237
10/12/2006 00:00,14.481,66.270,21.766
11/12/2006 00:00,31.128,105.888,46.522
12/12/2006 00:00,29.219,101.675,30.823
13/12/2006 00:00,18.571,65.035,19.745
14/12/2006 00:00,12.460,43.900,13.787
15/12/2006 00:00,9.222,30.443,7.904
16/12/2006 00:00,8.474,24.591,5.206
17/12/2006 00:00,7.153,22.270,4.548
18/12/2006 00:00,6.439,20.500,4.129
19/12/2006 00:00,6.009,19.226,4.096
20/12/2006 00:00,5.700,17.654,3.532
21/12/2006 00:00,5.766,17.357,3.212
22/12/2006 00:00,5.837,17.238,3.091
23/12/2006 00:00,5.660,16.397,2.992
24/12/2006 00:00,5.670,15.776,3.229
25/12/2006 00:00,5.658,15.030,2.799
26/12/2006 00:00,5.489,14.409,2.501
27/12/2006 00:00,5.349,13.896,2.342
28/12/2006 00:00,5.094,13.187,2.120
29/12/2006 00:00,5.005,12.502,1.958
30/12/2006 00:00,4.600,11.933,1.824
31/12/2006 00:00,4.464,11.320,1.735
01/01/2007 00:00,4.296,11.013,1.665
02/01/2007 00:00,4.212,10.648,1.570
03/01/2007 00:00,3.965,10.527,1.511
04/01/2007 00:00,3.888,10.332,1.457
05/01/2007 00:00,3.657,10.149,1.444
06/01/2007 00:00,3.673,10.115,1.485
07/01/2007 00:00,3.590,10.055,1.482
08/01/2007 00:00,3.610,9.889,1.440
09/01/2007 00:00,3.436,9.889,1.410
10/01/2007 00:00,3.488,9.833,1.409
11/01/2007 00:00,3.312,9.708,1.362
12/01/2007 00:00,3.293,9.599,1.339
13/01/2007 00:00,3.112,9.469,1.271
14/01/2007 00:00,3.098,9.274,1.269
15/01/2007 00:00,3.029,9.138,1.257
16/01/2007 00:00,3.043,8.961,1.216
17/01/2007 00:00,2.978,8.833,1.177
18/01/2007 00:00,2.921,8.689,1.176
19/01/2007 00:00,2.887,8.532,1.175
20/01/2007 00:00,2.821,8.397,1.166
21/01/2007 00:00,2.762,8.276,1.138
22/01/2007 00:00,2.668,8.130,1.112
23/01/2007 00:00,2.657,8.011,1.111
24/01/2007 00:00,2.587,7.963,1.112
25/01/2007 00:00,2.633,8.010,1.162
26/01/2007 00:00,2.622,7.958,1.178
27/01/2007 00:00,2.603,8.019,1.184
28/01/2007 00:00,2.604,8.019,1.184
29/01/2007 00:00,2.597,7.961,1.135
30/01/2007 00:00,2.519,7.858,1.101
31/01/2007 00:00,2.509,7.686,1.041
01/02/2007 00:00,2.445,7.402,1.059
02/02/2007 00:00,2.413,7.138,1.091
03/02/2007 00:00,2.392,6.930,1.126
04/02/2007 00:00,2.431,6.870,1.102
05/02/2007 00:00,2.362,6.747,1.090
06/02/2007 00:00,2.345,6.612,1.082
07/02/2007 00:00,2.251,6.392,1.075
08/02/2007 00:00,2.240,5.878,1.075
09/02/2007 00:00,2.185,5.661,1.103
10/02/2007 00:00,2.193,5.586,1.125
11/02/2007 00:00,2.247,5.697,1.216
12/02/2007 00:00,2.383,5.863,1.251
13/02/2007 00:00,2.422,5.822,1.390
14/02/2007 00:00,2.399,5.394,1.349
15/02/2007 00:00,2.300,5.065,1.277
16/02/2007 00:00,2.318,5.025,1.252
17/02/2007 00:00,4.776,10.606,5.046
18/02/2007 00:00,6.602,16.074,4.466
19/02/2007 00:00,4.832,12.145,2.073
20/02/2007 00:00,4.110,8.910,1.501
21/02/2007 00:00,3.666,7.731,1.271
22/02/2007 00:00,3.564,7.130,1.132
23/02/2007 00:00,3.378,6.606,1.097
24/02/2007 00:00,3.328,5.978,1.120
25/02/2007 00:00,3.198,5.423,1.127
26/02/2007 00:00,3.120,5.271,1.164
27/02/2007 00:00,3.006,5.770,1.195
28/02/2007 00:00,2.839,5.726,1.215
01/03/2007 00:00,2.757,5.140,1.373
02/03/2007 00:00,2.529,6.141,1.194
03/03/2007 00:00,2.761,6.223,1.125
04/03/2007 00:00,2.725,6.286,1.130
05/03/2007 00:00,2.619,4.937,1.022
06/03/2007 00:00,2.526,4.583,1.012
07/03/2007 00:00,2.489,5.462,1.039
08/03/2007 00:00,2.501,5.432,1.061
09/03/2007 00:00,2.470,4.574,1.143
10/03/2007 00:00,2.519,5.505,0.966
11/03/2007 00:00,2.376,4.915,0.942
12/03/2007 00:00,2.416,4.913,0.926
13/03/2007 00:00,2.403,4.687,0.948
14/03/2007 00:00,2.460,4.711,0.891
15/03/2007 00:00,2.368,4.597,0.913
16/03/2007 00:00,2.464,3.965,0.888
17/03/2007 00:00,2.399,4.194,0.852
18/03/2007 00:00,2.384,3.974,0.822
19/03/2007 00:00,2.299,3.835,0.809
20/03/2007 00:00,2.363,3.761,0.800
21/03/2007 00:00,2.290,3.751,0.794
22/03/2007 00:00,2.355,3.702,0.794
23/03/2007 00:00,2.321,3.365,0.790
24/03/2007 00:00,2.391,3.263,0.784
25/03/2007 00:00,2.336,3.215,0.780
26/03/2007 00:00,2.391,3.190,0.776
27/03/2007 00:00,2.412,3.209,0.767
28/03/2007 00:00,2.394,3.175,0.777
29/03/2007 00:00,2.352,3.386,0.793
30/03/2007 00:00,2.257,3.714,0.741
31/03/2007 00:00,2.313,3.767,0.755
01/04/2007 00:00,2.279,3.865,0.774
02/04/2007 00:00,2.364,3.883,0.761
03/04/2007 00:00,2.428,3.872,0.749
04/04/2007 00:00,2.406,3.864,0.749
05/04/2007 00:00,2.485,3.855,0.740
06/04/2007 00:00,2.568,3.878,0.739
07/04/2007 00:00,2.555,3.918,0.754
08/04/2007 00:00,2.685,3.979,0.806
09/04/2007 00:00,2.739,4.086,0.859
10/04/2007 00:00,2.829,4.246,0.943
11/04/2007 00:00,2.890,4.331,0.962
12/04/2007 00:00,2.900,4.272,0.901
13/04/2007 00:00,3.066,4.346,0.945
14/04/2007 00:00,2.998,4.411,0.990
15/04/2007 00:00,2.837,4.530,0.975
16/04/2007 00:00,3.069,4.374,0.918
17/04/2007 00:00,3.017,4.676,1.045
18/04/2007 00:00,3.735,5.196,1.134
19/04/2007 00:00,3.927,5.448,1.276
20/04/2007 00:00,3.845,5.216,1.119
21/04/2007 00:00,4.157,5.537,1.067
22/04/2007 00:00,3.910,5.408,0.891
23/04/2007 00:00,4.073,5.537,0.900
24/04/2007 00:00,3.806,5.225,0.845
25/04/2007 00:00,3.617,4.833,0.794
26/04/2007 00:00,3.233,4.462,0.764
27/04/2007 00:00,3.127,4.328,0.749
28/04/2007 00:00,2.954,4.344,0.729
29/04/2007 00:00,2.948,4.393,0.730
30/04/2007 00:00,2.939,4.428,0.718
01/05/2007 00:00,2.944,4.159,0.713
02/05/2007 00:00,3.365,5.811,1.317
03/05/2007 00:00,4.747,9.082,2.472
04/05/2007 00:00,5.747,9.722,1.986
05/05/2007 00:00,4.737,7.651,1.233
06/05/2007 00:00,4.067,6.727,0.952
07/05/2007 00:00,3.966,5.899,0.885
08/05/2007 00:00,4.334,6.051,1.066
09/05/2007 00:00,4.643,7.009,1.023
10/05/2007 00:00,4.003,6.882,0.870
11/05/2007 00:00,3.956,6.471,0.836
12/05/2007 00:00,4.167,6.296,1.058
13/05/2007 00:00,3.917,6.349,0.911
14/05/2007 00:00,3.781,7.067,1.054
15/05/2007 00:00,3.519,6.870,0.938
16/05/2007 00:00,3.461,6.448,0.936
17/05/2007 00:00,3.610,5.361,1.088
18/05/2007 00:00,3.236,5.513,0.748
19/05/2007 00:00,3.173,5.511,0.747
20/05/2007 00:00,3.170,5.659,0.750
21/05/2007 00:00,3.585,5.890,0.799
22/05/2007 00:00,3.714,6.343,0.773
23/05/2007 00:00,4.037,6.324,0.863
24/05/2007 00:00,3.814,6.544,1.137
25/05/2007 00:00,4.875,6.838,1.490
26/05/2007 00:00,4.729,7.922,1.497
27/05/2007 00:00,5.276,8.135,1.439
28/05/2007 00:00,5.503,9.290,1.788
29/05/2007 00:00,5.430,8.367,1.233
30/05/2007 00:00,4.891,6.720,1.020
31/05/2007 00:00,3.974,5.542,0.826
01/06/2007 00:00,3.577,5.112,0.803
02/06/2007 00:00,3.550,5.139,0.857
03/06/2007 00:00,3.322,5.312,0.821
04/06/2007 00:00,3.369,5.439,0.807
05/06/2007 00:00,4.196,6.459,1.214
06/06/2007 00:00,5.344,10.718,2.601
07/06/2007 00:00,5.908,10.613,2.602
08/06/2007 00:00,5.651,8.514,1.404
09/06/2007 00:00,5.190,7.216,1.176
10/06/2007 00:00,5.285,8.175,2.924
11/06/2007 00:00,5.403,9.972,3.216
12/06/2007 00:00,6.978,11.649,3.271
13/06/2007 00:00,6.757,9.851,1.757
14/06/2007 00:00,6.515,9.046,1.616
15/06/2007 00:00,6.838,11.088,2.916
16/06/2007 00:00,6.052,10.158,2.076
17/06/2007 00:00,5.281,8.379,1.757
18/06/2007 00:00,5.376,10.704,4.309
19/06/2007 00:00,6.242,12.758,7.501
20/06/2007 00:00,7.000,16.019,8.967
21/06/2007 00:00,11.091,31.070,16.354
22/06/2007 00:00,11.441,42.866,17.391
23/06/2007 00:00,9.943,32.884,12.725
24/06/2007 00:00,8.223,21.939,9.597
25/06/2007 00:00,6.234,12.402,4.019
26/06/2007 00:00,5.305,10.233,3.565
27/06/2007 00:00,5.406,12.758,7.463
28/06/2007 00:00,6.601,14.844,10.374
29/06/2007 00:00,6.235,12.045,6.519
30/06/2007 00:00,5.875,9.110,3.164
01/07/2007 00:00,5.499,7.884,2.427
02/07/2007 00:00,4.701,7.187,2.253
03/07/2007 00:00,4.489,7.264,2.391
04/07/2007 00:00,4.418,6.741,1.878
05/07/2007 00:00,4.664,6.605,1.785
06/07/2007 00:00,4.421,6.225,1.660
07/07/2007 00:00,4.435,6.055,1.452
08/07/2007 00:00,4.244,5.913,1.209
09/07/2007 00:00,4.241,5.887,1.820
10/07/2007 00:00,4.700,7.556,4.057
11/07/2007 00:00,5.234,10.576,7.443
12/07/2007 00:00,6.347,14.327,8.897
13/07/2007 00:00,5.826,13.457,7.666
14/07/2007 00:00,5.576,9.898,4.326
15/07/2007 00:00,5.271,7.395,2.247
16/07/2007 00:00,5.136,7.577,3.152
17/07/2007 00:00,4.982,6.773,3.944
18/07/2007 00:00,5.152,8.440,4.849
19/07/2007 00:00,6.002,16.003,4.098
20/07/2007 00:00,5.879,13.833,3.053
21/07/2007 00:00,5.729,13.303,5.466
22/07/2007 00:00,5.589,14.192,8.080
23/07/2007 00:00,6.510,25.835,9.642
24/07/2007 00:00,7.271,21.113,8.872
25/07/2007 00:00,6.195,15.553,7.471
26/07/2007 00:00,6.430,14.304,7.231
27/07/2007 00:00,5.903,16.929,8.847
28/07/2007 00:00,6.403,20.598,10.822
29/07/2007 00:00,10.014,35.987,18.085
30/07/2007 00:00,11.180,48.175,23.173
31/07/2007 00:00,18.412,74.603,28.180
01/08/2007 00:00,21.339,82.065,31.188
02/08/2007 00:00,20.062,74.776,33.988
03/08/2007 00:00,16.060,43.882,24.791
04/08/2007 00:00,11.122,25.161,16.385
05/08/2007 00:00,10.521,29.321,12.998
06/08/2007 00:00,10.164,31.335,17.920
07/08/2007 00:00,9.163,27.272,11.665
08/08/2007 00:00,7.636,17.414,8.351
09/08/2007 00:00,6.990,14.551,6.164
10/08/2007 00:00,5.276,12.923,4.784
11/08/2007 00:00,5.543,14.077,5.000
12/08/2007 00:00,4.520,13.285,4.915
13/08/2007 00:00,4.284,11.533,3.962
14/08/2007 00:00,3.772,9.615,3.691
15/08/2007 00:00,3.773,8.589,2.914
16/08/2007 00:00,4.971,12.869,3.795
17/08/2007 00:00,6.273,21.895,9.564
18/08/2007 00:00,8.825,31.213,11.519
19/08/2007 00:00,6.931,27.894,9.110
20/08/2007 00:00,8.652,31.186,11.332
21/08/2007 00:00,15.518,64.673,20.008
22/08/2007 00:00,20.307,88.328,23.729
23/08/2007 00:00,19.919,73.330,19.544
24/08/2007 00:00,19.591,74.184,17.989
25/08/2007 00:00,18.434,64.399,17.900
26/08/2007 00:00,17.758,63.957,17.033
27/08/2007 00:00,12.125,42.229,15.759
28/08/2007 00:00,10.533,32.143,10.848
29/08/2007 00:00,15.603,60.525,22.378
30/08/2007 00:00,17.141,76.339,26.464
31/08/2007 00:00,14.314,63.150,23.613
01/09/2007 00:00,11.265,34.410,18.128
02/09/2007 00:00,8.839,25.240,12.284
03/09/2007 00:00,7.024,19.991,8.243
04/09/2007 00:00,5.610,18.631,6.656
05/09/2007 00:00,11.131,36.851,16.102
06/09/2007 00:00,11.842,39.311,16.226
07/09/2007 00:00,8.463,31.014,13.455
08/09/2007 00:00,6.698,30.291,12.192
09/09/2007 00:00,6.595,28.422,9.708
10/09/2007 00:00,5.703,22.904,6.236
11/09/2007 00:00,4.657,18.669,5.763
12/09/2007 00:00,5.820,25.537,6.946
13/09/2007 00:00,10.846,43.546,15.578
14/09/2007 00:00,14.651,58.491,16.116
15/09/2007 00:00,13.612,59.323,17.198
16/09/2007 00:00,8.323,42.447,14.753
17/09/2007 00:00,10.873,48.467,16.923
18/09/2007 00:00,12.430,53.266,16.776
19/09/2007 00:00,10.422,46.193,14.602
20/09/2007 00:00,7.349,26.357,8.679
21/09/2007 00:00,6.007,20.406,6.392
22/09/2007 00:00,5.327,16.719,5.753
23/09/2007 00:00,4.699,15.715,4.966
24/09/2007 00:00,4.089,14.295,4.289
25/09/2007 00:00,3.735,13.125,3.858
26/09/2007 00:00,4.960,18.208,5.662
27/09/2007 00:00,5.684,24.648,12.917
28/09/2007 00:00,6.181,29.410,12.074
29/09/2007 00:00,6.191,29.786,10.713
30/09/2007 00:00,9.261,47.094,19.687
01/10/2007 00:00,11.418,47.514,19.458
02/10/2007 00:00,8.790,41.694,15.080
03/10/2007 00:00,5.984,20.868,9.641
04/10/2007 00:00,4.257,18.486,6.109
05/10/2007 00:00,3.805,15.370,4.887
06/10/2007 00:00,3.846,13.741,4.303
07/10/2007 00:00,3.471,9.420,4.089
08/10/2007 00:00,3.234,11.115,3.574
09/10/2007 00:00,2.956,10.365,3.345
10/10/2007 00:00,2.676,9.366,2.851
11/10/2007 00:00,2.707,8.968,2.795
12/10/2007 00:00,2.831,9.567,3.042
13/10/2007 00:00,3.518,9.308,2.966
14/10/2007 00:00,3.613,9.633,2.687
15/10/2007 00:00,3.377,8.443,2.436
16/10/2007 00:00,3.276,7.943,2.377
17/10/2007 00:00,4.339,10.358,3.217
18/10/2007 00:00,4.906,15.702,6.746
19/10/2007 00:00,5.584,25.515,12.570
20/10/2007 00:00,6.570,33.799,12.123
21/10/2007 00:00,8.771,43.234,17.590
22/10/2007 00:00,16.233,60.537,25.801
23/10/2007 00:00,29.254,120.990,38.699
24/10/2007 00:00,42.341,241.018,59.016
25/10/2007 00:00,43.048,254.165,63.891
26/10/2007 00:00,44.670,236.759,57.512
27/10/2007 00:00,56.834,231.306,79.095
28/10/2007 00:00,136.253,449.806,275.242
29/10/2007 00:00,92.274,450.138,229.753
30/10/2007 00:00,81.320,254.385,131.729
31/10/2007 00:00,59.884,203.495,111.568
01/11/2007 00:00,51.071,158.306,89.246
02/11/2007 00:00,39.659,132.675,54.824
03/11/2007 00:00,50.664,135.068,69.839
04/11/2007 00:00,55.260,167.169,77.209
05/11/2007 00:00,48.293,158.861,62.888
06/11/2007 00:00,35.638,104.703,41.184
07/11/2007 00:00,24.115,67.538,31.145
08/11/2007 00:00,21.282,51.819,23.134
09/11/2007 00:00,17.379,50.911,18.089
10/11/2007 00:00,13.652,46.853,14.702
11/11/2007 00:00,10.874,40.104,12.895
12/11/2007 00:00,9.206,33.148,11.397
13/11/2007 00:00,7.942,28.104,10.786
14/11/2007 00:00,6.873,24.867,9.554
15/11/2007 00:00,6.439,21.282,8.145
16/11/2007 00:00,6.269,20.400,7.155
17/11/2007 00:00,6.082,18.815,6.529
18/11/2007 00:00,5.949,18.542,6.464
19/11/2007 00:00,10.530,44.966,20.762
20/11/2007 00:00,21.555,92.633,30.989
21/11/2007 00:00,17.896,66.955,21.851
22/11/2007 00:00,12.240,42.700,11.629
23/11/2007 00:00,9.549,30.875,8.779
24/11/2007 00:00,7.840,24.073,7.049
25/11/2007 00:00,6.899,20.418,5.951
26/11/2007 00:00,6.288,18.285,5.239
27/11/2007 00:00,5.991,17.533,5.229
28/11/2007 00:00,5.929,17.159,5.362
29/11/2007 00:00,5.804,16.151,4.948
30/11/2007 00:00,5.664,14.743,4.480
01/12/2007 00:00,5.515,13.804,4.290
02/12/2007 00:00,6.020,14.872,4.978
03/12/2007 00:00,6.159,16.528,5.554
04/12/2007 00:00,6.234,17.540,5.653
05/12/2007 00:00,6.384,18.088,5.927
06/12/2007 00:00,8.286,27.849,8.167
07/12/2007 00:00,8.016,25.036,6.902
08/12/2007 00:00,7.016,21.176,5.616
09/12/2007 00:00,6.459,17.963,4.890
10/12/2007 00:00,6.304,16.580,4.414
11/12/2007 00:00,6.038,15.308,4.391
12/12/2007 00:00,6.194,14.584,4.808
13/12/2007 00:00,13.984,63.923,23.539
14/12/2007 00:00,18.652,96.514,35.819
15/12/2007 00:00,18.012,83.520,28.916
16/12/2007 00:00,13.613,45.045,13.165
17/12/2007 00:00,13.432,58.180,24.464
18/12/2007 00:00,105.759,328.455,138.640
19/12/2007 00:00,193.500,582.718,281.585
20/12/2007 00:00,137.500,602.995,194.456
21/12/2007 00:00,76.721,233.161,85.273
22/12/2007 00:00,37.585,118.968,43.676
23/12/2007 00:00,22.984,77.886,35.136
24/12/2007 00:00,17.966,59.337,24.397
25/12/2007 00:00,13.226,46.366,16.179
26/12/2007 00:00,10.051,34.880,10.447
27/12/2007 00:00,8.843,27.472,8.474
28/12/2007 00:00,7.802,22.301,7.646
29/12/2007 00:00,7.468,19.528,7.018
30/12/2007 00:00,6.839,17.695,6.629
31/12/2007 00:00,6.628,16.596,6.173
01/01/2008 00:00,6.294,15.435,5.561
02/01/2008 00:00,5.975,14.418,5.060
03/01/2008 00:00,6.450,16.643,6.192
04/01/2008 00:00,24.826,84.134,30.891
05/01/2008 00:00,27.007,85.507,44.311
06/01/2008 00:00,12.298,43.862,25.727
07/01/2008 00:00,9.740,35.775,14.032
08/01/2008 00:00,8.968,26.493,11.005
09/01/2008 00:00,7.670,21.516,7.794
10/01/2008 00:00,6.829,19.072,6.989
11/01/2008 00:00,6.006,16.958,6.301
12/01/2008 00:00,5.717,15.278,5.811
13/01/2008 00:00,5.518,13.920,5.407
14/01/2008 00:00,5.369,12.683,4.992
15/01/2008 00:00,5.127,11.874,4.595
16/01/2008 00:00,5.039,11.326,4.307
17/01/2008 00:00,4.963,10.823,4.028
18/01/2008 00:00,4.886,10.493,3.757
19/01/2008 00:00,4.800,10.187,3.534
20/01/2008 00:00,4.752,9.915,3.393
21/01/2008 00:00,4.733,9.891,3.322
22/01/2008 00:00,4.616,9.747,3.279
23/01/2008 00:00,4.605,9.656,3.205
24/01/2008 00:00,4.583,9.416,3.089
25/01/2008 00:00,4.546,9.256,3.002
26/01/2008 00:00,4.573,9.119,2.972
27/01/2008 00:00,4.493,8.989,2.969
28/01/2008 00:00,4.456,9.070,3.057
29/01/2008 00:00,4.354,9.108,3.057
30/01/2008 00:00,4.261,8.908,2.931
31/01/2008 00:00,4.230,8.680,2.825
01/02/2008 00:00,4.227,8.614,2.746
02/02/2008 00:00,4.255,8.644,2.713
03/02/2008 00:00,4.168,8.576,2.642
04/02/2008 00:00,4.100,8.388,2.595
05/02/2008 00:00,4.049,8.203,2.501
06/02/2008 00:00,4.002,8.025,2.430
07/02/2008 00:00,4.000,7.914,2.476
08/02/2008 00:00,4.082,8.148,2.902
09/02/2008 00:00,4.364,11.900,5.346
10/02/2008 00:00,5.154,13.885,4.496
11/02/2008 00:00,5.787,14.204,3.365
12/02/2008 00:00,5.364,10.999,2.901
13/02/2008 00:00,4.906,9.971,2.690
14/02/2008 00:00,4.631,9.583,2.766
15/02/2008 00:00,4.728,9.546,3.041
16/02/2008 00:00,4.469,9.188,2.820
17/02/2008 00:00,4.670,8.886,2.533
18/02/2008 00:00,4.370,8.253,2.382
19/02/2008 00:00,4.181,7.692,2.290
20/02/2008 00:00,3.893,7.329,2.226
21/02/2008 00:00,3.711,7.102,2.188
22/02/2008 00:00,3.772,6.898,2.160
23/02/2008 00:00,3.653,6.972,2.114
24/02/2008 00:00,3.510,6.990,2.054
25/02/2008 00:00,3.438,6.914,1.996
26/02/2008 00:00,3.422,6.816,1.949
27/02/2008 00:00,3.341,6.761,1.914
28/02/2008 00:00,3.341,6.758,1.900
29/02/2008 00:00,3.388,7.185,1.986
01/03/2008 00:00,3.412,7.497,2.020
02/03/2008 00:00,3.321,7.569,1.919
03/03/2008 00:00,3.042,7.112,1.836
04/03/2008 00:00,3.029,6.636,1.801
05/03/2008 00:00,3.048,6.403,1.776
06/03/2008 00:00,2.995,6.422,1.753
07/03/2008 00:00,2.893,6.509,1.726
08/03/2008 00:00,2.850,6.534,1.707
09/03/2008 00:00,2.856,6.493,1.709
10/03/2008 00:00,2.926,6.596,1.702
11/03/2008 00:00,3.092,10.908,5.497
12/03/2008 00:00,7.366,33.263,7.362
13/03/2008 00:00,10.903,37.545,9.664
14/03/2008 00:00,9.807,33.434,10.482
15/03/2008 00:00,9.044,28.890,6.198
16/03/2008 00:00,7.000,15.895,3.728
17/03/2008 00:00,4.675,12.620,2.663
18/03/2008 00:00,3.849,11.112,2.484
19/03/2008 00:00,3.779,10.643,2.760
20/03/2008 00:00,6.628,26.154,8.015
21/03/2008 00:00,25.032,72.571,26.367
22/03/2008 00:00,22.332,69.296,42.213
23/03/2008 00:00,15.874,66.630,28.590
24/03/2008 00:00,16.854,59.321,16.979
25/03/2008 00:00,12.053,43.396,13.707
26/03/2008 00:00,10.398,35.340,10.706
27/03/2008 00:00,9.176,31.879,8.419
28/03/2008 00:00,6.985,24.980,7.141
29/03/2008 00:00,6.365,20.302,6.415
30/03/2008 00:00,6.047,18.307,5.680
31/03/2008 00:00,8.172,37.124,12.961
01/04/2008 00:00,10.451,35.164,9.937
02/04/2008 00:00,7.998,31.016,8.080
03/04/2008 00:00,6.516,20.533,5.508
04/04/2008 00:00,5.664,17.112,4.061
05/04/2008 00:00,5.261,15.788,3.498
06/04/2008 00:00,4.741,14.312,3.220
07/04/2008 00:00,4.502,13.158,2.990
08/04/2008 00:00,4.263,12.395,2.802
09/04/2008 00:00,3.915,11.501,2.573
10/04/2008 00:00,3.621,10.326,2.387
11/04/2008 00:00,3.591,9.622,2.267
12/04/2008 00:00,3.461,9.020,2.135
13/04/2008 00:00,3.728,8.465,2.052
14/04/2008 00:00,3.592,7.996,1.947
15/04/2008 00:00,3.490,7.863,1.889
16/04/2008 00:00,3.330,7.125,1.840
17/04/2008 00:00,3.311,6.748,1.794
18/04/2008 00:00,3.304,6.370,1.726
19/04/2008 00:00,3.275,6.553,1.674
20/04/2008 00:00,3.228,6.397,1.584
21/04/2008 00:00,3.133,6.271,1.496
22/04/2008 00:00,3.197,6.257,1.426
23/04/2008 00:00,3.158,6.301,1.382
24/04/2008 00:00,3.103,6.328,1.367
25/04/2008 00:00,3.156,6.623,1.423
26/04/2008 00:00,3.220,6.859,1.398
27/04/2008 00:00,3.236,6.787,1.361
28/04/2008 00:00,3.342,6.905,1.341
29/04/2008 00:00,3.584,7.339,1.318
30/04/2008 00:00,3.604,7.000,1.253
01/05/2008 00:00,3.286,6.882,1.291
02/05/2008 00:00,3.627,6.985,1.258
03/05/2008 00:00,3.720,7.562,1.257
04/05/2008 00:00,3.752,8.041,1.184
05/05/2008 00:00,3.434,7.220,1.141
06/05/2008 00:00,3.288,6.533,1.137
07/05/2008 00:00,3.469,7.039,1.143
08/05/2008 00:00,3.761,8.179,1.135
09/05/2008 00:00,3.792,7.800,1.118
10/05/2008 00:00,3.695,7.580,1.168
11/05/2008 00:00,4.164,8.922,1.343
12/05/2008 00:00,4.779,12.515,2.438
13/05/2008 00:00,4.493,13.205,2.271
14/05/2008 00:00,4.960,14.407,2.270
15/05/2008 00:00,4.716,12.564,1.911
16/05/2008 00:00,4.435,9.494,1.525
17/05/2008 00:00,3.670,7.825,1.272
18/05/2008 00:00,3.697,7.257,1.207
19/05/2008 00:00,3.425,6.877,1.177
20/05/2008 00:00,3.529,6.764,1.166
21/05/2008 00:00,3.727,7.293,1.251
22/05/2008 00:00,4.859,13.239,2.623
23/05/2008 00:00,4.383,13.744,2.579
24/05/2008 00:00,5.037,13.240,1.780
25/05/2008 00:00,4.234,9.447,1.463
26/05/2008 00:00,4.236,8.004,1.338
27/05/2008 00:00,3.667,7.543,1.244
28/05/2008 00:00,3.627,7.397,1.219
29/05/2008 00:00,3.508,7.872,1.251
30/05/2008 00:00,4.172,9.261,1.345
31/05/2008 00:00,5.437,13.724,2.624
01/06/2008 00:00,4.985,14.555,3.187
02/06/2008 00:00,5.691,13.506,2.804
03/06/2008 00:00,4.966,10.076,1.889
04/06/2008 00:00,4.503,9.121,1.700
05/06/2008 00:00,3.766,8.927,1.488
06/06/2008 00:00,3.774,8.437,1.414
07/06/2008 00:00,4.400,10.840,2.314
08/06/2008 00:00,6.740,22.203,4.835
09/06/2008 00:00,6.020,22.731,5.974
10/06/2008 00:00,5.689,16.001,3.071
11/06/2008 00:00,6.673,24.184,8.062
12/06/2008 00:00,6.820,26.486,10.324
13/06/2008 00:00,6.627,23.745,7.112
14/06/2008 00:00,5.045,17.449,4.161
15/06/2008 00:00,5.041,12.064,3.175
16/06/2008 00:00,4.213,9.972,2.559
17/06/2008 00:00,4.184,8.629,2.153
18/06/2008 00:00,3.745,8.089,2.004
19/06/2008 00:00,3.787,8.367,1.964
20/06/2008 00:00,3.613,8.907,1.858
21/06/2008 00:00,4.921,11.732,4.152
22/06/2008 00:00,5.715,17.005,5.285
23/06/2008 00:00,4.759,15.413,4.335
24/06/2008 00:00,3.839,12.066,2.494
25/06/2008 00:00,3.281,9.555,2.014
26/06/2008 00:00,3.147,7.667,1.856
27/06/2008 00:00,2.977,7.694,1.908
28/06/2008 00:00,3.247,8.642,2.432
29/06/2008 00:00,2.879,9.380,2.219
30/06/2008 00:00,2.814,8.999,1.839
01/07/2008 00:00,2.658,8.785,1.680
02/07/2008 00:00,2.655,8.638,1.635
03/07/2008 00:00,2.858,8.956,1.746
04/07/2008 00:00,2.722,9.914,1.619
05/07/2008 00:00,2.592,9.404,1.486
06/07/2008 00:00,2.618,9.342,1.515
07/07/2008 00:00,2.590,9.192,1.522
08/07/2008 00:00,2.536,8.791,1.420
09/07/2008 00:00,2.880,9.334,1.849
10/07/2008 00:00,2.709,10.421,1.788
11/07/2008 00:00,2.672,10.223,1.513
12/07/2008 00:00,2.477,9.270,1.397
13/07/2008 00:00,2.529,8.850,1.420
14/07/2008 00:00,2.594,9.100,1.419
15/07/2008 00:00,2.717,9.658,1.430
16/07/2008 00:00,3.095,10.467,1.549
17/07/2008 00:00,4.831,13.577,1.858
18/07/2008 00:00,5.755,14.376,3.434
19/07/2008 00:00,5.702,18.771,3.467
20/07/2008 00:00,8.460,27.387,5.529
21/07/2008 00:00,8.878,28.504,5.511
22/07/2008 00:00,7.797,25.113,3.678
23/07/2008 00:00,6.797,17.978,2.546
24/07/2008 00:00,5.739,14.072,3.181
25/07/2008 00:00,4.953,16.434,3.124
26/07/2008 00:00,4.384,13.194,2.543
27/07/2008 00:00,5.007,13.138,3.141
28/07/2008 00:00,5.044,15.591,3.197
29/07/2008 00:00,5.075,15.601,3.012
30/07/2008 00:00,4.451,13.885,2.558
31/07/2008 00:00,4.462,19.498,3.722
01/08/2008 00:00,4.785,14.402,4.926
02/08/2008 00:00,4.273,17.507,4.845
03/08/2008 00:00,7.010,19.179,9.776
04/08/2008 00:00,7.204,21.118,9.278
05/08/2008 00:00,5.893,18.895,4.659
06/08/2008 00:00,4.873,11.339,2.949
07/08/2008 00:00,4.238,10.033,2.335
08/08/2008 00:00,5.316,10.025,3.540
09/08/2008 00:00,5.279,12.161,3.589
10/08/2008 00:00,4.676,9.810,2.619
11/08/2008 00:00,3.966,9.169,2.113
12/08/2008 00:00,4.590,9.931,2.260
13/08/2008 00:00,4.884,11.619,3.641
14/08/2008 00:00,5.222,13.310,4.286
15/08/2008 00:00,4.739,10.969,2.925
16/08/2008 00:00,4.302,9.717,2.318
17/08/2008 00:00,5.487,17.553,5.830
18/08/2008 00:00,6.156,21.177,7.088
19/08/2008 00:00,6.561,23.048,8.075
20/08/2008 00:00,5.936,21.789,5.970
21/08/2008 00:00,6.368,21.216,7.788
22/08/2008 00:00,5.743,20.330,7.018
23/08/2008 00:00,4.813,16.936,6.041
24/08/2008 00:00,4.456,11.282,3.163
25/08/2008 00:00,3.961,11.920,2.320
26/08/2008 00:00,5.471,15.374,3.024
27/08/2008 00:00,6.166,18.185,3.646
28/08/2008 00:00,5.210,15.692,2.796
29/08/2008 00:00,4.735,13.436,2.533
30/08/2008 00:00,4.067,11.672,2.382
31/08/2008 00:00,4.159,9.502,2.203
01/09/2008 00:00,4.499,12.664,4.525
02/09/2008 00:00,7.648,18.528,10.467
03/09/2008 00:00,8.148,21.443,8.859
04/09/2008 00:00,6.884,20.740,7.399
05/09/2008 00:00,6.158,19.671,5.366
06/09/2008 00:00,7.397,21.363,6.775
07/09/2008 00:00,6.108,19.929,6.137
08/09/2008 00:00,5.477,18.865,4.293
09/09/2008 00:00,4.930,15.259,3.178
10/09/2008 00:00,4.597,13.243,2.508
11/09/2008 00:00,4.220,10.693,2.126
12/09/2008 00:00,4.149,8.386,1.864
13/09/2008 00:00,3.987,7.333,1.799
14/09/2008 00:00,4.194,7.970,1.946
15/09/2008 00:00,4.304,8.369,1.940
16/09/2008 00:00,3.786,7.213,1.622
17/09/2008 00:00,3.552,6.397,1.551
18/09/2008 00:00,3.477,6.307,1.429
19/09/2008 00:00,3.414,5.955,1.369
20/09/2008 00:00,4.611,11.625,4.048
21/09/2008 00:00,4.690,13.883,4.398
22/09/2008 00:00,4.105,13.220,2.693
23/09/2008 00:00,3.881,10.811,1.699
24/09/2008 00:00,4.181,11.035,3.933
25/09/2008 00:00,3.949,11.604,4.324
26/09/2008 00:00,3.726,8.831,2.532
27/09/2008 00:00,3.382,7.298,1.757
28/09/2008 00:00,3.276,7.068,1.843
29/09/2008 00:00,2.920,6.979,1.639
30/09/2008 00:00,2.815,6.327,1.515
01/10/2008 00:00,2.773,6.077,1.365
02/10/2008 00:00,2.712,6.020,1.411
03/10/2008 00:00,3.118,11.390,2.987
04/10/2008 00:00,3.304,9.460,2.276
05/10/2008 00:00,2.980,12.598,1.783
06/10/2008 00:00,2.869,8.412,1.435
07/10/2008 00:00,2.575,7.259,1.275
08/10/2008 00:00,2.554,6.477,1.239
09/10/2008 00:00,2.466,6.522,1.192
10/10/2008 00:00,2.433,6.281,1.104
11/10/2008 00:00,2.701,9.146,2.127
12/10/2008 00:00,4.586,25.840,6.136
13/10/2008 00:00,6.523,37.818,12.196
14/10/2008 00:00,7.437,40.535,18.191
15/10/2008 00:00,7.944,35.161,23.211
16/10/2008 00:00,7.005,31.251,17.898
17/10/2008 00:00,6.689,32.965,16.555
18/10/2008 00:00,11.923,48.862,28.327
19/10/2008 00:00,12.335,53.119,31.363
20/10/2008 00:00,38.881,141.510,62.163
21/10/2008 00:00,57.042,207.748,106.070
22/10/2008 00:00,75.416,259.794,120.802
23/10/2008 00:00,57.165,200.672,75.244
24/10/2008 00:00,49.943,132.326,54.712
25/10/2008 00:00,43.912,108.225,63.105
26/10/2008 00:00,34.253,99.723,53.674
27/10/2008 00:00,22.808,76.682,43.915
28/10/2008 00:00,13.872,49.748,23.714
29/10/2008 00:00,9.333,29.919,14.009
30/10/2008 00:00,6.348,19.298,10.115
31/10/2008 00:00,5.064,15.621,7.746
01/11/2008 00:00,4.632,13.602,6.119
02/11/2008 00:00,4.370,12.008,4.040
03/11/2008 00:00,4.199,10.719,4.375
04/11/2008 00:00,3.979,9.962,3.775
05/11/2008 00:00,3.823,9.410,3.323
06/11/2008 00:00,3.569,8.786,2.978
07/11/2008 00:00,3.375,8.254,2.874
08/11/2008 00:00,3.215,7.753,2.729
09/11/2008 00:00,3.220,7.419,2.556
10/11/2008 00:00,3.388,7.358,2.597
11/11/2008 00:00,3.390,7.142,2.491
12/11/2008 00:00,3.345,6.618,2.232
13/11/2008 00:00,3.247,6.375,2.080
14/11/2008 00:00,3.121,6.142,2.009
15/11/2008 00:00,3.475,6.446,2.377
16/11/2008 00:00,3.495,6.592,2.304
17/11/2008 00:00,3.419,6.877,1.555
18/11/2008 00:00,4.463,9.927,2.710
19/11/2008 00:00,9.212,28.435,10.422
20/11/2008 00:00,9.086,22.026,10.220
21/11/2008 00:00,12.591,57.244,23.988
22/11/2008 00:00,28.512,97.936,49.716
23/11/2008 00:00,55.730,216.697,90.493
24/11/2008 00:00,67.573,289.036,117.701
25/11/2008 00:00,151.637,590.664,243.285
26/11/2008 00:00,300.154,1029.594,490.750
27/11/2008 00:00,449.485,1584.251,727.032
28/11/2008 00:00,255.986,833.443,374.061
29/11/2008 00:00,125.498,430.091,183.628
30/11/2008 00:00,82.221,288.209,127.268
01/12/2008 00:00,62.731,223.433,88.237
02/12/2008 00:00,49.062,162.638,54.919
03/12/2008 00:00,39.853,113.468,40.118
04/12/2008 00:00,31.319,86.757,28.980
05/12/2008 00:00,22.702,68.272,21.920
06/12/2008 00:00,17.775,62.799,18.711
07/12/2008 00:00,14.644,55.564,15.981
08/12/2008 00:00,23.670,76.559,31.601
09/12/2008 00:00,28.815,117.234,41.848
10/12/2008 00:00,23.750,101.649,29.581
11/12/2008 00:00,14.803,64.534,20.886
12/12/2008 00:00,11.121,45.922,16.892
13/12/2008 00:00,10.334,39.753,12.104
14/12/2008 00:00,11.923,53.589,17.665
15/12/2008 00:00,10.696,46.839,15.653
16/12/2008 00:00,9.999,34.769,10.537
17/12/2008 00:00,9.254,30.743,7.334
18/12/2008 00:00,8.759,26.267,7.240
19/12/2008 00:00,9.063,24.710,6.854
20/12/2008 00:00,8.538,23.342,6.396
21/12/2008 00:00,7.987,21.772,5.921
22/12/2008 00:00,7.544,20.190,5.397
23/12/2008 00:00,7.213,19.096,5.086
24/12/2008 00:00,7.094,18.441,5.008
25/12/2008 00:00,6.923,17.545,4.803
26/12/2008 00:00,6.599,16.180,4.488
27/12/2008 00:00,6.407,15.319,4.222
28/12/2008 00:00,6.142,14.464,3.887
29/12/2008 00:00,5.699,13.419,3.559
30/12/2008 00:00,5.388,12.586,3.344
31/12/2008 00:00,5.094,12.033,3.178
01/01/2009 00:00,4.820,11.764,3.082
02/01/2009 00:00,5.237,14.763,3.109
03/01/2009 00:00,5.343,11.416,2.908
04/01/2009 00:00,4.873,11.165,2.983
05/01/2009 00:00,4.619,10.961,2.907
06/01/2009 00:00,4.538,10.905,2.909
07/01/2009 00:00,6.589,27.776,9.199
08/01/2009 00:00,8.790,18.580,7.112
09/01/2009 00:00,7.276,17.054,4.023
10/01/2009 00:00,5.864,13.683,3.602
11/01/2009 00:00,5.081,12.488,3.268
12/01/2009 00:00,4.737,11.998,3.018
13/01/2009 00:00,4.594,11.791,2.976
14/01/2009 00:00,4.592,12.153,3.199
15/01/2009 00:00,5.054,13.471,4.249
16/01/2009 00:00,5.303,13.534,3.708
17/01/2009 00:00,5.087,12.609,3.215
18/01/2009 00:00,4.776,11.846,3.039
19/01/2009 00:00,4.616,11.394,2.804
20/01/2009 00:00,4.377,10.859,2.692
21/01/2009 00:00,4.188,10.385,2.463
22/01/2009 00:00,4.067,9.992,2.398
23/01/2009 00:00,4.017,9.707,2.308
24/01/2009 00:00,3.936,9.486,2.262
25/01/2009 00:00,3.752,9.291,2.256
26/01/2009 00:00,3.691,9.298,2.231
27/01/2009 00:00,3.640,9.304,2.320
28/01/2009 00:00,3.475,9.349,2.362
29/01/2009 00:00,3.234,9.186,2.328
30/01/2009 00:00,2.949,8.943,2.250
31/01/2009 00:00,2.750,8.773,2.181
01/02/2009 00:00,2.555,8.717,2.092
02/02/2009 00:00,2.357,8.670,2.078
03/02/2009 00:00,2.243,8.612,2.074
04/02/2009 00:00,2.149,8.522,2.077
05/02/2009 00:00,2.101,8.573,2.091
06/02/2009 00:00,2.049,8.609,2.076
07/02/2009 00:00,2.063,8.244,1.939
08/02/2009 00:00,2.032,8.404,1.990
09/02/2009 00:00,1.887,8.425,1.892
10/02/2009 00:00,1.832,8.361,1.812
11/02/2009 00:00,1.793,8.307,1.822
12/02/2009 00:00,1.779,8.201,1.863
13/02/2009 00:00,1.773,8.227,1.811
14/02/2009 00:00,1.743,8.053,1.649
15/02/2009 00:00,1.684,7.969,1.560
16/02/2009 00:00,1.688,7.895,1.516
17/02/2009 00:00,1.664,7.780,1.502
18/02/2009 00:00,1.677,7.736,1.498
19/02/2009 00:00,1.641,7.712,1.492
20/02/2009 00:00,1.688,7.563,1.484
21/02/2009 00:00,1.713,7.585,1.497
22/02/2009 00:00,1.744,7.599,1.479
23/02/2009 00:00,1.726,7.507,1.461
24/02/2009 00:00,1.776,7.445,1.433
25/02/2009 00:00,1.735,7.419,1.410
26/02/2009 00:00,1.825,7.411,1.404
27/02/2009 00:00,1.704,7.411,1.381
28/02/2009 00:00,1.726,7.344,1.344
01/03/2009 00:00,1.731,7.296,1.327
02/03/2009 00:00,1.772,7.233,1.311
03/03/2009 00:00,1.775,7.133,1.301
04/03/2009 00:00,1.785,7.057,1.301
05/03/2009 00:00,1.825,7.016,1.268
06/03/2009 00:00,1.801,6.933,1.224
07/03/2009 00:00,1.852,6.798,1.186
08/03/2009 00:00,1.797,6.713,1.197
09/03/2009 00:00,2.370,9.114,3.820
10/03/2009 00:00,15.381,115.130,33.277
11/03/2009 00:00,16.258,79.797,46.911
12/03/2009 00:00,7.486,33.867,15.666
13/03/2009 00:00,5.547,24.177,6.492
14/03/2009 00:00,3.871,14.822,4.153
15/03/2009 00:00,3.376,12.884,3.303
16/03/2009 00:00,3.088,11.580,2.889
17/03/2009 00:00,3.063,10.414,2.641
18/03/2009 00:00,2.931,9.015,2.493
19/03/2009 00:00,2.983,7.950,1.915
20/03/2009 00:00,2.857,7.435,1.880
21/03/2009 00:00,2.869,8.530,1.787
22/03/2009 00:00,2.806,8.035,2.071
23/03/2009 00:00,2.837,8.374,2.023
24/03/2009 00:00,2.920,7.488,2.061
25/03/2009 00:00,2.892,6.776,2.040
26/03/2009 00:00,2.871,6.545,1.758
27/03/2009 00:00,2.844,7.609,2.021
28/03/2009 00:00,2.816,7.606,1.937
29/03/2009 00:00,2.764,6.341,1.578
30/03/2009 00:00,2.557,7.528,1.208
31/03/2009 00:00,2.773,6.993,1.633
01/04/2009 00:00,2.721,6.646,1.465
02/04/2009 00:00,2.720,6.272,1.484
03/04/2009 00:00,2.730,6.242,1.487
04/04/2009 00:00,2.731,6.168,1.485
05/04/2009 00:00,2.736,5.879,1.434
06/04/2009 00:00,2.754,5.859,1.423
07/04/2009 00:00,2.786,5.649,1.366
08/04/2009 00:00,2.768,5.453,1.304
09/04/2009 00:00,2.900,5.506,1.417
10/04/2009 00:00,3.439,8.011,2.354
11/04/2009 00:00,3.778,11.733,2.707
12/04/2009 00:00,3.854,9.635,1.866
13/04/2009 00:00,3.508,7.328,1.510
14/04/2009 00:00,3.295,5.980,1.392
15/04/2009 00:00,3.125,5.487,1.221
16/04/2009 00:00,2.966,5.271,1.137
17/04/2009 00:00,3.008,5.314,1.149
18/04/2009 00:00,2.931,5.499,1.149
19/04/2009 00:00,2.957,5.542,1.121
20/04/2009 00:00,2.985,5.595,1.126
21/04/2009 00:00,3.006,5.675,1.118
22/04/2009 00:00,3.017,5.594,1.092
23/04/2009 00:00,3.040,5.531,1.119
24/04/2009 00:00,3.206,5.515,1.094
25/04/2009 00:00,3.263,5.578,1.059
26/04/2009 00:00,3.218,5.621,1.015
27/04/2009 00:00,3.014,5.512,0.988
28/04/2009 00:00,3.069,5.418,0.945
29/04/2009 00:00,3.054,5.403,0.900
30/04/2009 00:00,2.975,5.356,0.888
01/05/2009 00:00,2.907,5.251,0.885
02/05/2009 00:00,2.910,5.255,0.862
03/05/2009 00:00,3.035,5.306,0.826
04/05/2009 00:00,3.044,5.497,1.154
05/05/2009 00:00,3.346,5.878,1.190
06/05/2009 00:00,3.288,5.600,1.025
07/05/2009 00:00,3.254,5.670,0.918
08/05/2009 00:00,3.150,5.398,0.839
09/05/2009 00:00,3.056,5.132,0.876
10/05/2009 00:00,3.002,4.933,0.790
11/05/2009 00:00,2.860,4.937,0.832
12/05/2009 00:00,3.436,5.254,0.803
13/05/2009 00:00,3.060,5.072,0.782
14/05/2009 00:00,3.376,5.540,0.785
15/05/2009 00:00,3.230,6.169,1.055
16/05/2009 00:00,3.554,8.491,1.010
17/05/2009 00:00,3.764,7.466,0.860
18/05/2009 00:00,3.529,6.323,0.845
19/05/2009 00:00,3.802,6.093,0.991
20/05/2009 00:00,4.355,8.142,1.398
21/05/2009 00:00,4.628,9.875,1.445
22/05/2009 00:00,4.586,11.446,1.776
23/05/2009 00:00,5.324,13.037,3.136
24/05/2009 00:00,5.214,14.161,2.295
25/05/2009 00:00,5.102,10.131,1.390
26/05/2009 00:00,4.665,10.107,1.737
27/05/2009 00:00,4.337,9.501,1.213
28/05/2009 00:00,4.384,9.287,1.369
29/05/2009 00:00,4.849,12.284,1.757
30/05/2009 00:00,6.497,14.874,2.341
31/05/2009 00:00,6.256,15.732,2.157
01/06/2009 00:00,5.881,11.264,1.284
02/06/2009 00:00,4.183,8.565,1.056
03/06/2009 00:00,3.809,6.943,0.847
04/06/2009 00:00,3.474,6.630,0.774
05/06/2009 00:00,3.777,7.065,0.944
06/06/2009 00:00,4.072,7.635,1.016
07/06/2009 00:00,3.737,6.919,1.008
08/06/2009 00:00,3.925,6.679,0.838
09/06/2009 00:00,3.799,6.707,0.796
10/06/2009 00:00,3.608,6.247,0.758
11/06/2009 00:00,5.427,12.353,1.043
12/06/2009 00:00,5.562,15.852,1.671
13/06/2009 00:00,6.275,15.351,2.012
14/06/2009 00:00,6.572,13.904,1.467
15/06/2009 00:00,5.562,10.158,1.090
16/06/2009 00:00,4.174,9.219,0.859
17/06/2009 00:00,4.038,8.611,0.843
18/06/2009 00:00,4.651,10.013,1.076
19/06/2009 00:00,4.930,10.863,1.184
20/06/2009 00:00,4.518,9.664,1.040
21/06/2009 00:00,3.952,8.407,0.875
22/06/2009 00:00,4.041,9.291,1.712
23/06/2009 00:00,3.815,10.832,1.221
24/06/2009 00:00,4.115,9.957,1.398
25/06/2009 00:00,4.234,10.668,1.860
26/06/2009 00:00,4.461,10.162,1.336
27/06/2009 00:00,4.696,9.509,1.519
28/06/2009 00:00,5.016,9.681,1.326
29/06/2009 00:00,5.385,10.393,1.211
30/06/2009 00:00,5.818,11.779,1.442
01/07/2009 00:00,5.201,11.224,1.211
02/07/2009 00:00,4.761,9.735,1.413
03/07/2009 00:00,4.613,9.607,1.204
04/07/2009 00:00,5.126,14.361,3.236
05/07/2009 00:00,5.006,16.748,3.621
06/07/2009 00:00,5.605,17.185,2.227
07/07/2009 00:00,5.131,13.241,1.654
08/07/2009 00:00,5.146,11.620,1.442
09/07/2009 00:00,4.772,10.890,1.284
10/07/2009 00:00,4.599,10.178,1.191
11/07/2009 00:00,4.332,9.168,1.071
12/07/2009 00:00,4.060,8.601,0.958
13/07/2009 00:00,4.157,8.457,0.913
14/07/2009 00:00,4.255,8.729,0.948
15/07/2009 00:00,5.041,10.585,2.358
16/07/2009 00:00,6.091,14.753,3.505
17/07/2009 00:00,5.892,14.851,1.829
18/07/2009 00:00,5.884,11.806,1.378
19/07/2009 00:00,5.112,9.780,1.187
20/07/2009 00:00,4.667,8.557,1.074
21/07/2009 00:00,4.677,8.091,1.077
22/07/2009 00:00,4.322,8.261,0.989
23/07/2009 00:00,4.121,8.015,0.998
24/07/2009 00:00,3.769,7.886,0.837
25/07/2009 00:00,4.099,7.728,0.851
26/07/2009 00:00,3.964,7.418,0.931
27/07/2009 00:00,3.781,8.017,1.003
28/07/2009 00:00,3.963,8.323,0.971
29/07/2009 00:00,5.515,15.452,4.184
30/07/2009 00:00,8.383,25.293,8.347
31/07/2009 00:00,14.536,50.298,16.503
01/08/2009 00:00,14.434,50.203,15.388
02/08/2009 00:00,10.443,36.817,9.231
03/08/2009 00:00,7.235,21.777,4.732
04/08/2009 00:00,6.170,15.988,4.072
05/08/2009 00:00,5.146,12.614,2.662
06/08/2009 00:00,4.440,11.045,2.040
07/08/2009 00:00,4.435,9.439,1.892
08/08/2009 00:00,4.253,9.158,1.820
09/08/2009 00:00,4.140,8.908,1.683
10/08/2009 00:00,4.112,9.159,1.790
11/08/2009 00:00,3.986,8.875,1.694
12/08/2009 00:00,4.539,9.707,1.982
13/08/2009 00:00,5.138,13.197,2.308
14/08/2009 00:00,6.549,22.005,4.385
15/08/2009 00:00,9.823,25.154,7.016
16/08/2009 00:00,10.441,35.055,11.551
17/08/2009 00:00,14.183,40.109,10.061
18/08/2009 00:00,10.591,34.117,11.494
19/08/2009 00:00,8.933,23.079,4.876
20/08/2009 00:00,7.490,15.842,3.318
21/08/2009 00:00,6.979,13.204,2.409
22/08/2009 00:00,5.666,10.823,1.903
23/08/2009 00:00,6.039,13.195,4.956
24/08/2009 00:00,6.667,17.432,5.354
25/08/2009 00:00,5.817,12.819,3.421
26/08/2009 00:00,4.839,10.190,2.278
27/08/2009 00:00,4.291,8.118,1.919
28/08/2009 00:00,3.846,7.219,1.717
29/08/2009 00:00,3.580,6.898,1.598
30/08/2009 00:00,5.254,13.693,4.370
31/08/2009 00:00,6.985,23.855,9.197
01/09/2009 00:00,12.959,35.382,15.687
02/09/2009 00:00,9.730,37.227,14.206
03/09/2009 00:00,7.917,32.139,10.326
04/09/2009 00:00,6.169,26.173,5.908
05/09/2009 00:00,5.412,17.238,3.769
06/09/2009 00:00,5.325,15.047,2.763
07/09/2009 00:00,4.814,13.044,2.468
08/09/2009 00:00,4.380,10.760,2.194
09/09/2009 00:00,4.066,9.366,1.937
10/09/2009 00:00,3.735,8.256,1.726
11/09/2009 00:00,3.566,7.349,1.628
12/09/2009 00:00,4.039,7.522,1.630
13/09/2009 00:00,5.660,12.541,2.762
14/09/2009 00:00,6.450,13.769,4.331
15/09/2009 00:00,13.194,31.597,10.801
16/09/2009 00:00,13.186,39.003,12.376
17/09/2009 00:00,14.845,40.549,11.362
18/09/2009 00:00,14.353,38.574,8.185
19/09/2009 00:00,19.740,51.285,10.393
20/09/2009 00:00,14.815,48.069,8.777
21/09/2009 00:00,11.071,38.343,8.017
22/09/2009 00:00,9.714,30.565,5.425
23/09/2009 00:00,18.309,45.669,11.013
24/09/2009 00:00,16.349,39.448,12.322
25/09/2009 00:00,14.837,32.661,7.027
26/09/2009 00:00,10.504,23.757,4.685
27/09/2009 00:00,8.648,23.164,6.944
28/09/2009 00:00,8.164,22.410,6.594
29/09/2009 00:00,7.588,19.765,5.004
30/09/2009 00:00,7.003,17.046,3.766
01/10/2009 00:00,6.004,13.700,2.749
02/10/2009 00:00,6.046,11.358,2.372
03/10/2009 00:00,5.379,10.299,2.557
04/10/2009 00:00,4.862,9.543,2.485
05/10/2009 00:00,4.404,8.543,2.208
06/10/2009 00:00,4.243,7.870,1.997
07/10/2009 00:00,4.127,7.537,1.869
08/10/2009 00:00,4.065,7.515,1.930
09/10/2009 00:00,4.088,7.414,1.896
10/10/2009 00:00,5.755,9.868,4.049
11/10/2009 00:00,5.787,10.443,3.798
12/10/2009 00:00,5.864,11.317,2.692
13/10/2009 00:00,5.312,10.294,1.988
14/10/2009 00:00,4.926,8.326,1.803
15/10/2009 00:00,4.102,7.479,1.564
16/10/2009 00:00,3.776,6.880,1.548
17/10/2009 00:00,3.528,5.750,1.459
18/10/2009 00:00,3.446,6.570,1.329
19/10/2009 00:00,3.286,6.631,1.263
20/10/2009 00:00,3.435,7.548,1.169
21/10/2009 00:00,3.326,7.364,1.056
22/10/2009 00:00,3.274,7.071,0.752
23/10/2009 00:00,2.866,6.493,0.719
24/10/2009 00:00,2.996,6.376,0.690
25/10/2009 00:00,2.897,6.662,0.556
26/10/2009 00:00,2.793,7.096,0.534
27/10/2009 00:00,3.171,8.346,1.156
28/10/2009 00:00,6.536,17.510,6.875
29/10/2009 00:00,8.018,24.453,10.440
30/10/2009 00:00,8.287,25.412,11.552
31/10/2009 00:00,6.657,22.080,9.189
01/11/2009 00:00,6.023,21.987,8.393
02/11/2009 00:00,5.821,21.783,10.586
03/11/2009 00:00,7.023,24.383,9.088
04/11/2009 00:00,18.541,70.338,34.472
05/11/2009 00:00,24.361,82.976,56.480
06/11/2009 00:00,47.831,205.621,163.123
07/11/2009 00:00,74.490,358.134,244.240
08/11/2009 00:00,96.138,391.261,211.262
09/11/2009 00:00,102.137,359.403,196.330
10/11/2009 00:00,71.005,276.573,116.112
11/11/2009 00:00,57.798,195.162,82.006
12/11/2009 00:00,38.793,130.496,55.764
13/11/2009 00:00,32.995,97.012,48.525
14/11/2009 00:00,54.563,152.217,66.702
15/11/2009 00:00,71.545,210.370,108.752
16/11/2009 00:00,55.310,169.289,75.564
17/11/2009 00:00,41.583,111.802,64.215
18/11/2009 00:00,36.897,98.621,52.423
19/11/2009 00:00,30.642,77.806,51.734
20/11/2009 00:00,22.854,67.975,38.630
21/11/2009 00:00,24.535,81.615,39.607
22/11/2009 00:00,27.195,78.193,42.113
23/11/2009 00:00,22.179,68.288,37.571
24/11/2009 00:00,19.988,58.371,30.497
25/11/2009 00:00,17.986,52.441,23.983
26/11/2009 00:00,13.087,44.490,15.189
27/11/2009 00:00,10.601,32.044,9.826
28/11/2009 00:00,8.751,26.839,8.034
29/11/2009 00:00,7.800,24.263,6.927
30/11/2009 00:00,7.396,23.962,6.454
01/12/2009 00:00,12.847,50.519,18.159
02/12/2009 00:00,18.027,72.518,30.841
03/12/2009 00:00,22.706,77.002,29.729
04/12/2009 00:00,16.362,69.933,26.248
05/12/2009 00:00,12.696,48.194,14.746
06/12/2009 00:00,9.878,33.312,10.587
07/12/2009 00:00,8.735,26.967,7.497
08/12/2009 00:00,7.515,22.687,4.935
09/12/2009 00:00,6.961,20.690,4.313
10/12/2009 00:00,6.294,19.282,3.942
11/12/2009 00:00,5.901,18.216,4.005
12/12/2009 00:00,7.960,25.213,10.602
13/12/2009 00:00,11.378,39.732,16.676
14/12/2009 00:00,13.256,55.263,22.563
15/12/2009 00:00,32.176,114.612,62.126
16/12/2009 00:00,38.069,118.734,66.628
17/12/2009 00:00,44.890,144.815,91.759
18/12/2009 00:00,31.662,113.998,48.971
19/12/2009 00:00,21.781,70.004,26.333
20/12/2009 00:00,17.094,48.955,20.581
21/12/2009 00:00,18.133,57.367,24.214
22/12/2009 00:00,18.098,56.067,21.510
23/12/2009 00:00,13.953,45.991,16.420
24/12/2009 00:00,10.756,40.194,10.626
25/12/2009 00:00,9.118,31.669,7.535
26/12/2009 00:00,8.478,26.620,6.166
27/12/2009 00:00,7.908,24.007,5.428
28/12/2009 00:00,7.480,22.284,4.714
29/12/2009 00:00,7.148,21.068,4.215
30/12/2009 00:00,6.637,20.018,3.851
31/12/2009 00:00,6.486,19.043,3.633
01/01/2010 00:00,6.345,18.358,3.479
02/01/2010 00:00,6.266,17.054,3.508
03/01/2010 00:00,6.316,16.924,3.672
04/01/2010 00:00,6.128,16.582,3.486
05/01/2010 00:00,6.050,14.681,3.233
06/01/2010 00:00,5.712,13.862,3.003
07/01/2010 00:00,5.709,14.293,3.147
08/01/2010 00:00,6.455,18.977,7.994
09/01/2010 00:00,7.465,24.472,9.715
10/01/2010 00:00,11.836,36.294,11.493
11/01/2010 00:00,12.611,39.854,8.695
12/01/2010 00:00,10.461,32.659,6.226
13/01/2010 00:00,9.142,30.701,6.977
14/01/2010 00:00,8.886,29.571,5.133
15/01/2010 00:00,7.791,25.345,3.965
16/01/2010 00:00,7.095,20.665,3.429
17/01/2010 00:00,6.659,18.017,2.980
18/01/2010 00:00,6.024,16.907,2.971
19/01/2010 00:00,5.894,16.515,2.840
20/01/2010 00:00,5.733,15.490,2.599
21/01/2010 00:00,5.502,14.267,2.407
22/01/2010 00:00,5.003,13.218,2.263
23/01/2010 00:00,4.679,12.508,2.163
24/01/2010 00:00,4.409,12.013,2.119
25/01/2010 00:00,4.176,11.760,2.050
26/01/2010 00:00,3.932,11.514,2.033
27/01/2010 00:00,3.907,11.624,2.070
28/01/2010 00:00,3.758,11.636,2.029
29/01/2010 00:00,3.606,11.216,1.916
30/01/2010 00:00,3.277,10.700,1.821
31/01/2010 00:00,3.167,10.410,1.750
01/02/2010 00:00,3.027,10.142,1.717
02/02/2010 00:00,2.887,9.851,1.694
03/02/2010 00:00,2.796,9.601,1.660
04/02/2010 00:00,2.739,8.809,1.649
05/02/2010 00:00,2.689,8.387,1.643
06/02/2010 00:00,2.648,8.096,1.652
07/02/2010 00:00,2.608,7.885,1.645
08/02/2010 00:00,2.514,7.726,1.615
09/02/2010 00:00,2.468,7.579,1.608
10/02/2010 00:00,2.497,7.625,1.633
11/02/2010 00:00,2.434,7.755,1.670
12/02/2010 00:00,2.397,8.172,1.672
13/02/2010 00:00,2.309,8.069,1.626
14/02/2010 00:00,2.232,8.067,1.586
15/02/2010 00:00,2.193,7.880,1.555
16/02/2010 00:00,2.197,7.804,1.527
17/02/2010 00:00,2.222,7.687,1.530
18/02/2010 00:00,2.170,7.688,1.502
19/02/2010 00:00,2.095,7.453,1.455
20/02/2010 00:00,2.098,7.379,1.442
21/02/2010 00:00,2.117,7.114,1.426
22/02/2010 00:00,2.078,7.077,1.406
23/02/2010 00:00,2.058,6.912,1.391
24/02/2010 00:00,2.060,6.956,1.383
25/02/2010 00:00,2.065,6.716,1.366
26/02/2010 00:00,2.013,6.633,1.336
27/02/2010 00:00,1.937,6.424,1.301
28/02/2010 00:00,1.905,6.243,1.270
01/03/2010 00:00,1.869,6.097,1.242
02/03/2010 00:00,1.810,6.032,1.219
03/03/2010 00:00,1.871,5.931,1.214
04/03/2010 00:00,1.918,5.966,1.230
05/03/2010 00:00,1.914,6.039,1.251
06/03/2010 00:00,1.974,6.269,1.255
07/03/2010 00:00,1.894,6.198,1.225
08/03/2010 00:00,1.871,5.775,1.156
09/03/2010 00:00,1.943,5.989,1.172
10/03/2010 00:00,1.929,6.605,1.105
11/03/2010 00:00,1.909,6.677,1.107
12/03/2010 00:00,1.908,6.650,1.114
13/03/2010 00:00,1.916,6.639,1.097
14/03/2010 00:00,1.906,6.672,1.083
15/03/2010 00:00,1.893,6.534,1.068
16/03/2010 00:00,1.879,6.413,1.047
17/03/2010 00:00,1.869,6.325,1.022
18/03/2010 00:00,1.880,6.220,1.006
19/03/2010 00:00,1.868,6.140,0.993
20/03/2010 00:00,1.836,5.979,0.975
21/03/2010 00:00,1.805,5.887,0.954
22/03/2010 00:00,1.795,5.807,0.938
23/03/2010 00:00,1.814,5.715,0.926
24/03/2010 00:00,1.852,5.712,0.920
25/03/2010 00:00,1.903,5.685,0.918
26/03/2010 00:00,1.968,5.700,0.917
27/03/2010 00:00,2.026,5.699,0.928
28/03/2010 00:00,2.050,5.691,0.913
29/03/2010 00:00,2.062,5.670,0.897
30/03/2010 00:00,2.104,5.590,0.885
31/03/2010 00:00,2.155,5.621,0.881
01/04/2010 00:00,2.201,5.679,0.875
02/04/2010 00:00,2.201,5.653,0.864
03/04/2010 00:00,2.249,5.601,0.857
04/04/2010 00:00,2.202,5.539,0.850
05/04/2010 00:00,2.260,5.470,0.855
06/04/2010 00:00,2.309,5.625,0.874
07/04/2010 00:00,2.322,5.422,0.874
08/04/2010 00:00,2.369,4.924,0.898
09/04/2010 00:00,2.428,6.026,0.878
10/04/2010 00:00,2.375,5.861,0.856
11/04/2010 00:00,2.377,4.941,0.829
12/04/2010 00:00,2.346,4.940,0.826
13/04/2010 00:00,2.272,4.976,0.832
14/04/2010 00:00,2.369,5.050,0.840
15/04/2010 00:00,2.373,5.131,0.847
16/04/2010 00:00,2.320,5.233,0.845
17/04/2010 00:00,2.416,5.252,0.862
18/04/2010 00:00,2.338,5.280,0.862
19/04/2010 00:00,2.395,5.273,0.858
20/04/2010 00:00,2.396,5.314,0.863
21/04/2010 00:00,2.471,5.392,0.870
22/04/2010 00:00,2.484,5.475,0.856
23/04/2010 00:00,2.440,5.328,0.852
24/04/2010 00:00,2.414,5.210,0.846
25/04/2010 00:00,2.400,5.246,0.855
26/04/2010 00:00,2.446,5.314,0.864
27/04/2010 00:00,2.445,5.400,0.870
28/04/2010 00:00,2.447,5.413,0.870
29/04/2010 00:00,2.439,5.482,0.874
30/04/2010 00:00,3.300,9.637,3.344
01/05/2010 00:00,3.803,11.159,4.074
02/05/2010 00:00,3.212,11.353,2.344
03/05/2010 00:00,2.908,8.379,1.428
04/05/2010 00:00,3.336,8.377,1.772
05/05/2010 00:00,3.040,9.085,1.589
06/05/2010 00:00,3.192,8.630,1.332
07/05/2010 00:00,3.089,7.775,1.209
08/05/2010 00:00,3.024,6.570,1.175
09/05/2010 00:00,2.970,6.269,1.176
10/05/2010 00:00,3.010,6.192,1.154
11/05/2010 00:00,2.916,6.106,1.138
12/05/2010 00:00,2.760,5.957,1.111
13/05/2010 00:00,2.790,5.916,1.107
14/05/2010 00:00,2.720,5.954,1.145
15/05/2010 00:00,2.703,5.830,1.059
16/05/2010 00:00,2.571,5.840,1.062
17/05/2010 00:00,2.735,6.041,1.095
18/05/2010 00:00,4.284,11.507,4.223
19/05/2010 00:00,5.981,20.096,9.142
20/05/2010 00:00,5.635,21.681,8.738
21/05/2010 00:00,5.382,20.501,6.972
22/05/2010 00:00,5.033,14.097,3.407
23/05/2010 00:00,4.974,10.520,2.921
24/05/2010 00:00,4.431,9.379,2.668
25/05/2010 00:00,3.914,8.092,2.523
26/05/2010 00:00,3.905,7.182,2.169
27/05/2010 00:00,3.716,6.395,1.869
28/05/2010 00:00,4.092,6.256,1.803
29/05/2010 00:00,3.623,6.648,1.737
30/05/2010 00:00,4.201,6.819,1.733
31/05/2010 00:00,3.854,6.288,1.625
01/06/2010 00:00,3.962,5.909,1.558
02/06/2010 00:00,3.596,5.651,1.519
03/06/2010 00:00,3.610,5.529,1.468
04/06/2010 00:00,3.914,7.539,1.896
05/06/2010 00:00,4.773,8.482,2.306
06/06/2010 00:00,5.902,16.445,2.805
07/06/2010 00:00,5.042,14.445,2.827
08/06/2010 00:00,5.174,14.558,2.468
09/06/2010 00:00,6.347,15.702,3.763
10/06/2010 00:00,9.524,27.352,8.110
11/06/2010 00:00,10.305,33.862,9.001
12/06/2010 00:00,9.047,33.035,10.098
13/06/2010 00:00,8.595,25.643,7.437
14/06/2010 00:00,6.444,13.435,5.615
15/06/2010 00:00,6.384,14.761,6.032
16/06/2010 00:00,5.905,14.375,4.982
17/06/2010 00:00,6.653,15.941,5.119
18/06/2010 00:00,6.925,16.980,3.783
19/06/2010 00:00,6.464,13.714,3.283
20/06/2010 00:00,6.032,10.619,2.772
21/06/2010 00:00,6.483,16.792,5.926
22/06/2010 00:00,6.707,16.826,6.462
23/06/2010 00:00,6.944,18.941,6.159
24/06/2010 00:00,6.313,15.116,4.305
25/06/2010 00:00,5.495,14.196,3.092
26/06/2010 00:00,4.806,10.141,3.134
27/06/2010 00:00,5.074,9.057,3.478
28/06/2010 00:00,5.421,12.546,5.742
29/06/2010 00:00,5.180,11.692,5.139
30/06/2010 00:00,5.156,10.650,4.352
01/07/2010 00:00,5.259,10.376,4.754
02/07/2010 00:00,5.051,9.584,3.690
03/07/2010 00:00,5.079,8.427,3.175
04/07/2010 00:00,4.933,7.735,2.514
05/07/2010 00:00,5.318,8.181,3.497
06/07/2010 00:00,6.255,11.493,4.656
07/07/2010 00:00,6.094,12.584,3.919
08/07/2010 00:00,6.511,15.878,4.179
09/07/2010 00:00,7.115,16.756,5.054
10/07/2010 00:00,8.069,19.633,4.419
11/07/2010 00:00,7.112,15.299,4.762
12/07/2010 00:00,8.901,22.165,7.812
13/07/2010 00:00,8.481,26.727,8.712
14/07/2010 00:00,7.353,23.363,6.340
15/07/2010 00:00,6.265,13.084,3.381
16/07/2010 00:00,7.080,18.615,5.696
17/07/2010 00:00,7.953,22.384,6.950
18/07/2010 00:00,8.660,23.759,7.985
19/07/2010 00:00,9.342,22.978,11.149
20/07/2010 00:00,9.858,29.736,11.869
21/07/2010 00:00,8.235,29.490,9.252
22/07/2010 00:00,6.664,19.645,5.562
23/07/2010 00:00,5.402,12.520,3.654
24/07/2010 00:00,4.412,9.493,2.968
25/07/2010 00:00,4.424,8.552,2.758
26/07/2010 00:00,3.850,7.759,2.604
27/07/2010 00:00,3.869,7.454,2.911
28/07/2010 00:00,3.447,7.065,2.668
29/07/2010 00:00,4.842,8.822,3.221
30/07/2010 00:00,4.632,9.798,3.189
31/07/2010 00:00,4.874,9.793,2.662
01/08/2010 00:00,3.994,7.855,2.199
02/08/2010 00:00,4.038,7.253,2.117
03/08/2010 00:00,3.824,7.791,2.316
04/08/2010 00:00,3.767,7.896,2.337
05/08/2010 00:00,3.579,7.919,2.084
06/08/2010 00:00,3.402,7.486,1.882
07/08/2010 00:00,3.498,10.597,2.753
08/08/2010 00:00,4.879,12.289,3.724
09/08/2010 00:00,5.217,12.147,3.924
10/08/2010 00:00,4.246,11.828,2.794
11/08/2010 00:00,3.635,7.535,2.262
12/08/2010 00:00,4.492,9.552,2.663
13/08/2010 00:00,7.080,20.816,7.176
14/08/2010 00:00,8.698,32.853,16.085
15/08/2010 00:00,7.593,27.820,8.968
16/08/2010 00:00,7.314,30.639,7.329
17/08/2010 00:00,6.888,28.634,8.845
18/08/2010 00:00,5.543,22.164,10.021
19/08/2010 00:00,5.439,19.844,9.290
20/08/2010 00:00,10.997,34.923,16.844
21/08/2010 00:00,39.061,115.999,47.950
22/08/2010 00:00,36.568,145.486,57.205
23/08/2010 00:00,32.795,109.182,47.733
24/08/2010 00:00,38.864,148.504,48.833
25/08/2010 00:00,40.633,148.509,41.501
26/08/2010 00:00,28.657,71.457,36.781
27/08/2010 00:00,16.506,43.904,24.682
28/08/2010 00:00,11.181,27.635,17.417
29/08/2010 00:00,9.409,23.981,13.416
30/08/2010 00:00,13.025,43.287,17.843
31/08/2010 00:00,14.056,42.311,18.659
01/09/2010 00:00,9.587,27.359,14.729
02/09/2010 00:00,7.668,18.239,10.392
03/09/2010 00:00,6.720,18.072,12.161
04/09/2010 00:00,6.456,18.008,12.746
05/09/2010 00:00,6.038,15.465,10.389
06/09/2010 00:00,5.346,14.208,6.738
07/09/2010 00:00,4.930,13.004,5.592
08/09/2010 00:00,4.568,11.825,4.838
09/09/2010 00:00,5.409,16.420,7.131
10/09/2010 00:00,8.282,37.447,13.838
11/09/2010 00:00,18.388,64.785,17.493
12/09/2010 00:00,20.163,67.413,22.589
13/09/2010 00:00,45.694,122.425,35.582
14/09/2010 00:00,31.659,106.246,25.848
15/09/2010 00:00,25.077,69.393,20.663
16/09/2010 00:00,19.100,46.585,19.046
17/09/2010 00:00,15.135,34.546,16.259
18/09/2010 00:00,10.707,31.551,12.586
19/09/2010 00:00,8.086,23.420,8.418
20/09/2010 00:00,6.564,21.824,6.694
21/09/2010 00:00,6.640,23.121,6.826
22/09/2010 00:00,7.323,26.736,8.565
23/09/2010 00:00,6.396,23.298,6.175
24/09/2010 00:00,6.311,22.927,6.780
25/09/2010 00:00,7.109,25.337,7.948
26/09/2010 00:00,10.739,42.588,11.972
27/09/2010 00:00,11.459,33.431,10.062
28/09/2010 00:00,9.840,29.499,7.827
29/09/2010 00:00,10.801,30.338,10.300
30/09/2010 00:00,9.357,29.049,8.587
01/10/2010 00:00,9.071,29.070,11.784
02/10/2010 00:00,11.716,47.015,18.975
03/10/2010 00:00,13.621,46.191,14.893
04/10/2010 00:00,11.929,43.221,13.311
05/10/2010 00:00,9.681,41.503,11.079
06/10/2010 00:00,12.475,52.287,20.382
07/10/2010 00:00,12.428,53.772,14.960
08/10/2010 00:00,8.282,34.141,8.206
09/10/2010 00:00,6.771,27.019,5.898
10/10/2010 00:00,6.032,23.748,5.481
11/10/2010 00:00,5.904,22.736,7.091
12/10/2010 00:00,5.679,21.278,6.650
13/10/2010 00:00,5.644,20.400,4.978
14/10/2010 00:00,5.810,21.762,4.948
15/10/2010 00:00,5.728,19.939,4.223
16/10/2010 00:00,5.370,16.481,3.758
17/10/2010 00:00,4.823,13.772,3.262
18/10/2010 00:00,4.633,12.448,3.097
19/10/2010 00:00,7.133,23.848,7.623
20/10/2010 00:00,7.963,26.354,6.388
21/10/2010 00:00,8.432,31.336,8.536
22/10/2010 00:00,7.143,33.516,9.343
23/10/2010 00:00,6.171,28.866,8.994
24/10/2010 00:00,5.494,23.058,8.755
25/10/2010 00:00,6.496,30.227,16.749
26/10/2010 00:00,10.354,43.825,16.709
27/10/2010 00:00,12.461,46.703,19.938
28/10/2010 00:00,17.845,68.103,30.425
29/10/2010 00:00,29.500,95.764,46.069
30/10/2010 00:00,27.430,103.636,35.616
31/10/2010 00:00,33.069,125.933,43.000
01/11/2010 00:00,52.033,140.419,40.656
02/11/2010 00:00,46.325,120.633,40.094
03/11/2010 00:00,36.521,101.594,31.121
04/11/2010 00:00,30.895,70.551,29.531
05/11/2010 00:00,27.344,55.316,21.770
06/11/2010 00:00,25.723,66.797,31.055
07/11/2010 00:00,135.852,434.671,171.042
08/11/2010 00:00,127.221,424.284,203.595
09/11/2010 00:00,76.797,198.318,80.386
10/11/2010 00:00,55.513,162.498,61.283
11/11/2010 00:00,48.157,120.715,62.418
12/11/2010 00:00,37.772,80.644,38.393
13/11/2010 00:00,23.151,52.143,24.761
14/11/2010 00:00,16.497,43.048,20.613
15/11/2010 00:00,30.636,66.347,23.497
16/11/2010 00:00,87.043,201.216,71.194
17/11/2010 00:00,76.787,249.720,100.108
18/11/2010 00:00,74.194,181.554,74.384
19/11/2010 00:00,51.179,150.022,55.663
20/11/2010 00:00,63.003,199.935,64.522
21/11/2010 00:00,57.158,161.700,62.903
22/11/2010 00:00,39.044,124.238,47.112
23/11/2010 00:00,32.916,115.775,41.770
24/11/2010 00:00,29.076,106.617,37.383
25/11/2010 00:00,33.978,125.959,45.593
26/11/2010 00:00,92.756,267.463,142.762
27/11/2010 00:00,89.143,302.908,151.795
28/11/2010 00:00,73.089,212.509,91.962
29/11/2010 00:00,37.609,120.419,49.344
30/11/2010 00:00,41.349,117.017,58.339
01/12/2010 00:00,101.249,248.166,131.599
02/12/2010 00:00,107.310,303.644,168.540
03/12/2010 00:00,79.914,253.539,108.071
04/12/2010 00:00,78.434,230.520,108.278
05/12/2010 00:00,115.623,327.570,275.200
06/12/2010 00:00,98.344,307.421,261.747
07/12/2010 00:00,76.258,245.949,116.732
08/12/2010 00:00,47.236,136.008,59.650
09/12/2010 00:00,40.610,118.439,51.677
10/12/2010 00:00,38.308,85.769,37.627
11/12/2010 00:00,28.508,63.724,25.431
12/12/2010 00:00,21.573,55.714,20.688
13/12/2010 00:00,18.034,44.304,19.210
14/12/2010 00:00,16.296,42.892,22.475
15/12/2010 00:00,37.888,77.418,34.470
16/12/2010 00:00,43.855,95.396,39.058
17/12/2010 00:00,25.474,68.298,24.543
18/12/2010 00:00,13.549,52.477,17.197
19/12/2010 00:00,19.556,58.551,23.904
20/12/2010 00:00,24.488,70.955,27.041
21/12/2010 00:00,14.371,63.303,17.404
22/12/2010 00:00,10.705,45.157,11.501
23/12/2010 00:00,9.177,38.453,9.868
24/12/2010 00:00,8.599,33.248,9.013
25/12/2010 00:00,8.102,29.343,8.153
26/12/2010 00:00,7.487,25.625,7.460
27/12/2010 00:00,6.988,22.822,6.975
28/12/2010 00:00,8.474,32.530,11.946
29/12/2010 00:00,9.882,37.010,12.213
30/12/2010 00:00,8.372,31.016,8.674
31/12/2010 00:00,7.186,24.494,7.442
01/01/2011 00:00,6.633,22.519,6.807
02/01/2011 00:00,7.030,26.628,9.359
03/01/2011 00:00,7.124,26.221,8.593
04/01/2011 00:00,14.556,83.829,31.651
05/01/2011 00:00,18.648,71.951,30.163
06/01/2011 00:00,11.058,54.325,14.309
07/01/2011 00:00,8.491,38.040,10.432
08/01/2011 00:00,7.499,30.026,8.396
09/01/2011 00:00,6.855,24.853,7.714
10/01/2011 00:00,6.400,20.690,6.945
11/01/2011 00:00,5.957,17.822,6.184
12/01/2011 00:00,5.388,15.924,5.516
13/01/2011 00:00,4.312,15.021,5.175
14/01/2011 00:00,4.159,14.266,4.848
15/01/2011 00:00,4.146,13.707,4.661
16/01/2011 00:00,4.143,13.186,4.541
17/01/2011 00:00,4.006,12.376,4.283
18/01/2011 00:00,3.894,11.905,4.027
19/01/2011 00:00,3.763,11.478,3.769
20/01/2011 00:00,3.696,11.065,3.561
21/01/2011 00:00,3.664,10.746,3.428
22/01/2011 00:00,3.611,10.487,3.301
23/01/2011 00:00,3.580,10.217,3.233
24/01/2011 00:00,3.501,9.911,3.158
25/01/2011 00:00,3.480,9.575,3.115
26/01/2011 00:00,3.421,9.367,3.069
27/01/2011 00:00,3.379,9.233,3.014
28/01/2011 00:00,3.287,8.953,2.935
29/01/2011 00:00,3.245,8.780,2.883
30/01/2011 00:00,3.143,8.505,2.805
31/01/2011 00:00,3.079,8.290,2.738
01/02/2011 00:00,3.036,8.054,2.664
02/02/2011 00:00,2.997,7.860,2.652
03/02/2011 00:00,2.971,7.732,2.633
04/02/2011 00:00,2.932,7.578,2.554
05/02/2011 00:00,2.893,7.355,2.430
06/02/2011 00:00,2.847,7.183,2.362
07/02/2011 00:00,2.836,6.984,2.263
08/02/2011 00:00,2.774,6.793,2.190
09/02/2011 00:00,2.693,6.620,2.128
10/02/2011 00:00,2.759,6.437,2.089
11/02/2011 00:00,2.623,6.245,2.053
12/02/2011 00:00,2.617,6.062,2.009
13/02/2011 00:00,2.624,5.890,1.969
14/02/2011 00:00,2.592,5.731,1.954
15/02/2011 00:00,2.585,5.576,1.943
16/02/2011 00:00,2.500,5.486,1.944
17/02/2011 00:00,2.572,5.470,1.944
18/02/2011 00:00,2.559,5.488,1.934
19/02/2011 00:00,2.561,5.507,1.907
20/02/2011 00:00,2.509,5.601,1.965
21/02/2011 00:00,3.642,9.225,3.379
22/02/2011 00:00,4.283,12.366,3.619
23/02/2011 00:00,4.720,10.914,3.028
24/02/2011 00:00,4.064,8.645,2.528
25/02/2011 00:00,3.536,7.375,2.244
26/02/2011 00:00,3.306,6.416,2.104
27/02/2011 00:00,3.060,5.933,1.998
28/02/2011 00:00,2.934,5.630,1.921
01/03/2011 00:00,2.839,5.514,1.847
02/03/2011 00:00,2.754,5.343,1.766
03/03/2011 00:00,2.713,5.189,1.706
04/03/2011 00:00,2.676,5.068,1.658
05/03/2011 00:00,2.652,4.972,1.614
06/03/2011 00:00,2.621,4.929,1.574
07/03/2011 00:00,2.617,4.855,1.544
08/03/2011 00:00,2.624,4.806,1.520
09/03/2011 00:00,2.601,4.808,1.500
10/03/2011 00:00,2.568,4.778,1.471
11/03/2011 00:00,2.554,4.669,1.462
12/03/2011 00:00,2.610,4.595,1.497
13/03/2011 00:00,2.593,4.631,1.503
14/03/2011 00:00,2.572,4.591,1.481
15/03/2011 00:00,2.568,4.531,1.458
16/03/2011 00:00,2.571,4.477,1.438
17/03/2011 00:00,2.493,4.463,1.409
18/03/2011 00:00,2.506,4.413,1.397
19/03/2011 00:00,2.493,4.446,1.376
20/03/2011 00:00,2.515,4.469,1.373
21/03/2011 00:00,2.566,4.573,1.382
22/03/2011 00:00,2.506,4.714,1.359
23/03/2011 00:00,2.429,4.740,1.319
24/03/2011 00:00,2.453,4.639,1.306
25/03/2011 00:00,2.499,4.597,1.299
26/03/2011 00:00,2.491,4.645,1.300
27/03/2011 00:00,2.470,4.724,1.304
28/03/2011 00:00,2.450,4.786,1.292
29/03/2011 00:00,2.386,4.751,1.252
30/03/2011 00:00,2.359,4.659,1.224
31/03/2011 00:00,2.345,4.634,1.202
01/04/2011 00:00,2.349,4.674,1.190
02/04/2011 00:00,2.367,4.769,1.177
03/04/2011 00:00,2.414,4.867,1.167
04/04/2011 00:00,2.468,4.954,1.162
05/04/2011 00:00,2.499,4.995,1.149
06/04/2011 00:00,2.491,4.981,1.127
07/04/2011 00:00,2.475,4.894,1.113
08/04/2011 00:00,2.461,4.844,1.110
09/04/2011 00:00,2.481,4.944,1.129
10/04/2011 00:00,2.507,5.174,1.140
11/04/2011 00:00,2.546,5.382,1.159
12/04/2011 00:00,2.554,5.437,1.130
13/04/2011 00:00,2.547,5.347,1.114
14/04/2011 00:00,2.528,5.292,1.120
15/04/2011 00:00,2.551,5.435,1.102
16/04/2011 00:00,2.514,5.531,1.084
17/04/2011 00:00,2.568,5.594,1.120
18/04/2011 00:00,2.547,5.751,1.110
19/04/2011 00:00,2.607,5.824,1.103
20/04/2011 00:00,2.643,6.244,1.139
21/04/2011 00:00,3.407,8.014,1.978
22/04/2011 00:00,13.652,38.853,11.827
23/04/2011 00:00,55.015,167.446,53.996
24/04/2011 00:00,23.333,123.050,33.947
25/04/2011 00:00,10.119,48.057,20.584
26/04/2011 00:00,8.356,24.779,11.949
27/04/2011 00:00,7.101,14.503,6.246
28/04/2011 00:00,6.142,11.479,4.496
29/04/2011 00:00,5.689,9.717,3.641
30/04/2011 00:00,5.485,8.721,3.316
01/05/2011 00:00,5.315,7.817,3.147
02/05/2011 00:00,4.933,6.832,2.826
03/05/2011 00:00,4.263,6.241,2.560
04/05/2011 00:00,3.880,5.988,2.417
05/05/2011 00:00,3.795,5.632,2.317
06/05/2011 00:00,3.324,5.295,2.176
07/05/2011 00:00,3.105,4.925,2.057
08/05/2011 00:00,2.916,4.682,1.944
09/05/2011 00:00,2.810,4.500,1.855
10/05/2011 00:00,2.787,4.440,1.733
11/05/2011 00:00,2.800,4.463,1.639
12/05/2011 00:00,2.824,4.482,1.556
13/05/2011 00:00,2.847,4.533,1.497
14/05/2011 00:00,2.885,4.627,1.453
15/05/2011 00:00,2.881,4.763,1.407
16/05/2011 00:00,3.084,4.748,1.382
17/05/2011 00:00,3.099,5.747,1.325
18/05/2011 00:00,3.216,5.141,1.330
19/05/2011 00:00,3.163,5.336,1.328
20/05/2011 00:00,3.547,7.340,3.245
21/05/2011 00:00,4.301,8.739,2.812
22/05/2011 00:00,4.194,9.427,1.859
23/05/2011 00:00,3.651,6.871,1.543
24/05/2011 00:00,3.373,5.828,1.463
25/05/2011 00:00,3.229,5.410,1.458
26/05/2011 00:00,3.238,5.814,1.455
27/05/2011 00:00,3.444,6.818,1.454
28/05/2011 00:00,3.971,8.386,1.819
29/05/2011 00:00,4.155,8.814,1.774
30/05/2011 00:00,4.151,9.070,1.598
31/05/2011 00:00,4.529,9.945,1.656
01/06/2011 00:00,5.476,12.633,2.153
02/06/2011 00:00,5.024,10.985,2.166
03/06/2011 00:00,4.523,8.620,1.900
04/06/2011 00:00,3.790,8.108,1.603
05/06/2011 00:00,3.514,7.044,1.461
06/06/2011 00:00,4.329,10.787,4.916
07/06/2011 00:00,4.363,11.034,3.621
08/06/2011 00:00,4.320,10.495,1.927
09/06/2011 00:00,3.855,9.572,1.582
10/06/2011 00:00,3.940,10.054,1.906
11/06/2011 00:00,4.000,10.559,2.216
12/06/2011 00:00,4.022,10.243,2.171
13/06/2011 00:00,4.036,9.375,1.788
14/06/2011 00:00,4.189,9.926,3.050
15/06/2011 00:00,4.202,9.369,2.214
16/06/2011 00:00,4.202,7.810,1.701
17/06/2011 00:00,4.032,6.687,1.488
18/06/2011 00:00,3.796,6.390,1.446
19/06/2011 00:00,3.612,6.322,1.384
20/06/2011 00:00,3.531,6.302,1.253
21/06/2011 00:00,3.481,6.460,1.196
22/06/2011 00:00,3.494,6.677,1.127
23/06/2011 00:00,3.710,7.034,1.284
24/06/2011 00:00,3.842,7.989,2.261
25/06/2011 00:00,4.518,9.597,2.761
26/06/2011 00:00,4.354,9.815,1.782
27/06/2011 00:00,4.336,8.645,1.493
28/06/2011 00:00,3.983,7.973,1.358
29/06/2011 00:00,3.683,7.181,1.261
30/06/2011 00:00,3.670,7.553,1.257
01/07/2011 00:00,4.733,17.799,3.420
02/07/2011 00:00,8.102,27.079,8.954
03/07/2011 00:00,8.563,31.626,13.501
04/07/2011 00:00,7.770,31.478,13.726
05/07/2011 00:00,7.623,23.938,8.914
06/07/2011 00:00,7.284,27.040,9.629
07/07/2011 00:00,5.985,17.727,4.392
08/07/2011 00:00,5.243,12.613,2.875
09/07/2011 00:00,4.772,9.861,2.059
10/07/2011 00:00,4.200,9.289,1.784
11/07/2011 00:00,4.103,8.480,3.526
12/07/2011 00:00,4.543,9.575,2.784
13/07/2011 00:00,4.173,7.658,2.175
14/07/2011 00:00,3.727,6.690,1.871
15/07/2011 00:00,3.698,6.539,1.787
16/07/2011 00:00,3.924,8.219,3.144
17/07/2011 00:00,4.100,9.784,2.710
18/07/2011 00:00,4.225,9.067,2.153
19/07/2011 00:00,4.023,8.358,2.212
20/07/2011 00:00,4.253,10.712,3.149
21/07/2011 00:00,4.073,10.848,2.430
22/07/2011 00:00,4.130,9.255,2.164
23/07/2011 00:00,3.747,7.718,1.876
24/07/2011 00:00,4.875,11.973,3.756
25/07/2011 00:00,6.940,23.400,7.386
26/07/2011 00:00,8.255,31.433,10.550
27/07/2011 00:00,8.337,34.113,10.708
28/07/2011 00:00,7.464,30.735,9.965
29/07/2011 00:00,6.011,21.293,5.925
30/07/2011 00:00,5.550,13.826,4.448
31/07/2011 00:00,5.335,13.224,4.132
01/08/2011 00:00,4.991,11.057,3.029
02/08/2011 00:00,4.660,8.770,3.167
03/08/2011 00:00,4.721,9.312,3.285
04/08/2011 00:00,4.594,8.429,2.923
05/08/2011 00:00,4.741,9.788,3.344
06/08/2011 00:00,4.576,10.418,2.773
07/08/2011 00:00,4.773,10.470,2.535
08/08/2011 00:00,5.568,15.463,4.227
09/08/2011 00:00,6.899,19.218,6.655
10/08/2011 00:00,7.900,28.727,8.408
11/08/2011 00:00,8.012,32.358,10.380
12/08/2011 00:00,6.528,22.578,8.459
13/08/2011 00:00,5.388,16.586,5.048
14/08/2011 00:00,4.897,11.069,3.759
15/08/2011 00:00,5.709,13.518,3.449
16/08/2011 00:00,7.620,24.470,6.407
17/08/2011 00:00,9.604,32.697,12.673
18/08/2011 00:00,7.693,26.421,11.727
19/08/2011 00:00,6.366,27.440,8.070
20/08/2011 00:00,7.765,28.718,12.547
21/08/2011 00:00,6.353,26.583,14.147
22/08/2011 00:00,5.328,22.162,10.141
23/08/2011 00:00,7.295,27.053,9.046
24/08/2011 00:00,7.483,26.192,11.765
25/08/2011 00:00,13.637,34.777,13.194
26/08/2011 00:00,12.084,37.344,17.467
27/08/2011 00:00,7.147,21.448,13.539
28/08/2011 00:00,6.163,18.363,8.550
29/08/2011 00:00,5.423,16.928,5.571
30/08/2011 00:00,4.612,11.708,4.247
31/08/2011 00:00,4.113,11.076,3.970
01/09/2011 00:00,3.935,11.183,3.898
02/09/2011 00:00,4.236,12.293,4.373
03/09/2011 00:00,4.371,13.269,3.703
04/09/2011 00:00,3.781,11.056,2.995
05/09/2011 00:00,4.781,13.770,4.361
06/09/2011 00:00,5.264,14.359,4.618
07/09/2011 00:00,5.024,13.480,3.515
08/09/2011 00:00,4.376,12.000,3.202
09/09/2011 00:00,6.966,22.456,13.853
10/09/2011 00:00,9.648,36.196,16.577
11/09/2011 00:00,10.790,39.670,13.176
12/09/2011 00:00,14.388,53.017,16.693
13/09/2011 00:00,13.029,50.849,19.041
14/09/2011 00:00,9.527,43.029,13.885
15/09/2011 00:00,7.545,27.790,12.633
16/09/2011 00:00,10.319,31.979,16.956
17/09/2011 00:00,7.305,25.888,13.017
18/09/2011 00:00,6.190,20.657,9.304
19/09/2011 00:00,14.113,49.016,21.166
20/09/2011 00:00,19.063,74.441,24.793
21/09/2011 00:00,13.571,50.633,18.381
22/09/2011 00:00,7.141,23.246,10.402
23/09/2011 00:00,5.662,15.431,7.015
24/09/2011 00:00,4.383,12.884,5.583
25/09/2011 00:00,4.749,17.895,6.783
26/09/2011 00:00,4.346,16.638,5.782
27/09/2011 00:00,3.974,13.473,4.326
28/09/2011 00:00,4.271,14.365,4.697
29/09/2011 00:00,4.597,13.296,4.359
30/09/2011 00:00,5.798,15.441,5.276
01/10/2011 00:00,6.509,16.428,4.180
02/10/2011 00:00,5.907,15.805,5.479
03/10/2011 00:00,6.006,16.982,5.900
04/10/2011 00:00,5.348,18.214,6.042
05/10/2011 00:00,5.045,14.802,3.882
06/10/2011 00:00,6.115,22.414,8.988
07/10/2011 00:00,5.445,25.092,7.954
08/10/2011 00:00,9.066,33.966,11.159
09/10/2011 00:00,9.308,36.048,13.465
10/10/2011 00:00,7.739,28.928,9.595
11/10/2011 00:00,9.178,39.615,13.058
12/10/2011 00:00,9.829,51.635,20.561
13/10/2011 00:00,6.977,37.955,10.662
14/10/2011 00:00,6.217,28.912,7.608
15/10/2011 00:00,6.218,24.007,6.783
16/10/2011 00:00,5.992,22.759,4.405
17/10/2011 00:00,6.214,22.112,4.114
18/10/2011 00:00,6.101,18.419,4.300
19/10/2011 00:00,5.340,15.220,3.295
20/10/2011 00:00,4.595,12.459,2.815
21/10/2011 00:00,4.405,10.401,2.467
22/10/2011 00:00,4.405,12.455,2.930
23/10/2011 00:00,5.812,26.428,11.784
24/10/2011 00:00,16.646,71.519,24.934
25/10/2011 00:00,28.576,145.995,43.211
26/10/2011 00:00,55.199,256.384,92.943
27/10/2011 00:00,47.918,211.392,80.520
28/10/2011 00:00,35.603,150.455,64.036
29/10/2011 00:00,49.644,196.260,70.749
30/10/2011 00:00,48.853,181.264,75.175
31/10/2011 00:00,46.001,176.745,62.306
01/11/2011 00:00,67.830,304.517,116.468
02/11/2011 00:00,69.710,307.264,150.738
03/11/2011 00:00,73.140,280.777,134.911
04/11/2011 00:00,64.896,232.587,97.690
05/11/2011 00:00,64.298,220.877,89.927
06/11/2011 00:00,59.059,215.669,82.764
07/11/2011 00:00,41.370,155.876,55.951
08/11/2011 00:00,25.651,94.186,42.367
09/11/2011 00:00,18.205,61.716,27.737
10/11/2011 00:00,13.331,38.613,20.647
11/11/2011 00:00,10.927,31.788,12.929
12/11/2011 00:00,9.391,26.010,10.158
13/11/2011 00:00,8.909,22.672,8.056
14/11/2011 00:00,8.126,19.941,6.523
15/11/2011 00:00,7.052,18.697,5.891
16/11/2011 00:00,6.855,20.573,6.080
17/11/2011 00:00,15.077,43.746,15.332
18/11/2011 00:00,17.020,51.682,19.446
19/11/2011 00:00,10.735,40.684,12.561
20/11/2011 00:00,7.515,27.465,8.173
21/11/2011 00:00,6.622,21.774,6.515
22/11/2011 00:00,6.002,20.080,5.775
23/11/2011 00:00,6.965,22.323,8.122
24/11/2011 00:00,23.476,84.851,31.743
25/11/2011 00:00,96.101,265.447,111.387
26/11/2011 00:00,109.154,397.826,184.133
27/11/2011 00:00,77.548,248.564,115.459
28/11/2011 00:00,59.297,169.067,80.303
29/11/2011 00:00,49.768,125.244,56.645
30/11/2011 00:00,32.228,72.005,35.921
01/12/2011 00:00,20.415,52.236,22.543
02/12/2011 00:00,13.450,48.392,15.454
03/12/2011 00:00,9.879,36.384,11.891
04/12/2011 00:00,9.037,28.774,10.877
05/12/2011 00:00,8.599,27.093,9.262
06/12/2011 00:00,6.891,25.193,7.881
07/12/2011 00:00,6.097,23.648,7.017
08/12/2011 00:00,5.440,22.364,6.881
09/12/2011 00:00,8.809,28.506,10.264
10/12/2011 00:00,8.574,29.934,8.558
11/12/2011 00:00,7.545,26.154,6.872
12/12/2011 00:00,6.543,21.635,5.906
13/12/2011 00:00,5.950,19.040,5.485
14/12/2011 00:00,6.295,20.409,6.254
15/12/2011 00:00,7.407,25.125,10.631
16/12/2011 00:00,7.282,24.385,8.314
17/12/2011 00:00,6.446,19.986,5.586
18/12/2011 00:00,5.980,17.819,5.095
19/12/2011 00:00,6.071,16.595,4.968
20/12/2011 00:00,6.153,16.383,4.693
21/12/2011 00:00,5.844,15.212,4.341
22/12/2011 00:00,5.382,14.308,4.017
23/12/2011 00:00,5.140,13.788,3.890
24/12/2011 00:00,4.895,13.064,3.685
25/12/2011 00:00,4.643,12.215,3.348
26/12/2011 00:00,4.543,12.177,3.296
27/12/2011 00:00,4.816,12.037,3.176
28/12/2011 00:00,4.682,11.235,3.171
29/12/2011 00:00,14.064,64.847,30.996
30/12/2011 00:00,74.411,260.319,116.112
31/12/2011 00:00,54.691,204.689,121.124
01/01/2012 00:00,36.551,118.559,51.338
02/01/2012 00:00,25.198,88.508,34.505
03/01/2012 00:00,16.101,56.665,22.210
04/01/2012 00:00,10.629,35.337,16.677
05/01/2012 00:00,9.220,31.245,13.645
06/01/2012 00:00,7.959,28.099,11.978
07/01/2012 00:00,6.986,26.020,8.830
08/01/2012 00:00,6.283,23.691,7.294
09/01/2012 00:00,6.248,23.161,7.570
10/01/2012 00:00,6.321,23.645,7.711
11/01/2012 00:00,6.613,24.551,7.441
12/01/2012 00:00,6.287,23.984,6.926
13/01/2012 00:00,5.673,22.085,6.473
14/01/2012 00:00,4.862,20.041,5.764
15/01/2012 00:00,4.553,17.341,5.150
16/01/2012 00:00,4.362,15.386,4.594
17/01/2012 00:00,4.214,14.052,4.113
18/01/2012 00:00,4.132,13.025,3.737
19/01/2012 00:00,4.066,12.311,3.482
20/01/2012 00:00,4.021,11.813,3.270
21/01/2012 00:00,3.961,11.498,3.124
22/01/2012 00:00,3.910,11.148,3.043
23/01/2012 00:00,3.850,10.872,2.961
24/01/2012 00:00,3.820,10.576,2.882
25/01/2012 00:00,3.760,10.353,2.819
26/01/2012 00:00,3.711,10.142,2.800
27/01/2012 00:00,3.661,10.031,2.765
28/01/2012 00:00,3.631,9.827,2.704
29/01/2012 00:00,3.578,9.648,2.660
30/01/2012 00:00,3.591,9.698,2.764
31/01/2012 00:00,3.615,9.637,2.772
01/02/2012 00:00,3.583,9.401,2.634
02/02/2012 00:00,3.437,9.170,2.521
03/02/2012 00:00,3.271,8.992,2.460
04/02/2012 00:00,3.162,8.754,2.382
05/02/2012 00:00,3.051,8.504,2.322
06/02/2012 00:00,3.002,8.461,2.320
07/02/2012 00:00,2.974,8.336,2.295
08/02/2012 00:00,2.912,8.195,2.236
09/02/2012 00:00,2.873,8.086,2.213
10/02/2012 00:00,2.838,7.974,2.180
11/02/2012 00:00,2.800,7.835,2.158
12/02/2012 00:00,2.784,7.672,2.119
13/02/2012 00:00,2.721,7.392,2.062
14/02/2012 00:00,2.675,7.246,2.034
15/02/2012 00:00,2.622,7.107,2.005
16/02/2012 00:00,2.595,6.999,1.985
17/02/2012 00:00,2.564,6.886,1.929
18/02/2012 00:00,2.537,6.735,1.877
19/02/2012 00:00,2.514,6.192,1.863
20/02/2012 00:00,2.467,6.776,1.870
21/02/2012 00:00,2.501,5.934,1.789
22/02/2012 00:00,2.473,5.895,1.726
23/02/2012 00:00,2.437,6.294,1.685
24/02/2012 00:00,2.400,6.467,1.661
25/02/2012 00:00,2.401,6.334,1.648
26/02/2012 00:00,2.374,6.362,1.634
27/02/2012 00:00,2.364,6.172,1.627
28/02/2012 00:00,2.362,6.115,1.646
29/02/2012 00:00,2.361,6.093,1.684
01/03/2012 00:00,2.364,5.986,1.692
02/03/2012 00:00,2.331,5.897,1.683
03/03/2012 00:00,2.335,5.884,1.657
04/03/2012 00:00,2.300,5.850,1.640
05/03/2012 00:00,2.299,5.788,1.621
06/03/2012 00:00,2.268,5.766,1.556
07/03/2012 00:00,2.257,5.766,1.514
08/03/2012 00:00,2.220,5.722,1.511
09/03/2012 00:00,2.253,5.715,1.493
10/03/2012 00:00,2.250,5.632,1.466
11/03/2012 00:00,2.262,5.578,1.464
12/03/2012 00:00,2.304,5.852,1.693
13/03/2012 00:00,2.488,6.242,1.664
14/03/2012 00:00,2.523,6.294,1.579
15/03/2012 00:00,2.510,6.162,1.550
16/03/2012 00:00,2.459,5.993,1.484
17/03/2012 00:00,2.434,5.805,1.405
18/03/2012 00:00,2.371,5.726,1.351
19/03/2012 00:00,2.361,5.722,1.315
20/03/2012 00:00,2.327,5.736,1.291
21/03/2012 00:00,2.303,5.737,1.275
22/03/2012 00:00,2.297,5.733,1.260
23/03/2012 00:00,2.234,5.718,1.238
24/03/2012 00:00,2.256,5.712,1.216
25/03/2012 00:00,2.154,5.665,1.199
26/03/2012 00:00,2.210,5.638,1.187
27/03/2012 00:00,2.151,5.627,1.211
28/03/2012 00:00,2.319,5.831,1.235
29/03/2012 00:00,2.409,6.042,1.213
30/03/2012 00:00,2.302,5.869,1.188
31/03/2012 00:00,2.361,5.762,1.174
01/04/2012 00:00,2.406,5.939,1.175
02/04/2012 00:00,2.463,6.004,1.175
03/04/2012 00:00,2.341,5.944,1.148
04/04/2012 00:00,2.285,5.798,1.126
05/04/2012 00:00,2.255,5.743,1.110
06/04/2012 00:00,2.243,5.733,1.113
07/04/2012 00:00,2.229,5.793,1.126
08/04/2012 00:00,2.235,5.882,1.151
09/04/2012 00:00,2.246,6.037,1.163
10/04/2012 00:00,2.243,6.131,1.139
11/04/2012 00:00,2.223,6.071,1.128
12/04/2012 00:00,2.171,6.030,1.123
13/04/2012 00:00,2.200,6.031,1.112
14/04/2012 00:00,2.140,6.009,1.114
15/04/2012 00:00,2.250,6.186,1.109
16/04/2012 00:00,2.248,6.299,1.098
17/04/2012 00:00,2.181,6.316,1.084
18/04/2012 00:00,2.107,6.384,1.077
19/04/2012 00:00,2.077,6.250,1.066
20/04/2012 00:00,2.314,5.771,1.039
21/04/2012 00:00,2.283,5.971,1.067
22/04/2012 00:00,2.319,6.315,1.064
23/04/2012 00:00,2.330,6.291,1.064
24/04/2012 00:00,2.387,6.218,1.128
25/04/2012 00:00,3.132,8.186,1.539
26/04/2012 00:00,3.348,10.422,1.578
27/04/2012 00:00,3.399,10.387,1.409
28/04/2012 00:00,3.068,8.697,1.271
29/04/2012 00:00,3.194,7.218,1.236
30/04/2012 00:00,3.412,7.991,1.396
01/05/2012 00:00,3.348,9.075,1.320
02/05/2012 00:00,3.199,8.574,1.243
03/05/2012 00:00,3.193,7.906,1.151
04/05/2012 00:00,3.028,7.212,1.095
05/05/2012 00:00,2.966,6.793,1.050
06/05/2012 00:00,2.924,6.865,1.023
07/05/2012 00:00,2.908,6.814,0.999
08/05/2012 00:00,2.957,7.071,1.006
09/05/2012 00:00,2.935,7.248,0.992
10/05/2012 00:00,3.290,8.493,1.149
11/05/2012 00:00,3.418,9.888,1.124
12/05/2012 00:00,3.521,9.259,1.125
13/05/2012 00:00,3.637,7.829,1.138
14/05/2012 00:00,3.575,7.177,1.111
15/05/2012 00:00,3.338,6.714,1.064
16/05/2012 00:00,3.347,6.612,1.031
17/05/2012 00:00,3.485,7.167,1.141
18/05/2012 00:00,3.474,8.076,1.074
19/05/2012 00:00,3.519,7.824,0.981
20/05/2012 00:00,4.018,8.861,1.161
21/05/2012 00:00,3.774,8.430,1.118
22/05/2012 00:00,3.702,7.566,1.062
23/05/2012 00:00,3.280,6.421,1.081
24/05/2012 00:00,3.216,6.230,1.025
25/05/2012 00:00,3.206,6.262,1.011
26/05/2012 00:00,3.194,6.459,1.048
27/05/2012 00:00,3.307,6.603,1.034
28/05/2012 00:00,3.244,6.589,1.006
29/05/2012 00:00,3.237,6.396,0.998
30/05/2012 00:00,3.260,6.364,1.006
31/05/2012 00:00,3.246,6.397,0.989
01/06/2012 00:00,3.166,6.401,0.959
02/06/2012 00:00,3.154,6.127,0.947
03/06/2012 00:00,2.977,6.093,0.942
04/06/2012 00:00,3.000,5.979,0.950
05/06/2012 00:00,3.049,6.034,0.941
06/06/2012 00:00,3.142,6.203,0.979
07/06/2012 00:00,3.012,6.250,1.027
08/06/2012 00:00,3.711,8.681,2.596
09/06/2012 00:00,3.444,9.576,2.078
10/06/2012 00:00,3.604,8.266,1.436
11/06/2012 00:00,3.278,6.293,1.238
12/06/2012 00:00,3.544,5.671,1.202
13/06/2012 00:00,4.269,6.909,2.130
14/06/2012 00:00,4.964,8.518,2.008
15/06/2012 00:00,4.342,7.831,1.480
16/06/2012 00:00,4.299,7.262,1.524
17/06/2012 00:00,4.139,7.020,1.488
18/06/2012 00:00,4.535,7.662,1.865
19/06/2012 00:00,3.817,6.529,1.622
20/06/2012 00:00,3.898,6.016,1.332
21/06/2012 00:00,3.730,5.771,1.233
22/06/2012 00:00,3.700,5.567,1.324
23/06/2012 00:00,3.571,5.377,1.274
24/06/2012 00:00,3.545,5.158,1.211
25/06/2012 00:00,3.495,5.115,1.177
26/06/2012 00:00,4.338,6.603,1.862
27/06/2012 00:00,4.408,7.350,2.925
28/06/2012 00:00,4.981,8.255,2.464
29/06/2012 00:00,4.366,6.892,1.683
30/06/2012 00:00,4.251,6.546,1.626
01/07/2012 00:00,3.789,5.981,1.521
02/07/2012 00:00,4.435,6.059,1.494
03/07/2012 00:00,3.690,5.596,1.309
04/07/2012 00:00,3.624,5.270,1.101
05/07/2012 00:00,3.345,5.110,1.148
06/07/2012 00:00,3.320,4.959,1.144
07/07/2012 00:00,4.174,8.214,2.614
08/07/2012 00:00,3.511,7.520,1.661
09/07/2012 00:00,4.745,10.189,2.273
10/07/2012 00:00,5.705,13.991,4.632
11/07/2012 00:00,5.467,12.492,3.914
12/07/2012 00:00,5.506,12.898,5.309
13/07/2012 00:00,7.258,24.253,11.398
14/07/2012 00:00,10.468,32.539,11.194
15/07/2012 00:00,11.898,32.927,11.143
16/07/2012 00:00,9.334,30.603,7.963
17/07/2012 00:00,9.083,25.396,7.368
18/07/2012 00:00,7.373,22.155,5.168
19/07/2012 00:00,5.977,11.910,3.243
20/07/2012 00:00,5.367,8.261,2.264
21/07/2012 00:00,5.050,6.956,2.141
22/07/2012 00:00,4.508,6.082,1.994
23/07/2012 00:00,4.122,5.609,1.678
24/07/2012 00:00,4.006,5.469,1.543
25/07/2012 00:00,3.998,5.387,1.423
26/07/2012 00:00,3.963,5.601,1.474
27/07/2012 00:00,4.150,6.384,2.015
28/07/2012 00:00,3.957,5.937,1.733
29/07/2012 00:00,3.769,5.460,1.558
30/07/2012 00:00,3.554,5.176,1.423
31/07/2012 00:00,3.578,5.146,1.353
01/08/2012 00:00,3.437,5.277,1.351
02/08/2012 00:00,3.472,5.250,1.381
03/08/2012 00:00,3.535,6.401,1.752
04/08/2012 00:00,3.944,7.058,1.776
05/08/2012 00:00,4.256,8.590,2.097
06/08/2012 00:00,4.074,8.182,2.238
07/08/2012 00:00,4.326,8.387,2.211
08/08/2012 00:00,5.263,16.504,5.720
09/08/2012 00:00,5.158,12.460,8.983
10/08/2012 00:00,5.543,12.129,4.861
11/08/2012 00:00,6.076,17.048,7.941
12/08/2012 00:00,4.825,12.071,6.296
13/08/2012 00:00,6.458,18.934,8.283
14/08/2012 00:00,6.760,18.228,7.496
15/08/2012 00:00,8.594,21.340,8.535
16/08/2012 00:00,7.398,18.977,5.298
17/08/2012 00:00,6.580,16.245,3.446
18/08/2012 00:00,5.435,9.902,2.499
19/08/2012 00:00,4.942,7.560,1.869
20/08/2012 00:00,4.699,6.310,1.550
21/08/2012 00:00,4.178,6.053,1.417
22/08/2012 00:00,4.657,6.268,1.450
23/08/2012 00:00,5.048,8.419,1.777
24/08/2012 00:00,5.465,11.575,2.886
25/08/2012 00:00,7.436,18.989,9.717
26/08/2012 00:00,7.222,19.532,9.619
27/08/2012 00:00,6.304,18.052,5.517
28/08/2012 00:00,6.090,11.088,3.309
29/08/2012 00:00,7.385,21.931,8.119
30/08/2012 00:00,6.978,23.043,10.967
31/08/2012 00:00,5.660,19.842,6.860
01/09/2012 00:00,5.090,13.547,4.225
02/09/2012 00:00,4.735,11.231,4.841
03/09/2012 00:00,4.428,11.075,5.303
04/09/2012 00:00,4.071,9.780,3.443
05/09/2012 00:00,3.898,8.711,2.263
06/09/2012 00:00,4.012,14.457,2.357
07/09/2012 00:00,5.617,17.375,8.972
08/09/2012 00:00,6.644,21.862,11.411
09/09/2012 00:00,5.325,18.203,8.694
10/09/2012 00:00,4.838,16.334,5.146
11/09/2012 00:00,4.352,14.435,3.074
12/09/2012 00:00,3.967,9.264,2.167
13/09/2012 00:00,4.122,9.102,2.117
14/09/2012 00:00,4.133,11.228,3.613
15/09/2012 00:00,4.266,12.990,4.471
16/09/2012 00:00,4.078,11.065,2.988
17/09/2012 00:00,3.859,8.527,2.121
18/09/2012 00:00,3.380,6.032,1.353
19/09/2012 00:00,3.237,5.804,1.242
20/09/2012 00:00,3.144,6.352,1.645
21/09/2012 00:00,3.020,6.288,1.646
22/09/2012 00:00,3.249,6.763,1.927
23/09/2012 00:00,2.830,6.460,1.649
24/09/2012 00:00,3.019,6.793,1.483
25/09/2012 00:00,2.804,6.234,1.311
26/09/2012 00:00,3.656,8.847,4.021
27/09/2012 00:00,3.844,11.107,8.294
28/09/2012 00:00,5.223,19.553,14.424
29/09/2012 00:00,5.406,19.230,15.992
30/09/2012 00:00,6.496,22.164,16.965
01/10/2012 00:00,5.716,20.580,16.334
02/10/2012 00:00,4.510,14.428,9.473
03/10/2012 00:00,4.115,10.235,4.300
04/10/2012 00:00,3.977,7.265,2.669
05/10/2012 00:00,3.185,6.141,1.934
06/10/2012 00:00,3.154,5.813,2.006
07/10/2012 00:00,4.727,11.490,4.587
08/10/2012 00:00,4.638,12.289,5.851
09/10/2012 00:00,4.586,11.302,3.345
10/10/2012 00:00,3.185,7.887,2.258
11/10/2012 00:00,2.918,6.170,1.613
12/10/2012 00:00,3.080,6.069,1.814
13/10/2012 00:00,3.749,11.480,2.753
14/10/2012 00:00,10.633,44.031,11.066
15/10/2012 00:00,11.572,47.784,13.098
16/10/2012 00:00,10.432,48.734,14.322
17/10/2012 00:00,8.287,43.485,15.542
18/10/2012 00:00,15.096,60.224,23.162
19/10/2012 00:00,50.762,150.008,68.581
20/10/2012 00:00,101.653,343.765,173.464
21/10/2012 00:00,85.336,344.081,120.422
22/10/2012 00:00,56.130,220.999,90.212
23/10/2012 00:00,44.568,164.218,75.703
24/10/2012 00:00,41.287,153.689,72.832
25/10/2012 00:00,35.248,131.169,50.083
26/10/2012 00:00,22.998,80.170,37.049
27/10/2012 00:00,15.073,55.213,28.568
28/10/2012 00:00,14.287,60.822,33.111
29/10/2012 00:00,23.871,102.063,42.895
30/10/2012 00:00,74.505,198.134,127.156
31/10/2012 00:00,235.225,758.080,363.925
01/11/2012 00:00,211.950,652.410,351.850
02/11/2012 00:00,73.406,282.696,82.365
03/11/2012 00:00,26.759,147.861,56.718
04/11/2012 00:00,21.351,91.074,42.517
05/11/2012 00:00,17.878,55.839,30.804
06/11/2012 00:00,12.852,43.392,21.068
07/11/2012 00:00,12.813,40.312,19.529
08/11/2012 00:00,11.806,34.628,15.304
09/11/2012 00:00,9.179,28.883,10.940
10/11/2012 00:00,7.883,25.136,8.499
11/11/2012 00:00,7.006,23.391,6.986
12/11/2012 00:00,6.249,21.810,5.575
13/11/2012 00:00,5.598,20.105,4.588
14/11/2012 00:00,5.151,18.429,4.046
15/11/2012 00:00,4.953,17.802,3.882
16/11/2012 00:00,4.762,16.134,3.296
17/11/2012 00:00,4.458,15.281,2.959
18/11/2012 00:00,4.328,14.238,2.737
19/11/2012 00:00,4.199,13.489,2.604
20/11/2012 00:00,4.007,13.230,2.661
21/11/2012 00:00,4.005,12.919,3.442
22/11/2012 00:00,4.554,14.203,6.130
23/11/2012 00:00,11.764,35.929,16.296
24/11/2012 00:00,11.362,33.358,10.022
25/11/2012 00:00,6.612,28.450,4.295
26/11/2012 00:00,4.905,21.159,2.780
27/11/2012 00:00,4.353,18.132,2.073
28/11/2012 00:00,4.058,16.895,1.945
29/11/2012 00:00,3.844,16.115,1.792
30/11/2012 00:00,3.652,15.669,1.741
01/12/2012 00:00,3.444,15.296,1.681
02/12/2012 00:00,3.590,17.118,3.586
03/12/2012 00:00,17.151,58.652,21.518
04/12/2012 00:00,21.639,54.248,25.043
05/12/2012 00:00,12.794,44.122,15.094
06/12/2012 00:00,8.450,32.811,7.466
07/12/2012 00:00,6.081,22.991,4.541
08/12/2012 00:00,4.921,19.582,2.633
09/12/2012 00:00,3.998,16.765,2.297
10/12/2012 00:00,3.618,14.807,2.107
11/12/2012 00:00,3.416,13.445,2.062
12/12/2012 00:00,3.193,12.525,1.984
13/12/2012 00:00,3.073,12.400,1.707
14/12/2012 00:00,3.110,11.670,1.785
15/12/2012 00:00,3.065,11.397,1.713
16/12/2012 00:00,3.150,11.302,1.710
17/12/2012 00:00,3.247,11.233,1.647
18/12/2012 00:00,3.176,11.147,1.634
19/12/2012 00:00,3.255,10.977,1.587
20/12/2012 00:00,3.097,10.918,1.533
21/12/2012 00:00,3.038,10.771,1.478
22/12/2012 00:00,2.894,10.621,1.347
23/12/2012 00:00,2.813,10.486,1.319
24/12/2012 00:00,2.770,10.511,1.340
25/12/2012 00:00,2.804,10.686,1.625
26/12/2012 00:00,2.795,11.265,1.843
27/12/2012 00:00,2.715,8.468,1.752
28/12/2012 00:00,3.415,19.079,8.073
29/12/2012 00:00,7.967,33.579,9.476
30/12/2012 00:00,7.291,26.223,6.503
31/12/2012 00:00,6.742,17.751,4.197
01/01/2013 00:00,4.736,14.755,2.976
02/01/2013 00:00,3.589,12.887,1.943
03/01/2013 00:00,3.181,11.375,1.728
04/01/2013 00:00,3.073,10.391,1.649
05/01/2013 00:00,3.022,9.681,1.684
06/01/2013 00:00,2.869,9.151,1.839
07/01/2013 00:00,2.740,8.868,1.673
08/01/2013 00:00,2.739,8.340,1.780
09/01/2013 00:00,2.735,8.187,1.649
10/01/2013 00:00,2.634,7.764,1.438
11/01/2013 00:00,2.730,7.523,1.271
12/01/2013 00:00,2.629,7.322,1.092
13/01/2013 00:00,2.599,7.292,0.993
14/01/2013 00:00,2.550,7.108,0.952
15/01/2013 00:00,2.517,6.979,0.942
16/01/2013 00:00,2.475,6.965,0.933
17/01/2013 00:00,2.485,6.832,0.938
18/01/2013 00:00,2.478,6.736,0.972
19/01/2013 00:00,2.509,6.755,0.917
20/01/2013 00:00,2.495,6.790,0.898
21/01/2013 00:00,2.461,6.709,0.874
22/01/2013 00:00,2.463,6.707,0.843
23/01/2013 00:00,2.337,6.601,0.805
24/01/2013 00:00,2.314,6.572,0.814
25/01/2013 00:00,2.313,6.546,0.805
26/01/2013 00:00,2.291,6.586,0.766
27/01/2013 00:00,2.265,6.582,0.898
28/01/2013 00:00,2.279,6.647,1.091
29/01/2013 00:00,2.286,6.555,0.798
30/01/2013 00:00,2.354,6.573,0.763
31/01/2013 00:00,2.268,6.513,0.752
01/02/2013 00:00,2.200,6.364,0.723
02/02/2013 00:00,2.198,6.405,0.707
03/02/2013 00:00,2.164,6.477,0.708
04/02/2013 00:00,2.161,6.420,0.715
05/02/2013 00:00,2.210,6.628,0.743
06/02/2013 00:00,2.206,6.680,0.749
07/02/2013 00:00,2.226,6.570,0.722
08/02/2013 00:00,2.218,6.431,0.713
09/02/2013 00:00,2.141,6.278,0.692
10/02/2013 00:00,2.153,6.414,0.695
11/02/2013 00:00,2.142,6.447,0.697
12/02/2013 00:00,2.139,6.448,0.701
13/02/2013 00:00,2.141,6.452,0.708
14/02/2013 00:00,2.295,6.701,0.799
15/02/2013 00:00,2.341,7.389,1.183
16/02/2013 00:00,2.484,7.907,1.518
17/02/2013 00:00,3.352,9.077,2.200
18/02/2013 00:00,3.804,9.554,2.028
19/02/2013 00:00,3.847,7.836,1.284
20/02/2013 00:00,2.942,6.194,0.903
21/02/2013 00:00,2.586,5.570,0.753
22/02/2013 00:00,2.271,5.533,0.689
23/02/2013 00:00,2.132,5.425,0.651
24/02/2013 00:00,2.126,5.485,0.635
25/02/2013 00:00,2.157,5.475,0.626
26/02/2013 00:00,2.158,5.434,0.625
27/02/2013 00:00,2.219,5.351,0.624
28/02/2013 00:00,2.139,5.328,0.624
01/03/2013 00:00,2.179,5.244,0.612
02/03/2013 00:00,2.221,5.270,0.609
03/03/2013 00:00,2.060,5.259,0.609
04/03/2013 00:00,2.088,5.380,0.637
05/03/2013 00:00,2.616,6.950,1.207
06/03/2013 00:00,6.458,24.691,6.191
07/03/2013 00:00,7.322,37.028,8.862
08/03/2013 00:00,5.147,17.621,4.010
09/03/2013 00:00,3.121,8.696,1.804
10/03/2013 00:00,2.270,7.644,1.089
11/03/2013 00:00,2.284,6.599,0.911
12/03/2013 00:00,2.250,5.684,0.772
13/03/2013 00:00,2.185,5.202,0.710
14/03/2013 00:00,2.184,5.243,0.680
15/03/2013 00:00,2.247,5.262,0.661
16/03/2013 00:00,2.297,5.286,0.647
17/03/2013 00:00,2.293,5.300,0.631
18/03/2013 00:00,2.252,5.285,0.617
19/03/2013 00:00,2.238,5.299,0.616
20/03/2013 00:00,2.254,5.352,0.617
21/03/2013 00:00,2.259,5.381,0.607
22/03/2013 00:00,2.244,5.396,0.600
23/03/2013 00:00,2.231,5.397,0.593
24/03/2013 00:00,2.255,5.471,0.601
25/03/2013 00:00,2.302,5.491,0.615
26/03/2013 00:00,2.316,5.464,0.621
27/03/2013 00:00,2.325,5.390,0.613
28/03/2013 00:00,2.334,5.369,0.606
29/03/2013 00:00,2.357,5.468,0.622
30/03/2013 00:00,2.429,5.572,0.642
31/03/2013 00:00,2.480,5.533,0.637
01/04/2013 00:00,2.500,5.507,0.627
02/04/2013 00:00,2.505,5.447,0.623
03/04/2013 00:00,2.518,5.312,0.610
04/04/2013 00:00,2.518,5.345,0.603
05/04/2013 00:00,2.565,5.409,0.603
06/04/2013 00:00,2.628,5.400,0.619
07/04/2013 00:00,2.638,5.231,0.632
08/04/2013 00:00,2.631,5.151,0.636
09/04/2013 00:00,2.615,5.081,0.622
10/04/2013 00:00,2.579,5.020,0.603
11/04/2013 00:00,2.535,4.982,0.586
12/04/2013 00:00,2.516,5.071,0.581
13/04/2013 00:00,2.493,5.288,0.610
14/04/2013 00:00,2.545,5.554,0.631
15/04/2013 00:00,2.607,5.675,0.652
16/04/2013 00:00,2.633,5.748,0.646
17/04/2013 00:00,2.721,5.915,0.638
18/04/2013 00:00,2.854,6.199,0.673
19/04/2013 00:00,2.920,6.389,0.669
20/04/2013 00:00,2.961,6.587,0.658
21/04/2013 00:00,3.196,6.786,0.743
22/04/2013 00:00,3.266,8.075,0.773
23/04/2013 00:00,3.193,6.710,0.819
24/04/2013 00:00,3.146,6.788,0.752
25/04/2013 00:00,3.155,6.683,0.740
26/04/2013 00:00,3.177,6.841,0.718
27/04/2013 00:00,3.176,7.486,0.690
28/04/2013 00:00,2.912,6.681,0.709
29/04/2013 00:00,2.959,6.649,0.654
30/04/2013 00:00,2.868,7.659,0.609
01/05/2013 00:00,2.813,7.676,0.597
02/05/2013 00:00,2.816,7.671,0.596
03/05/2013 00:00,2.817,7.543,0.597
04/05/2013 00:00,2.725,7.676,0.602
05/05/2013 00:00,2.742,7.731,0.610
06/05/2013 00:00,2.671,7.768,0.617
07/05/2013 00:00,2.599,7.728,0.609
08/05/2013 00:00,2.636,7.605,0.609
09/05/2013 00:00,2.432,6.163,0.709
10/05/2013 00:00,2.669,7.903,0.609
11/05/2013 00:00,2.609,8.090,0.615
12/05/2013 00:00,2.958,10.095,1.351
13/05/2013 00:00,3.325,10.757,1.373
14/05/2013 00:00,3.383,9.728,1.138
15/05/2013 00:00,3.225,7.734,1.156
16/05/2013 00:00,2.956,7.200,0.979
17/05/2013 00:00,2.960,7.208,0.698
18/05/2013 00:00,2.733,7.252,0.739
19/05/2013 00:00,2.664,5.649,0.854
20/05/2013 00:00,2.731,7.276,0.648
21/05/2013 00:00,2.694,7.475,0.640
22/05/2013 00:00,2.826,8.338,0.655
23/05/2013 00:00,2.905,8.235,0.655
24/05/2013 00:00,2.812,7.967,0.701
25/05/2013 00:00,2.753,8.053,0.799
26/05/2013 00:00,2.949,8.197,0.745
27/05/2013 00:00,3.346,8.902,0.745
28/05/2013 00:00,3.631,10.504,1.287
29/05/2013 00:00,3.774,8.781,1.209
30/05/2013 00:00,3.634,8.223,1.145
31/05/2013 00:00,4.675,14.370,1.731
01/06/2013 00:00,4.643,12.264,1.737
02/06/2013 00:00,4.608,13.092,2.543
03/06/2013 00:00,4.732,10.200,2.321
04/06/2013 00:00,4.385,8.944,1.896
05/06/2013 00:00,4.119,6.977,1.581
06/06/2013 00:00,5.070,17.638,4.612
07/06/2013 00:00,6.604,26.151,7.213
08/06/2013 00:00,5.303,20.444,6.630
09/06/2013 00:00,4.708,10.769,4.482
10/06/2013 00:00,4.102,9.194,2.780
11/06/2013 00:00,3.890,8.345,2.281
12/06/2013 00:00,3.726,6.988,1.926
13/06/2013 00:00,3.856,6.549,1.657
14/06/2013 00:00,3.706,5.945,1.509
15/06/2013 00:00,3.621,5.780,1.317
16/06/2013 00:00,3.544,5.724,1.452
17/06/2013 00:00,3.486,5.397,1.408
18/06/2013 00:00,3.554,5.427,1.455
19/06/2013 00:00,3.526,5.229,1.459
20/06/2013 00:00,3.450,5.159,1.459
21/06/2013 00:00,3.457,5.116,1.414
22/06/2013 00:00,3.436,5.134,1.424
23/06/2013 00:00,3.440,5.087,1.384
24/06/2013 00:00,3.405,5.268,1.455
25/06/2013 00:00,3.365,4.808,1.395
26/06/2013 00:00,3.478,5.997,1.301
27/06/2013 00:00,4.017,11.353,2.136
28/06/2013 00:00,4.830,17.771,3.819
29/06/2013 00:00,5.037,15.300,5.444
30/06/2013 00:00,4.859,11.436,5.014
01/07/2013 00:00,4.063,7.566,3.894
02/07/2013 00:00,3.980,6.912,2.969
03/07/2013 00:00,3.917,6.148,2.281
04/07/2013 00:00,4.227,6.460,2.326
05/07/2013 00:00,3.932,5.937,2.162
06/07/2013 00:00,5.277,15.856,5.105
07/07/2013 00:00,5.795,20.128,6.350
08/07/2013 00:00,5.056,14.618,5.380
09/07/2013 00:00,4.417,8.528,3.121
10/07/2013 00:00,5.467,14.550,5.385
11/07/2013 00:00,5.570,14.401,5.525
12/07/2013 00:00,5.123,10.599,3.968
13/07/2013 00:00,4.474,7.189,2.489
14/07/2013 00:00,4.232,5.956,1.826
15/07/2013 00:00,5.134,9.069,4.241
16/07/2013 00:00,5.428,10.543,5.285
17/07/2013 00:00,4.900,8.398,4.666
18/07/2013 00:00,4.798,7.088,3.937
19/07/2013 00:00,5.495,13.645,5.804
20/07/2013 00:00,5.762,15.693,6.290
21/07/2013 00:00,5.400,12.970,6.301
22/07/2013 00:00,5.177,8.740,4.344
23/07/2013 00:00,4.885,6.683,2.621
24/07/2013 00:00,4.949,6.773,2.536
25/07/2013 00:00,4.574,6.178,2.523
26/07/2013 00:00,4.371,5.761,1.949
27/07/2013 00:00,3.989,5.437,1.607
28/07/2013 00:00,4.149,5.645,2.624
29/07/2013 00:00,4.036,5.450,2.348
30/07/2013 00:00,3.919,5.207,1.867
31/07/2013 00:00,3.662,4.929,1.449
01/08/2013 00:00,3.698,4.860,1.369
02/08/2013 00:00,3.568,4.691,1.446
03/08/2013 00:00,3.677,5.132,1.951
04/08/2013 00:00,3.753,6.279,2.460
05/08/2013 00:00,4.358,10.614,2.833
06/08/2013 00:00,4.153,10.195,2.729
07/08/2013 00:00,4.200,9.448,2.115
08/08/2013 00:00,4.599,14.472,5.269
09/08/2013 00:00,8.650,29.418,10.224
10/08/2013 00:00,10.556,35.616,14.764
11/08/2013 00:00,9.040,35.498,13.511
12/08/2013 00:00,8.383,24.642,12.753
13/08/2013 00:00,8.651,24.585,15.484
14/08/2013 00:00,15.099,43.082,22.405
15/08/2013 00:00,16.198,51.072,26.162
16/08/2013 00:00,23.909,80.418,29.510
17/08/2013 00:00,13.689,54.807,30.511
18/08/2013 00:00,14.572,44.484,24.741
19/08/2013 00:00,9.954,31.028,17.075
20/08/2013 00:00,7.845,24.952,12.593
21/08/2013 00:00,6.643,17.346,10.226
22/08/2013 00:00,5.287,13.210,6.444
23/08/2013 00:00,4.622,11.963,4.449
24/08/2013 00:00,4.737,11.309,3.518
25/08/2013 00:00,3.510,8.501,3.021
26/08/2013 00:00,3.527,7.955,2.576
27/08/2013 00:00,3.444,7.568,2.099
28/08/2013 00:00,7.985,18.323,7.271
29/08/2013 00:00,12.364,38.030,11.629
30/08/2013 00:00,11.255,34.006,10.215
31/08/2013 00:00,7.847,20.910,5.508
01/09/2013 00:00,5.973,12.600,3.030
02/09/2013 00:00,5.863,11.767,3.148
03/09/2013 00:00,9.544,22.827,7.154
04/09/2013 00:00,8.683,22.683,6.967
05/09/2013 00:00,11.197,33.495,9.536
06/09/2013 00:00,23.669,79.823,17.024
07/09/2013 00:00,31.674,98.198,29.928
08/09/2013 00:00,33.004,95.791,31.100
09/09/2013 00:00,22.493,81.148,31.439
10/09/2013 00:00,31.625,82.932,39.326
11/09/2013 00:00,30.685,85.390,39.009
12/09/2013 00:00,35.474,100.822,47.624
13/09/2013 00:00,29.086,99.769,39.609
14/09/2013 00:00,23.237,86.125,38.129
15/09/2013 00:00,18.993,63.653,27.796
16/09/2013 00:00,17.304,53.543,22.096
17/09/2013 00:00,17.722,45.772,18.979
18/09/2013 00:00,14.816,37.186,17.120
19/09/2013 00:00,8.727,26.430,11.010
20/09/2013 00:00,6.632,21.007,8.787
21/09/2013 00:00,5.705,18.160,7.499
22/09/2013 00:00,4.997,15.090,5.832
23/09/2013 00:00,4.555,13.268,4.724
24/09/2013 00:00,4.184,11.009,4.163
25/09/2013 00:00,3.985,10.202,3.603
26/09/2013 00:00,4.232,11.020,3.870
27/09/2013 00:00,4.340,12.660,4.088
28/09/2013 00:00,4.360,11.198,4.853
29/09/2013 00:00,4.263,11.367,5.233
30/09/2013 00:00,3.612,9.800,3.706
01/10/2013 00:00,3.527,9.332,3.514
02/10/2013 00:00,3.490,7.702,3.021
03/10/2013 00:00,3.593,8.415,4.427
04/10/2013 00:00,3.541,8.209,4.120
05/10/2013 00:00,3.006,6.181,2.722
06/10/2013 00:00,2.334,5.218,2.172
07/10/2013 00:00,3.412,6.874,2.497
08/10/2013 00:00,8.253,20.001,7.873
09/10/2013 00:00,11.159,29.810,15.761
10/10/2013 00:00,11.243,37.911,13.870
11/10/2013 00:00,7.085,24.949,8.390
12/10/2013 00:00,5.395,15.775,5.349
13/10/2013 00:00,4.618,11.764,3.383
14/10/2013 00:00,3.873,10.118,2.925
15/10/2013 00:00,4.937,16.729,6.943
16/10/2013 00:00,5.485,18.840,4.744
17/10/2013 00:00,5.316,15.991,4.329
18/10/2013 00:00,5.474,16.171,6.906
19/10/2013 00:00,5.889,20.765,11.700
20/10/2013 00:00,13.663,42.784,21.497
21/10/2013 00:00,17.747,58.532,33.081
22/10/2013 00:00,15.499,52.787,26.184
23/10/2013 00:00,8.563,43.713,20.508
24/10/2013 00:00,7.622,42.096,19.005
25/10/2013 00:00,7.611,40.693,11.091
26/10/2013 00:00,6.073,29.456,11.001
27/10/2013 00:00,5.287,22.125,11.478
28/10/2013 00:00,4.895,19.151,12.783
29/10/2013 00:00,6.794,18.413,10.055
30/10/2013 00:00,6.189,15.610,6.722
31/10/2013 00:00,5.116,12.710,4.902
01/11/2013 00:00,5.165,13.859,6.184
02/11/2013 00:00,6.061,16.772,8.122
03/11/2013 00:00,7.433,20.867,9.904
04/11/2013 00:00,8.562,26.054,13.221
05/11/2013 00:00,8.718,28.206,15.163
06/11/2013 00:00,6.914,22.914,11.441
07/11/2013 00:00,5.739,17.744,7.878
08/11/2013 00:00,5.197,13.546,4.718
09/11/2013 00:00,5.117,10.433,3.410
10/11/2013 00:00,4.860,9.160,3.111
11/11/2013 00:00,4.543,8.350,2.831
12/11/2013 00:00,4.197,7.705,2.512
13/11/2013 00:00,3.890,6.788,2.256
14/11/2013 00:00,3.669,6.371,2.108
15/11/2013 00:00,4.227,10.591,8.248
16/11/2013 00:00,27.899,85.720,26.378
17/11/2013 00:00,24.232,105.579,48.901
18/11/2013 00:00,19.940,78.199,29.477
19/11/2013 00:00,11.457,54.394,14.414
20/11/2013 00:00,6.572,27.397,10.023
21/11/2013 00:00,5.876,21.408,7.618
22/11/2013 00:00,5.516,18.200,6.945
23/11/2013 00:00,6.351,30.162,11.209
24/11/2013 00:00,8.311,41.592,15.993
25/11/2013 00:00,8.269,37.905,14.497
26/11/2013 00:00,6.599,28.794,7.766
27/11/2013 00:00,5.807,19.352,5.847
28/11/2013 00:00,5.433,15.976,4.413
29/11/2013 00:00,4.922,13.730,3.784
30/11/2013 00:00,5.591,14.900,5.248
01/12/2013 00:00,6.595,20.850,11.396
02/12/2013 00:00,12.151,51.377,22.873
03/12/2013 00:00,13.508,52.071,22.239
04/12/2013 00:00,8.338,42.411,15.171
05/12/2013 00:00,6.679,27.608,10.590
06/12/2013 00:00,5.746,19.419,7.442
07/12/2013 00:00,5.721,15.231,5.077
08/12/2013 00:00,5.139,12.927,4.499
09/12/2013 00:00,4.680,11.556,3.952
10/12/2013 00:00,4.285,10.416,3.524
11/12/2013 00:00,4.427,10.133,3.668
12/12/2013 00:00,5.773,20.112,12.595
13/12/2013 00:00,6.182,19.530,8.120
14/12/2013 00:00,5.770,17.575,5.234
15/12/2013 00:00,5.350,12.318,3.761
16/12/2013 00:00,5.075,10.171,3.128
17/12/2013 00:00,4.683,9.143,2.918
18/12/2013 00:00,4.361,8.496,2.754
19/12/2013 00:00,4.112,7.605,2.619
20/12/2013 00:00,3.887,7.208,2.518
21/12/2013 00:00,3.744,6.943,2.347
22/12/2013 00:00,3.608,6.787,2.284
23/12/2013 00:00,3.529,6.752,2.244
24/12/2013 00:00,3.390,6.877,2.183
25/12/2013 00:00,3.291,6.978,2.109
26/12/2013 00:00,3.252,7.236,2.089
27/12/2013 00:00,3.261,6.824,1.884
28/12/2013 00:00,3.038,6.802,1.877
29/12/2013 00:00,3.067,6.766,1.867
30/12/2013 00:00,3.023,6.670,1.848
31/12/2013 00:00,3.087,6.895,1.829
01/01/2014 00:00,3.053,7.061,1.801
02/01/2014 00:00,3.020,7.118,1.778
03/01/2014 00:00,2.989,7.187,1.729
04/01/2014 00:00,2.966,7.310,1.689
05/01/2014 00:00,2.938,7.281,1.670
06/01/2014 00:00,2.942,7.322,1.611
07/01/2014 00:00,2.925,7.366,1.551
08/01/2014 00:00,2.978,7.449,1.528
09/01/2014 00:00,2.953,7.465,1.516
10/01/2014 00:00,2.871,7.365,1.485
11/01/2014 00:00,2.813,7.239,1.444
12/01/2014 00:00,2.831,7.169,1.404
13/01/2014 00:00,2.762,7.221,1.380
14/01/2014 00:00,2.785,7.293,1.361
15/01/2014 00:00,2.680,7.155,1.338
16/01/2014 00:00,2.663,7.146,1.331
17/01/2014 00:00,2.595,6.994,1.302
18/01/2014 00:00,2.565,6.730,1.268
19/01/2014 00:00,2.579,6.829,1.330
20/01/2014 00:00,2.660,6.758,1.305
21/01/2014 00:00,2.594,6.393,1.236
22/01/2014 00:00,2.530,6.209,1.209
23/01/2014 00:00,2.477,5.904,1.187
24/01/2014 00:00,2.431,5.589,1.173
25/01/2014 00:00,2.385,5.527,1.165
26/01/2014 00:00,2.395,5.565,1.180
27/01/2014 00:00,2.405,5.400,1.172
28/01/2014 00:00,2.371,5.135,1.154
29/01/2014 00:00,2.315,4.946,1.139
30/01/2014 00:00,2.271,4.904,1.124
31/01/2014 00:00,2.249,4.902,1.122
01/02/2014 00:00,2.344,5.194,1.204
02/02/2014 00:00,2.402,5.240,1.156
03/02/2014 00:00,2.359,5.080,1.131
04/02/2014 00:00,2.282,4.924,1.098
05/02/2014 00:00,2.238,4.790,1.069
06/02/2014 00:00,2.184,4.717,1.060
07/02/2014 00:00,2.170,4.620,1.045
08/02/2014 00:00,2.132,4.629,1.033
09/02/2014 00:00,2.130,4.562,1.028
10/02/2014 00:00,2.110,4.580,1.023
11/02/2014 00:00,2.134,4.591,1.016
12/02/2014 00:00,2.101,4.682,1.018
13/02/2014 00:00,2.120,4.697,1.045
14/02/2014 00:00,2.072,4.871,1.078
15/02/2014 00:00,2.093,4.874,1.069
16/02/2014 00:00,2.083,5.395,1.175
17/02/2014 00:00,2.235,5.284,1.463
18/02/2014 00:00,2.289,5.917,1.415
19/02/2014 00:00,2.349,5.863,1.170
20/02/2014 00:00,2.257,5.714,0.997
21/02/2014 00:00,2.186,5.454,0.933
22/02/2014 00:00,2.109,5.091,0.894
23/02/2014 00:00,2.065,4.945,0.939
24/02/2014 00:00,2.221,5.667,1.416
25/02/2014 00:00,2.311,6.510,1.362
26/02/2014 00:00,2.161,5.943,1.082
27/02/2014 00:00,2.069,5.260,0.987
28/02/2014 00:00,2.051,5.143,0.955
01/03/2014 00:00,2.076,5.230,1.007
02/03/2014 00:00,2.052,5.296,1.002
03/03/2014 00:00,2.008,5.598,1.036
04/03/2014 00:00,1.967,5.424,0.982
05/03/2014 00:00,1.938,5.051,0.972
06/03/2014 00:00,1.990,5.308,0.959
07/03/2014 00:00,1.987,5.292,0.929
08/03/2014 00:00,1.974,5.204,0.909
09/03/2014 00:00,1.972,5.098,0.918
10/03/2014 00:00,1.991,5.292,0.915
11/03/2014 00:00,1.969,5.270,0.894
12/03/2014 00:00,1.949,5.054,0.872
13/03/2014 00:00,1.906,4.952,0.861
14/03/2014 00:00,1.892,4.856,0.850
15/03/2014 00:00,1.846,4.857,0.841
16/03/2014 00:00,1.870,4.820,0.836
17/03/2014 00:00,1.849,4.876,0.831
18/03/2014 00:00,1.887,4.932,0.830
19/03/2014 00:00,1.905,5.015,0.832
20/03/2014 00:00,1.963,5.157,0.844
21/03/2014 00:00,1.971,5.247,0.827
22/03/2014 00:00,1.972,5.182,0.809
23/03/2014 00:00,1.941,5.089,0.789
24/03/2014 00:00,1.928,5.035,0.780
25/03/2014 00:00,1.935,5.010,0.768
26/03/2014 00:00,1.927,4.941,0.761
27/03/2014 00:00,1.922,4.886,0.760
28/03/2014 00:00,1.913,4.802,0.765
29/03/2014 00:00,1.913,4.793,0.766
30/03/2014 00:00,1.906,4.817,0.761
31/03/2014 00:00,1.908,4.797,0.760
01/04/2014 00:00,1.926,4.788,0.763
02/04/2014 00:00,1.952,4.796,0.761
03/04/2014 00:00,2.033,4.846,0.764
04/04/2014 00:00,2.026,4.880,0.762
05/04/2014 00:00,2.056,4.891,0.764
06/04/2014 00:00,2.035,4.907,0.765
07/04/2014 00:00,2.067,4.879,0.758
08/04/2014 00:00,2.023,4.846,0.752
09/04/2014 00:00,2.071,4.819,0.749
10/04/2014 00:00,2.024,4.838,0.760
11/04/2014 00:00,2.097,4.877,0.760
12/04/2014 00:00,2.047,4.890,0.774
13/04/2014 00:00,2.114,4.905,0.764
14/04/2014 00:00,2.028,4.928,0.786
15/04/2014 00:00,2.080,4.959,0.761
16/04/2014 00:00,1.985,4.892,0.759
17/04/2014 00:00,2.023,4.834,0.764
18/04/2014 00:00,1.958,4.834,0.756
19/04/2014 00:00,1.993,4.785,0.759
20/04/2014 00:00,1.908,4.679,0.757
21/04/2014 00:00,1.945,4.680,0.753
22/04/2014 00:00,1.908,4.646,0.762
23/04/2014 00:00,1.950,4.706,0.765
24/04/2014 00:00,1.942,4.759,0.770
25/04/2014 00:00,1.987,4.679,0.773
26/04/2014 00:00,1.995,4.747,0.781
27/04/2014 00:00,1.999,4.808,0.789
28/04/2014 00:00,1.992,4.831,0.780
29/04/2014 00:00,1.993,4.849,0.784
30/04/2014 00:00,1.975,4.904,0.791
01/05/2014 00:00,2.014,4.989,0.798
02/05/2014 00:00,1.995,5.007,0.810
03/05/2014 00:00,2.173,5.331,0.973
04/05/2014 00:00,2.343,6.211,1.164
05/05/2014 00:00,3.343,12.810,2.580
06/05/2014 00:00,4.597,14.672,6.356
07/05/2014 00:00,6.947,24.949,8.434
08/05/2014 00:00,7.614,26.134,5.810
09/05/2014 00:00,6.348,18.116,5.179
10/05/2014 00:00,4.804,12.750,3.846
11/05/2014 00:00,3.572,8.829,2.314
12/05/2014 00:00,3.282,7.832,1.570
13/05/2014 00:00,2.765,6.860,1.417
14/05/2014 00:00,2.971,7.038,1.526
15/05/2014 00:00,3.026,7.039,1.410
16/05/2014 00:00,2.932,6.474,1.303
17/05/2014 00:00,2.822,5.851,1.266
18/05/2014 00:00,2.686,5.418,1.224
19/05/2014 00:00,2.680,5.252,1.221
20/05/2014 00:00,2.604,5.328,1.283
21/05/2014 00:00,2.672,5.589,1.286
22/05/2014 00:00,3.232,7.998,1.455
23/05/2014 00:00,3.663,7.660,1.415
24/05/2014 00:00,4.153,9.115,1.479
25/05/2014 00:00,3.615,7.320,1.414
26/05/2014 00:00,4.042,9.548,1.520
27/05/2014 00:00,3.880,9.207,1.547
28/05/2014 00:00,3.832,8.405,1.498
29/05/2014 00:00,3.650,7.290,1.412
30/05/2014 00:00,3.624,6.173,1.294
31/05/2014 00:00,3.192,5.431,1.200
01/06/2014 00:00,3.169,4.890,1.201
02/06/2014 00:00,5.209,14.476,2.590
03/06/2014 00:00,6.910,22.292,3.628
04/06/2014 00:00,5.433,10.929,2.792
05/06/2014 00:00,5.378,9.941,1.988
06/06/2014 00:00,5.127,8.685,1.630
07/06/2014 00:00,4.708,7.241,1.339
08/06/2014 00:00,5.216,8.237,2.260
09/06/2014 00:00,5.645,10.239,2.582
10/06/2014 00:00,4.944,9.086,2.456
11/06/2014 00:00,4.442,6.631,1.787
12/06/2014 00:00,4.049,6.343,1.743
13/06/2014 00:00,4.170,5.959,1.739
14/06/2014 00:00,3.982,5.253,1.536
15/06/2014 00:00,3.770,4.814,1.310
16/06/2014 00:00,3.518,4.431,1.145
17/06/2014 00:00,3.541,4.306,1.144
18/06/2014 00:00,3.477,4.359,1.170
19/06/2014 00:00,3.383,4.327,1.138
20/06/2014 00:00,3.456,4.748,1.332
21/06/2014 00:00,3.567,5.497,1.442
22/06/2014 00:00,3.711,5.544,1.378
23/06/2014 00:00,3.490,4.850,1.262
24/06/2014 00:00,3.278,4.373,1.151
25/06/2014 00:00,3.049,4.271,1.056
26/06/2014 00:00,2.977,4.146,1.054
27/06/2014 00:00,3.129,4.650,1.077
28/06/2014 00:00,3.520,6.787,1.927
29/06/2014 00:00,4.866,13.554,4.557
30/06/2014 00:00,5.603,13.316,7.201
01/07/2014 00:00,4.880,13.050,6.074
02/07/2014 00:00,4.440,12.317,4.014
03/07/2014 00:00,3.735,7.804,2.630
04/07/2014 00:00,3.811,6.469,1.992
05/07/2014 00:00,4.963,10.365,3.029
06/07/2014 00:00,5.726,11.875,3.909
07/07/2014 00:00,5.543,14.805,4.704
08/07/2014 00:00,5.498,12.725,4.503
09/07/2014 00:00,6.187,13.285,3.997
10/07/2014 00:00,6.360,14.122,4.511
11/07/2014 00:00,5.242,13.022,3.595
12/07/2014 00:00,4.271,10.846,2.853
13/07/2014 00:00,3.988,7.311,2.087
14/07/2014 00:00,3.865,6.186,1.783
15/07/2014 00:00,3.610,5.883,1.647
16/07/2014 00:00,3.346,5.600,1.524
17/07/2014 00:00,3.250,5.298,1.446
18/07/2014 00:00,3.288,5.311,1.427
19/07/2014 00:00,3.344,5.505,1.451
20/07/2014 00:00,3.149,5.461,1.451
21/07/2014 00:00,3.003,5.342,1.388
22/07/2014 00:00,2.970,5.314,1.397
23/07/2014 00:00,2.772,5.292,1.343
24/07/2014 00:00,2.909,5.331,1.316
25/07/2014 00:00,2.840,5.464,1.291
26/07/2014 00:00,3.128,6.940,1.376
27/07/2014 00:00,2.852,9.018,1.558
28/07/2014 00:00,3.070,9.097,1.591
29/07/2014 00:00,2.844,7.963,1.382
30/07/2014 00:00,2.845,6.919,1.425
31/07/2014 00:00,2.671,6.853,1.486
01/08/2014 00:00,2.814,7.304,1.552
02/08/2014 00:00,2.583,6.941,1.453
03/08/2014 00:00,2.825,7.819,1.557
04/08/2014 00:00,2.496,8.343,1.646
05/08/2014 00:00,2.860,10.797,2.185
06/08/2014 00:00,3.058,11.483,3.015
07/08/2014 00:00,2.887,11.452,3.095
08/08/2014 00:00,4.288,13.278,3.595
09/08/2014 00:00,7.076,17.422,6.198
10/08/2014 00:00,9.026,21.727,16.037
11/08/2014 00:00,8.086,19.308,7.845
12/08/2014 00:00,7.252,19.761,8.640
13/08/2014 00:00,6.262,18.055,8.411
14/08/2014 00:00,5.483,15.339,7.656
15/08/2014 00:00,7.815,21.730,7.570
16/08/2014 00:00,12.819,32.237,12.487
17/08/2014 00:00,14.727,41.098,12.646
18/08/2014 00:00,13.053,40.746,9.613
19/08/2014 00:00,8.165,29.911,7.916
20/08/2014 00:00,5.640,21.678,6.797
21/08/2014 00:00,4.290,17.064,4.479
22/08/2014 00:00,4.252,13.463,3.117
23/08/2014 00:00,4.961,14.757,3.781
24/08/2014 00:00,6.474,19.484,6.261
25/08/2014 00:00,5.418,15.243,7.052
26/08/2014 00:00,4.850,14.965,6.445
27/08/2014 00:00,4.297,12.894,4.372
28/08/2014 00:00,3.856,11.974,4.355
29/08/2014 00:00,3.360,10.766,3.318
30/08/2014 00:00,3.203,8.394,2.498
31/08/2014 00:00,2.979,7.022,2.125
01/09/2014 00:00,2.968,6.742,2.197
02/09/2014 00:00,3.976,9.180,2.499
03/09/2014 00:00,7.684,15.096,5.301
04/09/2014 00:00,5.782,13.316,6.622
05/09/2014 00:00,5.536,13.275,6.829
06/09/2014 00:00,4.988,10.408,5.805
07/09/2014 00:00,4.394,12.159,5.386
08/09/2014 00:00,3.949,9.513,4.046
09/09/2014 00:00,4.112,9.957,3.200
10/09/2014 00:00,3.514,6.719,2.487
11/09/2014 00:00,3.153,6.430,2.054
12/09/2014 00:00,3.769,9.167,3.184
13/09/2014 00:00,4.487,9.337,4.656
14/09/2014 00:00,4.742,13.437,5.247
15/09/2014 00:00,16.825,35.283,12.534
16/09/2014 00:00,16.005,30.206,10.593
17/09/2014 00:00,10.150,26.406,10.177
18/09/2014 00:00,6.410,17.742,8.598
19/09/2014 00:00,6.320,17.093,8.763
20/09/2014 00:00,5.792,17.515,9.254
21/09/2014 00:00,9.783,27.037,12.183
22/09/2014 00:00,11.561,30.703,10.476
23/09/2014 00:00,10.390,27.697,10.179
24/09/2014 00:00,7.358,18.203,6.498
25/09/2014 00:00,6.169,15.420,5.323
26/09/2014 00:00,5.098,12.881,4.288
27/09/2014 00:00,4.349,11.581,3.977
28/09/2014 00:00,4.337,12.203,4.721
29/09/2014 00:00,3.766,10.843,3.970
30/09/2014 00:00,3.608,10.907,3.711
01/10/2014 00:00,3.188,8.837,3.124
02/10/2014 00:00,2.811,7.423,2.397
03/10/2014 00:00,2.566,6.484,2.075
04/10/2014 00:00,2.510,6.553,1.969
05/10/2014 00:00,2.858,7.800,2.135
06/10/2014 00:00,4.812,12.858,4.866
07/10/2014 00:00,9.106,19.167,7.794
08/10/2014 00:00,10.034,22.453,5.721
09/10/2014 00:00,7.013,20.834,5.652
10/10/2014 00:00,5.785,16.227,4.900
11/10/2014 00:00,5.370,13.968,4.045
12/10/2014 00:00,4.302,10.444,2.590
13/10/2014 00:00,3.494,8.146,1.982
14/10/2014 00:00,3.219,7.431,2.085
15/10/2014 00:00,6.642,15.018,6.348
16/10/2014 00:00,8.736,19.278,8.661
17/10/2014 00:00,28.233,52.478,26.305
18/10/2014 00:00,52.011,183.293,71.085
19/10/2014 00:00,98.881,337.359,197.290
20/10/2014 00:00,105.594,352.832,197.396
21/10/2014 00:00,64.608,234.823,131.455
22/10/2014 00:00,39.687,137.586,61.254
23/10/2014 00:00,43.297,142.024,72.643
24/10/2014 00:00,39.835,110.810,66.084
25/10/2014 00:00,35.921,103.336,59.530
26/10/2014 00:00,30.495,85.919,48.688
27/10/2014 00:00,33.807,87.320,47.178
28/10/2014 00:00,29.314,78.674,39.541
29/10/2014 00:00,20.781,56.693,23.555
30/10/2014 00:00,13.554,36.846,16.036
31/10/2014 00:00,12.000,36.366,19.595
01/11/2014 00:00,14.710,53.002,33.469
02/11/2014 00:00,18.489,68.823,39.012
03/11/2014 00:00,18.357,83.943,37.318
04/11/2014 00:00,14.652,58.184,30.284
05/11/2014 00:00,8.991,35.250,16.154
06/11/2014 00:00,6.534,25.532,11.849
07/11/2014 00:00,5.617,22.552,8.788
08/11/2014 00:00,5.214,20.907,7.275
09/11/2014 00:00,4.951,19.504,6.444
10/11/2014 00:00,4.611,18.133,5.814
11/11/2014 00:00,5.156,22.397,8.494
12/11/2014 00:00,26.429,95.555,37.073
13/11/2014 00:00,70.300,218.720,76.782
14/11/2014 00:00,66.318,194.512,70.344
15/11/2014 00:00,38.542,124.066,47.847
16/11/2014 00:00,21.147,75.789,28.087
17/11/2014 00:00,13.195,47.302,19.808
18/11/2014 00:00,10.468,32.008,12.795
19/11/2014 00:00,7.825,26.464,9.486
20/11/2014 00:00,6.699,22.897,7.266
21/11/2014 00:00,5.681,20.754,6.351
22/11/2014 00:00,5.598,21.025,6.562
23/11/2014 00:00,5.339,19.579,5.957
24/11/2014 00:00,4.726,17.955,5.074
25/11/2014 00:00,4.409,16.371,4.646
26/11/2014 00:00,4.185,15.132,4.324
27/11/2014 00:00,4.174,14.346,4.082
28/11/2014 00:00,7.118,23.952,10.842
29/11/2014 00:00,11.087,53.317,22.589
30/11/2014 00:00,17.406,60.283,30.846
01/12/2014 00:00,13.564,61.294,22.437
02/12/2014 00:00,8.513,44.439,12.613
03/12/2014 00:00,7.110,28.995,7.976
04/12/2014 00:00,5.800,21.285,5.422
05/12/2014 00:00,5.054,17.492,4.776
06/12/2014 00:00,4.640,15.612,4.250
07/12/2014 00:00,4.508,14.596,4.023
08/12/2014 00:00,4.450,14.239,3.855
09/12/2014 00:00,5.927,18.346,8.777
10/12/2014 00:00,8.974,34.099,13.661
11/12/2014 00:00,12.018,51.651,13.856
12/12/2014 00:00,11.233,50.103,14.810
13/12/2014 00:00,14.764,60.369,24.792
14/12/2014 00:00,12.999,54.456,13.859
15/12/2014 00:00,9.094,46.214,8.277
16/12/2014 00:00,7.585,36.818,9.946
17/12/2014 00:00,9.332,48.347,14.896
18/12/2014 00:00,8.448,44.313,11.490
19/12/2014 00:00,7.545,32.679,8.628
20/12/2014 00:00,6.813,27.088,7.449
21/12/2014 00:00,6.038,21.630,6.031
22/12/2014 00:00,5.381,18.584,4.583
23/12/2014 00:00,5.054,16.454,4.339
24/12/2014 00:00,4.891,15.601,4.136
25/12/2014 00:00,4.563,14.710,3.617
26/12/2014 00:00,4.407,13.699,3.186
27/12/2014 00:00,5.105,16.820,5.576
28/12/2014 00:00,11.382,44.201,19.287
29/12/2014 00:00,18.165,67.578,37.347
30/12/2014 00:00,14.462,71.354,34.720
31/12/2014 00:00,11.028,60.745,15.985
01/01/2015 00:00,8.524,39.711,9.904
02/01/2015 00:00,8.057,32.065,7.426
03/01/2015 00:00,7.376,27.163,5.750
04/01/2015 00:00,6.564,23.848,4.853
05/01/2015 00:00,5.813,20.755,4.355
06/01/2015 00:00,5.162,17.354,3.920
07/01/2015 00:00,4.764,15.486,3.644
08/01/2015 00:00,4.573,14.608,3.454
09/01/2015 00:00,4.486,13.877,3.322
10/01/2015 00:00,4.326,12.918,2.982
11/01/2015 00:00,4.198,11.738,2.772
12/01/2015 00:00,4.030,10.931,2.635
13/01/2015 00:00,3.834,10.292,2.519
14/01/2015 00:00,3.668,9.843,2.439
15/01/2015 00:00,3.573,9.558,2.386
16/01/2015 00:00,3.602,9.548,2.377
17/01/2015 00:00,3.617,9.505,2.341
18/01/2015 00:00,3.459,9.195,2.221
19/01/2015 00:00,3.354,8.827,2.151
20/01/2015 00:00,3.259,8.645,2.122
21/01/2015 00:00,3.144,8.288,2.076
22/01/2015 00:00,3.126,8.331,2.160
23/01/2015 00:00,3.797,9.378,2.940
24/01/2015 00:00,4.125,9.959,2.779
25/01/2015 00:00,3.840,9.592,2.341
26/01/2015 00:00,3.350,8.969,2.155
27/01/2015 00:00,3.431,8.696,2.165
28/01/2015 00:00,3.322,8.630,2.170
29/01/2015 00:00,3.184,8.404,2.121
30/01/2015 00:00,3.005,8.206,2.052
31/01/2015 00:00,2.854,7.782,1.964
01/02/2015 00:00,2.740,7.777,1.909
02/02/2015 00:00,2.602,7.659,1.868
03/02/2015 00:00,2.497,7.472,1.824
04/02/2015 00:00,2.408,7.350,1.793
05/02/2015 00:00,2.309,7.152,1.746
06/02/2015 00:00,2.292,7.006,1.691
07/02/2015 00:00,2.241,6.872,1.643
08/02/2015 00:00,2.190,6.701,1.599
09/02/2015 00:00,2.179,6.536,1.569
10/02/2015 00:00,2.177,6.420,1.555
11/02/2015 00:00,2.210,6.347,1.584
12/02/2015 00:00,2.195,6.383,1.561
13/02/2015 00:00,2.180,6.238,1.533
14/02/2015 00:00,2.140,6.325,1.497
15/02/2015 00:00,2.103,6.194,1.452
16/02/2015 00:00,2.108,6.001,1.412
17/02/2015 00:00,2.090,5.986,1.391
18/02/2015 00:00,2.069,5.932,1.369
19/02/2015 00:00,2.062,5.920,1.350
20/02/2015 00:00,2.055,6.000,1.333
21/02/2015 00:00,2.040,5.895,1.312
22/02/2015 00:00,2.036,5.849,1.305
23/02/2015 00:00,2.036,5.646,1.287
24/02/2015 00:00,2.013,5.805,1.246
25/02/2015 00:00,2.034,5.859,1.242
26/02/2015 00:00,2.119,5.960,1.272
27/02/2015 00:00,2.213,6.276,1.334
28/02/2015 00:00,2.355,6.695,1.426
01/03/2015 00:00,2.479,6.856,1.427
02/03/2015 00:00,2.480,6.766,1.413
03/03/2015 00:00,2.520,6.824,1.372
04/03/2015 00:00,2.509,6.682,1.324
05/03/2015 00:00,2.516,6.667,1.330
06/03/2015 00:00,2.611,6.958,1.375
07/03/2015 00:00,2.585,6.907,1.304
08/03/2015 00:00,2.531,6.857,1.260
09/03/2015 00:00,2.489,6.718,1.223
10/03/2015 00:00,2.406,6.527,1.166
11/03/2015 00:00,2.368,6.243,1.150
12/03/2015 00:00,2.326,6.251,1.140
13/03/2015 00:00,2.331,6.327,1.111
14/03/2015 00:00,2.317,6.324,1.111
15/03/2015 00:00,2.458,6.551,1.196
16/03/2015 00:00,2.452,6.604,1.133
17/03/2015 00:00,2.429,6.319,1.078
18/03/2015 00:00,2.381,5.941,1.045
19/03/2015 00:00,2.312,5.808,1.031
20/03/2015 00:00,2.300,5.824,1.028
21/03/2015 00:00,2.261,5.879,1.014
22/03/2015 00:00,2.331,5.810,1.004
23/03/2015 00:00,2.299,5.730,0.998
24/03/2015 00:00,2.380,5.719,0.988
25/03/2015 00:00,2.325,5.635,0.988
26/03/2015 00:00,2.442,5.563,0.985
27/03/2015 00:00,2.392,5.423,0.978
28/03/2015 00:00,2.488,5.316,0.988
29/03/2015 00:00,2.436,5.286,0.973
30/03/2015 00:00,2.487,5.217,0.971
31/03/2015 00:00,2.546,5.384,1.043
01/04/2015 00:00,2.629,5.562,1.073
02/04/2015 00:00,2.681,5.619,1.045
03/04/2015 00:00,2.626,5.564,1.000
04/04/2015 00:00,2.632,5.474,0.968
05/04/2015 00:00,2.580,5.418,0.954
06/04/2015 00:00,2.576,5.343,0.935
07/04/2015 00:00,2.549,5.272,0.932
08/04/2015 00:00,2.572,5.341,0.954
09/04/2015 00:00,2.649,5.426,0.976
10/04/2015 00:00,2.647,5.434,0.963
11/04/2015 00:00,2.599,5.342,0.935
12/04/2015 00:00,2.814,5.601,1.087
13/04/2015 00:00,3.938,10.924,2.441
14/04/2015 00:00,4.616,14.369,2.959
15/04/2015 00:00,4.978,17.439,7.543
16/04/2015 00:00,4.569,17.444,5.455
17/04/2015 00:00,3.922,13.539,2.994
18/04/2015 00:00,3.680,11.170,1.710
19/04/2015 00:00,3.128,8.659,1.296
20/04/2015 00:00,2.982,7.603,1.413
21/04/2015 00:00,3.558,7.541,1.429
22/04/2015 00:00,3.392,7.229,1.287
23/04/2015 00:00,3.484,6.856,1.217
24/04/2015 00:00,4.469,15.390,4.102
25/04/2015 00:00,4.403,15.381,4.523
26/04/2015 00:00,4.724,9.823,2.308
27/04/2015 00:00,4.062,8.026,1.609
28/04/2015 00:00,3.351,6.961,1.370
29/04/2015 00:00,3.225,6.159,1.329
30/04/2015 00:00,3.181,5.751,1.307
01/05/2015 00:00,3.206,5.622,1.286
02/05/2015 00:00,3.182,5.343,1.301
03/05/2015 00:00,3.123,4.958,1.250
04/05/2015 00:00,3.066,4.966,1.266
05/05/2015 00:00,3.002,5.249,1.161
06/05/2015 00:00,2.922,4.855,1.203
07/05/2015 00:00,3.049,4.877,1.283
08/05/2015 00:00,3.074,4.811,1.209
09/05/2015 00:00,3.044,4.902,1.221
10/05/2015 00:00,3.108,5.517,1.634
11/05/2015 00:00,3.403,7.266,2.076
12/05/2015 00:00,3.808,9.195,2.386
13/05/2015 00:00,5.960,18.758,8.080
14/05/2015 00:00,8.367,26.530,9.954
15/05/2015 00:00,8.060,30.664,12.470
16/05/2015 00:00,7.766,29.997,10.282
17/05/2015 00:00,8.652,33.458,9.283
18/05/2015 00:00,8.617,30.085,6.479
19/05/2015 00:00,6.877,18.833,3.681
20/05/2015 00:00,4.840,12.133,2.565
21/05/2015 00:00,4.223,9.531,2.198
22/05/2015 00:00,4.006,7.959,2.047
23/05/2015 00:00,4.088,7.516,1.976
24/05/2015 00:00,3.971,7.595,1.884
25/05/2015 00:00,3.868,6.916,1.774
26/05/2015 00:00,4.245,7.202,1.790
27/05/2015 00:00,5.347,13.480,3.566
28/05/2015 00:00,5.615,14.341,3.160
29/05/2015 00:00,5.770,14.502,2.332
30/05/2015 00:00,4.603,11.491,2.024
31/05/2015 00:00,4.342,9.270,1.760
01/06/2015 00:00,4.835,8.877,1.935
02/06/2015 00:00,6.180,11.630,2.620
03/06/2015 00:00,5.091,10.856,2.238
04/06/2015 00:00,5.500,10.136,1.936
05/06/2015 00:00,5.597,10.222,1.982
06/06/2015 00:00,5.318,8.952,1.949
07/06/2015 00:00,4.373,7.012,1.725
08/06/2015 00:00,4.565,6.622,1.756
09/06/2015 00:00,5.845,11.329,3.294
10/06/2015 00:00,6.497,13.811,4.329
11/06/2015 00:00,6.838,18.424,5.772
12/06/2015 00:00,6.802,15.343,4.513
13/06/2015 00:00,6.525,19.335,4.045
14/06/2015 00:00,5.762,13.112,3.036
15/06/2015 00:00,4.832,11.290,2.547
16/06/2015 00:00,5.112,14.839,4.448
17/06/2015 00:00,6.171,17.551,5.838
18/06/2015 00:00,7.088,18.847,5.716
19/06/2015 00:00,5.678,16.058,4.168
20/06/2015 00:00,5.143,14.544,3.156
21/06/2015 00:00,4.499,10.045,2.398
22/06/2015 00:00,4.098,8.211,2.081
23/06/2015 00:00,3.741,7.331,2.021
24/06/2015 00:00,3.554,6.883,1.960
25/06/2015 00:00,3.485,6.735,1.944
26/06/2015 00:00,3.564,7.276,1.934
27/06/2015 00:00,3.531,7.637,2.037
28/06/2015 00:00,4.413,8.739,2.040
29/06/2015 00:00,3.891,8.737,2.002
30/06/2015 00:00,3.916,8.324,1.752
01/07/2015 00:00,3.713,7.462,1.667
02/07/2015 00:00,3.580,7.172,1.610
03/07/2015 00:00,3.841,7.725,1.717
04/07/2015 00:00,3.585,7.788,1.708
05/07/2015 00:00,3.512,7.361,1.608
06/07/2015 00:00,3.162,6.967,1.523
07/07/2015 00:00,3.118,6.783,1.436
08/07/2015 00:00,2.832,7.036,1.511
09/07/2015 00:00,2.771,7.203,1.506
10/07/2015 00:00,3.358,8.205,2.119
11/07/2015 00:00,3.657,9.204,2.000
12/07/2015 00:00,3.923,9.744,1.981
13/07/2015 00:00,4.111,10.638,2.622
14/07/2015 00:00,4.198,10.427,2.712
15/07/2015 00:00,4.983,11.403,3.995
16/07/2015 00:00,4.556,10.700,3.413
17/07/2015 00:00,4.673,10.345,3.566
18/07/2015 00:00,4.260,13.414,5.283
19/07/2015 00:00,3.994,11.870,4.397
20/07/2015 00:00,3.711,10.414,3.267
21/07/2015 00:00,4.578,12.415,4.030
22/07/2015 00:00,6.252,17.734,6.774
23/07/2015 00:00,6.401,20.566,10.270
24/07/2015 00:00,6.205,18.953,5.172
25/07/2015 00:00,6.011,18.289,6.334
26/07/2015 00:00,5.958,18.517,6.121
27/07/2015 00:00,6.419,21.919,7.710
28/07/2015 00:00,7.384,25.712,11.709
29/07/2015 00:00,6.281,21.177,9.266
30/07/2015 00:00,5.337,16.643,4.852
31/07/2015 00:00,4.966,16.099,6.423
01/08/2015 00:00,6.169,19.161,9.447
02/08/2015 00:00,6.282,20.311,10.645
03/08/2015 00:00,5.986,18.921,6.540
04/08/2015 00:00,5.438,18.219,6.734
05/08/2015 00:00,5.110,17.443,5.709
06/08/2015 00:00,4.103,13.866,3.817
07/08/2015 00:00,4.100,11.731,3.182
08/08/2015 00:00,3.843,10.082,2.721
09/08/2015 00:00,3.515,8.807,2.770
10/08/2015 00:00,5.136,13.732,4.035
11/08/2015 00:00,4.903,14.074,3.697
12/08/2015 00:00,4.796,12.619,3.034
13/08/2015 00:00,3.885,9.192,2.259
14/08/2015 00:00,4.910,11.167,3.520
15/08/2015 00:00,6.934,16.176,7.893
16/08/2015 00:00,8.986,24.178,11.426
17/08/2015 00:00,7.816,20.766,6.226
18/08/2015 00:00,5.492,15.829,3.664
19/08/2015 00:00,4.539,11.678,2.322
20/08/2015 00:00,5.477,13.738,4.550
21/08/2015 00:00,8.057,16.825,12.370
22/08/2015 00:00,16.872,45.124,19.130
23/08/2015 00:00,11.694,36.441,20.967
24/08/2015 00:00,9.878,27.337,11.328
25/08/2015 00:00,7.663,19.525,5.148
26/08/2015 00:00,6.250,17.357,3.987
27/08/2015 00:00,6.730,20.664,7.253
28/08/2015 00:00,6.041,17.389,7.799
29/08/2015 00:00,5.032,15.293,4.075
30/08/2015 00:00,4.576,13.045,2.957
31/08/2015 00:00,4.159,12.148,2.400
01/09/2015 00:00,3.860,10.350,2.187
02/09/2015 00:00,5.562,17.473,7.151
03/09/2015 00:00,6.186,17.990,6.796
04/09/2015 00:00,6.183,17.644,5.610
05/09/2015 00:00,5.219,16.151,3.466
06/09/2015 00:00,6.067,16.954,3.868
07/09/2015 00:00,8.043,18.057,8.078
08/09/2015 00:00,7.091,17.177,8.365
09/09/2015 00:00,6.254,18.309,7.774
10/09/2015 00:00,5.625,16.661,9.331
11/09/2015 00:00,4.962,14.226,4.232
12/09/2015 00:00,4.524,10.622,2.957
13/09/2015 00:00,4.191,9.865,2.256
14/09/2015 00:00,3.762,9.075,1.918
15/09/2015 00:00,2.998,7.285,1.822
16/09/2015 00:00,2.958,7.134,1.780
17/09/2015 00:00,2.988,7.470,1.835
18/09/2015 00:00,3.069,7.288,1.818
19/09/2015 00:00,3.166,6.870,1.768
20/09/2015 00:00,4.288,13.593,3.472
21/09/2015 00:00,4.782,12.130,3.008
22/09/2015 00:00,3.765,10.704,2.148
23/09/2015 00:00,3.543,9.085,1.827
24/09/2015 00:00,3.433,8.708,1.735
25/09/2015 00:00,5.681,16.131,3.330
26/09/2015 00:00,6.049,17.751,6.321
27/09/2015 00:00,6.364,20.516,5.875
28/09/2015 00:00,7.941,27.200,8.159
29/09/2015 00:00,7.026,27.613,6.539
30/09/2015 00:00,6.365,22.856,7.120
01/10/2015 00:00,5.905,19.884,7.215
02/10/2015 00:00,6.451,27.487,8.927
03/10/2015 00:00,11.900,35.540,15.841
04/10/2015 00:00,21.489,65.303,29.939
05/10/2015 00:00,20.498,69.848,25.670
06/10/2015 00:00,14.830,51.305,19.919
07/10/2015 00:00,11.459,34.809,17.002
08/10/2015 00:00,10.527,28.264,16.968
09/10/2015 00:00,9.119,28.102,13.446
10/10/2015 00:00,13.988,32.593,14.736
11/10/2015 00:00,22.070,54.788,20.994
12/10/2015 00:00,15.021,41.864,15.788
13/10/2015 00:00,9.894,25.785,8.598
14/10/2015 00:00,7.174,20.877,5.161
15/10/2015 00:00,5.892,15.801,3.773
16/10/2015 00:00,5.771,12.805,3.087
17/10/2015 00:00,4.824,11.237,2.821
18/10/2015 00:00,4.382,11.157,3.210
19/10/2015 00:00,4.183,11.396,3.126
20/10/2015 00:00,4.147,10.706,2.763
21/10/2015 00:00,3.585,9.633,2.348
22/10/2015 00:00,3.360,8.666,1.989
23/10/2015 00:00,3.187,7.500,2.470
24/10/2015 00:00,3.059,7.718,2.326
25/10/2015 00:00,3.035,6.905,2.224
26/10/2015 00:00,3.144,6.942,2.067
27/10/2015 00:00,4.212,11.848,6.625
28/10/2015 00:00,6.515,15.320,8.937
29/10/2015 00:00,5.232,16.379,8.030
30/10/2015 00:00,5.218,18.086,10.419
31/10/2015 00:00,6.236,24.311,16.642
01/11/2015 00:00,10.052,44.028,21.427
02/11/2015 00:00,12.210,49.628,22.049
03/11/2015 00:00,20.223,56.707,21.588
04/11/2015 00:00,22.564,66.005,23.680
05/11/2015 00:00,15.171,40.618,21.246
06/11/2015 00:00,12.102,39.870,21.799
07/11/2015 00:00,11.122,38.749,22.532
08/11/2015 00:00,75.653,271.299,86.377
09/11/2015 00:00,353.715,948.189,365.171
10/11/2015 00:00,252.778,953.939,272.777
11/11/2015 00:00,111.174,465.634,112.498
12/11/2015 00:00,92.604,321.378,139.923
13/11/2015 00:00,84.547,254.639,123.896
14/11/2015 00:00,87.132,285.615,108.610
15/11/2015 00:00,188.417,632.136,233.051
16/11/2015 00:00,173.140,636.445,281.316
17/11/2015 00:00,96.338,374.198,174.561
18/11/2015 00:00,58.183,211.239,92.583
19/11/2015 00:00,64.308,172.207,81.437
20/11/2015 00:00,78.037,252.668,98.387
21/11/2015 00:00,74.778,247.909,88.360
22/11/2015 00:00,117.484,377.295,141.690
23/11/2015 00:00,149.935,472.279,214.436
24/11/2015 00:00,96.512,326.004,162.032
25/11/2015 00:00,57.073,188.019,93.896
26/11/2015 00:00,43.685,132.687,68.786
27/11/2015 00:00,27.997,94.514,54.094
28/11/2015 00:00,22.833,73.526,44.786
29/11/2015 00:00,55.646,151.856,73.645
30/11/2015 00:00,92.760,313.280,192.303
01/12/2015 00:00,273.626,1039.302,387.180
02/12/2015 00:00,294.083,887.604,435.963
03/12/2015 00:00,200.317,641.986,355.720
04/12/2015 00:00,128.031,475.465,250.652
05/12/2015 00:00,103.217,369.322,214.389
06/12/2015 00:00,89.396,319.034,191.722
07/12/2015 00:00,65.466,213.987,107.235
08/12/2015 00:00,51.438,150.825,75.446
09/12/2015 00:00,40.671,121.569,68.868
10/12/2015 00:00,33.861,93.017,54.221
11/12/2015 00:00,27.286,77.612,44.208
12/12/2015 00:00,25.020,63.166,32.907
13/12/2015 00:00,22.531,56.957,21.808
14/12/2015 00:00,20.907,48.739,18.745
15/12/2015 00:00,19.430,42.757,17.094
16/12/2015 00:00,16.990,38.210,15.635
17/12/2015 00:00,14.826,37.284,13.686
18/12/2015 00:00,13.405,34.961,13.626
19/12/2015 00:00,13.062,33.080,13.836
20/12/2015 00:00,12.246,30.710,12.227
21/12/2015 00:00,10.718,27.092,10.466
22/12/2015 00:00,9.658,23.493,9.170
23/12/2015 00:00,9.080,23.301,8.633
24/12/2015 00:00,8.783,23.522,8.344
25/12/2015 00:00,8.410,19.435,7.639
26/12/2015 00:00,7.289,20.090,7.515
27/12/2015 00:00,7.769,18.668,6.763
28/12/2015 00:00,7.605,20.006,5.901
29/12/2015 00:00,7.173,19.022,5.993
30/12/2015 00:00,6.938,18.629,5.570
31/12/2015 00:00,6.957,18.018,5.133
01/01/2016 00:00,6.677,17.985,4.927
02/01/2016 00:00,6.525,17.429,4.680
03/01/2016 00:00,6.514,17.304,4.297
04/01/2016 00:00,6.255,17.014,3.987
05/01/2016 00:00,6.033,16.781,3.691
06/01/2016 00:00,5.870,16.338,3.555
07/01/2016 00:00,5.678,15.860,3.487
08/01/2016 00:00,5.482,15.598,3.297
09/01/2016 00:00,5.292,14.967,3.126
10/01/2016 00:00,5.123,14.613,2.970
11/01/2016 00:00,5.014,14.305,2.855
12/01/2016 00:00,4.974,14.064,2.789
13/01/2016 00:00,4.979,13.800,2.723
14/01/2016 00:00,5.026,13.572,2.653
15/01/2016 00:00,5.030,13.860,2.544
16/01/2016 00:00,5.023,13.836,2.471
17/01/2016 00:00,5.021,13.799,2.408
18/01/2016 00:00,5.069,13.602,2.380
19/01/2016 00:00,5.152,13.291,2.409
20/01/2016 00:00,5.243,13.303,2.453
21/01/2016 00:00,5.358,13.753,2.602
22/01/2016 00:00,5.460,13.947,2.733
23/01/2016 00:00,5.481,14.347,2.613
24/01/2016 00:00,5.580,14.232,2.572
25/01/2016 00:00,5.448,13.639,2.370
26/01/2016 00:00,5.242,13.072,2.198
27/01/2016 00:00,5.036,12.645,2.089
28/01/2016 00:00,4.877,12.347,1.991
29/01/2016 00:00,4.769,12.130,1.918
30/01/2016 00:00,4.726,11.915,1.850
31/01/2016 00:00,4.708,11.714,1.777
01/02/2016 00:00,4.679,11.491,1.708
02/02/2016 00:00,4.620,11.225,1.661
03/02/2016 00:00,4.582,11.046,1.623
04/02/2016 00:00,4.576,10.919,1.604
05/02/2016 00:00,4.576,10.713,1.570
06/02/2016 00:00,4.601,10.551,1.561
07/02/2016 00:00,4.634,10.539,1.553
08/02/2016 00:00,4.582,10.271,1.509
09/02/2016 00:00,4.505,10.044,1.457
10/02/2016 00:00,4.456,9.814,1.399
11/02/2016 00:00,4.418,9.749,1.369
12/02/2016 00:00,4.384,9.569,1.331
13/02/2016 00:00,4.363,9.531,1.309
14/02/2016 00:00,4.335,9.416,1.281
15/02/2016 00:00,4.319,9.364,1.275
16/02/2016 00:00,4.313,9.325,1.261
17/02/2016 00:00,4.290,9.241,1.250
18/02/2016 00:00,4.274,9.203,1.231
19/02/2016 00:00,4.185,9.018,1.193
20/02/2016 00:00,4.128,8.953,1.180
21/02/2016 00:00,4.086,8.829,1.152
22/02/2016 00:00,4.030,8.687,1.124
23/02/2016 00:00,3.965,8.489,1.091
24/02/2016 00:00,3.930,8.335,1.072
25/02/2016 00:00,3.922,8.392,1.090
26/02/2016 00:00,3.930,8.463,1.119
27/02/2016 00:00,3.972,8.658,1.131
28/02/2016 00:00,3.991,8.517,1.125
29/02/2016 00:00,3.965,8.729,1.093
01/03/2016 00:00,3.941,8.277,1.059
02/03/2016 00:00,3.890,8.169,1.037
03/03/2016 00:00,3.862,8.064,1.017
04/03/2016 00:00,3.838,7.788,0.987
05/03/2016 00:00,3.816,7.859,0.985
06/03/2016 00:00,3.792,7.722,0.974
07/03/2016 00:00,3.791,7.553,0.959
08/03/2016 00:00,3.789,7.512,0.936
09/03/2016 00:00,3.776,7.399,0.929
10/03/2016 00:00,3.782,7.260,0.925
11/03/2016 00:00,3.794,7.300,0.935
12/03/2016 00:00,3.772,7.202,0.942
13/03/2016 00:00,3.721,6.854,0.926
14/03/2016 00:00,3.765,6.920,0.901
15/03/2016 00:00,3.748,6.885,0.895
16/03/2016 00:00,3.729,6.806,0.898
17/03/2016 00:00,3.723,6.711,0.896
18/03/2016 00:00,3.651,6.493,0.876
19/03/2016 00:00,3.624,6.359,0.847
20/03/2016 00:00,3.601,6.092,0.826
21/03/2016 00:00,3.606,5.578,0.816
22/03/2016 00:00,3.619,5.188,0.818
23/03/2016 00:00,3.619,4.883,0.827
24/03/2016 00:00,3.647,4.750,0.821
25/03/2016 00:00,3.640,4.688,0.807
26/03/2016 00:00,3.631,4.475,0.788
27/03/2016 00:00,3.643,4.462,0.781
28/03/2016 00:00,3.690,4.385,0.802
29/03/2016 00:00,3.765,4.428,0.849
30/03/2016 00:00,3.782,4.244,0.858
31/03/2016 00:00,3.769,4.202,0.828
01/04/2016 00:00,3.769,4.177,0.814
02/04/2016 00:00,3.747,4.176,0.805
03/04/2016 00:00,3.715,4.153,0.796
04/04/2016 00:00,3.677,4.097,0.781
05/04/2016 00:00,3.663,4.050,0.786
06/04/2016 00:00,3.705,4.092,0.851
07/04/2016 00:00,3.855,4.259,0.941
08/04/2016 00:00,3.860,4.320,0.969
09/04/2016 00:00,3.968,4.458,0.950
10/04/2016 00:00,4.026,4.357,0.880
11/04/2016 00:00,4.049,4.269,0.803
12/04/2016 00:00,4.065,4.276,0.800
13/04/2016 00:00,4.027,4.084,0.759
14/04/2016 00:00,3.959,4.033,0.759
15/04/2016 00:00,3.997,4.045,0.746
16/04/2016 00:00,3.845,4.059,0.719
17/04/2016 00:00,3.835,4.053,0.718
18/04/2016 00:00,3.885,4.067,0.738
19/04/2016 00:00,3.963,4.086,0.741
20/04/2016 00:00,3.861,4.090,0.752
21/04/2016 00:00,3.973,4.132,0.737
22/04/2016 00:00,3.915,3.873,0.732
23/04/2016 00:00,3.850,4.039,0.695
24/04/2016 00:00,3.868,4.116,0.699
25/04/2016 00:00,3.845,4.069,0.702
26/04/2016 00:00,3.813,4.334,0.697
27/04/2016 00:00,3.812,4.360,0.696
28/04/2016 00:00,3.819,4.445,0.687
29/04/2016 00:00,3.800,4.470,0.674
30/04/2016 00:00,3.790,4.499,0.663
01/05/2016 00:00,3.780,4.553,0.662
02/05/2016 00:00,3.786,4.565,0.672
03/05/2016 00:00,3.820,4.651,0.680
04/05/2016 00:00,3.887,4.774,0.697
05/05/2016 00:00,3.929,4.805,0.705
06/05/2016 00:00,3.908,4.857,0.715
07/05/2016 00:00,4.246,5.305,0.722
08/05/2016 00:00,4.380,5.625,0.703
09/05/2016 00:00,4.460,5.868,0.716
10/05/2016 00:00,4.620,5.687,0.741
11/05/2016 00:00,4.364,5.224,0.745
12/05/2016 00:00,4.174,5.071,0.740
13/05/2016 00:00,4.087,4.865,0.695
14/05/2016 00:00,3.977,4.996,0.677
15/05/2016 00:00,4.108,5.223,0.801
16/05/2016 00:00,11.835,48.437,14.642
17/05/2016 00:00,26.691,154.675,109.429
18/05/2016 00:00,30.838,140.116,92.118
19/05/2016 00:00,17.031,99.389,47.981
20/05/2016 00:00,11.043,46.186,27.112
21/05/2016 00:00,9.904,23.499,20.822
22/05/2016 00:00,7.596,14.176,10.301
23/05/2016 00:00,6.444,12.005,4.959
24/05/2016 00:00,5.520,10.343,3.679
25/05/2016 00:00,4.983,9.039,3.235
26/05/2016 00:00,4.816,9.422,2.976
27/05/2016 00:00,5.335,14.417,7.381
28/05/2016 00:00,5.912,15.599,9.140
29/05/2016 00:00,6.427,12.857,6.835
30/05/2016 00:00,5.497,10.875,3.777
31/05/2016 00:00,5.542,10.866,3.162
01/06/2016 00:00,6.609,13.430,2.924
02/06/2016 00:00,6.859,13.125,2.634
03/06/2016 00:00,6.826,12.064,2.353
04/06/2016 00:00,6.178,15.625,3.910
05/06/2016 00:00,7.405,14.532,4.139
06/06/2016 00:00,7.610,17.857,3.996
07/06/2016 00:00,7.694,21.497,7.741
08/06/2016 00:00,8.004,25.555,6.457
09/06/2016 00:00,7.400,17.201,3.826
10/06/2016 00:00,6.082,11.543,2.697
11/06/2016 00:00,5.490,9.592,2.269
12/06/2016 00:00,5.310,9.153,2.083
13/06/2016 00:00,5.081,8.606,1.996
14/06/2016 00:00,4.858,7.803,2.000
15/06/2016 00:00,4.839,7.514,1.786
16/06/2016 00:00,4.819,6.840,1.591
17/06/2016 00:00,4.882,7.359,1.571
18/06/2016 00:00,5.226,8.422,1.762
19/06/2016 00:00,6.346,14.618,2.936
20/06/2016 00:00,7.860,25.223,5.460
21/06/2016 00:00,9.799,39.719,13.089
22/06/2016 00:00,17.188,57.223,22.279
23/06/2016 00:00,14.787,61.232,19.451
24/06/2016 00:00,11.084,47.661,14.706
25/06/2016 00:00,8.845,31.124,10.637
26/06/2016 00:00,8.712,32.387,10.235
27/06/2016 00:00,7.876,23.397,8.349
28/06/2016 00:00,8.709,28.718,9.871
29/06/2016 00:00,10.162,42.638,10.564
30/06/2016 00:00,8.923,33.921,7.351
01/07/2016 00:00,7.747,20.629,4.358
02/07/2016 00:00,6.880,16.367,3.566
03/07/2016 00:00,6.390,13.645,2.871
04/07/2016 00:00,5.607,12.526,2.623
05/07/2016 00:00,5.132,11.963,2.559
06/07/2016 00:00,5.519,16.026,5.947
07/07/2016 00:00,6.509,20.255,6.626
08/07/2016 00:00,6.347,18.469,4.768
09/07/2016 00:00,5.647,14.499,3.162
10/07/2016 00:00,4.744,11.847,2.376
11/07/2016 00:00,4.513,10.288,2.084
12/07/2016 00:00,4.416,9.448,2.011
13/07/2016 00:00,4.430,8.974,1.987
14/07/2016 00:00,4.701,9.135,2.036
15/07/2016 00:00,5.445,12.327,2.864
16/07/2016 00:00,6.112,16.603,3.392
17/07/2016 00:00,6.523,24.423,5.231
18/07/2016 00:00,7.873,38.205,7.408
19/07/2016 00:00,8.582,32.262,7.456
20/07/2016 00:00,7.947,39.783,9.606
21/07/2016 00:00,7.171,34.899,7.256
22/07/2016 00:00,6.518,22.429,6.914
23/07/2016 00:00,6.769,19.283,5.384
24/07/2016 00:00,8.693,44.531,7.285
25/07/2016 00:00,20.570,66.097,13.020
26/07/2016 00:00,23.320,66.745,13.264
27/07/2016 00:00,17.733,48.512,9.891
28/07/2016 00:00,17.285,51.963,9.535
29/07/2016 00:00,15.648,45.864,9.068
30/07/2016 00:00,12.290,41.141,7.612
31/07/2016 00:00,9.499,28.425,6.142
01/08/2016 00:00,8.112,21.300,3.640
02/08/2016 00:00,7.016,16.427,2.721
03/08/2016 00:00,6.055,14.545,2.524
04/08/2016 00:00,5.339,12.891,2.486
05/08/2016 00:00,5.010,11.427,2.393
06/08/2016 00:00,4.797,10.425,2.256
07/08/2016 00:00,4.654,9.793,2.181
08/08/2016 00:00,4.632,9.331,2.089
09/08/2016 00:00,4.682,9.092,2.116
10/08/2016 00:00,4.596,9.037,2.077
11/08/2016 00:00,4.576,8.677,1.941
12/08/2016 00:00,5.059,9.932,2.441
13/08/2016 00:00,7.135,25.495,5.962
14/08/2016 00:00,6.838,23.760,6.262
15/08/2016 00:00,6.551,14.980,3.427
16/08/2016 00:00,5.422,11.437,2.380
17/08/2016 00:00,4.908,9.175,2.134
18/08/2016 00:00,4.350,8.386,1.978
19/08/2016 00:00,4.323,7.966,1.823
20/08/2016 00:00,5.558,13.508,3.119
21/08/2016 00:00,5.217,12.040,3.054
22/08/2016 00:00,5.663,12.070,3.749
23/08/2016 00:00,5.520,12.643,4.207
24/08/2016 00:00,6.035,26.088,8.763
25/08/2016 00:00,5.934,21.504,8.632
26/08/2016 00:00,6.728,32.635,9.580
27/08/2016 00:00,6.468,32.470,9.876
28/08/2016 00:00,6.135,30.889,8.506
29/08/2016 00:00,6.488,38.214,10.957
30/08/2016 00:00,9.492,57.379,17.811
31/08/2016 00:00,11.964,55.425,20.674
01/09/2016 00:00,8.957,40.600,14.438
02/09/2016 00:00,6.838,32.624,9.712
03/09/2016 00:00,6.244,28.010,7.346
04/09/2016 00:00,6.387,22.024,5.779
05/09/2016 00:00,6.343,17.902,4.326
06/09/2016 00:00,5.266,14.948,3.515
07/09/2016 00:00,5.087,12.546,2.929
08/09/2016 00:00,4.672,11.059,2.694
09/09/2016 00:00,4.654,10.796,2.866
10/09/2016 00:00,5.815,19.682,6.510
11/09/2016 00:00,5.770,19.342,7.271
12/09/2016 00:00,5.897,15.498,5.204
13/09/2016 00:00,5.903,25.146,6.579
14/09/2016 00:00,5.966,22.465,7.748
15/09/2016 00:00,6.373,23.682,7.938
16/09/2016 00:00,6.276,18.621,7.377
17/09/2016 00:00,6.660,16.068,7.282
18/09/2016 00:00,6.222,13.351,4.174
19/09/2016 00:00,5.744,11.433,3.318
20/09/2016 00:00,6.281,18.951,6.351
21/09/2016 00:00,6.262,19.516,8.257
22/09/2016 00:00,6.128,18.844,6.623
23/09/2016 00:00,5.453,14.039,3.665
24/09/2016 00:00,5.507,11.311,2.955
25/09/2016 00:00,5.224,10.066,2.719
26/09/2016 00:00,5.647,10.215,4.547
27/09/2016 00:00,6.383,28.277,18.037
28/09/2016 00:00,12.218,52.413,27.872
29/09/2016 00:00,12.488,59.184,29.832
30/09/2016 00:00,11.467,50.949,20.871
01/10/2016 00:00,8.339,34.716,13.473
02/10/2016 00:00,7.183,19.124,6.379
03/10/2016 00:00,5.730,15.724,4.732
04/10/2016 00:00,5.935,17.634,6.628
05/10/2016 00:00,5.746,17.493,6.485
06/10/2016 00:00,4.748,15.379,4.305
07/10/2016 00:00,4.528,12.374,3.522
08/10/2016 00:00,4.430,10.852,3.238
09/10/2016 00:00,4.982,14.522,3.998
10/10/2016 00:00,5.252,18.761,6.885
11/10/2016 00:00,6.019,25.213,7.060
12/10/2016 00:00,6.750,34.741,8.194
13/10/2016 00:00,6.942,27.634,4.796
14/10/2016 00:00,5.877,17.961,3.177
15/10/2016 00:00,5.145,12.885,2.570
16/10/2016 00:00,4.351,11.414,2.316
17/10/2016 00:00,3.927,10.184,2.181
18/10/2016 00:00,3.768,9.640,2.044
19/10/2016 00:00,3.658,9.117,1.902
20/10/2016 00:00,3.632,8.833,1.781
21/10/2016 00:00,3.700,8.918,1.757
22/10/2016 00:00,3.700,8.508,1.695
23/10/2016 00:00,3.719,8.129,1.616
24/10/2016 00:00,3.770,7.565,1.462
25/10/2016 00:00,3.421,6.954,1.458
26/10/2016 00:00,3.390,6.696,1.320
27/10/2016 00:00,3.621,6.634,1.351
28/10/2016 00:00,3.422,6.964,1.401
29/10/2016 00:00,3.596,9.510,2.333
30/10/2016 00:00,4.704,15.228,3.925
31/10/2016 00:00,4.916,15.887,3.568
01/11/2016 00:00,4.854,16.861,3.706
02/11/2016 00:00,4.813,17.695,5.596
03/11/2016 00:00,4.115,17.777,5.846
04/11/2016 00:00,4.204,14.859,3.877
05/11/2016 00:00,4.068,10.064,2.277
06/11/2016 00:00,3.750,10.217,1.782
07/11/2016 00:00,3.670,8.843,1.760
08/11/2016 00:00,3.261,8.275,1.634
09/11/2016 00:00,3.252,7.877,1.455
10/11/2016 00:00,3.124,7.971,1.341
11/11/2016 00:00,2.881,8.011,1.267
12/11/2016 00:00,3.138,8.036,2.074
13/11/2016 00:00,3.474,11.455,3.339
14/11/2016 00:00,3.818,11.213,2.734
15/11/2016 00:00,3.507,10.403,1.928
16/11/2016 00:00,3.292,9.858,1.673
17/11/2016 00:00,3.212,8.667,1.612
18/11/2016 00:00,3.104,8.216,1.416
19/11/2016 00:00,2.839,7.280,1.251
20/11/2016 00:00,2.809,7.517,1.316
21/11/2016 00:00,2.717,7.508,1.275
22/11/2016 00:00,2.323,6.588,0.905
23/11/2016 00:00,2.312,6.381,0.886
24/11/2016 00:00,2.229,6.157,1.108
25/11/2016 00:00,2.201,6.046,0.812
26/11/2016 00:00,2.182,5.606,0.810
27/11/2016 00:00,2.006,5.423,0.980
28/11/2016 00:00,1.986,4.901,0.933
29/11/2016 00:00,1.754,4.688,0.957
30/11/2016 00:00,1.876,5.346,1.123
01/12/2016 00:00,2.931,11.304,4.564
02/12/2016 00:00,5.117,16.106,13.235
03/12/2016 00:00,4.816,12.080,9.422
04/12/2016 00:00,4.952,12.641,10.165
05/12/2016 00:00,4.898,11.561,8.872
06/12/2016 00:00,4.134,11.657,3.735
07/12/2016 00:00,3.175,10.058,2.817
08/12/2016 00:00,3.261,8.792,2.112
09/12/2016 00:00,2.928,6.483,1.424
10/12/2016 00:00,2.624,5.408,1.143
11/12/2016 00:00,3.001,8.196,5.723
12/12/2016 00:00,10.905,40.943,25.998
13/12/2016 00:00,12.586,44.201,48.924
14/12/2016 00:00,9.031,27.885,16.736
15/12/2016 00:00,5.370,20.730,9.311
16/12/2016 00:00,4.209,13.942,6.373
17/12/2016 00:00,4.446,10.713,3.024
18/12/2016 00:00,3.982,7.665,2.049
19/12/2016 00:00,3.459,6.614,1.730
20/12/2016 00:00,3.570,6.071,1.684
21/12/2016 00:00,3.471,6.035,1.614
22/12/2016 00:00,3.367,5.752,1.422
23/12/2016 00:00,3.140,5.383,1.334
24/12/2016 00:00,3.006,5.040,1.228
25/12/2016 00:00,2.741,4.845,1.163
26/12/2016 00:00,2.607,4.683,1.125
27/12/2016 00:00,2.494,4.688,1.131
28/12/2016 00:00,2.443,4.671,1.066
29/12/2016 00:00,2.360,4.586,0.991
30/12/2016 00:00,2.303,4.476,0.931
31/12/2016 00:00,2.221,4.413,0.895
01/01/2017 00:00,2.181,4.403,0.924
02/01/2017 00:00,2.154,4.558,0.897
03/01/2017 00:00,2.041,4.635,0.837
04/01/2017 00:00,2.011,4.624,0.809
05/01/2017 00:00,1.946,4.617,0.772
06/01/2017 00:00,1.901,4.665,0.770
07/01/2017 00:00,1.830,4.691,0.752
08/01/2017 00:00,1.802,4.715,0.726
09/01/2017 00:00,1.742,4.699,0.703
10/01/2017 00:00,1.716,4.710,0.694
11/01/2017 00:00,1.699,4.739,0.686
12/01/2017 00:00,1.725,4.812,0.695
13/01/2017 00:00,1.780,4.864,0.700
14/01/2017 00:00,1.773,4.880,0.673
15/01/2017 00:00,1.718,4.835,0.659
16/01/2017 00:00,1.654,4.793,0.644
17/01/2017 00:00,1.593,4.809,0.630
18/01/2017 00:00,1.523,4.759,0.651
19/01/2017 00:00,1.549,4.757,0.686
20/01/2017 00:00,2.458,7.685,1.806
21/01/2017 00:00,2.803,9.053,1.929
22/01/2017 00:00,2.658,8.106,1.100
23/01/2017 00:00,2.295,5.379,0.886
24/01/2017 00:00,1.988,4.541,0.799
25/01/2017 00:00,1.896,4.455,0.764
26/01/2017 00:00,3.608,9.573,2.026
27/01/2017 00:00,6.326,13.991,5.328
28/01/2017 00:00,5.957,15.476,6.323
29/01/2017 00:00,5.180,14.207,5.665
30/01/2017 00:00,4.404,8.238,3.186
31/01/2017 00:00,3.176,6.797,1.610
01/02/2017 00:00,3.092,5.784,1.026
02/02/2017 00:00,2.997,4.843,0.919
03/02/2017 00:00,2.675,4.469,0.862
04/02/2017 00:00,2.376,4.358,0.831
05/02/2017 00:00,2.295,4.429,0.805
06/02/2017 00:00,2.166,4.422,0.785
07/02/2017 00:00,2.133,4.099,0.760
08/02/2017 00:00,2.024,4.139,0.742
09/02/2017 00:00,2.000,4.075,0.728
10/02/2017 00:00,1.923,4.130,0.720
11/02/2017 00:00,1.923,4.188,0.720
12/02/2017 00:00,1.890,4.181,0.729
13/02/2017 00:00,1.956,4.391,0.768
14/02/2017 00:00,2.043,4.639,0.768
15/02/2017 00:00,2.008,4.787,0.742
16/02/2017 00:00,1.932,4.639,0.714
17/02/2017 00:00,1.834,4.649,0.695
18/02/2017 00:00,1.775,4.605,0.682
19/02/2017 00:00,1.710,4.798,0.673
20/02/2017 00:00,1.700,4.928,0.665
21/02/2017 00:00,1.663,5.145,0.652
22/02/2017 00:00,1.628,5.188,0.656
23/02/2017 00:00,1.614,5.122,0.661
24/02/2017 00:00,1.576,4.847,0.653
25/02/2017 00:00,1.499,4.742,0.647
26/02/2017 00:00,1.432,4.545,0.644
27/02/2017 00:00,1.359,4.468,0.631
28/02/2017 00:00,1.321,4.392,0.617
01/03/2017 00:00,1.276,4.383,0.606
02/03/2017 00:00,1.338,4.361,0.614
03/03/2017 00:00,1.438,5.262,0.744
04/03/2017 00:00,1.903,6.477,1.250
05/03/2017 00:00,1.874,6.972,1.069
06/03/2017 00:00,2.124,6.804,0.917
07/03/2017 00:00,2.249,6.974,0.917
08/03/2017 00:00,2.503,7.391,0.887
09/03/2017 00:00,2.596,7.553,0.896
10/03/2017 00:00,2.785,7.892,0.907
11/03/2017 00:00,2.870,8.462,0.899
12/03/2017 00:00,2.848,8.222,0.805
13/03/2017 00:00,2.704,7.893,0.744
14/03/2017 00:00,2.633,7.960,0.819
15/03/2017 00:00,2.532,7.678,0.728
16/03/2017 00:00,2.334,6.873,0.662
17/03/2017 00:00,2.080,6.328,0.627
18/03/2017 00:00,2.004,6.077,0.602
19/03/2017 00:00,1.922,5.997,0.600
20/03/2017 00:00,1.837,6.056,0.604
21/03/2017 00:00,1.790,5.983,0.597
22/03/2017 00:00,1.689,5.827,0.591
23/03/2017 00:00,1.650,5.526,0.565
24/03/2017 00:00,1.524,5.218,0.546
25/03/2017 00:00,1.511,4.993,0.535
26/03/2017 00:00,1.458,4.996,0.533
27/03/2017 00:00,1.461,4.946,0.548
28/03/2017 00:00,1.423,4.850,0.561
29/03/2017 00:00,1.437,4.759,0.553
30/03/2017 00:00,1.387,4.691,0.559
31/03/2017 00:00,1.411,4.664,0.563
01/04/2017 00:00,1.336,4.592,0.561
02/04/2017 00:00,1.383,4.431,0.565
03/04/2017 00:00,1.355,4.513,0.568
04/04/2017 00:00,1.431,4.478,0.591
05/04/2017 00:00,1.372,4.583,0.605
06/04/2017 00:00,1.393,4.437,0.604
07/04/2017 00:00,1.305,4.408,0.604
08/04/2017 00:00,1.379,4.287,0.598
09/04/2017 00:00,1.319,4.289,0.602
10/04/2017 00:00,1.422,4.280,0.599
11/04/2017 00:00,1.338,4.249,0.600
12/04/2017 00:00,1.422,4.243,0.608
13/04/2017 00:00,1.337,4.231,0.610
14/04/2017 00:00,1.375,4.187,0.607
15/04/2017 00:00,1.273,4.150,0.606
16/04/2017 00:00,1.368,4.144,0.609
17/04/2017 00:00,1.334,4.190,0.625
18/04/2017 00:00,1.441,4.243,0.627
19/04/2017 00:00,1.350,4.253,0.626
20/04/2017 00:00,1.427,4.306,0.631
21/04/2017 00:00,1.368,4.419,0.634
22/04/2017 00:00,1.462,4.469,0.659
23/04/2017 00:00,1.399,4.473,0.665
24/04/2017 00:00,1.494,4.528,0.680
25/04/2017 00:00,1.546,4.576,0.694
26/04/2017 00:00,1.511,4.564,0.698
27/04/2017 00:00,1.446,4.496,0.701
28/04/2017 00:00,1.445,4.451,0.721
29/04/2017 00:00,1.385,4.437,0.745
30/04/2017 00:00,1.465,4.475,0.777
01/05/2017 00:00,1.422,4.515,0.822
02/05/2017 00:00,1.464,4.486,0.866
03/05/2017 00:00,1.392,4.454,0.889
04/05/2017 00:00,1.437,4.551,0.901
05/05/2017 00:00,1.334,4.507,0.890
06/05/2017 00:00,1.447,4.598,0.902
07/05/2017 00:00,1.696,5.104,0.923
08/05/2017 00:00,1.701,5.547,0.858
09/05/2017 00:00,2.090,6.416,0.952
10/05/2017 00:00,2.430,6.026,0.956
11/05/2017 00:00,2.734,7.118,1.040
12/05/2017 00:00,2.609,6.332,0.995
13/05/2017 00:00,2.449,5.761,0.847
14/05/2017 00:00,2.275,4.446,0.728
15/05/2017 00:00,2.348,4.863,0.789
16/05/2017 00:00,2.162,4.450,0.803
17/05/2017 00:00,2.194,4.427,0.843
18/05/2017 00:00,2.629,5.931,1.549
19/05/2017 00:00,2.596,7.199,1.267
20/05/2017 00:00,2.522,6.821,1.338
21/05/2017 00:00,2.511,5.762,1.297
22/05/2017 00:00,2.453,5.585,1.371
23/05/2017 00:00,2.307,5.596,1.384
24/05/2017 00:00,2.130,5.533,1.287
25/05/2017 00:00,2.377,5.437,1.435
26/05/2017 00:00,3.816,6.802,1.620
27/05/2017 00:00,3.722,8.372,1.780
28/05/2017 00:00,3.239,7.823,1.722
29/05/2017 00:00,2.357,6.156,1.361
30/05/2017 00:00,1.863,5.164,1.167
31/05/2017 00:00,1.880,4.928,1.271
01/06/2017 00:00,1.790,5.299,1.280
02/06/2017 00:00,1.823,5.526,1.401
03/06/2017 00:00,1.802,5.872,1.469
04/06/2017 00:00,1.798,6.222,1.472
05/06/2017 00:00,1.879,6.389,1.444
06/06/2017 00:00,3.697,9.967,2.500
07/06/2017 00:00,3.387,9.089,3.249
08/06/2017 00:00,3.282,8.146,3.252
09/06/2017 00:00,2.518,6.658,2.429
10/06/2017 00:00,2.034,5.487,1.722
11/06/2017 00:00,2.115,5.360,1.431
12/06/2017 00:00,2.085,5.535,1.519
13/06/2017 00:00,2.058,5.674,1.760
14/06/2017 00:00,2.535,8.742,2.118
15/06/2017 00:00,2.678,9.028,2.239
16/06/2017 00:00,2.524,8.904,2.197
17/06/2017 00:00,2.369,6.812,1.842
18/06/2017 00:00,2.223,5.674,1.495
19/06/2017 00:00,3.610,10.136,2.850
20/06/2017 00:00,4.710,12.892,4.044
21/06/2017 00:00,4.009,10.443,4.266
22/06/2017 00:00,3.618,7.707,2.699
23/06/2017 00:00,3.292,7.600,2.681
24/06/2017 00:00,3.709,9.548,2.792
25/06/2017 00:00,3.641,8.743,2.457
26/06/2017 00:00,3.180,7.402,2.240
27/06/2017 00:00,2.935,6.461,1.957
28/06/2017 00:00,2.647,5.262,1.765
29/06/2017 00:00,2.399,4.717,1.882
30/06/2017 00:00,2.333,4.709,1.848
01/07/2017 00:00,2.266,4.951,1.790
02/07/2017 00:00,2.270,5.024,1.769
03/07/2017 00:00,2.421,5.672,1.764
04/07/2017 00:00,2.346,5.794,1.834
05/07/2017 00:00,2.346,5.942,1.983
06/07/2017 00:00,2.359,6.395,2.068
07/07/2017 00:00,2.305,6.382,2.100
08/07/2017 00:00,2.368,6.150,1.966
09/07/2017 00:00,2.317,6.587,2.217
10/07/2017 00:00,2.350,6.519,2.373
11/07/2017 00:00,3.528,10.341,3.788
12/07/2017 00:00,3.984,10.908,4.129
13/07/2017 00:00,3.701,9.491,3.436
14/07/2017 00:00,3.525,6.510,2.785
15/07/2017 00:00,3.251,5.525,2.551
16/07/2017 00:00,2.952,5.039,2.156
17/07/2017 00:00,2.668,4.984,1.448
18/07/2017 00:00,2.435,4.962,1.327
19/07/2017 00:00,2.431,5.442,1.430
20/07/2017 00:00,2.247,5.366,0.935
21/07/2017 00:00,2.154,5.560,1.024
22/07/2017 00:00,2.027,5.076,1.422
23/07/2017 00:00,1.964,4.950,1.311
24/07/2017 00:00,1.954,4.542,1.127
25/07/2017 00:00,1.980,4.300,1.189
26/07/2017 00:00,1.975,4.504,1.766
27/07/2017 00:00,2.084,5.156,1.855
28/07/2017 00:00,3.982,11.530,3.681
29/07/2017 00:00,5.944,20.140,12.240
30/07/2017 00:00,9.309,26.268,10.032
31/07/2017 00:00,8.412,20.925,4.523
01/08/2017 00:00,10.838,27.423,5.808
02/08/2017 00:00,11.367,22.858,6.902
03/08/2017 00:00,8.304,15.805,6.636
04/08/2017 00:00,5.281,9.806,5.268
05/08/2017 00:00,4.654,7.545,4.568
06/08/2017 00:00,4.250,6.444,4.117
07/08/2017 00:00,4.724,7.011,4.576
08/08/2017 00:00,6.362,10.254,6.041
09/08/2017 00:00,8.056,13.954,6.582
10/08/2017 00:00,8.345,14.647,7.371
11/08/2017 00:00,7.524,14.515,7.731
12/08/2017 00:00,20.550,39.896,15.155
13/08/2017 00:00,18.377,45.235,14.339
14/08/2017 00:00,14.914,30.368,12.441
15/08/2017 00:00,10.032,26.291,12.301
16/08/2017 00:00,8.922,24.171,10.621
17/08/2017 00:00,10.290,22.204,12.494
18/08/2017 00:00,10.206,24.017,12.769
19/08/2017 00:00,8.915,24.666,10.907
20/08/2017 00:00,9.627,28.869,11.568
21/08/2017 00:00,8.504,25.854,10.022
22/08/2017 00:00,7.270,23.314,10.297
23/08/2017 00:00,12.123,26.773,10.703
24/08/2017 00:00,13.343,32.258,10.433
25/08/2017 00:00,10.566,27.840,11.694
26/08/2017 00:00,10.971,30.708,10.578
27/08/2017 00:00,8.525,25.674,9.584
28/08/2017 00:00,6.438,18.981,8.293
29/08/2017 00:00,4.993,11.217,6.380
30/08/2017 00:00,5.639,14.589,6.932
31/08/2017 00:00,10.368,22.387,9.006
01/09/2017 00:00,21.314,38.588,12.091
02/09/2017 00:00,16.390,36.575,12.654
03/09/2017 00:00,10.918,24.821,9.067
04/09/2017 00:00,8.016,17.973,7.195
05/09/2017 00:00,20.305,33.974,9.976
06/09/2017 00:00,25.407,45.268,13.550
07/09/2017 00:00,21.556,35.793,10.352
08/09/2017 00:00,14.404,27.487,9.183
09/09/2017 00:00,14.311,27.051,8.975
10/09/2017 00:00,11.622,21.327,7.496
11/09/2017 00:00,8.974,16.484,6.469
12/09/2017 00:00,7.092,14.883,5.752
13/09/2017 00:00,6.132,12.991,5.772
14/09/2017 00:00,5.545,11.251,5.048
15/09/2017 00:00,4.923,9.691,4.528
16/09/2017 00:00,9.393,20.391,8.657
17/09/2017 00:00,13.987,27.075,9.917
18/09/2017 00:00,10.238,21.255,6.041
19/09/2017 00:00,5.732,12.286,3.967
20/09/2017 00:00,4.755,9.345,3.216
21/09/2017 00:00,4.237,8.118,2.746
22/09/2017 00:00,3.866,7.127,2.752
23/09/2017 00:00,3.845,7.110,3.066
24/09/2017 00:00,7.284,14.152,6.814
25/09/2017 00:00,10.202,22.207,8.985
26/09/2017 00:00,11.935,32.945,11.980
27/09/2017 00:00,14.816,38.964,13.927
28/09/2017 00:00,12.518,36.144,11.658
29/09/2017 00:00,8.858,26.187,8.313
30/09/2017 00:00,7.064,21.393,7.042
01/10/2017 00:00,8.997,26.809,9.218
02/10/2017 00:00,13.321,29.503,8.858
03/10/2017 00:00,28.787,70.172,21.128
04/10/2017 00:00,36.727,81.536,27.223
05/10/2017 00:00,46.436,106.886,50.070
06/10/2017 00:00,36.856,91.868,36.800
07/10/2017 00:00,27.314,67.120,20.137
08/10/2017 00:00,19.230,47.902,16.884
09/10/2017 00:00,17.451,45.145,16.340
10/10/2017 00:00,23.631,51.888,18.072
11/10/2017 00:00,21.104,46.863,15.947
12/10/2017 00:00,18.435,44.327,16.041
13/10/2017 00:00,17.109,43.127,16.609
14/10/2017 00:00,20.846,55.402,22.051
15/10/2017 00:00,20.246,66.770,23.306
16/10/2017 00:00,19.561,68.518,28.237
17/10/2017 00:00,18.291,53.898,26.802
18/10/2017 00:00,17.358,42.793,20.876
19/10/2017 00:00,12.036,29.216,13.936
20/10/2017 00:00,9.082,23.152,10.181
21/10/2017 00:00,7.326,20.997,9.440
22/10/2017 00:00,11.918,28.242,13.630
23/10/2017 00:00,12.689,32.036,13.269
24/10/2017 00:00,8.819,26.532,11.216
25/10/2017 00:00,8.051,23.175,11.699
26/10/2017 00:00,9.544,23.498,13.162
27/10/2017 00:00,13.270,31.783,20.907
28/10/2017 00:00,11.957,34.984,17.815
29/10/2017 00:00,11.316,34.229,23.626
30/10/2017 00:00,30.873,108.383,56.899
31/10/2017 00:00,58.070,176.875,161.409
01/11/2017 00:00,73.481,275.597,161.855
02/11/2017 00:00,63.074,203.332,137.163
03/11/2017 00:00,67.480,256.256,172.425
04/11/2017 00:00,85.219,345.846,177.991
05/11/2017 00:00,106.361,364.963,188.507
06/11/2017 00:00,74.593,288.576,156.860
07/11/2017 00:00,57.488,192.894,97.669
08/11/2017 00:00,48.327,122.346,76.382
09/11/2017 00:00,29.125,74.096,54.381
10/11/2017 00:00,38.160,91.835,64.697
11/11/2017 00:00,36.581,114.186,83.234
12/11/2017 00:00,27.398,106.506,75.072
13/11/2017 00:00,29.515,93.259,79.730
14/11/2017 00:00,24.976,88.943,63.925
15/11/2017 00:00,23.228,75.290,44.746
16/11/2017 00:00,22.216,69.692,32.497
17/11/2017 00:00,16.159,54.869,24.183
18/11/2017 00:00,12.444,41.252,19.467
19/11/2017 00:00,12.276,38.033,17.302
20/11/2017 00:00,11.407,36.962,17.187
21/11/2017 00:00,10.607,34.317,15.940
22/11/2017 00:00,9.395,31.144,13.237
23/11/2017 00:00,7.822,26.545,11.153
24/11/2017 00:00,6.916,22.830,9.984
25/11/2017 00:00,6.382,20.739,9.570
26/11/2017 00:00,13.605,43.269,26.965
27/11/2017 00:00,16.384,62.216,31.773
28/11/2017 00:00,13.060,50.335,18.081
29/11/2017 00:00,20.566,84.495,53.561
30/11/2017 00:00,43.648,156.798,114.755
01/12/2017 00:00,116.848,364.803,208.152
02/12/2017 00:00,99.666,392.757,176.647
03/12/2017 00:00,80.774,197.712,73.268
04/12/2017 00:00,39.893,120.568,40.506
05/12/2017 00:00,24.342,76.561,35.659
06/12/2017 00:00,18.106,58.102,27.751
07/12/2017 00:00,13.360,46.237,20.977
08/12/2017 00:00,11.221,36.126,16.147
09/12/2017 00:00,9.747,30.676,13.564
10/12/2017 00:00,8.745,27.355,12.128
11/12/2017 00:00,7.494,25.163,10.843
12/12/2017 00:00,6.374,21.165,10.045
13/12/2017 00:00,5.828,19.350,9.157
14/12/2017 00:00,5.542,18.558,8.427
15/12/2017 00:00,5.700,17.953,8.057
16/12/2017 00:00,5.876,18.288,7.761
17/12/2017 00:00,5.411,16.858,7.021
18/12/2017 00:00,5.196,15.697,6.280
19/12/2017 00:00,5.066,14.958,5.832
20/12/2017 00:00,4.940,14.166,5.460
21/12/2017 00:00,4.860,14.712,5.771
22/12/2017 00:00,5.136,14.931,6.116
23/12/2017 00:00,5.015,14.234,5.384
24/12/2017 00:00,4.927,13.593,4.950
25/12/2017 00:00,4.874,13.179,4.858
26/12/2017 00:00,4.808,12.762,4.566
27/12/2017 00:00,4.695,12.442,4.241
28/12/2017 00:00,4.600,11.875,4.071
29/12/2017 00:00,4.507,11.615,3.997
30/12/2017 00:00,4.417,11.383,3.877
31/12/2017 00:00,4.368,11.158,3.747
01/01/2018 00:00,4.299,10.864,3.593
02/01/2018 00:00,4.238,10.645,3.469
03/01/2018 00:00,4.183,10.514,3.387
04/01/2018 00:00,4.123,10.313,3.225
05/01/2018 00:00,4.067,10.075,3.099
06/01/2018 00:00,4.036,9.907,3.034
07/01/2018 00:00,3.996,9.729,2.960
08/01/2018 00:00,3.932,9.660,2.984
09/01/2018 00:00,4.310,10.953,4.820
10/01/2018 00:00,4.757,12.839,5.492
11/01/2018 00:00,4.964,12.534,4.035
12/01/2018 00:00,4.705,11.700,3.564
13/01/2018 00:00,4.438,10.828,3.268
14/01/2018 00:00,4.240,10.287,3.144
15/01/2018 00:00,4.078,10.117,3.064
16/01/2018 00:00,3.927,10.069,3.044
17/01/2018 00:00,3.776,9.608,2.912
18/01/2018 00:00,3.716,9.407,2.790
19/01/2018 00:00,3.671,9.359,2.746
20/01/2018 00:00,3.590,8.181,2.676
21/01/2018 00:00,3.483,8.466,2.668
22/01/2018 00:00,3.365,8.794,2.718
23/01/2018 00:00,3.313,8.694,2.700
24/01/2018 00:00,3.121,6.864,2.624
25/01/2018 00:00,2.891,7.022,2.617
26/01/2018 00:00,2.969,8.479,2.537
27/01/2018 00:00,2.917,7.975,2.397
28/01/2018 00:00,2.854,8.000,2.361
29/01/2018 00:00,2.787,7.907,2.329
30/01/2018 00:00,2.691,7.765,2.275
31/01/2018 00:00,2.597,7.681,2.230
01/02/2018 00:00,2.532,7.569,2.203
02/02/2018 00:00,2.474,7.487,2.183
03/02/2018 00:00,2.425,7.404,2.172
04/02/2018 00:00,2.395,7.249,2.180
05/02/2018 00:00,2.388,7.096,2.228
06/02/2018 00:00,2.460,7.181,2.390
07/02/2018 00:00,3.215,8.498,4.197
08/02/2018 00:00,3.806,9.107,3.508
09/02/2018 00:00,3.599,8.678,2.728
10/02/2018 00:00,3.312,7.846,2.478
11/02/2018 00:00,2.876,7.511,2.387
12/02/2018 00:00,2.750,7.109,2.352
13/02/2018 00:00,2.696,6.798,2.347
14/02/2018 00:00,2.674,6.622,2.342
15/02/2018 00:00,2.664,6.494,2.278
16/02/2018 00:00,2.572,6.294,2.189
17/02/2018 00:00,2.515,6.084,2.140
18/02/2018 00:00,2.470,5.939,2.078
19/02/2018 00:00,2.480,5.727,2.034
20/02/2018 00:00,2.460,5.599,1.993
21/02/2018 00:00,2.460,5.510,1.960
22/02/2018 00:00,2.410,5.440,1.924
23/02/2018 00:00,2.401,5.341,1.891
24/02/2018 00:00,2.401,5.321,1.904
25/02/2018 00:00,2.437,5.413,1.878
26/02/2018 00:00,2.379,5.377,1.835
27/02/2018 00:00,2.353,5.228,1.795
28/02/2018 00:00,2.323,5.213,1.770
01/03/2018 00:00,2.333,4.934,1.727
02/03/2018 00:00,2.317,4.588,1.695
03/03/2018 00:00,2.308,5.023,1.656
04/03/2018 00:00,2.276,4.476,1.637
05/03/2018 00:00,2.259,4.376,1.611
06/03/2018 00:00,2.255,4.367,1.598
07/03/2018 00:00,2.259,4.353,1.582
08/03/2018 00:00,2.246,4.277,1.559
09/03/2018 00:00,2.266,4.244,1.553
10/03/2018 00:00,2.219,4.277,1.539
11/03/2018 00:00,2.199,4.265,1.541
12/03/2018 00:00,2.256,4.354,1.583
13/03/2018 00:00,2.417,4.463,1.624
14/03/2018 00:00,2.398,4.684,1.612
15/03/2018 00:00,2.372,4.719,1.564
16/03/2018 00:00,3.810,7.229,4.856
17/03/2018 00:00,6.545,12.626,7.159
18/03/2018 00:00,5.585,9.973,3.544
19/03/2018 00:00,4.330,7.804,2.189
20/03/2018 00:00,3.468,6.731,1.933
21/03/2018 00:00,3.147,6.038,1.800
22/03/2018 00:00,2.843,5.567,1.725
23/03/2018 00:00,2.783,5.177,1.674
24/03/2018 00:00,2.876,4.933,1.631
25/03/2018 00:00,2.951,4.862,1.577
26/03/2018 00:00,2.991,4.821,1.530
27/03/2018 00:00,3.028,4.911,1.512
28/03/2018 00:00,3.063,5.014,1.495
29/03/2018 00:00,3.079,5.060,1.460
30/03/2018 00:00,3.100,5.047,1.443
31/03/2018 00:00,3.107,5.072,1.439
01/04/2018 00:00,3.111,5.049,1.423
02/04/2018 00:00,3.114,5.015,1.428
03/04/2018 00:00,3.095,4.967,1.408
04/04/2018 00:00,2.995,4.917,1.357
05/04/2018 00:00,2.953,4.861,1.314
06/04/2018 00:00,2.859,4.823,1.276
07/04/2018 00:00,2.863,4.800,1.264
08/04/2018 00:00,2.963,4.883,1.326
09/04/2018 00:00,3.033,4.859,1.311
10/04/2018 00:00,3.046,4.837,1.297
11/04/2018 00:00,3.078,4.807,1.302
12/04/2018 00:00,3.105,4.810,1.301
13/04/2018 00:00,3.180,4.881,1.346
14/04/2018 00:00,3.210,4.890,1.377
15/04/2018 00:00,3.238,4.955,1.377
16/04/2018 00:00,3.291,4.888,1.356
17/04/2018 00:00,3.179,4.828,1.287
18/04/2018 00:00,3.091,4.748,1.224
19/04/2018 00:00,3.001,4.673,1.197
20/04/2018 00:00,2.998,4.603,1.180
21/04/2018 00:00,2.975,4.499,1.170
22/04/2018 00:00,2.942,4.433,1.153
23/04/2018 00:00,2.884,4.385,1.138
24/04/2018 00:00,2.856,4.337,1.114
25/04/2018 00:00,2.816,4.346,1.116
26/04/2018 00:00,2.828,4.380,1.125
27/04/2018 00:00,2.830,4.354,1.112
28/04/2018 00:00,2.762,4.298,1.097
29/04/2018 00:00,2.737,4.268,1.084
30/04/2018 00:00,2.762,4.339,1.086
01/05/2018 00:00,2.950,4.877,1.561
02/05/2018 00:00,3.176,5.188,1.713
03/05/2018 00:00,3.568,6.016,1.539
04/05/2018 00:00,3.321,6.005,1.365
05/05/2018 00:00,3.162,5.571,1.255
06/05/2018 00:00,3.007,4.981,1.174
07/05/2018 00:00,2.851,4.961,1.160
08/05/2018 00:00,3.277,5.266,1.195
09/05/2018 00:00,3.536,5.616,1.218
10/05/2018 00:00,3.605,5.506,1.222
11/05/2018 00:00,3.419,5.611,1.192
12/05/2018 00:00,3.452,5.598,1.159
13/05/2018 00:00,3.259,5.326,1.136
14/05/2018 00:00,3.255,5.178,1.154
15/05/2018 00:00,2.901,5.137,1.155
16/05/2018 00:00,3.176,5.133,1.151
17/05/2018 00:00,3.240,5.198,1.133
18/05/2018 00:00,3.153,5.314,1.122
19/05/2018 00:00,3.472,6.076,1.165
20/05/2018 00:00,3.330,6.271,1.145
21/05/2018 00:00,3.795,6.133,1.164
22/05/2018 00:00,3.442,5.912,1.188
23/05/2018 00:00,3.668,6.401,1.370
24/05/2018 00:00,3.509,6.598,1.486
25/05/2018 00:00,3.981,6.870,1.552
26/05/2018 00:00,3.794,7.526,1.484
27/05/2018 00:00,3.943,6.980,1.362
28/05/2018 00:00,3.505,6.104,1.259
29/05/2018 00:00,3.372,5.509,1.207
30/05/2018 00:00,3.312,5.333,1.186
31/05/2018 00:00,3.301,5.302,1.159
01/06/2018 00:00,3.432,5.831,1.177
02/06/2018 00:00,3.915,6.790,1.521
03/06/2018 00:00,4.618,9.020,2.153
04/06/2018 00:00,5.356,9.950,2.538
05/06/2018 00:00,5.075,9.431,1.984
06/06/2018 00:00,6.649,13.588,6.860
07/06/2018 00:00,7.413,17.146,8.955
08/06/2018 00:00,5.863,12.415,5.381
09/06/2018 00:00,4.494,8.474,2.966
10/06/2018 00:00,4.017,6.382,2.031
11/06/2018 00:00,3.830,5.819,1.763
12/06/2018 00:00,3.781,6.132,1.649
13/06/2018 00:00,3.606,6.083,1.495
14/06/2018 00:00,3.770,5.596,1.504
15/06/2018 00:00,3.660,5.806,1.612
16/06/2018 00:00,4.024,6.636,1.879
17/06/2018 00:00,4.531,6.423,1.859
18/06/2018 00:00,4.339,6.454,1.617
19/06/2018 00:00,3.947,6.090,1.565
20/06/2018 00:00,3.876,5.416,1.540
21/06/2018 00:00,4.035,5.507,1.580
22/06/2018 00:00,4.038,5.871,1.507
23/06/2018 00:00,4.096,6.007,1.550
24/06/2018 00:00,4.099,6.077,1.627
25/06/2018 00:00,4.193,6.495,1.649
26/06/2018 00:00,4.062,6.250,1.587
27/06/2018 00:00,4.287,7.265,2.180
28/06/2018 00:00,4.348,8.059,2.472
29/06/2018 00:00,4.460,7.243,2.130
30/06/2018 00:00,4.540,7.127,2.241
01/07/2018 00:00,5.068,11.998,3.673
02/07/2018 00:00,6.846,23.719,6.142
03/07/2018 00:00,6.951,17.385,5.187
04/07/2018 00:00,6.329,10.757,3.181
05/07/2018 00:00,5.014,7.680,2.160
06/07/2018 00:00,4.426,6.801,1.865
07/07/2018 00:00,4.350,6.437,1.823
08/07/2018 00:00,4.154,6.212,1.757
09/07/2018 00:00,4.569,6.396,1.903
10/07/2018 00:00,4.605,6.654,1.692
11/07/2018 00:00,4.619,7.570,2.009
12/07/2018 00:00,4.399,7.324,1.928
13/07/2018 00:00,4.871,7.523,2.067
14/07/2018 00:00,4.557,6.954,1.958
15/07/2018 00:00,4.427,6.719,1.840
16/07/2018 00:00,4.102,6.463,1.784
17/07/2018 00:00,4.101,6.411,1.736
18/07/2018 00:00,4.047,6.317,1.699
19/07/2018 00:00,4.421,6.744,1.755
20/07/2018 00:00,4.211,6.745,1.718
21/07/2018 00:00,4.385,6.546,1.685
22/07/2018 00:00,4.237,6.295,1.684
23/07/2018 00:00,4.314,6.254,1.707
24/07/2018 00:00,4.246,6.276,1.702
25/07/2018 00:00,4.396,6.788,1.845
26/07/2018 00:00,4.360,7.221,2.118
27/07/2018 00:00,4.587,7.763,2.256
28/07/2018 00:00,4.445,7.551,2.245
29/07/2018 00:00,4.284,7.374,2.276
30/07/2018 00:00,4.363,8.417,2.636
31/07/2018 00:00,4.352,10.010,4.173
01/08/2018 00:00,4.233,9.543,3.264
02/08/2018 00:00,4.558,10.599,4.055
03/08/2018 00:00,4.442,9.724,3.892
04/08/2018 00:00,4.547,9.070,4.000
05/08/2018 00:00,4.335,7.273,3.176
06/08/2018 00:00,4.386,6.738,2.620
07/08/2018 00:00,4.391,6.547,2.216
08/08/2018 00:00,4.414,7.337,3.208
09/08/2018 00:00,4.580,9.868,5.221
10/08/2018 00:00,4.874,11.571,4.792
11/08/2018 00:00,5.111,12.218,5.221
12/08/2018 00:00,5.040,10.893,4.603
13/08/2018 00:00,4.815,10.067,3.780
14/08/2018 00:00,5.993,15.489,6.487
15/08/2018 00:00,8.430,26.223,14.269
16/08/2018 00:00,7.207,23.371,9.068
17/08/2018 00:00,5.844,12.218,5.208
18/08/2018 00:00,5.175,8.614,3.735
19/08/2018 00:00,4.670,7.331,2.074
20/08/2018 00:00,4.010,6.742,2.716
21/08/2018 00:00,4.052,6.538,2.448
22/08/2018 00:00,4.207,6.667,2.179
23/08/2018 00:00,4.627,7.876,2.606
24/08/2018 00:00,4.165,7.983,2.797
25/08/2018 00:00,4.904,14.206,4.553
26/08/2018 00:00,4.495,13.194,3.846
27/08/2018 00:00,5.127,14.633,5.252
28/08/2018 00:00,5.162,14.110,5.838
29/08/2018 00:00,5.826,11.418,5.558
30/08/2018 00:00,7.110,20.672,8.418
31/08/2018 00:00,8.504,27.336,14.532
01/09/2018 00:00,7.142,25.961,14.138
02/09/2018 00:00,6.176,19.998,8.104
03/09/2018 00:00,5.538,11.475,5.432
04/09/2018 00:00,5.397,9.784,4.000
05/09/2018 00:00,4.278,7.717,3.393
06/09/2018 00:00,3.707,6.777,2.927
07/09/2018 00:00,3.704,6.393,2.521
08/09/2018 00:00,3.720,6.640,2.349
09/09/2018 00:00,4.187,7.681,2.346
10/09/2018 00:00,4.295,8.252,2.455
11/09/2018 00:00,4.474,8.101,2.443
12/09/2018 00:00,4.511,8.948,2.375
13/09/2018 00:00,5.128,10.886,2.756
14/09/2018 00:00,6.702,16.118,4.549
15/09/2018 00:00,9.557,19.731,9.541
16/09/2018 00:00,9.906,26.730,13.248
17/09/2018 00:00,9.675,23.854,12.784
18/09/2018 00:00,10.689,29.953,17.758
19/09/2018 00:00,8.367,20.650,14.420
20/09/2018 00:00,7.333,19.949,11.275
21/09/2018 00:00,6.744,15.478,5.574
22/09/2018 00:00,6.310,13.244,4.933
23/09/2018 00:00,5.239,10.098,3.784
24/09/2018 00:00,4.393,9.337,3.423
25/09/2018 00:00,3.918,8.125,3.055
26/09/2018 00:00,3.617,8.306,2.697
27/09/2018 00:00,3.607,8.820,2.816
28/09/2018 00:00,3.986,9.575,3.093
29/09/2018 00:00,3.871,9.682,2.997
30/09/2018 00:00,3.968,9.538,3.290
01/10/2018 00:00,4.283,9.785,3.616
02/10/2018 00:00,4.712,12.560,5.293
03/10/2018 00:00,9.492,33.107,14.736
04/10/2018 00:00,18.956,68.812,41.045
05/10/2018 00:00,30.495,117.866,57.237
06/10/2018 00:00,32.683,96.894,54.669
07/10/2018 00:00,21.071,67.490,34.054
08/10/2018 00:00,18.271,53.588,24.200
09/10/2018 00:00,12.113,36.877,17.028
10/10/2018 00:00,8.534,24.391,9.578
11/10/2018 00:00,6.420,15.840,5.656
12/10/2018 00:00,5.418,13.276,4.213
13/10/2018 00:00,4.439,12.158,3.719
14/10/2018 00:00,5.438,12.909,4.284
15/10/2018 00:00,5.575,15.266,4.388
16/10/2018 00:00,5.843,16.895,5.153
17/10/2018 00:00,7.308,23.813,12.296
18/10/2018 00:00,5.831,24.088,10.592
19/10/2018 00:00,5.602,20.824,8.117
20/10/2018 00:00,5.553,22.906,14.331
21/10/2018 00:00,6.730,26.420,18.587
22/10/2018 00:00,5.935,29.056,14.653
23/10/2018 00:00,5.168,17.865,6.579
24/10/2018 00:00,4.077,11.537,3.984
25/10/2018 00:00,3.801,9.855,3.295
26/10/2018 00:00,3.382,8.620,2.646
27/10/2018 00:00,3.245,7.754,2.300
28/10/2018 00:00,2.982,7.131,2.032
29/10/2018 00:00,2.768,6.826,1.965
30/10/2018 00:00,2.713,6.662,2.253
31/10/2018 00:00,4.646,16.076,10.232
01/11/2018 00:00,7.939,38.842,20.575
02/11/2018 00:00,15.334,55.749,27.352
03/11/2018 00:00,10.171,49.273,22.083
04/11/2018 00:00,7.801,33.836,16.924
05/11/2018 00:00,6.882,23.121,8.985
06/11/2018 00:00,5.375,14.558,5.066
07/11/2018 00:00,4.446,12.013,4.204
08/11/2018 00:00,4.824,14.499,8.578
09/11/2018 00:00,4.679,14.991,7.861
10/11/2018 00:00,3.916,11.337,3.889
11/11/2018 00:00,3.371,8.106,3.285
12/11/2018 00:00,3.223,7.077,2.698
13/11/2018 00:00,2.901,6.620,2.021
14/11/2018 00:00,2.794,6.126,1.902
15/11/2018 00:00,6.027,23.586,12.935
16/11/2018 00:00,8.188,34.407,19.620
17/11/2018 00:00,7.700,37.597,15.330
18/11/2018 00:00,5.880,29.728,12.350
19/11/2018 00:00,6.134,26.910,12.720
20/11/2018 00:00,8.190,40.968,25.447
21/11/2018 00:00,39.116,173.875,101.836
22/11/2018 00:00,52.132,219.062,213.378
23/11/2018 00:00,54.436,230.260,178.192
24/11/2018 00:00,45.843,140.745,73.151
25/11/2018 00:00,19.077,75.184,33.440
26/11/2018 00:00,12.112,40.071,17.691
27/11/2018 00:00,8.763,26.352,10.977
28/11/2018 00:00,8.822,24.365,11.851
29/11/2018 00:00,13.176,53.159,36.729
30/11/2018 00:00,14.191,52.112,33.522
01/12/2018 00:00,8.736,34.549,16.502
02/12/2018 00:00,7.278,24.869,11.887
03/12/2018 00:00,8.991,31.107,16.516
04/12/2018 00:00,10.923,40.401,18.855
05/12/2018 00:00,10.125,47.333,20.470
06/12/2018 00:00,7.799,42.833,14.596
07/12/2018 00:00,6.097,27.864,8.885
08/12/2018 00:00,5.169,20.329,6.520
09/12/2018 00:00,4.602,17.241,5.646
10/12/2018 00:00,4.071,15.068,4.797
11/12/2018 00:00,3.829,13.303,4.115
12/12/2018 00:00,3.563,11.850,3.661
13/12/2018 00:00,3.343,10.969,3.382
14/12/2018 00:00,3.176,10.133,3.150
15/12/2018 00:00,3.040,9.566,3.016
16/12/2018 00:00,2.833,9.375,3.580
17/12/2018 00:00,3.154,9.403,3.395
18/12/2018 00:00,3.549,8.904,2.716
19/12/2018 00:00,2.922,8.403,2.362
20/12/2018 00:00,2.725,7.711,2.196
21/12/2018 00:00,2.692,7.893,2.387
22/12/2018 00:00,4.702,15.681,9.512
23/12/2018 00:00,7.445,30.423,17.336
24/12/2018 00:00,6.049,21.065,10.707
25/12/2018 00:00,3.581,19.318,5.877
26/12/2018 00:00,3.191,10.890,3.371
27/12/2018 00:00,2.781,9.312,2.503
28/12/2018 00:00,2.719,8.874,2.462
29/12/2018 00:00,2.748,8.992,2.497
30/12/2018 00:00,2.711,8.512,2.364
31/12/2018 00:00,2.579,7.771,2.123
01/01/2019 00:00,2.477,7.120,1.927
02/01/2019 00:00,2.425,6.631,1.799
03/01/2019 00:00,2.407,6.367,1.653
04/01/2019 00:00,2.352,6.098,1.533
05/01/2019 00:00,2.340,5.926,1.460
06/01/2019 00:00,2.318,5.879,1.379
07/01/2019 00:00,2.313,5.839,1.346
08/01/2019 00:00,2.245,5.745,1.293
09/01/2019 00:00,2.221,5.709,1.200
10/01/2019 00:00,2.237,5.441,1.188
11/01/2019 00:00,2.224,5.483,1.150
12/01/2019 00:00,2.193,5.503,1.134
13/01/2019 00:00,2.176,5.405,1.127
14/01/2019 00:00,2.191,5.443,1.118
15/01/2019 00:00,2.159,5.338,1.093
16/01/2019 00:00,2.134,5.247,1.086
17/01/2019 00:00,2.098,5.163,1.081
18/01/2019 00:00,2.084,5.190,1.080
19/01/2019 00:00,1.995,5.128,1.041
20/01/2019 00:00,1.959,5.035,1.010
21/01/2019 00:00,1.894,4.989,0.994
22/01/2019 00:00,1.906,4.959,0.981
23/01/2019 00:00,1.889,4.953,0.958
24/01/2019 00:00,1.909,4.980,0.939
25/01/2019 00:00,1.911,5.101,0.990
26/01/2019 00:00,2.037,5.308,1.014
27/01/2019 00:00,2.050,5.410,0.984
28/01/2019 00:00,2.045,5.365,0.979
29/01/2019 00:00,1.997,5.301,0.965
30/01/2019 00:00,1.916,5.279,0.930
31/01/2019 00:00,1.882,5.261,0.891
01/02/2019 00:00,1.825,5.242,0.871
02/02/2019 00:00,1.801,5.208,0.860
03/02/2019 00:00,1.761,5.102,0.848
04/02/2019 00:00,1.802,5.306,0.910
05/02/2019 00:00,1.771,5.450,0.939
06/02/2019 00:00,1.715,5.053,0.919
07/02/2019 00:00,1.699,5.214,0.820
08/02/2019 00:00,1.712,5.335,0.811
09/02/2019 00:00,1.748,5.430,0.824
10/02/2019 00:00,1.833,5.493,0.834
11/02/2019 00:00,1.803,5.505,0.817
12/02/2019 00:00,1.787,5.422,0.785
13/02/2019 00:00,1.735,5.451,0.765
14/02/2019 00:00,1.740,5.428,0.753
15/02/2019 00:00,1.744,5.431,0.753
16/02/2019 00:00,1.755,5.480,0.755
17/02/2019 00:00,1.775,5.534,0.772
18/02/2019 00:00,1.869,5.655,0.798
19/02/2019 00:00,1.936,5.787,0.786
20/02/2019 00:00,1.894,5.757,0.744
21/02/2019 00:00,1.796,5.588,0.705
22/02/2019 00:00,1.703,5.466,0.675
23/02/2019 00:00,1.671,5.494,0.655
24/02/2019 00:00,1.637,5.575,0.643
25/02/2019 00:00,1.646,5.634,0.638
26/02/2019 00:00,1.654,5.680,0.652
27/02/2019 00:00,1.753,5.868,0.689
28/02/2019 00:00,1.859,5.974,0.720
01/03/2019 00:00,1.994,6.033,0.733
02/03/2019 00:00,2.026,5.978,0.693
03/03/2019 00:00,1.983,5.740,0.671
04/03/2019 00:00,1.870,5.565,0.645
05/03/2019 00:00,1.857,5.538,0.637
06/03/2019 00:00,1.854,5.579,0.637
07/03/2019 00:00,1.919,5.669,0.639
08/03/2019 00:00,1.963,5.747,0.647
09/03/2019 00:00,2.118,5.800,0.654
10/03/2019 00:00,2.183,5.940,0.633
11/03/2019 00:00,2.151,5.815,0.635
12/03/2019 00:00,2.034,5.627,0.627
13/03/2019 00:00,1.987,5.601,0.608
14/03/2019 00:00,1.911,5.599,0.618
15/03/2019 00:00,1.996,6.064,0.593
16/03/2019 00:00,1.923,5.764,0.595
17/03/2019 00:00,1.947,5.732,0.561
18/03/2019 00:00,2.014,5.763,0.555
19/03/2019 00:00,2.007,5.742,0.552
20/03/2019 00:00,2.055,5.698,0.551
21/03/2019 00:00,2.057,5.711,0.549
22/03/2019 00:00,2.115,5.750,0.558
23/03/2019 00:00,2.130,5.787,0.557
24/03/2019 00:00,2.176,5.759,0.549
25/03/2019 00:00,2.176,5.764,0.545
26/03/2019 00:00,2.203,5.644,0.546
27/03/2019 00:00,2.171,5.535,0.543
28/03/2019 00:00,2.195,5.418,0.540
29/03/2019 00:00,2.179,5.352,0.542
30/03/2019 00:00,2.232,5.338,0.544
31/03/2019 00:00,2.261,5.266,0.540
01/04/2019 00:00,2.303,5.171,0.539
02/04/2019 00:00,2.324,5.089,0.535
03/04/2019 00:00,2.352,5.034,0.528
04/04/2019 00:00,2.405,4.918,0.525
05/04/2019 00:00,2.402,4.837,0.523
06/04/2019 00:00,2.486,4.750,0.523
07/04/2019 00:00,2.500,4.710,0.527
08/04/2019 00:00,2.529,4.735,0.535
09/04/2019 00:00,2.632,4.740,0.536
10/04/2019 00:00,2.637,4.706,0.537
11/04/2019 00:00,2.659,4.638,0.537
12/04/2019 00:00,2.628,4.571,0.534
13/04/2019 00:00,2.647,4.500,0.534
14/04/2019 00:00,2.609,4.449,0.530
15/04/2019 00:00,2.635,4.390,0.531
16/04/2019 00:00,2.658,4.429,0.533
17/04/2019 00:00,2.723,4.456,0.535
18/04/2019 00:00,2.743,4.497,0.537
19/04/2019 00:00,2.949,4.520,0.554
20/04/2019 00:00,3.112,4.542,0.573
21/04/2019 00:00,3.102,4.698,0.565
22/04/2019 00:00,3.175,4.557,0.568
23/04/2019 00:00,3.177,4.464,0.566
24/04/2019 00:00,3.061,4.339,0.552
25/04/2019 00:00,2.918,4.148,0.548
26/04/2019 00:00,2.818,4.068,0.547
27/04/2019 00:00,2.801,4.065,0.548
28/04/2019 00:00,2.761,4.080,0.565
29/04/2019 00:00,2.980,4.416,0.573
30/04/2019 00:00,2.885,4.479,0.602
01/05/2019 00:00,3.075,6.660,1.641
02/05/2019 00:00,3.387,6.614,1.104
03/05/2019 00:00,3.249,5.276,0.761
04/05/2019 00:00,3.065,4.428,0.692
05/05/2019 00:00,3.308,5.143,0.666
06/05/2019 00:00,3.215,5.435,0.643
07/05/2019 00:00,3.430,5.226,0.656
08/05/2019 00:00,3.243,4.897,0.679
09/05/2019 00:00,3.183,4.657,0.655
10/05/2019 00:00,3.240,4.433,0.639
11/05/2019 00:00,3.119,4.135,0.635
12/05/2019 00:00,2.977,3.992,0.625
13/05/2019 00:00,2.940,3.987,0.608
14/05/2019 00:00,2.978,4.045,0.633
15/05/2019 00:00,3.012,4.208,0.645
16/05/2019 00:00,2.938,4.371,0.626
17/05/2019 00:00,2.827,4.259,0.650
18/05/2019 00:00,2.863,4.131,0.667
19/05/2019 00:00,2.812,4.216,0.623
20/05/2019 00:00,2.732,4.061,0.636
21/05/2019 00:00,2.616,3.898,0.671
22/05/2019 00:00,2.523,3.962,0.700
23/05/2019 00:00,2.485,3.989,0.710
24/05/2019 00:00,2.610,4.003,0.709
25/05/2019 00:00,2.468,3.964,0.675
26/05/2019 00:00,2.484,4.060,0.629
27/05/2019 00:00,2.477,4.041,0.629
28/05/2019 00:00,2.592,4.122,0.649
29/05/2019 00:00,2.635,4.185,0.703
30/05/2019 00:00,2.896,4.396,0.789
31/05/2019 00:00,2.876,4.567,0.816
01/06/2019 00:00,2.906,4.563,0.894
02/06/2019 00:00,2.946,4.791,1.002
03/06/2019 00:00,3.256,5.007,0.965
04/06/2019 00:00,3.864,6.866,0.956
05/06/2019 00:00,4.028,6.813,0.769
06/06/2019 00:00,3.673,5.828,0.964
07/06/2019 00:00,3.210,4.654,0.842
08/06/2019 00:00,3.173,4.236,0.837
09/06/2019 00:00,3.045,4.078,0.826
10/06/2019 00:00,2.894,3.944,0.867
11/06/2019 00:00,2.820,3.934,0.877
12/06/2019 00:00,2.754,4.019,0.878
13/06/2019 00:00,3.095,4.538,1.080
14/06/2019 00:00,3.056,4.382,1.121
15/06/2019 00:00,2.987,4.340,0.958
16/06/2019 00:00,2.849,4.065,0.957
17/06/2019 00:00,2.866,3.996,0.960
18/06/2019 00:00,2.771,4.018,0.922
19/06/2019 00:00,2.768,4.013,0.968
20/06/2019 00:00,2.883,4.138,1.080
21/06/2019 00:00,2.923,4.432,1.109
22/06/2019 00:00,2.989,4.571,1.194
23/06/2019 00:00,3.226,6.000,2.165
24/06/2019 00:00,3.647,6.931,2.721
25/06/2019 00:00,3.985,6.969,3.207
26/06/2019 00:00,4.397,10.059,3.681
27/06/2019 00:00,4.089,8.750,3.640
28/06/2019 00:00,3.680,5.809,2.155
29/06/2019 00:00,3.608,4.354,1.330
30/06/2019 00:00,3.604,3.684,1.144
01/07/2019 00:00,3.244,3.677,1.071
02/07/2019 00:00,3.044,3.853,1.086
03/07/2019 00:00,2.934,3.940,1.060
04/07/2019 00:00,2.842,4.053,1.044
05/07/2019 00:00,2.825,4.182,1.088
06/07/2019 00:00,2.782,4.178,1.079
07/07/2019 00:00,2.745,4.147,1.045
08/07/2019 00:00,2.723,4.100,1.060
09/07/2019 00:00,3.034,5.721,1.896
10/07/2019 00:00,3.581,8.727,2.390
11/07/2019 00:00,4.021,10.728,3.892
12/07/2019 00:00,5.209,14.208,6.622
13/07/2019 00:00,6.121,17.368,7.456
14/07/2019 00:00,5.576,13.366,6.666
15/07/2019 00:00,6.035,12.570,5.601
16/07/2019 00:00,4.920,9.219,4.534
17/07/2019 00:00,4.650,8.077,4.366
18/07/2019 00:00,6.862,23.181,8.010
19/07/2019 00:00,8.857,24.590,5.716
20/07/2019 00:00,7.991,17.548,6.591
21/07/2019 00:00,7.071,12.165,4.972
22/07/2019 00:00,7.833,16.667,6.413
23/07/2019 00:00,7.675,23.653,8.239
24/07/2019 00:00,7.301,18.010,6.692
25/07/2019 00:00,9.022,26.599,10.109
26/07/2019 00:00,7.617,23.749,8.490
27/07/2019 00:00,6.263,17.706,5.763
28/07/2019 00:00,5.461,10.859,3.855
29/07/2019 00:00,5.444,15.170,5.280
30/07/2019 00:00,4.925,12.876,3.973
31/07/2019 00:00,4.320,9.382,2.982
01/08/2019 00:00,3.709,6.663,2.422
02/08/2019 00:00,3.232,6.060,2.107
03/08/2019 00:00,2.945,5.527,1.927
04/08/2019 00:00,2.868,5.570,1.910
05/08/2019 00:00,3.502,9.314,3.304
06/08/2019 00:00,4.024,8.963,2.714
07/08/2019 00:00,4.268,8.634,2.712
08/08/2019 00:00,3.945,7.472,2.433
09/08/2019 00:00,3.644,6.128,2.056
10/08/2019 00:00,3.435,5.255,2.004
11/08/2019 00:00,3.357,4.980,1.462
12/08/2019 00:00,3.700,5.610,1.868
13/08/2019 00:00,4.497,7.875,3.059
14/08/2019 00:00,4.908,12.016,4.560
15/08/2019 00:00,5.071,10.620,3.587
16/08/2019 00:00,13.338,31.041,14.399
17/08/2019 00:00,34.929,98.138,24.061
18/08/2019 00:00,58.250,97.465,32.659
19/08/2019 00:00,58.119,140.814,32.132
20/08/2019 00:00,43.326,102.836,24.936
21/08/2019 00:00,39.214,96.729,26.411
22/08/2019 00:00,26.516,76.930,25.217
23/08/2019 00:00,18.506,64.493,19.183
24/08/2019 00:00,12.810,35.845,15.512
25/08/2019 00:00,10.163,25.192,11.714
26/08/2019 00:00,8.440,18.724,6.929
27/08/2019 00:00,6.292,14.669,5.322
28/08/2019 00:00,4.817,12.033,5.162
29/08/2019 00:00,5.283,12.339,5.399
30/08/2019 00:00,4.899,11.528,5.230
31/08/2019 00:00,4.011,10.304,4.356
01/09/2019 00:00,3.932,11.249,4.398
02/09/2019 00:00,4.484,13.970,6.885
03/09/2019 00:00,5.238,19.384,8.658
04/09/2019 00:00,5.941,27.268,11.374
05/09/2019 00:00,5.795,25.165,9.072
06/09/2019 00:00,5.640,22.117,6.959
07/09/2019 00:00,5.037,19.008,4.556
08/09/2019 00:00,4.033,11.631,2.885
09/09/2019 00:00,3.674,9.260,2.639
10/09/2019 00:00,4.496,17.734,5.939
11/09/2019 00:00,10.880,35.992,15.506
12/09/2019 00:00,20.666,48.263,16.828
13/09/2019 00:00,29.010,63.872,18.854
14/09/2019 00:00,42.254,96.821,22.188
15/09/2019 00:00,39.609,93.089,25.684
16/09/2019 00:00,37.793,87.562,21.219
17/09/2019 00:00,29.882,82.014,24.763
18/09/2019 00:00,37.971,122.896,29.775
19/09/2019 00:00,38.927,99.557,30.890
20/09/2019 00:00,30.189,78.855,24.319
21/09/2019 00:00,30.533,68.201,21.685
22/09/2019 00:00,31.728,72.940,22.645
23/09/2019 00:00,32.656,62.207,18.749
24/09/2019 00:00,32.830,61.434,17.929
25/09/2019 00:00,31.906,64.064,20.315
26/09/2019 00:00,28.936,56.413,17.986
27/09/2019 00:00,20.927,48.810,14.009
28/09/2019 00:00,14.948,38.034,9.720
29/09/2019 00:00,11.881,32.616,7.926
30/09/2019 00:00,9.612,32.047,7.316
01/10/2019 00:00,8.451,26.462,6.725
02/10/2019 00:00,6.789,21.413,5.062
03/10/2019 00:00,5.676,17.153,4.390
04/10/2019 00:00,5.463,14.981,4.152
05/10/2019 00:00,4.748,13.298,3.425
06/10/2019 00:00,4.365,11.743,3.327
07/10/2019 00:00,4.471,11.987,3.139
08/10/2019 00:00,4.109,10.726,2.796
09/10/2019 00:00,4.004,10.428,2.475
10/10/2019 00:00,3.856,9.986,2.419
11/10/2019 00:00,4.059,9.876,2.790
12/10/2019 00:00,4.072,9.891,3.295
13/10/2019 00:00,4.683,10.656,3.271
14/10/2019 00:00,7.072,13.793,6.784
15/10/2019 00:00,10.618,22.415,12.369
16/10/2019 00:00,18.901,56.087,20.763
17/10/2019 00:00,23.715,60.920,25.844
18/10/2019 00:00,19.297,62.346,26.777
19/10/2019 00:00,17.714,60.192,24.339
20/10/2019 00:00,24.591,79.297,31.612
21/10/2019 00:00,40.861,102.430,40.924
22/10/2019 00:00,39.440,105.497,37.943
23/10/2019 00:00,48.849,124.236,41.656
24/10/2019 00:00,42.031,113.200,40.448
25/10/2019 00:00,33.751,97.520,32.605
26/10/2019 00:00,25.325,61.674,27.157
27/10/2019 00:00,21.947,48.730,27.304
28/10/2019 00:00,23.296,58.431,29.675
29/10/2019 00:00,56.478,159.950,68.385
30/10/2019 00:00,99.757,295.223,134.849
31/10/2019 00:00,81.299,224.520,115.969
01/11/2019 00:00,52.179,157.910,57.974
02/11/2019 00:00,36.396,103.293,35.710
03/11/2019 00:00,22.489,69.512,27.552
04/11/2019 00:00,15.921,55.427,20.725
05/11/2019 00:00,12.223,38.938,14.095
06/11/2019 00:00,9.789,27.666,9.841
07/11/2019 00:00,8.818,24.812,8.353
08/11/2019 00:00,15.424,30.224,6.689
09/11/2019 00:00,13.668,34.883,6.388
10/11/2019 00:00,10.928,29.397,5.950
11/11/2019 00:00,7.881,23.306,5.325
12/11/2019 00:00,6.471,20.409,4.748
13/11/2019 00:00,6.287,20.286,5.126
14/11/2019 00:00,10.314,33.353,11.355
15/11/2019 00:00,10.978,35.538,14.029
16/11/2019 00:00,9.621,32.090,11.084
17/11/2019 00:00,8.292,32.017,9.449
18/11/2019 00:00,10.220,49.047,14.071
19/11/2019 00:00,13.887,51.186,22.282
20/11/2019 00:00,17.489,53.284,23.604
21/11/2019 00:00,17.350,58.133,25.388
22/11/2019 00:00,15.191,63.909,25.936
23/11/2019 00:00,11.804,57.678,23.133
24/11/2019 00:00,9.081,42.318,12.917
25/11/2019 00:00,7.820,35.277,10.009
26/11/2019 00:00,9.639,50.320,16.352
27/11/2019 00:00,20.235,69.499,29.841
28/11/2019 00:00,22.950,74.055,38.393
29/11/2019 00:00,24.799,78.155,34.676
30/11/2019 00:00,65.162,280.356,80.603
01/12/2019 00:00,93.011,388.037,206.406
02/12/2019 00:00,96.156,322.717,151.663
03/12/2019 00:00,54.179,183.686,75.046
04/12/2019 00:00,40.303,124.976,53.307
05/12/2019 00:00,26.787,87.749,32.202
06/12/2019 00:00,18.016,66.774,24.555
07/12/2019 00:00,14.800,57.726,20.857
08/12/2019 00:00,12.280,52.330,16.630
09/12/2019 00:00,9.439,39.357,12.505
10/12/2019 00:00,7.893,30.756,10.518
11/12/2019 00:00,6.960,25.427,9.514
12/12/2019 00:00,6.180,23.292,8.463
13/12/2019 00:00,13.591,44.371,19.355
14/12/2019 00:00,20.999,66.039,24.337
15/12/2019 00:00,13.611,53.162,14.912
16/12/2019 00:00,10.820,41.360,10.010
17/12/2019 00:00,8.862,37.973,9.392
18/12/2019 00:00,8.020,30.747,8.211
19/12/2019 00:00,7.269,26.558,7.544
20/12/2019 00:00,6.722,21.643,6.767
21/12/2019 00:00,6.159,19.522,6.002
22/12/2019 00:00,5.803,19.488,5.213
23/12/2019 00:00,4.795,18.055,4.701
24/12/2019 00:00,7.737,27.569,11.742
25/12/2019 00:00,8.742,28.261,8.489
26/12/2019 00:00,6.895,25.458,5.079
27/12/2019 00:00,6.396,20.305,4.432
28/12/2019 00:00,5.621,17.920,4.151
29/12/2019 00:00,4.654,16.531,3.940
30/12/2019 00:00,6.169,21.211,7.385
31/12/2019 00:00,7.027,26.648,10.054
01/01/2020 00:00,8.212,36.185,13.571
02/01/2020 00:00,7.367,29.954,11.857
03/01/2020 00:00,6.626,27.257,6.619
04/01/2020 00:00,5.645,21.116,5.308
05/01/2020 00:00,5.572,18.937,5.337
06/01/2020 00:00,5.951,19.592,5.895
07/01/2020 00:00,5.955,19.040,4.944
08/01/2020 00:00,5.432,16.834,3.825
09/01/2020 00:00,4.776,14.905,3.509
10/01/2020 00:00,4.394,13.718,3.328
11/01/2020 00:00,4.099,12.845,3.137
12/01/2020 00:00,4.082,12.401,3.052
13/01/2020 00:00,3.966,12.043,2.930
14/01/2020 00:00,3.744,11.387,2.790
15/01/2020 00:00,3.720,11.062,2.707
16/01/2020 00:00,3.671,10.498,2.652
17/01/2020 00:00,3.703,10.640,2.808
18/01/2020 00:00,4.534,12.237,3.401
19/01/2020 00:00,4.336,12.728,3.106
20/01/2020 00:00,4.207,11.691,2.728
21/01/2020 00:00,3.816,10.906,2.565
22/01/2020 00:00,3.797,10.210,2.508
23/01/2020 00:00,3.510,9.899,2.445
24/01/2020 00:00,3.932,8.597,2.311
25/01/2020 00:00,3.804,8.296,2.188
26/01/2020 00:00,3.820,8.545,2.135
27/01/2020 00:00,3.711,8.442,2.093
28/01/2020 00:00,3.509,8.096,2.058
29/01/2020 00:00,3.465,7.975,2.012
30/01/2020 00:00,2.995,8.095,1.972
31/01/2020 00:00,2.976,7.989,1.940
01/02/2020 00:00,2.813,7.736,1.920
02/02/2020 00:00,2.811,7.653,1.892
03/02/2020 00:00,3.145,6.564,1.821
04/02/2020 00:00,2.738,6.991,1.851
05/02/2020 00:00,2.635,7.092,1.801
06/02/2020 00:00,2.610,6.650,1.728
07/02/2020 00:00,2.718,6.373,1.709
08/02/2020 00:00,2.847,6.140,1.679
09/02/2020 00:00,2.635,6.243,1.680
10/02/2020 00:00,2.591,6.419,1.655
11/02/2020 00:00,2.557,6.817,1.702
12/02/2020 00:00,2.631,6.936,1.683
13/02/2020 00:00,2.714,6.572,1.606
14/02/2020 00:00,2.593,6.163,1.565
15/02/2020 00:00,2.506,6.025,1.522
16/02/2020 00:00,2.490,5.930,1.490
17/02/2020 00:00,2.490,6.008,1.460
18/02/2020 00:00,2.437,6.030,1.439
19/02/2020 00:00,2.300,6.041,1.421
20/02/2020 00:00,2.209,6.023,1.406
21/02/2020 00:00,2.199,6.015,1.415
22/02/2020 00:00,2.213,6.267,1.447
23/02/2020 00:00,2.245,6.324,1.432
24/02/2020 00:00,2.257,6.162,1.424
25/02/2020 00:00,2.331,6.009,1.388
26/02/2020 00:00,2.303,5.972,1.367
27/02/2020 00:00,2.309,6.030,1.345
28/02/2020 00:00,2.324,6.187,1.336
29/02/2020 00:00,2.367,6.121,1.329
01/03/2020 00:00,2.310,6.085,1.304
02/03/2020 00:00,2.289,5.966,1.295
03/03/2020 00:00,2.249,5.938,1.273
04/03/2020 00:00,2.239,5.885,1.252
05/03/2020 00:00,2.250,5.956,1.246
06/03/2020 00:00,2.361,6.314,1.286
07/03/2020 00:00,2.543,6.606,1.303
08/03/2020 00:00,2.611,6.687,1.285
09/03/2020 00:00,2.569,6.597,1.223
10/03/2020 00:00,2.465,6.331,1.183
11/03/2020 00:00,2.381,6.211,1.151
12/03/2020 00:00,2.399,6.220,1.134
13/03/2020 00:00,2.328,6.227,1.118
14/03/2020 00:00,2.445,6.264,1.104
15/03/2020 00:00,2.352,6.307,1.091
16/03/2020 00:00,2.381,6.352,1.108
17/03/2020 00:00,2.411,6.469,1.088
18/03/2020 00:00,2.355,6.430,1.056
19/03/2020 00:00,2.365,6.389,1.033
20/03/2020 00:00,2.355,6.345,1.028
21/03/2020 00:00,2.333,6.340,1.030
22/03/2020 00:00,2.363,6.322,1.027
23/03/2020 00:00,2.346,6.317,1.013
24/03/2020 00:00,2.335,6.312,0.997
25/03/2020 00:00,2.316,6.297,0.975
26/03/2020 00:00,2.340,6.332,0.957
27/03/2020 00:00,2.315,6.358,0.929
28/03/2020 00:00,2.258,6.355,0.906
29/03/2020 00:00,2.261,6.335,0.889
30/03/2020 00:00,2.232,6.333,0.879
31/03/2020 00:00,2.224,6.351,0.873
01/04/2020 00:00,2.245,6.427,0.870
02/04/2020 00:00,2.289,6.486,0.862
03/04/2020 00:00,2.280,6.545,0.851
04/04/2020 00:00,2.348,6.693,0.846
05/04/2020 00:00,2.391,6.991,0.873
06/04/2020 00:00,2.461,7.057,0.866
07/04/2020 00:00,2.498,7.201,0.854
08/04/2020 00:00,2.703,7.415,0.855
09/04/2020 00:00,3.111,8.438,1.292
10/04/2020 00:00,3.102,10.195,1.065
11/04/2020 00:00,2.831,8.624,0.938
12/04/2020 00:00,2.548,7.052,0.896
13/04/2020 00:00,2.353,6.129,0.848
14/04/2020 00:00,2.353,5.975,0.834
15/04/2020 00:00,2.279,6.001,0.840
16/04/2020 00:00,2.356,6.075,0.841
17/04/2020 00:00,2.299,6.278,0.835
18/04/2020 00:00,2.400,6.414,0.831
19/04/2020 00:00,2.382,6.314,0.837
20/04/2020 00:00,2.479,6.513,0.811
21/04/2020 00:00,2.372,6.305,0.794
22/04/2020 00:00,2.450,6.093,0.789
23/04/2020 00:00,2.389,6.149,0.787
24/04/2020 00:00,2.403,6.023,0.789
25/04/2020 00:00,2.649,7.054,1.178
26/04/2020 00:00,3.563,10.688,2.808
27/04/2020 00:00,3.843,12.589,2.328
28/04/2020 00:00,3.562,12.193,1.536
29/04/2020 00:00,4.075,9.647,1.288
30/04/2020 00:00,3.392,8.415,1.113
01/05/2020 00:00,2.971,6.481,0.932
02/05/2020 00:00,2.779,5.822,0.896
03/05/2020 00:00,2.655,5.412,0.873
04/05/2020 00:00,2.520,5.106,0.868
05/05/2020 00:00,2.417,5.033,0.869
06/05/2020 00:00,2.262,5.027,0.873
07/05/2020 00:00,2.452,4.949,0.880
08/05/2020 00:00,2.364,4.933,0.874
09/05/2020 00:00,2.411,4.922,0.856
10/05/2020 00:00,2.337,4.932,0.840
11/05/2020 00:00,2.336,5.058,0.850
12/05/2020 00:00,2.471,5.759,1.304
13/05/2020 00:00,2.600,6.047,1.142
14/05/2020 00:00,2.537,5.427,0.999
15/05/2020 00:00,2.472,5.102,0.957
16/05/2020 00:00,2.479,5.086,0.924
17/05/2020 00:00,2.588,5.109,0.902
18/05/2020 00:00,2.954,5.860,1.464
19/05/2020 00:00,2.924,6.073,1.252
20/05/2020 00:00,2.873,5.622,1.098
21/05/2020 00:00,2.716,5.212,0.970
22/05/2020 00:00,2.741,5.040,0.913
23/05/2020 00:00,2.647,4.882,0.869
24/05/2020 00:00,2.602,4.678,0.858
25/05/2020 00:00,2.557,4.634,0.863
26/05/2020 00:00,2.520,4.630,0.853
27/05/2020 00:00,2.627,4.723,0.855
28/05/2020 00:00,2.815,5.503,0.875
29/05/2020 00:00,3.043,5.674,0.877
30/05/2020 00:00,2.894,5.421,0.852
31/05/2020 00:00,2.733,5.063,0.845
01/06/2020 00:00,3.028,5.038,0.894
02/06/2020 00:00,2.871,5.250,0.932
03/06/2020 00:00,2.941,4.842,0.893
04/06/2020 00:00,2.753,4.618,0.860
05/06/2020 00:00,3.086,5.141,0.992
06/06/2020 00:00,3.573,5.628,1.077
07/06/2020 00:00,3.440,5.490,1.136
08/06/2020 00:00,3.093,5.068,1.042
09/06/2020 00:00,3.073,4.868,0.970
10/06/2020 00:00,3.229,5.203,1.112
11/06/2020 00:00,3.349,5.430,1.262
12/06/2020 00:00,3.360,5.056,1.123
13/06/2020 00:00,3.202,4.696,1.017
14/06/2020 00:00,3.305,4.628,0.993
15/06/2020 00:00,3.229,4.674,1.029
16/06/2020 00:00,3.411,4.769,1.072
17/06/2020 00:00,3.359,4.756,1.135
18/06/2020 00:00,3.298,5.108,1.129
19/06/2020 00:00,3.204,5.671,1.091
20/06/2020 00:00,3.410,5.884,1.160
21/06/2020 00:00,3.491,6.295,1.303
22/06/2020 00:00,3.913,9.272,1.899
23/06/2020 00:00,5.171,12.368,4.270
24/06/2020 00:00,6.439,15.181,6.202
25/06/2020 00:00,6.338,15.761,4.459
26/06/2020 00:00,5.233,8.628,2.482
27/06/2020 00:00,5.427,8.816,2.023
28/06/2020 00:00,6.692,11.928,2.988
29/06/2020 00:00,7.964,22.620,5.493
30/06/2020 00:00,7.570,23.368,6.253
01/07/2020 00:00,6.627,16.590,6.028
02/07/2020 00:00,6.488,18.272,6.347
03/07/2020 00:00,8.472,27.167,6.705
04/07/2020 00:00,7.775,25.471,6.441
05/07/2020 00:00,5.682,18.455,4.410
06/07/2020 00:00,4.792,12.102,3.028
07/07/2020 00:00,4.961,9.860,3.115
08/07/2020 00:00,7.350,16.929,5.906
09/07/2020 00:00,10.754,30.319,10.760
10/07/2020 00:00,12.000,36.376,10.159
11/07/2020 00:00,9.486,33.342,9.538
12/07/2020 00:00,9.490,30.031,8.657
13/07/2020 00:00,8.139,26.828,8.766
14/07/2020 00:00,7.533,22.381,8.949
15/07/2020 00:00,7.224,20.577,7.066
16/07/2020 00:00,7.118,20.549,8.270
17/07/2020 00:00,6.536,15.060,5.391
18/07/2020 00:00,5.960,12.300,4.249
19/07/2020 00:00,6.871,14.186,5.417
20/07/2020 00:00,6.167,13.725,5.121
21/07/2020 00:00,5.380,10.736,3.694
22/07/2020 00:00,4.301,8.560,2.794
23/07/2020 00:00,6.363,15.317,3.491
24/07/2020 00:00,7.215,15.771,3.851
25/07/2020 00:00,8.707,19.520,5.301
26/07/2020 00:00,7.582,18.419,5.070
27/07/2020 00:00,5.829,12.263,3.983
28/07/2020 00:00,7.105,18.264,7.999
29/07/2020 00:00,7.716,24.861,7.827
30/07/2020 00:00,6.906,21.898,8.988
31/07/2020 00:00,6.328,18.349,6.400
01/08/2020 00:00,7.097,23.762,8.634
02/08/2020 00:00,7.130,25.248,9.511
03/08/2020 00:00,6.421,21.255,7.997
04/08/2020 00:00,5.923,17.568,5.476
05/08/2020 00:00,5.507,12.697,3.945
06/08/2020 00:00,4.755,10.260,3.086
07/08/2020 00:00,4.594,8.703,2.555
08/08/2020 00:00,8.412,20.812,9.303
09/08/2020 00:00,10.166,26.012,15.100
10/08/2020 00:00,7.479,22.214,7.672
11/08/2020 00:00,5.926,14.556,4.287
12/08/2020 00:00,5.200,11.027,3.162
13/08/2020 00:00,4.764,9.559,2.427
14/08/2020 00:00,4.474,8.008,2.162
15/08/2020 00:00,3.726,6.856,2.275
16/08/2020 00:00,3.643,6.574,2.064
17/08/2020 00:00,3.441,5.411,1.829
18/08/2020 00:00,3.114,5.136,1.848
19/08/2020 00:00,3.291,5.553,1.802
20/08/2020 00:00,3.034,4.882,1.739
21/08/2020 00:00,3.007,4.943,1.791
22/08/2020 00:00,4.357,7.496,2.035
23/08/2020 00:00,8.382,16.724,4.135
24/08/2020 00:00,7.438,16.360,3.562
25/08/2020 00:00,7.304,19.732,5.382
26/08/2020 00:00,7.330,20.819,4.690
27/08/2020 00:00,6.101,18.849,4.043
28/08/2020 00:00,5.117,14.013,2.757
29/08/2020 00:00,4.820,9.442,2.074
30/08/2020 00:00,6.016,15.795,2.592
31/08/2020 00:00,6.223,13.362,3.424
01/09/2020 00:00,7.751,23.790,5.497
02/09/2020 00:00,13.001,31.128,6.921
03/09/2020 00:00,14.480,30.015,7.030
04/09/2020 00:00,10.523,28.178,5.905
05/09/2020 00:00,7.532,20.344,3.954
06/09/2020 00:00,6.694,16.899,3.773
07/09/2020 00:00,7.921,22.292,4.421
08/09/2020 00:00,9.158,21.867,4.229
09/09/2020 00:00,14.274,40.602,11.541
10/09/2020 00:00,12.481,43.021,11.698
11/09/2020 00:00,10.137,33.508,8.650
12/09/2020 00:00,10.074,29.118,10.144
13/09/2020 00:00,19.012,42.123,17.218
14/09/2020 00:00,13.937,35.930,10.674
15/09/2020 00:00,9.956,27.616,7.813
16/09/2020 00:00,9.222,23.156,5.470
17/09/2020 00:00,7.748,20.009,4.761
18/09/2020 00:00,9.701,27.470,11.026
19/09/2020 00:00,11.191,30.391,13.045
20/09/2020 00:00,10.024,28.441,9.428
21/09/2020 00:00,7.411,22.152,6.088
22/09/2020 00:00,6.091,13.906,3.408
23/09/2020 00:00,5.186,11.297,2.630
24/09/2020 00:00,4.578,9.476,2.266
25/09/2020 00:00,5.686,14.830,3.827
26/09/2020 00:00,6.173,17.382,4.441
27/09/2020 00:00,5.865,17.331,4.043
28/09/2020 00:00,10.077,24.881,10.746
29/09/2020 00:00,26.450,73.558,22.571
30/09/2020 00:00,32.463,99.028,33.705
01/10/2020 00:00,23.038,77.711,20.389
02/10/2020 00:00,14.101,42.923,15.929
03/10/2020 00:00,11.579,31.655,13.306
04/10/2020 00:00,8.936,26.906,9.588
05/10/2020 00:00,6.951,17.646,5.409
06/10/2020 00:00,7.811,21.348,7.437
07/10/2020 00:00,7.931,25.807,10.026
08/10/2020 00:00,7.088,23.938,6.883
09/10/2020 00:00,7.922,28.639,9.193
10/10/2020 00:00,13.158,44.273,19.423
11/10/2020 00:00,15.766,53.782,22.805
12/10/2020 00:00,11.034,38.688,17.225
13/10/2020 00:00,7.561,26.542,10.795
14/10/2020 00:00,6.826,18.420,6.150
15/10/2020 00:00,5.699,15.256,4.822
16/10/2020 00:00,5.752,13.771,4.866
17/10/2020 00:00,10.567,28.160,11.747
18/10/2020 00:00,15.412,47.095,17.608
19/10/2020 00:00,16.326,63.577,18.603
20/10/2020 00:00,15.252,56.339,17.757
21/10/2020 00:00,18.724,62.781,20.099
22/10/2020 00:00,28.297,119.521,47.053
23/10/2020 00:00,31.725,118.619,35.638
24/10/2020 00:00,24.901,78.918,24.252
25/10/2020 00:00,15.908,49.890,15.432
26/10/2020 00:00,12.290,31.784,8.926
27/10/2020 00:00,10.191,24.685,6.961
28/10/2020 00:00,9.407,21.569,11.444
29/10/2020 00:00,8.267,18.253,11.709
30/10/2020 00:00,6.556,16.052,8.288
31/10/2020 00:00,5.317,14.176,5.534
01/11/2020 00:00,4.619,11.910,4.256
02/11/2020 00:00,4.173,10.615,3.626
03/11/2020 00:00,4.141,10.927,3.580
04/11/2020 00:00,5.229,14.801,6.217
05/11/2020 00:00,6.459,16.317,10.174
06/11/2020 00:00,6.634,16.652,8.074
07/11/2020 00:00,7.408,19.988,13.649
08/11/2020 00:00,7.023,18.609,8.917
09/11/2020 00:00,5.595,16.568,5.368
10/11/2020 00:00,4.354,10.655,3.686
11/11/2020 00:00,4.314,10.257,4.939
12/11/2020 00:00,6.767,18.767,15.731
13/11/2020 00:00,14.732,63.718,26.814
14/11/2020 00:00,14.034,49.422,25.336
15/11/2020 00:00,25.285,127.118,49.650
16/11/2020 00:00,60.666,183.849,107.908
17/11/2020 00:00,64.614,188.343,96.151
18/11/2020 00:00,36.938,108.630,49.078
19/11/2020 00:00,25.803,56.239,28.763
20/11/2020 00:00,14.955,39.486,18.111
21/11/2020 00:00,10.941,33.486,10.745
22/11/2020 00:00,7.672,24.584,7.503
23/11/2020 00:00,7.238,23.162,10.987
24/11/2020 00:00,14.355,44.872,45.559
25/11/2020 00:00,167.894,500.890,235.257
26/11/2020 00:00,322.762,895.119,405.839
27/11/2020 00:00,185.180,503.593,166.508
28/11/2020 00:00,74.178,195.497,69.562
29/11/2020 00:00,40.042,103.749,48.143
30/11/2020 00:00,26.194,78.962,38.545
01/12/2020 00:00,19.668,54.529,24.792
02/12/2020 00:00,51.184,166.622,87.692
03/12/2020 00:00,171.750,560.729,393.507
04/12/2020 00:00,208.718,754.067,391.913
05/12/2020 00:00,138.337,522.728,241.413
06/12/2020 00:00,95.655,366.443,166.185
07/12/2020 00:00,94.027,367.416,153.598
08/12/2020 00:00,88.334,328.832,111.138
09/12/2020 00:00,56.079,182.055,75.381
10/12/2020 00:00,36.733,118.532,50.006
11/12/2020 00:00,24.677,72.781,34.778
12/12/2020 00:00,20.823,65.935,25.137
13/12/2020 00:00,16.367,62.346,19.293
14/12/2020 00:00,12.738,51.196,15.590
15/12/2020 00:00,12.691,53.230,16.756
16/12/2020 00:00,51.972,164.916,73.776
17/12/2020 00:00,51.940,183.557,140.764
18/12/2020 00:00,41.672,159.969,79.568
19/12/2020 00:00,23.770,89.025,46.856
20/12/2020 00:00,15.588,57.208,26.716
21/12/2020 00:00,14.578,50.088,17.208
22/12/2020 00:00,10.936,43.768,13.643
23/12/2020 00:00,9.505,35.838,11.910
24/12/2020 00:00,8.651,31.923,10.431
25/12/2020 00:00,7.944,29.024,9.226
26/12/2020 00:00,7.445,26.825,8.323
27/12/2020 00:00,7.020,24.897,7.458
28/12/2020 00:00,6.650,22.737,6.962
29/12/2020 00:00,6.822,24.388,7.139
30/12/2020 00:00,12.090,50.671,23.120
31/12/2020 00:00,17.607,65.773,24.546
01/01/2021 00:00,10.093,44.848,14.995
02/01/2021 00:00,9.177,39.601,19.064
03/01/2021 00:00,11.709,47.601,25.022
04/01/2021 00:00,12.668,53.813,24.986
05/01/2021 00:00,27.165,105.814,77.666
06/01/2021 00:00,73.006,231.544,176.756
07/01/2021 00:00,60.884,182.275,123.867
08/01/2021 00:00,42.133,123.320,70.350
09/01/2021 00:00,27.907,80.339,43.791
10/01/2021 00:00,24.468,81.183,39.818
11/01/2021 00:00,28.579,91.738,38.402
12/01/2021 00:00,27.821,95.209,36.932
13/01/2021 00:00,23.516,81.013,31.995
14/01/2021 00:00,19.201,67.799,29.515
15/01/2021 00:00,16.732,61.199,22.584
16/01/2021 00:00,11.537,48.555,14.320
17/01/2021 00:00,9.144,41.620,11.893
18/01/2021 00:00,8.190,34.807,10.273
19/01/2021 00:00,7.221,29.622,9.195
20/01/2021 00:00,7.797,26.646,8.400
21/01/2021 00:00,6.309,25.558,8.198
22/01/2021 00:00,6.038,24.372,7.969
23/01/2021 00:00,5.635,22.642,7.377
24/01/2021 00:00,5.205,20.641,6.693
25/01/2021 00:00,4.972,19.419,6.276
26/01/2021 00:00,4.664,18.433,5.763
27/01/2021 00:00,4.442,17.101,5.211
28/01/2021 00:00,4.401,16.372,4.964
29/01/2021 00:00,4.402,16.159,4.777
30/01/2021 00:00,4.280,15.814,4.533
31/01/2021 00:00,4.153,15.356,4.286
01/02/2021 00:00,4.045,14.838,4.085
02/02/2021 00:00,5.084,14.374,3.883
03/02/2021 00:00,3.913,13.994,3.659
04/02/2021 00:00,3.836,13.647,3.491
05/02/2021 00:00,4.709,13.237,3.324
06/02/2021 00:00,4.601,12.735,3.164
07/02/2021 00:00,4.427,12.418,3.002
08/02/2021 00:00,4.278,12.054,2.938
09/02/2021 00:00,4.318,11.728,2.873
10/02/2021 00:00,4.184,11.613,2.804
11/02/2021 00:00,3.355,11.405,2.747
12/02/2021 00:00,3.310,11.270,2.734
13/02/2021 00:00,3.255,11.139,2.699
14/02/2021 00:00,3.210,10.958,2.655
15/02/2021 00:00,3.154,10.829,2.622
16/02/2021 00:00,3.099,10.661,2.576
17/02/2021 00:00,3.034,10.459,2.522
18/02/2021 00:00,3.733,10.312,2.492
19/02/2021 00:00,4.018,11.622,3.071
20/02/2021 00:00,5.239,18.297,6.875
21/02/2021 00:00,11.228,44.823,19.222
22/02/2021 00:00,10.925,40.259,16.537
23/02/2021 00:00,6.751,28.663,7.471
24/02/2021 00:00,5.562,16.730,4.552
25/02/2021 00:00,4.948,13.636,3.633
26/02/2021 00:00,4.658,12.437,3.280
27/02/2021 00:00,4.463,11.436,3.076
28/02/2021 00:00,4.393,10.651,2.943
01/03/2021 00:00,4.218,10.113,2.838
02/03/2021 00:00,3.993,9.673,2.732
03/03/2021 00:00,3.870,9.326,2.626
04/03/2021 00:00,3.887,8.786,2.539
05/03/2021 00:00,3.861,8.587,2.447
06/03/2021 00:00,3.765,8.416,2.368
07/03/2021 00:00,3.721,8.317,2.291
08/03/2021 00:00,3.677,8.232,2.217
09/03/2021 00:00,3.651,8.157,2.224
10/03/2021 00:00,3.652,8.200,2.199
11/03/2021 00:00,3.508,7.979,2.105
12/03/2021 00:00,3.407,7.602,2.010
13/03/2021 00:00,3.341,7.415,1.948
14/03/2021 00:00,3.153,7.263,1.884
15/03/2021 00:00,3.047,6.953,1.828
16/03/2021 00:00,2.946,6.708,1.794
17/03/2021 00:00,2.882,6.469,1.759
18/03/2021 00:00,2.818,6.277,1.716
19/03/2021 00:00,2.772,6.132,1.672
20/03/2021 00:00,2.745,6.046,1.639
21/03/2021 00:00,2.707,5.753,1.608
22/03/2021 00:00,2.680,5.740,1.579
23/03/2021 00:00,2.639,5.794,1.555
24/03/2021 00:00,2.604,5.841,1.544
25/03/2021 00:00,2.600,5.870,1.541
26/03/2021 00:00,2.607,5.823,1.509
27/03/2021 00:00,2.643,5.816,1.484
28/03/2021 00:00,2.617,5.784,1.474
29/03/2021 00:00,2.676,5.766,1.441
30/03/2021 00:00,2.663,5.733,1.399
31/03/2021 00:00,2.769,5.696,1.371
01/04/2021 00:00,2.832,5.762,1.356
02/04/2021 00:00,2.898,5.806,1.329
03/04/2021 00:00,2.908,5.752,1.304
04/04/2021 00:00,2.969,5.716,1.299
05/04/2021 00:00,3.012,5.517,1.290
06/04/2021 00:00,3.002,5.577,1.260
07/04/2021 00:00,2.978,5.409,1.216
08/04/2021 00:00,3.020,5.150,1.189
09/04/2021 00:00,2.909,5.303,1.205
10/04/2021 00:00,2.933,5.475,1.250
11/04/2021 00:00,3.013,5.807,1.307
12/04/2021 00:00,3.162,6.195,1.326
13/04/2021 00:00,3.207,6.400,1.312
14/04/2021 00:00,3.826,9.033,2.586
15/04/2021 00:00,4.577,13.199,4.075
16/04/2021 00:00,4.833,10.946,2.390
17/04/2021 00:00,4.302,7.410,1.701
18/04/2021 00:00,3.611,6.228,1.498
19/04/2021 00:00,3.220,5.880,1.381
20/04/2021 00:00,3.153,5.663,1.319
21/04/2021 00:00,3.214,5.575,1.278
22/04/2021 00:00,3.308,5.517,1.246
23/04/2021 00:00,3.534,5.765,1.245
24/04/2021 00:00,3.721,6.437,1.205
25/04/2021 00:00,3.852,5.953,1.198
26/04/2021 00:00,3.410,5.769,1.197
27/04/2021 00:00,3.746,5.429,1.167
28/04/2021 00:00,3.165,5.175,1.155
29/04/2021 00:00,3.116,5.181,1.145
30/04/2021 00:00,3.257,5.529,1.153
01/05/2021 00:00,3.257,5.792,1.175
02/05/2021 00:00,3.351,5.855,1.211
03/05/2021 00:00,3.482,6.016,1.284
04/05/2021 00:00,3.491,6.112,1.251
05/05/2021 00:00,3.400,5.837,1.190
06/05/2021 00:00,3.391,5.624,1.173
07/05/2021 00:00,3.465,5.942,1.210
08/05/2021 00:00,3.433,6.128,1.213
09/05/2021 00:00,3.438,5.983,1.191
10/05/2021 00:00,3.424,5.804,1.131
11/05/2021 00:00,3.426,5.709,1.100
12/05/2021 00:00,3.402,5.864,1.105
13/05/2021 00:00,3.456,5.903,1.106
14/05/2021 00:00,3.491,6.030,1.112
15/05/2021 00:00,3.627,6.206,1.197
16/05/2021 00:00,3.709,6.536,1.254
17/05/2021 00:00,3.639,6.496,1.195
18/05/2021 00:00,3.569,6.220,1.145
19/05/2021 00:00,3.928,7.685,1.131
20/05/2021 00:00,4.938,13.496,2.623
21/05/2021 00:00,7.723,22.894,6.984
22/05/2021 00:00,6.970,20.164,4.121
23/05/2021 00:00,5.656,14.776,2.218
24/05/2021 00:00,3.840,7.896,1.500
25/05/2021 00:00,4.699,12.222,4.572
26/05/2021 00:00,4.373,12.962,3.256
27/05/2021 00:00,4.422,9.904,1.986
28/05/2021 00:00,3.931,7.128,1.435
29/05/2021 00:00,3.746,5.939,1.262
30/05/2021 00:00,4.496,8.459,1.635
31/05/2021 00:00,4.321,9.259,1.545
01/06/2021 00:00,4.890,8.160,1.373
02/06/2021 00:00,4.262,6.931,1.232
03/06/2021 00:00,4.132,6.407,1.217
04/06/2021 00:00,5.050,7.090,1.584
05/06/2021 00:00,5.709,11.209,2.217
06/06/2021 00:00,4.812,9.630,1.722
07/06/2021 00:00,6.098,9.711,1.774
08/06/2021 00:00,4.717,8.250,1.782
09/06/2021 00:00,4.067,7.120,1.502
10/06/2021 00:00,3.851,6.225,1.307
11/06/2021 00:00,3.786,5.807,1.270
12/06/2021 00:00,4.220,6.853,1.845
13/06/2021 00:00,4.545,7.826,2.176
14/06/2021 00:00,4.652,7.520,1.778
15/06/2021 00:00,4.423,6.605,1.389
16/06/2021 00:00,4.197,5.798,1.240
17/06/2021 00:00,4.022,5.406,1.186
18/06/2021 00:00,3.878,5.382,1.235
19/06/2021 00:00,3.836,5.492,1.197
20/06/2021 00:00,3.751,5.434,1.065
21/06/2021 00:00,4.294,10.119,2.959
22/06/2021 00:00,4.478,10.210,3.221
23/06/2021 00:00,5.763,12.170,3.104
24/06/2021 00:00,4.946,10.065,2.131
25/06/2021 00:00,4.941,7.652,1.565
26/06/2021 00:00,4.585,6.513,1.650
27/06/2021 00:00,5.235,6.989,2.933
28/06/2021 00:00,4.412,6.707,2.228
29/06/2021 00:00,4.239,6.131,1.621
30/06/2021 00:00,4.437,8.774,2.139
01/07/2021 00:00,6.304,14.368,3.072
02/07/2021 00:00,8.105,23.785,6.955
03/07/2021 00:00,9.280,32.378,10.272
04/07/2021 00:00,9.272,38.378,9.168
05/07/2021 00:00,9.941,33.442,6.442
06/07/2021 00:00,6.497,25.323,4.271
07/07/2021 00:00,6.086,16.099,2.820
08/07/2021 00:00,11.049,41.226,13.687
09/07/2021 00:00,18.293,54.572,23.215
10/07/2021 00:00,17.750,58.862,27.565
11/07/2021 00:00,11.530,40.121,15.034
12/07/2021 00:00,8.764,27.670,6.761
13/07/2021 00:00,8.138,19.464,4.476
14/07/2021 00:00,10.662,36.334,12.357
15/07/2021 00:00,10.457,37.437,12.728
16/07/2021 00:00,11.300,43.127,17.002
17/07/2021 00:00,18.986,59.813,27.111
18/07/2021 00:00,16.902,54.116,22.884
19/07/2021 00:00,11.720,39.729,15.691
20/07/2021 00:00,8.761,28.979,10.884
21/07/2021 00:00,8.356,21.198,9.083
22/07/2021 00:00,7.513,15.683,6.316
23/07/2021 00:00,6.456,13.841,4.886
24/07/2021 00:00,5.601,12.332,3.947
25/07/2021 00:00,5.816,15.020,3.255
26/07/2021 00:00,5.099,15.150,2.839
27/07/2021 00:00,4.831,12.841,2.463
28/07/2021 00:00,4.512,10.132,2.178
29/07/2021 00:00,4.403,8.824,2.019
30/07/2021 00:00,4.196,8.085,1.958
31/07/2021 00:00,4.000,7.862,2.482
01/08/2021 00:00,4.065,7.769,2.423
02/08/2021 00:00,4.100,6.979,2.132
03/08/2021 00:00,3.990,6.663,1.872
04/08/2021 00:00,3.936,6.246,1.797
05/08/2021 00:00,4.265,6.417,1.872
06/08/2021 00:00,4.697,8.337,2.530
07/08/2021 00:00,5.601,13.024,3.070
08/08/2021 00:00,5.558,12.601,2.482
09/08/2021 00:00,6.957,19.640,3.466
10/08/2021 00:00,6.456,17.018,3.793
11/08/2021 00:00,6.319,20.578,5.190
12/08/2021 00:00,6.403,25.501,8.660
13/08/2021 00:00,6.291,26.174,8.799
14/08/2021 00:00,6.835,35.718,12.107
15/08/2021 00:00,6.185,28.158,7.610
16/08/2021 00:00,5.573,24.586,7.829
17/08/2021 00:00,5.119,19.896,6.920
18/08/2021 00:00,5.142,16.149,4.621
19/08/2021 00:00,5.427,17.419,5.998
20/08/2021 00:00,6.224,26.436,8.841
21/08/2021 00:00,8.279,25.757,10.935
22/08/2021 00:00,8.746,34.103,8.874
23/08/2021 00:00,7.209,24.027,6.410
24/08/2021 00:00,5.883,17.207,5.256
25/08/2021 00:00,5.484,15.449,4.239
26/08/2021 00:00,7.253,27.104,7.347
27/08/2021 00:00,19.635,57.620,18.497
28/08/2021 00:00,19.527,81.774,24.195
29/08/2021 00:00,15.763,60.845,21.443
30/08/2021 00:00,11.451,32.228,14.013
31/08/2021 00:00,8.638,23.010,8.629
01/09/2021 00:00,9.176,24.331,7.291
02/09/2021 00:00,20.788,56.124,18.141
03/09/2021 00:00,18.768,74.328,20.223
04/09/2021 00:00,20.521,74.302,25.402
05/09/2021 00:00,23.599,87.138,29.750
06/09/2021 00:00,20.353,64.310,21.446
07/09/2021 00:00,15.221,37.489,14.772
08/09/2021 00:00,10.796,25.038,7.593
09/09/2021 00:00,10.471,19.373,5.426
10/09/2021 00:00,8.456,16.846,4.589
11/09/2021 00:00,7.570,14.440,4.154
12/09/2021 00:00,6.916,13.847,3.791
13/09/2021 00:00,6.206,13.382,3.378
14/09/2021 00:00,5.625,12.613,3.115
15/09/2021 00:00,5.791,12.730,3.201
16/09/2021 00:00,6.079,14.440,2.940
17/09/2021 00:00,6.834,17.773,5.559
18/09/2021 00:00,7.277,19.405,4.878
19/09/2021 00:00,8.532,26.676,5.801
20/09/2021 00:00,10.467,25.141,7.174
21/09/2021 00:00,12.894,38.897,10.263
22/09/2021 00:00,10.832,31.278,11.351
23/09/2021 00:00,9.296,28.833,8.649
24/09/2021 00:00,8.050,23.884,8.702
25/09/2021 00:00,17.594,69.526,21.886
26/09/2021 00:00,14.207,63.284,19.712
27/09/2021 00:00,11.143,38.385,16.982
28/09/2021 00:00,9.202,26.333,7.719
29/09/2021 00:00,7.854,21.313,6.620
30/09/2021 00:00,7.372,24.580,7.824
01/10/2021 00:00,8.624,32.721,10.343
02/10/2021 00:00,14.116,65.138,21.693
03/10/2021 00:00,14.696,61.880,19.841
04/10/2021 00:00,11.646,42.470,14.666
05/10/2021 00:00,30.510,100.342,34.976
06/10/2021 00:00,28.010,96.235,29.587
07/10/2021 00:00,22.286,49.589,20.487
08/10/2021 00:00,18.269,56.579,22.691
09/10/2021 00:00,19.500,66.802,19.872
10/10/2021 00:00,24.056,93.847,34.080
11/10/2021 00:00,38.898,130.744,34.994
12/10/2021 00:00,48.164,141.385,33.632
13/10/2021 00:00,42.778,128.818,31.261
14/10/2021 00:00,31.384,110.881,23.770
15/10/2021 00:00,24.682,75.632,17.999
16/10/2021 00:00,23.558,73.756,16.542
17/10/2021 00:00,21.988,65.897,14.748
18/10/2021 00:00,20.005,50.171,13.429
19/10/2021 00:00,18.051,43.527,12.993
20/10/2021 00:00,17.177,46.345,13.420
21/10/2021 00:00,16.788,43.592,14.190
22/10/2021 00:00,14.892,40.990,13.457
23/10/2021 00:00,13.086,37.695,13.060
24/10/2021 00:00,13.265,38.457,13.106
25/10/2021 00:00,10.543,34.130,8.412
26/10/2021 00:00,8.428,27.548,6.732
27/10/2021 00:00,7.352,24.004,5.448
28/10/2021 00:00,8.457,27.363,12.918
29/10/2021 00:00,37.002,126.944,50.317
30/10/2021 00:00,41.034,138.565,55.893
31/10/2021 00:00,44.346,147.684,55.736
01/11/2021 00:00,94.087,289.290,150.533
02/11/2021 00:00,107.016,357.875,188.116
03/11/2021 00:00,83.406,308.248,155.267
04/11/2021 00:00,78.901,251.110,94.568
05/11/2021 00:00,69.219,214.265,67.380
06/11/2021 00:00,72.467,197.185,77.533
07/11/2021 00:00,102.445,378.047,148.414
08/11/2021 00:00,125.558,507.856,276.226
09/11/2021 00:00,122.644,584.955,324.835
10/11/2021 00:00,149.146,611.189,433.772
11/11/2021 00:00,220.285,779.468,452.123
12/11/2021 00:00,115.775,398.398,200.531
13/11/2021 00:00,82.184,242.208,107.674
14/11/2021 00:00,78.873,213.816,97.074
15/11/2021 00:00,66.622,197.401,78.046
16/11/2021 00:00,58.221,145.896,72.762
17/11/2021 00:00,80.439,258.900,91.542
18/11/2021 00:00,373.997,1015.719,329.887
19/11/2021 00:00,279.247,885.648,294.395
20/11/2021 00:00,228.536,626.597,245.706
21/11/2021 00:00,125.414,377.065,186.100
22/11/2021 00:00,75.234,272.026,107.597
23/11/2021 00:00,54.043,170.055,82.054
24/11/2021 00:00,43.832,114.569,64.429
25/11/2021 00:00,56.194,158.534,93.999
26/11/2021 00:00,106.102,331.060,202.977
27/11/2021 00:00,129.710,483.915,257.576
28/11/2021 00:00,163.655,638.619,394.951
29/11/2021 00:00,136.439,587.993,310.792
30/11/2021 00:00,107.818,331.440,145.953
01/12/2021 00:00,65.435,213.627,82.038
02/12/2021 00:00,46.233,127.794,62.317
03/12/2021 00:00,34.946,89.856,54.148
04/12/2021 00:00,26.327,72.638,28.340
05/12/2021 00:00,22.533,67.722,24.557
06/12/2021 00:00,20.322,61.443,23.395
07/12/2021 00:00,17.344,56.874,20.229
08/12/2021 00:00,15.494,51.741,20.739
09/12/2021 00:00,15.855,52.047,22.636
10/12/2021 00:00,15.315,50.433,21.989
11/12/2021 00:00,14.793,50.196,23.705
12/12/2021 00:00,16.039,53.139,26.037
13/12/2021 00:00,18.848,71.322,32.982
14/12/2021 00:00,17.969,71.813,26.243
15/12/2021 00:00,14.501,50.550,18.032
16/12/2021 00:00,12.993,39.319,13.504
17/12/2021 00:00,11.386,34.956,11.288
18/12/2021 00:00,10.395,32.822,9.937
19/12/2021 00:00,9.463,31.045,8.598
20/12/2021 00:00,8.698,29.070,7.748
21/12/2021 00:00,8.139,27.905,7.400
22/12/2021 00:00,7.632,26.858,6.848
23/12/2021 00:00,7.338,25.521,6.282
24/12/2021 00:00,6.990,24.008,5.838
25/12/2021 00:00,6.730,22.797,5.496
26/12/2021 00:00,6.619,21.728,5.272
27/12/2021 00:00,6.352,20.932,5.022
28/12/2021 00:00,6.208,20.590,4.714
29/12/2021 00:00,6.258,20.307,4.548
30/12/2021 00:00,10.381,40.983,20.793
31/12/2021 00:00,23.034,80.626,45.459
01/01/2022 00:00,24.691,63.824,43.882
02/01/2022 00:00,14.043,50.026,20.448
03/01/2022 00:00,10.246,34.300,11.204
04/01/2022 00:00,10.221,28.499,8.360
05/01/2022 00:00,8.936,23.967,7.218
06/01/2022 00:00,8.721,22.843,6.484
07/01/2022 00:00,8.462,22.394,6.009
08/01/2022 00:00,8.017,18.340,5.623
09/01/2022 00:00,7.653,20.470,5.258
10/01/2022 00:00,7.381,19.298,5.000
11/01/2022 00:00,7.181,18.911,4.819
12/01/2022 00:00,7.201,17.705,4.798
13/01/2022 00:00,7.318,18.298,4.815
14/01/2022 00:00,7.167,17.601,4.909
15/01/2022 00:00,7.399,17.127,4.914
16/01/2022 00:00,7.792,18.015,5.694
17/01/2022 00:00,7.733,17.902,5.821
18/01/2022 00:00,7.540,16.830,5.023
19/01/2022 00:00,7.208,15.418,4.565
20/01/2022 00:00,6.919,14.349,4.187
21/01/2022 00:00,6.884,13.503,3.898
22/01/2022 00:00,6.758,12.123,3.645
23/01/2022 00:00,6.732,12.202,3.539
24/01/2022 00:00,6.751,12.326,3.440
25/01/2022 00:00,6.820,12.445,3.342
26/01/2022 00:00,6.921,12.178,3.194
27/01/2022 00:00,6.844,12.153,3.269
28/01/2022 00:00,6.756,11.985,3.164
29/01/2022 00:00,6.778,11.713,3.111
30/01/2022 00:00,6.584,11.411,3.051
31/01/2022 00:00,6.441,11.138,2.946
01/02/2022 00:00,6.246,10.743,2.821
02/02/2022 00:00,6.111,10.144,2.655
03/02/2022 00:00,6.030,9.752,2.556
04/02/2022 00:00,5.931,9.588,2.502
05/02/2022 00:00,5.922,9.422,2.497
06/02/2022 00:00,5.921,9.495,2.541
07/02/2022 00:00,5.891,9.194,2.434
08/02/2022 00:00,5.981,9.303,2.324
09/02/2022 00:00,6.124,8.854,2.234
10/02/2022 00:00,6.031,8.422,2.248
11/02/2022 00:00,6.134,9.561,2.542
12/02/2022 00:00,5.888,10.199,2.508
13/02/2022 00:00,5.788,9.687,2.278
14/02/2022 00:00,5.752,9.469,2.235
15/02/2022 00:00,5.667,8.802,2.129
16/02/2022 00:00,5.561,9.143,2.021
17/02/2022 00:00,5.431,8.936,1.971
18/02/2022 00:00,5.358,7.866,1.924
19/02/2022 00:00,5.201,7.802,1.862
20/02/2022 00:00,5.227,8.919,1.852
21/02/2022 00:00,4.928,7.717,1.854
22/02/2022 00:00,4.908,7.552,1.816
23/02/2022 00:00,4.857,7.381,1.788
24/02/2022 00:00,4.825,7.140,1.751
25/02/2022 00:00,4.801,6.908,1.710
26/02/2022 00:00,4.811,6.819,1.697
27/02/2022 00:00,4.675,6.716,1.683
28/02/2022 00:00,4.607,6.476,1.640
01/03/2022 00:00,4.438,6.259,1.587
02/03/2022 00:00,4.359,6.088,1.561
03/03/2022 00:00,4.292,5.973,1.560
04/03/2022 00:00,4.320,6.052,1.602
05/03/2022 00:00,4.300,6.038,1.614
06/03/2022 00:00,4.730,7.232,2.355
07/03/2022 00:00,4.949,8.572,2.414
08/03/2022 00:00,4.829,7.855,1.837
09/03/2022 00:00,4.481,7.113,1.657
10/03/2022 00:00,4.171,6.325,1.596
11/03/2022 00:00,3.971,6.081,1.550
12/03/2022 00:00,3.876,6.081,1.492
13/03/2022 00:00,3.799,5.800,1.463
14/03/2022 00:00,3.814,5.483,1.450
15/03/2022 00:00,3.679,5.368,1.409
16/03/2022 00:00,3.670,5.382,1.377
17/03/2022 00:00,3.510,5.157,1.340
18/03/2022 00:00,3.542,4.482,1.318
19/03/2022 00:00,3.503,4.174,1.315
20/03/2022 00:00,3.581,4.410,1.313
21/03/2022 00:00,4.038,5.290,1.317
22/03/2022 00:00,4.695,5.547,1.273
23/03/2022 00:00,4.307,5.138,1.239
24/03/2022 00:00,3.834,4.815,1.222
25/03/2022 00:00,3.595,4.473,1.210
26/03/2022 00:00,3.464,4.403,1.196
27/03/2022 00:00,3.509,4.334,1.171
28/03/2022 00:00,3.508,4.227,1.141
29/03/2022 00:00,3.535,4.113,1.124
30/03/2022 00:00,3.526,3.997,1.112
31/03/2022 00:00,3.489,3.932,1.099
01/04/2022 00:00,3.469,3.924,1.102
02/04/2022 00:00,3.453,3.963,1.108
03/04/2022 00:00,3.457,3.896,1.098
04/04/2022 00:00,3.501,3.851,1.082
05/04/2022 00:00,3.548,3.817,1.071
06/04/2022 00:00,3.693,3.909,1.069
07/04/2022 00:00,3.891,4.002,1.082
08/04/2022 00:00,3.969,4.164,1.127
09/04/2022 00:00,4.056,4.524,1.308
10/04/2022 00:00,4.372,6.053,1.972
11/04/2022 00:00,4.438,6.812,2.022
12/04/2022 00:00,4.831,6.405,1.625
13/04/2022 00:00,4.733,7.040,1.589
14/04/2022 00:00,5.035,7.059,1.401
15/04/2022 00:00,4.807,5.407,1.286
16/04/2022 00:00,4.479,5.040,1.258
17/04/2022 00:00,4.424,7.749,1.637
18/04/2022 00:00,5.200,7.591,1.550
19/04/2022 00:00,5.424,5.912,1.312
20/04/2022 00:00,4.667,4.768,1.176
21/04/2022 00:00,4.267,4.467,1.153
22/04/2022 00:00,3.951,4.389,1.161
23/04/2022 00:00,3.847,4.441,1.177
24/04/2022 00:00,3.712,4.402,1.123
25/04/2022 00:00,3.675,4.294,1.061
26/04/2022 00:00,3.668,4.286,1.027
27/04/2022 00:00,3.676,4.248,0.992
28/04/2022 00:00,3.660,4.266,0.970
29/04/2022 00:00,3.691,4.240,0.948
30/04/2022 00:00,3.677,4.261,0.924
01/05/2022 00:00,3.719,4.321,0.935
02/05/2022 00:00,3.746,4.340,0.920
03/05/2022 00:00,3.843,4.438,0.909
04/05/2022 00:00,3.951,4.781,0.923
05/05/2022 00:00,4.266,5.024,0.917
06/05/2022 00:00,4.816,6.735,1.506
07/05/2022 00:00,4.676,7.347,1.330
08/05/2022 00:00,5.111,6.027,1.062
09/05/2022 00:00,4.881,6.618,1.621
10/05/2022 00:00,4.808,7.700,2.340
11/05/2022 00:00,5.483,7.414,1.524
12/05/2022 00:00,6.298,18.247,5.394
13/05/2022 00:00,7.497,18.520,7.873
14/05/2022 00:00,7.358,13.694,8.500
15/05/2022 00:00,9.825,36.272,9.992
16/05/2022 00:00,10.826,42.901,10.692
17/05/2022 00:00,10.994,31.191,5.992
18/05/2022 00:00,9.204,17.468,3.758
19/05/2022 00:00,7.607,11.341,2.645
20/05/2022 00:00,6.498,9.429,2.055
21/05/2022 00:00,6.203,7.591,1.668
22/05/2022 00:00,5.621,6.576,1.417
23/05/2022 00:00,5.101,6.083,1.250
24/05/2022 00:00,4.688,5.824,1.170
25/05/2022 00:00,4.307,5.840,1.164
26/05/2022 00:00,5.314,13.079,3.129
27/05/2022 00:00,5.637,13.530,2.838
28/05/2022 00:00,5.556,9.910,1.755
29/05/2022 00:00,4.431,6.653,1.342
30/05/2022 00:00,4.040,5.772,1.142
31/05/2022 00:00,4.185,5.365,1.033
01/06/2022 00:00,4.141,5.304,1.000
02/06/2022 00:00,4.185,5.285,0.986
03/06/2022 00:00,3.948,5.193,0.966
04/06/2022 00:00,4.352,5.135,0.952
05/06/2022 00:00,4.551,5.800,0.978
06/06/2022 00:00,5.198,11.570,2.761
07/06/2022 00:00,5.827,10.838,2.257
08/06/2022 00:00,6.044,8.257,1.418
09/06/2022 00:00,4.999,6.232,1.224
10/06/2022 00:00,4.540,5.537,1.062
11/06/2022 00:00,4.262,5.380,0.963
12/06/2022 00:00,4.371,5.613,0.952
13/06/2022 00:00,4.400,5.733,0.968
14/06/2022 00:00,5.198,8.395,1.339
15/06/2022 00:00,6.110,14.864,4.114
16/06/2022 00:00,10.028,16.986,3.869
17/06/2022 00:00,10.581,23.197,3.025
18/06/2022 00:00,8.348,20.194,2.274
19/06/2022 00:00,8.948,29.353,5.264
20/06/2022 00:00,11.912,33.253,7.343
21/06/2022 00:00,11.401,35.172,9.651
22/06/2022 00:00,8.924,24.599,4.820
23/06/2022 00:00,7.748,16.173,3.202
24/06/2022 00:00,7.098,15.101,2.758
25/06/2022 00:00,6.479,13.070,2.507
26/06/2022 00:00,5.675,10.920,2.059
27/06/2022 00:00,4.949,9.266,1.773
28/06/2022 00:00,4.465,8.131,1.625
29/06/2022 00:00,4.813,8.319,1.918
30/06/2022 00:00,5.217,9.095,2.684
01/07/2022 00:00,7.522,18.112,5.614
02/07/2022 00:00,7.677,15.300,5.055
03/07/2022 00:00,7.354,18.115,3.953
04/07/2022 00:00,6.098,12.327,2.623
05/07/2022 00:00,6.316,11.719,2.548
06/07/2022 00:00,6.557,12.227,3.677
07/07/2022 00:00,7.166,14.506,4.316
08/07/2022 00:00,7.122,13.116,3.503
09/07/2022 00:00,7.244,11.078,2.936
10/07/2022 00:00,7.837,11.543,2.600
11/07/2022 00:00,7.343,12.407,2.514
12/07/2022 00:00,6.733,10.663,2.155
13/07/2022 00:00,5.685,8.729,1.824
14/07/2022 00:00,4.954,7.114,1.631
15/07/2022 00:00,4.484,6.506,1.547
16/07/2022 00:00,6.271,15.846,2.462
17/07/2022 00:00,8.386,15.932,3.388
18/07/2022 00:00,8.597,17.949,3.588
19/07/2022 00:00,8.696,19.954,2.695
20/07/2022 00:00,9.162,23.399,2.935
21/07/2022 00:00,12.094,37.298,12.409
22/07/2022 00:00,13.550,42.156,14.832
23/07/2022 00:00,12.145,36.472,14.488
24/07/2022 00:00,9.244,25.162,11.005
25/07/2022 00:00,9.200,28.619,11.084
26/07/2022 00:00,10.820,33.001,10.620
27/07/2022 00:00,10.395,27.094,6.270
28/07/2022 00:00,8.457,18.023,3.859
29/07/2022 00:00,7.449,14.688,2.844
30/07/2022 00:00,7.024,13.931,2.518
31/07/2022 00:00,7.654,17.779,2.468
01/08/2022 00:00,11.184,26.615,3.477
02/08/2022 00:00,13.003,27.490,6.707
03/08/2022 00:00,15.592,35.819,10.194
04/08/2022 00:00,18.875,48.575,16.798
05/08/2022 00:00,16.646,42.198,12.649
06/08/2022 00:00,12.309,30.741,9.087
07/08/2022 00:00,9.697,24.230,5.731
08/08/2022 00:00,8.833,17.705,3.568
09/08/2022 00:00,8.051,14.588,2.384
10/08/2022 00:00,7.719,13.016,1.919
11/08/2022 00:00,7.256,12.589,1.726
12/08/2022 00:00,6.624,10.115,1.797
13/08/2022 00:00,6.070,9.198,1.725
14/08/2022 00:00,5.696,8.790,1.768
15/08/2022 00:00,5.446,8.269,1.690
16/08/2022 00:00,5.105,8.379,2.064
17/08/2022 00:00,6.715,13.168,4.483
18/08/2022 00:00,10.743,23.259,9.963
19/08/2022 00:00,10.529,21.121,8.094
20/08/2022 00:00,8.442,17.816,4.252
21/08/2022 00:00,7.889,13.175,7.180
22/08/2022 00:00,10.542,24.274,12.423
23/08/2022 00:00,13.350,38.092,16.393
24/08/2022 00:00,13.660,32.300,11.072
25/08/2022 00:00,13.760,32.130,12.016
26/08/2022 00:00,17.305,52.171,15.104
27/08/2022 00:00,22.228,64.742,19.325
28/08/2022 00:00,21.265,63.343,15.204
29/08/2022 00:00,16.726,44.960,10.851
30/08/2022 00:00,13.773,36.933,10.586
31/08/2022 00:00,12.568,38.223,13.051
01/09/2022 00:00,21.321,76.128,23.528
02/09/2022 00:00,18.690,65.906,19.244
03/09/2022 00:00,16.549,39.014,11.202
04/09/2022 00:00,12.573,28.673,8.437
05/09/2022 00:00,11.697,28.082,6.935
06/09/2022 00:00,17.464,42.708,10.532
07/09/2022 00:00,20.838,63.646,16.265
08/09/2022 00:00,19.834,60.779,16.346
09/09/2022 00:00,14.649,40.639,11.623
10/09/2022 00:00,11.933,26.964,8.115
11/09/2022 00:00,10.079,21.302,5.656
12/09/2022 00:00,9.114,18.703,4.299
13/09/2022 00:00,7.997,16.082,3.560
14/09/2022 00:00,7.163,14.427,3.432
15/09/2022 00:00,6.466,13.272,2.995
16/09/2022 00:00,5.929,12.360,2.621
17/09/2022 00:00,5.474,11.464,2.488
18/09/2022 00:00,5.324,10.257,2.327
19/09/2022 00:00,5.152,9.617,2.366
20/09/2022 00:00,5.021,8.943,2.302
21/09/2022 00:00,4.549,8.955,1.988
22/09/2022 00:00,4.348,8.195,1.791
23/09/2022 00:00,4.350,8.065,1.920
24/09/2022 00:00,4.519,5.773,1.818
25/09/2022 00:00,5.112,8.397,2.531
26/09/2022 00:00,8.108,13.543,4.837
27/09/2022 00:00,9.020,13.627,5.005
28/09/2022 00:00,11.687,20.718,9.729
29/09/2022 00:00,12.814,27.374,17.301
30/09/2022 00:00,12.859,33.864,15.943
01/10/2022 00:00,10.898,28.628,15.398
02/10/2022 00:00,9.027,21.808,8.325
03/10/2022 00:00,6.818,16.314,5.134
04/10/2022 00:00,5.841,14.219,4.183
05/10/2022 00:00,6.685,22.574,13.770
06/10/2022 00:00,10.202,35.070,20.592
07/10/2022 00:00,10.233,41.508,20.892
08/10/2022 00:00,11.199,43.405,16.267
09/10/2022 00:00,14.369,69.548,21.866
10/10/2022 00:00,24.972,90.805,21.482
11/10/2022 00:00,20.193,76.100,18.119
12/10/2022 00:00,16.192,48.861,14.098
13/10/2022 00:00,12.594,41.749,13.517
14/10/2022 00:00,12.923,35.814,14.641
15/10/2022 00:00,13.981,40.768,14.095
16/10/2022 00:00,14.879,42.911,16.293
17/10/2022 00:00,12.098,40.612,12.384
18/10/2022 00:00,14.792,52.904,14.781
19/10/2022 00:00,19.834,60.424,17.487
20/10/2022 00:00,20.709,69.817,27.107
21/10/2022 00:00,21.193,70.545,19.890
22/10/2022 00:00,17.378,61.850,14.880
23/10/2022 00:00,12.144,38.708,10.436
24/10/2022 00:00,9.429,28.677,7.691
25/10/2022 00:00,7.481,21.174,5.937
26/10/2022 00:00,6.549,17.104,4.851
27/10/2022 00:00,6.503,15.962,4.981
28/10/2022 00:00,7.727,26.746,11.745
29/10/2022 00:00,8.067,33.700,14.025
30/10/2022 00:00,7.652,31.034,12.057
31/10/2022 00:00,9.951,46.930,25.225
01/11/2022 00:00,35.985,134.490,64.972
02/11/2022 00:00,62.643,195.459,109.243
03/11/2022 00:00,56.463,202.190,83.177
04/11/2022 00:00,37.627,131.509,61.936
05/11/2022 00:00,30.623,93.415,44.746
06/11/2022 00:00,22.159,70.250,33.588
07/11/2022 00:00,15.670,46.702,28.890
08/11/2022 00:00,13.537,42.206,24.994
09/11/2022 00:00,10.595,34.645,18.025
10/11/2022 00:00,16.903,79.738,45.852
11/11/2022 00:00,97.865,277.963,134.341
12/11/2022 00:00,183.174,433.942,214.913
13/11/2022 00:00,138.838,368.857,133.106
14/11/2022 00:00,76.811,211.334,85.751
15/11/2022 00:00,43.884,130.637,52.137
16/11/2022 00:00,29.241,82.063,33.048
17/11/2022 00:00,18.856,52.542,25.225
18/11/2022 00:00,16.625,43.534,16.641
19/11/2022 00:00,13.801,36.238,12.973
20/11/2022 00:00,10.220,29.420,10.836
21/11/2022 00:00,10.413,31.415,23.009
22/11/2022 00:00,15.189,37.592,22.171
23/11/2022 00:00,21.057,58.171,32.399
24/11/2022 00:00,19.001,52.034,23.986
25/11/2022 00:00,15.340,46.553,12.028
26/11/2022 00:00,12.395,34.570,10.831
27/11/2022 00:00,11.128,31.328,10.209
28/11/2022 00:00,8.350,27.526,8.465
29/11/2022 00:00,7.034,23.188,7.212
30/11/2022 00:00,6.501,21.050,6.464
01/12/2022 00:00,6.676,21.225,6.209
02/12/2022 00:00,6.918,21.871,6.033
03/12/2022 00:00,9.769,32.273,15.445
04/12/2022 00:00,12.477,43.651,19.691
05/12/2022 00:00,10.661,41.780,15.385
06/12/2022 00:00,8.025,36.315,8.281
07/12/2022 00:00,6.979,31.234,6.861
08/12/2022 00:00,11.723,44.965,21.407
09/12/2022 00:00,44.088,171.626,102.481
10/12/2022 00:00,52.135,165.952,124.899
11/12/2022 00:00,41.149,130.396,64.014
12/12/2022 00:00,48.916,152.154,81.754
13/12/2022 00:00,45.144,147.502,71.034
14/12/2022 00:00,36.576,99.051,34.006
15/12/2022 00:00,23.827,55.250,19.915
16/12/2022 00:00,15.493,43.936,13.800
17/12/2022 00:00,11.370,39.634,11.192
18/12/2022 00:00,9.607,35.014,9.678
19/12/2022 00:00,8.561,29.500,8.596
20/12/2022 00:00,7.883,23.480,7.790
21/12/2022 00:00,7.075,21.043,7.176
22/12/2022 00:00,6.598,19.621,6.561
23/12/2022 00:00,6.120,18.312,5.996
24/12/2022 00:00,6.443,19.667,6.993
25/12/2022 00:00,11.155,39.243,16.045
26/12/2022 00:00,13.333,40.273,14.265
27/12/2022 00:00,10.933,34.251,8.732
28/12/2022 00:00,8.481,26.420,6.980
29/12/2022 00:00,7.299,22.440,6.302
30/12/2022 00:00,6.341,19.633,5.375
31/12/2022 00:00,6.148,17.012,4.855
01/01/2023 00:00,5.956,15.255,4.556
02/01/2023 00:00,5.633,14.071,4.253
03/01/2023 00:00,5.354,13.467,4.080
04/01/2023 00:00,5.574,13.159,3.906
05/01/2023 00:00,5.098,12.828,3.640
06/01/2023 00:00,5.023,12.384,3.414
07/01/2023 00:00,4.903,11.983,3.265
08/01/2023 00:00,4.783,11.603,3.140
09/01/2023 00:00,4.864,11.051,2.896
10/01/2023 00:00,4.742,10.526,2.678
11/01/2023 00:00,4.578,10.116,2.493
12/01/2023 00:00,4.555,9.746,2.388
13/01/2023 00:00,4.359,9.513,2.306
14/01/2023 00:00,4.145,9.021,2.221
15/01/2023 00:00,3.945,8.826,2.133
16/01/2023 00:00,3.796,8.609,2.066
17/01/2023 00:00,3.628,8.603,2.011
18/01/2023 00:00,3.485,8.474,1.952
19/01/2023 00:00,3.295,8.342,1.888
20/01/2023 00:00,3.184,8.349,1.894
21/01/2023 00:00,3.141,8.229,1.875
22/01/2023 00:00,3.001,8.083,1.831
23/01/2023 00:00,3.005,8.117,1.843
24/01/2023 00:00,2.981,8.072,1.786
25/01/2023 00:00,2.875,7.864,1.723
26/01/2023 00:00,2.795,7.679,1.683
27/01/2023 00:00,2.722,7.394,1.609
28/01/2023 00:00,2.683,7.197,1.593
29/01/2023 00:00,2.673,7.154,1.638
30/01/2023 00:00,2.780,7.438,1.707
31/01/2023 00:00,2.890,7.690,1.922
01/02/2023 00:00,2.960,8.065,2.435
02/02/2023 00:00,3.002,8.573,2.663
03/02/2023 00:00,3.072,9.089,2.571
04/02/2023 00:00,2.981,8.799,2.030
05/02/2023 00:00,2.764,7.990,1.740
06/02/2023 00:00,2.606,7.160,1.686
07/02/2023 00:00,2.530,6.875,1.642
08/02/2023 00:00,2.481,6.750,1.585
09/02/2023 00:00,2.466,6.379,1.556
10/02/2023 00:00,2.404,6.075,1.508
11/02/2023 00:00,2.375,6.012,1.461
12/02/2023 00:00,2.330,5.849,1.422
13/02/2023 00:00,2.276,5.670,1.381
14/02/2023 00:00,2.240,5.543,1.354
15/02/2023 00:00,2.214,5.384,1.332
16/02/2023 00:00,2.182,5.228,1.311
17/02/2023 00:00,2.163,5.090,1.290
18/02/2023 00:00,2.166,4.874,1.273
19/02/2023 00:00,2.181,4.827,1.259
20/02/2023 00:00,2.182,4.739,1.234
21/02/2023 00:00,2.169,4.588,1.210
22/02/2023 00:00,2.159,4.537,1.192
23/02/2023 00:00,2.151,4.519,1.177
24/02/2023 00:00,2.140,4.255,1.162
25/02/2023 00:00,2.134,4.419,1.145
26/02/2023 00:00,2.124,4.462,1.127
27/02/2023 00:00,2.123,4.529,1.115
28/02/2023 00:00,2.145,4.578,1.133
01/03/2023 00:00,2.165,4.612,1.118
02/03/2023 00:00,2.114,4.150,1.089
03/03/2023 00:00,2.110,4.283,1.067
04/03/2023 00:00,2.081,4.764,1.054
05/03/2023 00:00,2.075,3.754,1.037
06/03/2023 00:00,2.063,4.707,1.025
07/03/2023 00:00,2.058,4.706,1.016
08/03/2023 00:00,2.052,4.723,1.004
09/03/2023 00:00,2.046,4.664,0.994
10/03/2023 00:00,2.055,4.667,0.988
11/03/2023 00:00,2.053,4.672,0.968
12/03/2023 00:00,2.053,4.618,0.951
13/03/2023 00:00,2.071,4.616,0.935
14/03/2023 00:00,2.082,4.586,0.919
15/03/2023 00:00,2.152,4.621,0.925
16/03/2023 00:00,2.218,4.683,0.933
17/03/2023 00:00,2.624,5.276,1.872
18/03/2023 00:00,3.118,6.841,2.587
19/03/2023 00:00,4.909,10.917,6.714
20/03/2023 00:00,5.255,10.540,4.510
21/03/2023 00:00,4.566,9.212,2.196
22/03/2023 00:00,3.596,7.236,1.523
23/03/2023 00:00,4.026,8.526,1.659
24/03/2023 00:00,4.131,8.406,1.528
25/03/2023 00:00,3.276,6.986,1.300
26/03/2023 00:00,2.968,5.760,1.271
27/03/2023 00:00,2.790,5.201,1.222
28/03/2023 00:00,2.720,5.142,1.164
29/03/2023 00:00,2.662,5.187,1.099
30/03/2023 00:00,2.566,5.222,1.037
31/03/2023 00:00,2.516,5.312,1.003
01/04/2023 00:00,2.604,5.620,1.066
02/04/2023 00:00,2.825,6.111,1.103
03/04/2023 00:00,2.887,6.143,1.090
04/04/2023 00:00,2.797,5.860,1.047
05/04/2023 00:00,2.647,5.610,1.000
06/04/2023 00:00,2.510,5.471,0.966
07/04/2023 00:00,2.447,5.376,0.932
08/04/2023 00:00,2.431,5.321,0.911
09/04/2023 00:00,2.414,5.296,0.895
10/04/2023 00:00,2.409,5.299,0.882
11/04/2023 00:00,2.370,5.177,0.855
12/04/2023 00:00,2.284,5.199,0.830
13/04/2023 00:00,2.308,5.064,0.805
14/04/2023 00:00,2.315,5.033,0.795
15/04/2023 00:00,2.208,4.949,0.788
16/04/2023 00:00,2.154,4.986,0.784
17/04/2023 00:00,2.255,4.783,0.763
18/04/2023 00:00,2.236,4.745,0.754
19/04/2023 00:00,2.287,4.727,0.756
20/04/2023 00:00,2.310,4.781,0.755
21/04/2023 00:00,2.394,4.821,0.756
22/04/2023 00:00,2.559,5.154,0.772
23/04/2023 00:00,3.663,5.861,1.050
24/04/2023 00:00,4.038,8.065,2.519
25/04/2023 00:00,3.974,7.832,1.731
26/04/2023 00:00,3.633,7.151,1.256
27/04/2023 00:00,3.081,6.294,1.116
28/04/2023 00:00,2.779,5.583,1.032
29/04/2023 00:00,3.268,5.578,1.318
30/04/2023 00:00,3.995,6.545,1.633
01/05/2023 00:00,8.589,31.916,11.733
02/05/2023 00:00,8.851,37.161,23.033
03/05/2023 00:00,9.423,32.330,20.084
04/05/2023 00:00,9.272,30.476,12.354
05/05/2023 00:00,13.786,28.031,13.224
06/05/2023 00:00,14.458,38.182,12.175
07/05/2023 00:00,14.273,37.160,9.773
08/05/2023 00:00,11.102,32.322,5.041
09/05/2023 00:00,8.357,18.091,3.219
10/05/2023 00:00,6.644,13.853,2.438
11/05/2023 00:00,5.736,9.833,2.109
12/05/2023 00:00,4.487,7.829,2.061
13/05/2023 00:00,4.002,6.688,1.896
14/05/2023 00:00,4.014,6.209,1.776
15/05/2023 00:00,3.545,6.051,1.676
16/05/2023 00:00,3.456,5.916,1.606
17/05/2023 00:00,3.471,5.904,1.559
18/05/2023 00:00,3.391,5.687,1.506
19/05/2023 00:00,3.331,5.505,1.429
20/05/2023 00:00,3.277,5.384,1.368
21/05/2023 00:00,3.340,5.405,1.405
22/05/2023 00:00,3.377,5.598,1.367
23/05/2023 00:00,3.415,5.590,1.326
24/05/2023 00:00,3.494,5.519,1.238
25/05/2023 00:00,3.944,5.853,1.352
26/05/2023 00:00,4.033,6.804,1.350
27/05/2023 00:00,3.969,6.928,1.320
28/05/2023 00:00,3.856,6.293,1.247
29/05/2023 00:00,3.663,5.857,1.214
30/05/2023 00:00,3.858,5.856,1.211
31/05/2023 00:00,3.780,5.846,1.149
01/06/2023 00:00,3.585,6.018,1.136
02/06/2023 00:00,3.506,5.918,1.123
03/06/2023 00:00,3.187,5.721,1.068
04/06/2023 00:00,2.906,5.564,1.024
05/06/2023 00:00,4.345,7.735,2.653
06/06/2023 00:00,4.738,14.449,4.267
07/06/2023 00:00,5.017,10.132,5.363
08/06/2023 00:00,4.866,8.741,3.248
09/06/2023 00:00,5.698,9.820,2.665
10/06/2023 00:00,5.091,9.448,2.425
11/06/2023 00:00,4.509,7.964,2.033
12/06/2023 00:00,4.214,7.075,1.766
13/06/2023 00:00,4.621,7.365,1.826
14/06/2023 00:00,4.363,7.042,1.565
15/06/2023 00:00,3.791,6.146,1.371
16/06/2023 00:00,3.256,5.646,1.223
17/06/2023 00:00,3.371,5.863,1.723
18/06/2023 00:00,4.901,15.252,6.701
19/06/2023 00:00,7.312,30.297,9.702
20/06/2023 00:00,9.405,44.096,15.986
21/06/2023 00:00,8.605,37.641,16.904
22/06/2023 00:00,8.939,31.861,8.515
23/06/2023 00:00,7.574,21.133,6.169
24/06/2023 00:00,6.293,14.175,4.497
25/06/2023 00:00,5.396,11.970,3.262
26/06/2023 00:00,4.859,9.582,2.691
27/06/2023 00:00,4.388,8.112,2.432
28/06/2023 00:00,4.129,7.414,2.375
29/06/2023 00:00,4.102,7.201,2.494
30/06/2023 00:00,4.158,7.070,2.395
01/07/2023 00:00,4.490,14.238,5.779
02/07/2023 00:00,5.598,19.241,11.804
03/07/2023 00:00,6.784,27.769,17.738
04/07/2023 00:00,6.409,26.566,15.855
05/07/2023 00:00,5.515,23.970,11.432
06/07/2023 00:00,4.917,19.957,6.162
07/07/2023 00:00,4.535,14.776,4.461
08/07/2023 00:00,4.479,13.583,5.715
09/07/2023 00:00,5.281,20.349,9.702
10/07/2023 00:00,12.250,39.864,27.425
11/07/2023 00:00,18.282,63.435,28.836
12/07/2023 00:00,20.293,73.597,29.108
13/07/2023 00:00,17.173,60.868,20.028
14/07/2023 00:00,10.374,33.661,14.217
15/07/2023 00:00,7.845,20.951,9.903
16/07/2023 00:00,6.333,16.332,7.112
17/07/2023 00:00,5.419,13.188,5.241
18/07/2023 00:00,4.850,11.291,4.120
19/07/2023 00:00,4.702,9.991,3.446
20/07/2023 00:00,4.464,8.474,3.009
21/07/2023 00:00,4.105,7.902,2.661
22/07/2023 00:00,4.270,8.335,2.973
23/07/2023 00:00,4.641,12.379,6.381
24/07/2023 00:00,8.144,18.552,10.625
25/07/2023 00:00,9.895,23.324,13.285
26/07/2023 00:00,9.974,22.946,11.766
27/07/2023 00:00,7.191,18.108,7.221
28/07/2023 00:00,5.340,12.654,5.441
29/07/2023 00:00,4.831,9.353,3.485
30/07/2023 00:00,4.376,8.303,2.781
31/07/2023 00:00,3.990,7.647,2.497
01/08/2023 00:00,3.882,7.287,2.347
02/08/2023 00:00,3.882,7.235,2.189
03/08/2023 00:00,3.814,7.117,2.056
04/08/2023 00:00,3.941,6.785,1.902
05/08/2023 00:00,3.816,6.968,1.838
06/08/2023 00:00,3.880,7.232,1.863
07/08/2023 00:00,3.962,7.492,1.871
08/08/2023 00:00,3.875,7.783,2.029
09/08/2023 00:00,5.601,11.937,3.757
10/08/2023 00:00,6.508,13.973,5.837
11/08/2023 00:00,6.896,15.384,5.461
12/08/2023 00:00,7.150,16.489,7.175
13/08/2023 00:00,6.372,16.450,7.190
14/08/2023 00:00,5.549,14.144,7.791
15/08/2023 00:00,5.111,10.466,5.428
16/08/2023 00:00,4.455,8.447,3.352
17/08/2023 00:00,4.595,7.956,3.786
18/08/2023 00:00,4.085,8.464,3.717
19/08/2023 00:00,4.235,7.571,2.828
20/08/2023 00:00,3.834,6.994,2.162
21/08/2023 00:00,4.169,6.838,2.056
22/08/2023 00:00,4.582,9.677,4.124
23/08/2023 00:00,5.212,12.116,7.047
24/08/2023 00:00,5.048,12.272,5.435
25/08/2023 00:00,4.381,9.113,2.890
26/08/2023 00:00,4.232,9.282,2.831
27/08/2023 00:00,5.067,14.457,4.864
28/08/2023 00:00,4.696,15.460,6.042
29/08/2023 00:00,4.776,13.808,4.810
30/08/2023 00:00,6.219,24.877,11.424
31/08/2023 00:00,7.807,33.088,17.151
01/09/2023 00:00,5.965,29.180,15.894
02/09/2023 00:00,7.321,32.945,15.313
03/09/2023 00:00,6.135,29.894,12.262
04/09/2023 00:00,4.716,25.205,10.405
05/09/2023 00:00,5.553,25.101,13.276
06/09/2023 00:00,5.138,24.474,10.782
07/09/2023 00:00,4.952,25.314,9.972
08/09/2023 00:00,4.656,22.443,9.155
09/09/2023 00:00,4.204,17.516,7.792
10/09/2023 00:00,4.070,13.367,4.491
11/09/2023 00:00,4.002,13.190,4.116
12/09/2023 00:00,5.616,23.267,9.659
13/09/2023 00:00,4.857,21.127,9.022
14/09/2023 00:00,4.234,18.169,6.737
15/09/2023 00:00,4.105,14.315,5.307
16/09/2023 00:00,9.205,35.660,23.219
17/09/2023 00:00,17.618,56.124,27.640
18/09/2023 00:00,18.834,67.848,22.829
19/09/2023 00:00,8.805,47.559,14.074
20/09/2023 00:00,9.179,33.135,13.160
21/09/2023 00:00,9.117,30.497,12.129
22/09/2023 00:00,7.814,27.688,8.958
23/09/2023 00:00,9.136,26.862,11.661
24/09/2023 00:00,17.622,51.172,18.918
25/09/2023 00:00,23.571,69.069,25.971
26/09/2023 00:00,19.560,58.684,18.293
27/09/2023 00:00,14.988,53.490,15.657
28/09/2023 00:00,14.216,39.297,15.240
29/09/2023 00:00,11.599,29.900,13.122
30/09/2023 00:00,10.242,24.987,9.963
01/10/2023 00:00,8.665,21.468,11.248
02/10/2023 00:00,7.666,17.417,8.997
03/10/2023 00:00,6.525,14.445,5.401
04/10/2023 00:00,6.178,13.417,4.505
05/10/2023 00:00,6.568,12.152,4.023
06/10/2023 00:00,5.764,12.566,3.749
07/10/2023 00:00,5.834,11.031,3.558
08/10/2023 00:00,5.449,11.297,3.215
09/10/2023 00:00,5.169,9.094,2.849
10/10/2023 00:00,6.012,10.419,3.088
11/10/2023 00:00,5.740,11.537,3.017
12/10/2023 00:00,5.113,10.503,2.517
13/10/2023 00:00,5.273,9.124,2.758
14/10/2023 00:00,5.555,11.402,6.740
15/10/2023 00:00,6.481,15.410,8.972
16/10/2023 00:00,5.903,14.532,5.337
17/10/2023 00:00,5.436,13.375,3.836
18/10/2023 00:00,4.668,8.400,2.810
19/10/2023 00:00,4.322,7.144,2.292
20/10/2023 00:00,4.443,6.736,2.100
21/10/2023 00:00,4.228,6.976,2.249
22/10/2023 00:00,3.966,7.402,2.115
23/10/2023 00:00,3.594,6.931,1.886
24/10/2023 00:00,3.311,6.516,1.751
25/10/2023 00:00,3.305,6.313,1.649
26/10/2023 00:00,3.399,6.132,1.571
27/10/2023 00:00,3.549,6.052,1.654
28/10/2023 00:00,4.023,6.984,2.047
29/10/2023 00:00,4.633,11.482,5.223
30/10/2023 00:00,5.333,15.916,8.030
31/10/2023 00:00,4.818,17.448,6.604
01/11/2023 00:00,4.848,18.768,8.987
02/11/2023 00:00,5.514,22.064,11.969
03/11/2023 00:00,7.769,41.933,23.159
04/11/2023 00:00,15.134,58.139,30.368
05/11/2023 00:00,14.096,64.477,27.207
06/11/2023 00:00,10.051,52.763,20.655
07/11/2023 00:00,11.991,55.775,22.548
08/11/2023 00:00,15.447,67.922,30.492
09/11/2023 00:00,17.041,81.049,31.853
10/11/2023 00:00,14.242,68.689,25.369
11/11/2023 00:00,10.876,37.876,15.678
12/11/2023 00:00,7.946,26.524,12.241
13/11/2023 00:00,17.478,70.091,35.757
14/11/2023 00:00,41.869,152.435,83.122
15/11/2023 00:00,54.361,183.526,110.134
16/11/2023 00:00,33.272,128.910,89.924
17/11/2023 00:00,19.798,69.665,47.579
18/11/2023 00:00,14.100,39.784,29.753
19/11/2023 00:00,9.938,29.248,19.750
20/11/2023 00:00,10.286,28.621,31.229
21/11/2023 00:00,13.195,58.998,38.042
22/11/2023 00:00,22.206,88.157,42.825
23/11/2023 00:00,18.761,76.189,37.880
24/11/2023 00:00,20.197,76.077,35.215
25/11/2023 00:00,35.048,105.289,45.841
26/11/2023 00:00,31.448,109.973,47.424
27/11/2023 00:00,24.080,96.832,41.135
28/11/2023 00:00,22.447,89.407,44.654
29/11/2023 00:00,29.290,112.240,59.497
30/11/2023 00:00,30.888,119.118,57.663
01/12/2023 00:00,21.077,94.260,44.986
02/12/2023 00:00,34.068,121.201,85.239
03/12/2023 00:00,61.640,255.999,180.004
04/12/2023 00:00,100.765,409.407,336.084
05/12/2023 00:00,88.511,298.427,213.937
06/12/2023 00:00,50.667,130.095,91.204
07/12/2023 00:00,34.286,74.566,71.521
08/12/2023 00:00,23.329,69.367,47.999
09/12/2023 00:00,17.813,52.219,39.787
10/12/2023 00:00,14.526,38.670,26.696
11/12/2023 00:00,11.384,31.873,18.439
12/12/2023 00:00,9.415,28.533,15.636
13/12/2023 00:00,8.128,23.631,13.135
14/12/2023 00:00,6.991,19.673,11.440
15/12/2023 00:00,7.858,20.734,12.257
16/12/2023 00:00,10.902,27.072,15.495
17/12/2023 00:00,10.170,25.636,11.704
18/12/2023 00:00,8.174,22.131,9.201
19/12/2023 00:00,6.716,18.621,8.121
20/12/2023 00:00,5.805,16.324,7.551
21/12/2023 00:00,5.379,14.966,7.023
22/12/2023 00:00,5.110,13.816,6.226
23/12/2023 00:00,4.851,11.942,5.266
