Timestamp,1
01/01/2003 00:00,27.3115
02/01/2003 00:00,18.7704
03/01/2003 00:00,16.4173
04/01/2003 00:00,15.3668
05/01/2003 00:00,15.3823
06/01/2003 00:00,15.388
07/01/2003 00:00,15.3749
08/01/2003 00:00,15.3631
09/01/2003 00:00,15.3513
10/01/2003 00:00,15.3395
11/01/2003 00:00,15.3277
12/01/2003 00:00,15.3166
13/01/2003 00:00,16.0947
14/01/2003 00:00,19.8311
15/01/2003 00:00,19.3157
16/01/2003 00:00,18.5096
17/01/2003 00:00,17.2579
18/01/2003 00:00,16.317
19/01/2003 00:00,15.7873
20/01/2003 00:00,15.5111
21/01/2003 00:00,15.3914
22/01/2003 00:00,15.3413
23/01/2003 00:00,15.3117
24/01/2003 00:00,15.289
25/01/2003 00:00,15.27
26/01/2003 00:00,15.2533
27/01/2003 00:00,15.238
28/01/2003 00:00,15.2237
29/01/2003 00:00,15.21
30/01/2003 00:00,15.1969
31/01/2003 00:00,15.184
01/02/2003 00:00,15.1714
02/02/2003 00:00,15.1591
03/02/2003 00:00,15.1487
04/02/2003 00:00,15.5337
05/02/2003 00:00,17.44
06/02/2003 00:00,17.3548
07/02/2003 00:00,17.1176
08/02/2003 00:00,16.413
09/02/2003 00:00,15.7952
10/02/2003 00:00,15.6059
11/02/2003 00:00,15.5004
12/02/2003 00:00,15.6072
13/02/2003 00:00,16.172
14/02/2003 00:00,16.0385
15/02/2003 00:00,15.8009
16/02/2003 00:00,15.5215
17/02/2003 00:00,15.2905
18/02/2003 00:00,16.3994
19/02/2003 00:00,19.8949
20/02/2003 00:00,19.0625
21/02/2003 00:00,18.3186
22/02/2003 00:00,17.335
23/02/2003 00:00,16.5228
24/02/2003 00:00,15.9619
25/02/2003 00:00,15.5683
26/02/2003 00:00,15.3023
27/02/2003 00:00,15.1562
28/02/2003 00:00,15.0871
01/03/2003 00:00,15.0517
02/03/2003 00:00,15.0279
03/03/2003 00:00,15.0091
04/03/2003 00:00,14.9925
05/03/2003 00:00,14.9776
06/03/2003 00:00,14.9639
07/03/2003 00:00,14.9509
08/03/2003 00:00,14.9382
09/03/2003 00:00,14.9258
10/03/2003 00:00,14.9135
11/03/2003 00:00,14.9015
12/03/2003 00:00,15.3143
13/03/2003 00:00,19.1581
14/03/2003 00:00,19.5438
15/03/2003 00:00,19.6265
16/03/2003 00:00,18.4695
17/03/2003 00:00,18.9251
18/03/2003 00:00,17.9679
19/03/2003 00:00,17.0044
20/03/2003 00:00,16.3663
21/03/2003 00:00,15.8191
22/03/2003 00:00,15.3787
23/03/2003 00:00,15.1016
24/03/2003 00:00,14.9763
25/03/2003 00:00,14.9319
26/03/2003 00:00,14.91
27/03/2003 00:00,14.8866
28/03/2003 00:00,14.8667
29/03/2003 00:00,14.8497
30/03/2003 00:00,14.8363
31/03/2003 00:00,14.8254
01/04/2003 00:00,14.8129
02/04/2003 00:00,14.7981
03/04/2003 00:00,14.7836
04/04/2003 00:00,14.8409
05/04/2003 00:00,15.0882
06/04/2003 00:00,15.1754
07/04/2003 00:00,15.0488
08/04/2003 00:00,14.9065
09/04/2003 00:00,14.9024
10/04/2003 00:00,14.8338
11/04/2003 00:00,14.7698
12/04/2003 00:00,14.7299
13/04/2003 00:00,14.7254
14/04/2003 00:00,14.7123
15/04/2003 00:00,14.7441
16/04/2003 00:00,15.2494
17/04/2003 00:00,15.8031
18/04/2003 00:00,15.7305
19/04/2003 00:00,15.4154
20/04/2003 00:00,15.0975
21/04/2003 00:00,14.8357
22/04/2003 00:00,14.6913
23/04/2003 00:00,14.6336
24/04/2003 00:00,14.6073
25/04/2003 00:00,14.5899
26/04/2003 00:00,14.5749
27/04/2003 00:00,14.5612
28/04/2003 00:00,14.5482
29/04/2003 00:00,14.5437
30/04/2003 00:00,14.8031
01/05/2003 00:00,15.8754
02/05/2003 00:00,15.6318
03/05/2003 00:00,15.2458
04/05/2003 00:00,14.9106
05/05/2003 00:00,14.6698
06/05/2003 00:00,14.5667
07/05/2003 00:00,14.5169
08/05/2003 00:00,14.4866
09/05/2003 00:00,14.4646
10/05/2003 00:00,14.4467
11/05/2003 00:00,14.4315
12/05/2003 00:00,14.4256
13/05/2003 00:00,14.4371
14/05/2003 00:00,14.8732
15/05/2003 00:00,16.4922
16/05/2003 00:00,15.9093
17/05/2003 00:00,15.1015
18/05/2003 00:00,14.6829
19/05/2003 00:00,14.5178
20/05/2003 00:00,14.4393
21/05/2003 00:00,14.3936
22/05/2003 00:00,14.3631
23/05/2003 00:00,14.3404
24/05/2003 00:00,14.322
25/05/2003 00:00,15.6529
26/05/2003 00:00,19.8312
27/05/2003 00:00,17.9662
28/05/2003 00:00,16.4663
29/05/2003 00:00,15.4903
30/05/2003 00:00,14.8332
31/05/2003 00:00,14.5294
01/06/2003 00:00,14.3993
02/06/2003 00:00,14.3554
03/06/2003 00:00,14.3354
04/06/2003 00:00,14.3002
05/06/2003 00:00,14.4072
06/06/2003 00:00,14.9492
07/06/2003 00:00,15.09
08/06/2003 00:00,16.3254
09/06/2003 00:00,17.5033
10/06/2003 00:00,16.162
11/06/2003 00:00,15.2476
12/06/2003 00:00,14.7448
13/06/2003 00:00,14.4725
14/06/2003 00:00,14.7266
15/06/2003 00:00,16.6553
16/06/2003 00:00,17.5477
17/06/2003 00:00,20.3375
18/06/2003 00:00,21.8417
19/06/2003 00:00,25.0329
20/06/2003 00:00,28.3184
21/06/2003 00:00,31.0362
22/06/2003 00:00,29.8678
23/06/2003 00:00,32.4661
24/06/2003 00:00,31.8846
25/06/2003 00:00,29.4564
26/06/2003 00:00,28.1473
27/06/2003 00:00,27.6032
28/06/2003 00:00,29.4911
29/06/2003 00:00,30.09
30/06/2003 00:00,29.7805
01/07/2003 00:00,31.9347
02/07/2003 00:00,33.9423
03/07/2003 00:00,31.7476
04/07/2003 00:00,30.0483
05/07/2003 00:00,28.2122
06/07/2003 00:00,27.1029
07/07/2003 00:00,25.7777
08/07/2003 00:00,25.2553
09/07/2003 00:00,27.2522
10/07/2003 00:00,28.9472
11/07/2003 00:00,28.5901
12/07/2003 00:00,30.8561
13/07/2003 00:00,35.3549
14/07/2003 00:00,39.3065
15/07/2003 00:00,38.6639
16/07/2003 00:00,35.1915
17/07/2003 00:00,32.5613
18/07/2003 00:00,29.9818
19/07/2003 00:00,28.2635
20/07/2003 00:00,26.9745
21/07/2003 00:00,28.6053
22/07/2003 00:00,38.3001
23/07/2003 00:00,47.4104
24/07/2003 00:00,51.9549
25/07/2003 00:00,52.2387
26/07/2003 00:00,49.9665
27/07/2003 00:00,45.2025
28/07/2003 00:00,43.0867
29/07/2003 00:00,45.4242
30/07/2003 00:00,58.7035
31/07/2003 00:00,62.9607
01/08/2003 00:00,59.5721
02/08/2003 00:00,58.7156
03/08/2003 00:00,55.7693
04/08/2003 00:00,54.1631
05/08/2003 00:00,49.543
06/08/2003 00:00,46.926
07/08/2003 00:00,45.1068
08/08/2003 00:00,43.5333
09/08/2003 00:00,45.2509
10/08/2003 00:00,49.976
11/08/2003 00:00,57.7752
12/08/2003 00:00,67.6216
13/08/2003 00:00,70.5202
14/08/2003 00:00,70.8493
15/08/2003 00:00,64.4502
16/08/2003 00:00,58.7361
17/08/2003 00:00,56.2466
18/08/2003 00:00,57.5656
19/08/2003 00:00,65.3822
20/08/2003 00:00,67.6052
21/08/2003 00:00,62.7221
22/08/2003 00:00,60.3466
23/08/2003 00:00,61.9122
24/08/2003 00:00,62.6283
25/08/2003 00:00,63.3995
26/08/2003 00:00,67.7648
27/08/2003 00:00,76.2828
28/08/2003 00:00,72.1068
29/08/2003 00:00,66.2316
30/08/2003 00:00,62.0859
31/08/2003 00:00,59.4644
01/09/2003 00:00,67.3523
02/09/2003 00:00,78.1954
03/09/2003 00:00,68.9312
04/09/2003 00:00,64.3835
05/09/2003 00:00,63.4987
06/09/2003 00:00,70.0045
07/09/2003 00:00,79.4267
08/09/2003 00:00,80.3946
09/09/2003 00:00,73.7967
10/09/2003 00:00,68.4624
11/09/2003 00:00,65.9734
12/09/2003 00:00,67.1642
13/09/2003 00:00,70.2455
14/09/2003 00:00,70.7333
15/09/2003 00:00,69.1964
16/09/2003 00:00,66.1817
17/09/2003 00:00,62.8255
18/09/2003 00:00,61.054
19/09/2003 00:00,60.7056
20/09/2003 00:00,59.2603
21/09/2003 00:00,59.8079
22/09/2003 00:00,70.717
23/09/2003 00:00,75.9733
24/09/2003 00:00,67.77
25/09/2003 00:00,64.1471
26/09/2003 00:00,61.6705
27/09/2003 00:00,62.1549
28/09/2003 00:00,65.0026
29/09/2003 00:00,66.2089
30/09/2003 00:00,66.7215
01/10/2003 00:00,63.7806
02/10/2003 00:00,64.2785
03/10/2003 00:00,63.2288
04/10/2003 00:00,60.3605
05/10/2003 00:00,59.525
06/10/2003 00:00,56.5926
07/10/2003 00:00,58.1936
08/10/2003 00:00,75.0894
09/10/2003 00:00,90.8764
10/10/2003 00:00,80.3517
11/10/2003 00:00,70.9909
12/10/2003 00:00,66.5803
13/10/2003 00:00,63.7948
14/10/2003 00:00,61.6263
15/10/2003 00:00,59.6967
16/10/2003 00:00,57.885
17/10/2003 00:00,56.149
18/10/2003 00:00,54.4717
19/10/2003 00:00,52.9612
20/10/2003 00:00,51.5937
21/10/2003 00:00,50.298
22/10/2003 00:00,48.91
23/10/2003 00:00,56.5286
24/10/2003 00:00,74.7788
25/10/2003 00:00,72.1811
26/10/2003 00:00,62.2922
27/10/2003 00:00,57.7073
28/10/2003 00:00,55.0421
29/10/2003 00:00,53.0439
30/10/2003 00:00,51.313
31/10/2003 00:00,55.9315
01/11/2003 00:00,61.7468
02/11/2003 00:00,53.507
03/11/2003 00:00,50.0142
04/11/2003 00:00,47.9323
05/11/2003 00:00,46.2645
06/11/2003 00:00,44.7642
07/11/2003 00:00,43.3497
08/11/2003 00:00,41.9916
09/11/2003 00:00,40.6778
10/11/2003 00:00,39.4023
11/11/2003 00:00,38.162
12/11/2003 00:00,36.9546
13/11/2003 00:00,35.7788
14/11/2003 00:00,34.6334
15/11/2003 00:00,33.5172
16/11/2003 00:00,32.4296
17/11/2003 00:00,31.3696
18/11/2003 00:00,30.3365
19/11/2003 00:00,29.3295
20/11/2003 00:00,28.3481
21/11/2003 00:00,27.3915
22/11/2003 00:00,26.4591
23/11/2003 00:00,25.5504
24/11/2003 00:00,24.6646
25/11/2003 00:00,23.8013
26/11/2003 00:00,22.9598
27/11/2003 00:00,22.1397
28/11/2003 00:00,21.3403
29/11/2003 00:00,20.5613
30/11/2003 00:00,19.8021
01/12/2003 00:00,19.0633
02/12/2003 00:00,18.3522
03/12/2003 00:00,17.6876
04/12/2003 00:00,17.099
05/12/2003 00:00,16.6121
06/12/2003 00:00,16.2298
07/12/2003 00:00,15.9549
08/12/2003 00:00,15.777
09/12/2003 00:00,15.6863
10/12/2003 00:00,15.6533
11/12/2003 00:00,15.6384
12/12/2003 00:00,15.6262
13/12/2003 00:00,15.6142
14/12/2003 00:00,15.6022
15/12/2003 00:00,15.6574
16/12/2003 00:00,16.2648
17/12/2003 00:00,16.5496
18/12/2003 00:00,16.3162
19/12/2003 00:00,15.9809
20/12/2003 00:00,15.7653
21/12/2003 00:00,15.6647
22/12/2003 00:00,15.6088
23/12/2003 00:00,15.5722
24/12/2003 00:00,15.5453
25/12/2003 00:00,15.5239
26/12/2003 00:00,15.5056
27/12/2003 00:00,15.5448
28/12/2003 00:00,15.9255
29/12/2003 00:00,15.7441
30/12/2003 00:00,15.5637
31/12/2003 00:00,15.4892
01/01/2004 00:00,15.452
02/01/2004 00:00,15.4276
03/01/2004 00:00,15.4089
04/01/2004 00:00,15.3929
05/01/2004 00:00,15.3785
06/01/2004 00:00,15.3649
07/01/2004 00:00,15.3519
08/01/2004 00:00,15.3391
09/01/2004 00:00,15.3267
10/01/2004 00:00,15.3144
11/01/2004 00:00,15.3022
12/01/2004 00:00,15.2901
13/01/2004 00:00,15.2781
14/01/2004 00:00,15.2662
15/01/2004 00:00,15.2542
16/01/2004 00:00,15.2424
17/01/2004 00:00,15.2305
18/01/2004 00:00,15.2187
19/01/2004 00:00,15.2069
20/01/2004 00:00,15.1952
21/01/2004 00:00,15.1834
22/01/2004 00:00,15.1717
23/01/2004 00:00,16.2218
24/01/2004 00:00,21.0762
25/01/2004 00:00,20.2891
26/01/2004 00:00,19.7863
27/01/2004 00:00,18.2907
28/01/2004 00:00,17.1656
29/01/2004 00:00,16.3569
30/01/2004 00:00,15.8361
31/01/2004 00:00,15.5265
01/02/2004 00:00,15.3832
02/02/2004 00:00,15.3542
03/02/2004 00:00,15.2893
04/02/2004 00:00,15.2185
05/02/2004 00:00,15.5199
06/02/2004 00:00,17.1989
07/02/2004 00:00,17.813
08/02/2004 00:00,17.6103
09/02/2004 00:00,16.8922
10/02/2004 00:00,16.1283
11/02/2004 00:00,15.6096
12/02/2004 00:00,15.3423
13/02/2004 00:00,15.2145
14/02/2004 00:00,15.1531
15/02/2004 00:00,15.1182
16/02/2004 00:00,15.0941
17/02/2004 00:00,15.0754
18/02/2004 00:00,15.0599
19/02/2004 00:00,15.0456
20/02/2004 00:00,15.0315
21/02/2004 00:00,15.0176
22/02/2004 00:00,15.0045
23/02/2004 00:00,14.9929
24/02/2004 00:00,14.9815
25/02/2004 00:00,14.9689
26/02/2004 00:00,14.9562
27/02/2004 00:00,14.9438
28/02/2004 00:00,14.9316
29/02/2004 00:00,14.9196
01/03/2004 00:00,14.9077
02/03/2004 00:00,14.8959
03/03/2004 00:00,14.8841
04/03/2004 00:00,14.8724
05/03/2004 00:00,14.8608
06/03/2004 00:00,14.8492
07/03/2004 00:00,14.8376
08/03/2004 00:00,14.9096
09/03/2004 00:00,15.1242
10/03/2004 00:00,15.0234
11/03/2004 00:00,14.9036
12/03/2004 00:00,14.845
13/03/2004 00:00,14.812
14/03/2004 00:00,14.7885
15/03/2004 00:00,14.7698
16/03/2004 00:00,14.7537
17/03/2004 00:00,14.7393
18/03/2004 00:00,14.7259
19/03/2004 00:00,14.7131
20/03/2004 00:00,14.7007
21/03/2004 00:00,14.6885
22/03/2004 00:00,14.6766
23/03/2004 00:00,14.6649
24/03/2004 00:00,14.6532
25/03/2004 00:00,14.6417
26/03/2004 00:00,14.6302
27/03/2004 00:00,14.6188
28/03/2004 00:00,14.6074
29/03/2004 00:00,14.6576
30/03/2004 00:00,15.3099
31/03/2004 00:00,16.1792
01/04/2004 00:00,17.0732
02/04/2004 00:00,16.9704
03/04/2004 00:00,16.65
04/04/2004 00:00,16.1145
05/04/2004 00:00,15.6605
06/04/2004 00:00,15.6258
07/04/2004 00:00,15.7747
08/04/2004 00:00,15.8561
09/04/2004 00:00,15.8825
10/04/2004 00:00,15.5249
11/04/2004 00:00,15.1547
12/04/2004 00:00,14.8775
13/04/2004 00:00,14.7039
14/04/2004 00:00,14.6217
15/04/2004 00:00,14.5837
16/04/2004 00:00,14.56
17/04/2004 00:00,14.5411
18/04/2004 00:00,14.5247
19/04/2004 00:00,14.5098
20/04/2004 00:00,14.496
21/04/2004 00:00,14.4829
22/04/2004 00:00,14.4895
23/04/2004 00:00,15.161
24/04/2004 00:00,16.1266
25/04/2004 00:00,15.5516
26/04/2004 00:00,14.9694
27/04/2004 00:00,14.7286
28/04/2004 00:00,15.3045
29/04/2004 00:00,17.558
30/04/2004 00:00,19.8175
01/05/2004 00:00,18.3045
02/05/2004 00:00,17.1256
03/05/2004 00:00,16.0465
04/05/2004 00:00,15.2552
05/05/2004 00:00,14.8104
06/05/2004 00:00,14.5931
07/05/2004 00:00,14.5015
08/05/2004 00:00,14.4591
09/05/2004 00:00,14.4315
10/05/2004 00:00,14.4101
11/05/2004 00:00,14.3922
12/05/2004 00:00,14.3865
13/05/2004 00:00,14.3838
14/05/2004 00:00,14.4444
15/05/2004 00:00,15.0519
16/05/2004 00:00,17.1307
17/05/2004 00:00,16.8854
18/05/2004 00:00,16.0996
19/05/2004 00:00,15.3568
20/05/2004 00:00,14.811
21/05/2004 00:00,14.5328
22/05/2004 00:00,14.4183
23/05/2004 00:00,14.3605
24/05/2004 00:00,14.3242
25/05/2004 00:00,14.3854
26/05/2004 00:00,14.3913
27/05/2004 00:00,14.3302
28/05/2004 00:00,14.5523
29/05/2004 00:00,15.3968
30/05/2004 00:00,15.3277
31/05/2004 00:00,16.29
01/06/2004 00:00,18.819
02/06/2004 00:00,21.7601
03/06/2004 00:00,22.4305
04/06/2004 00:00,25.1286
05/06/2004 00:00,24.2394
06/06/2004 00:00,23.885
07/06/2004 00:00,28.7519
08/06/2004 00:00,26.3727
09/06/2004 00:00,26.0021
10/06/2004 00:00,26.9571
11/06/2004 00:00,25.7463
12/06/2004 00:00,27.5934
13/06/2004 00:00,29.635
14/06/2004 00:00,41.3136
15/06/2004 00:00,37.744
16/06/2004 00:00,38.1385
17/06/2004 00:00,33.3424
18/06/2004 00:00,30.3375
19/06/2004 00:00,28.601
20/06/2004 00:00,29.2988
21/06/2004 00:00,33.8021
22/06/2004 00:00,33.2074
23/06/2004 00:00,30.8518
24/06/2004 00:00,28.6296
25/06/2004 00:00,27.0406
26/06/2004 00:00,25.8053
27/06/2004 00:00,24.7534
28/06/2004 00:00,24.0928
29/06/2004 00:00,24.9892
30/06/2004 00:00,26.6356
01/07/2004 00:00,28.3001
02/07/2004 00:00,29.746
03/07/2004 00:00,28.0829
04/07/2004 00:00,27.3259
05/07/2004 00:00,30.4862
06/07/2004 00:00,32.4172
07/07/2004 00:00,35.8264
08/07/2004 00:00,41.9407
09/07/2004 00:00,41.1468
10/07/2004 00:00,37.0343
11/07/2004 00:00,34.4274
12/07/2004 00:00,34.7552
13/07/2004 00:00,37.7342
14/07/2004 00:00,38.1882
15/07/2004 00:00,36.8347
16/07/2004 00:00,36.8642
17/07/2004 00:00,39.8233
18/07/2004 00:00,38.0908
19/07/2004 00:00,37.8066
20/07/2004 00:00,39.5313
21/07/2004 00:00,43.0994
22/07/2004 00:00,42.7591
23/07/2004 00:00,41.2221
24/07/2004 00:00,40.4719
25/07/2004 00:00,39.2856
26/07/2004 00:00,36.9411
27/07/2004 00:00,35.3367
28/07/2004 00:00,36.1833
29/07/2004 00:00,44.2486
30/07/2004 00:00,54.659
31/07/2004 00:00,53.5733
01/08/2004 00:00,46.6936
02/08/2004 00:00,48.0349
03/08/2004 00:00,50.7421
04/08/2004 00:00,51.377
05/08/2004 00:00,54.6758
06/08/2004 00:00,55.6132
07/08/2004 00:00,58.1886
08/08/2004 00:00,70.441
09/08/2004 00:00,73.6863
10/08/2004 00:00,61.2221
11/08/2004 00:00,67.9245
12/08/2004 00:00,75.5029
13/08/2004 00:00,80.271
14/08/2004 00:00,93.581
15/08/2004 00:00,80.7079
16/08/2004 00:00,76.7484
17/08/2004 00:00,86.5346
18/08/2004 00:00,97.5661
19/08/2004 00:00,105.092
20/08/2004 00:00,108.647
21/08/2004 00:00,107.449
22/08/2004 00:00,112.646
23/08/2004 00:00,123.252
24/08/2004 00:00,110.778
25/08/2004 00:00,98.8784
26/08/2004 00:00,95.1115
27/08/2004 00:00,94.3555
28/08/2004 00:00,94.5927
29/08/2004 00:00,96.3948
30/08/2004 00:00,95.4022
31/08/2004 00:00,91.3869
01/09/2004 00:00,87.869
02/09/2004 00:00,86.1579
03/09/2004 00:00,84.7147
04/09/2004 00:00,83.0499
05/09/2004 00:00,81.0872
06/09/2004 00:00,78.522
07/09/2004 00:00,76.0536
08/09/2004 00:00,74.5649
09/09/2004 00:00,74.5009
10/09/2004 00:00,73.1838
11/09/2004 00:00,74.2775
12/09/2004 00:00,91.9569
13/09/2004 00:00,93.3207
14/09/2004 00:00,78.8148
15/09/2004 00:00,73.548
16/09/2004 00:00,70.611
17/09/2004 00:00,68.3641
18/09/2004 00:00,70.0184
19/09/2004 00:00,82.8523
20/09/2004 00:00,89.9865
21/09/2004 00:00,81.4656
22/09/2004 00:00,75.0837
23/09/2004 00:00,72.9279
24/09/2004 00:00,77.4527
25/09/2004 00:00,80.9894
26/09/2004 00:00,78.3689
27/09/2004 00:00,78.7294
28/09/2004 00:00,78.6191
29/09/2004 00:00,77.0796
30/09/2004 00:00,74.5364
01/10/2004 00:00,75.7159
02/10/2004 00:00,75.1106
03/10/2004 00:00,71.8693
04/10/2004 00:00,72.3138
05/10/2004 00:00,75.8284
06/10/2004 00:00,80.038
07/10/2004 00:00,81.8531
08/10/2004 00:00,78.899
09/10/2004 00:00,73.9317
10/10/2004 00:00,70.3557
11/10/2004 00:00,67.764
12/10/2004 00:00,65.5972
13/10/2004 00:00,63.6087
14/10/2004 00:00,61.7188
15/10/2004 00:00,59.8983
16/10/2004 00:00,58.1344
17/10/2004 00:00,56.4207
18/10/2004 00:00,54.7535
19/10/2004 00:00,53.1302
20/10/2004 00:00,51.5489
21/10/2004 00:00,50.0082
22/10/2004 00:00,48.5068
23/10/2004 00:00,47.0435
24/10/2004 00:00,45.6172
25/10/2004 00:00,44.227
26/10/2004 00:00,42.8718
27/10/2004 00:00,41.5508
28/10/2004 00:00,40.2631
29/10/2004 00:00,39.0204
30/10/2004 00:00,37.7991
31/10/2004 00:00,36.6038
01/11/2004 00:00,35.4391
02/11/2004 00:00,34.3045
03/11/2004 00:00,33.1987
04/11/2004 00:00,32.1211
05/11/2004 00:00,31.0707
06/11/2004 00:00,30.0469
07/11/2004 00:00,29.049
08/11/2004 00:00,28.0763
09/11/2004 00:00,27.1995
10/11/2004 00:00,26.388
11/11/2004 00:00,25.543
12/11/2004 00:00,24.6562
13/11/2004 00:00,23.7767
14/11/2004 00:00,22.9269
15/11/2004 00:00,22.1021
16/11/2004 00:00,21.3007
17/11/2004 00:00,20.5212
18/11/2004 00:00,19.7626
19/11/2004 00:00,19.0247
20/11/2004 00:00,18.3086
21/11/2004 00:00,17.622
22/11/2004 00:00,16.9901
23/11/2004 00:00,16.4567
24/11/2004 00:00,16.0836
25/11/2004 00:00,15.8683
26/11/2004 00:00,15.7608
27/11/2004 00:00,15.7223
28/11/2004 00:00,15.7069
29/11/2004 00:00,15.6945
30/11/2004 00:00,15.6823
01/12/2004 00:00,15.6702
02/12/2004 00:00,15.6581
03/12/2004 00:00,15.646
04/12/2004 00:00,15.6339
05/12/2004 00:00,15.6219
06/12/2004 00:00,15.6098
07/12/2004 00:00,15.5978
08/12/2004 00:00,15.5858
09/12/2004 00:00,15.5738
10/12/2004 00:00,15.5618
11/12/2004 00:00,15.5498
12/12/2004 00:00,15.5379
13/12/2004 00:00,15.5259
14/12/2004 00:00,15.514
15/12/2004 00:00,15.502
16/12/2004 00:00,15.4901
17/12/2004 00:00,15.4782
18/12/2004 00:00,15.4663
19/12/2004 00:00,15.4544
20/12/2004 00:00,15.4426
21/12/2004 00:00,15.4307
22/12/2004 00:00,15.4188
23/12/2004 00:00,15.407
24/12/2004 00:00,15.3951
25/12/2004 00:00,15.3833
26/12/2004 00:00,15.3715
27/12/2004 00:00,15.3597
28/12/2004 00:00,15.3479
29/12/2004 00:00,15.3361
30/12/2004 00:00,15.3243
31/12/2004 00:00,15.3125
01/01/2005 00:00,15.3008
02/01/2005 00:00,15.289
03/01/2005 00:00,15.2773
04/01/2005 00:00,15.2656
05/01/2005 00:00,15.2538
06/01/2005 00:00,15.2421
07/01/2005 00:00,15.2304
08/01/2005 00:00,15.2187
09/01/2005 00:00,15.207
10/01/2005 00:00,15.1953
11/01/2005 00:00,15.1837
12/01/2005 00:00,15.172
13/01/2005 00:00,15.1604
14/01/2005 00:00,15.1487
15/01/2005 00:00,15.1371
16/01/2005 00:00,15.1255
17/01/2005 00:00,15.1138
18/01/2005 00:00,15.1022
19/01/2005 00:00,15.0906
20/01/2005 00:00,15.0791
21/01/2005 00:00,15.0675
22/01/2005 00:00,15.0559
23/01/2005 00:00,15.0447
24/01/2005 00:00,15.0465
25/01/2005 00:00,15.0514
26/01/2005 00:00,15.0365
27/01/2005 00:00,15.1213
28/01/2005 00:00,17.5495
29/01/2005 00:00,27.3171
30/01/2005 00:00,24.9997
31/01/2005 00:00,23.575
01/02/2005 00:00,21.8738
02/02/2005 00:00,21.0603
03/02/2005 00:00,19.6801
04/02/2005 00:00,18.5479
05/02/2005 00:00,17.6488
06/02/2005 00:00,16.8722
07/02/2005 00:00,16.2425
08/02/2005 00:00,18.5205
09/02/2005 00:00,27.3139
10/02/2005 00:00,24.9672
11/02/2005 00:00,22.0216
12/02/2005 00:00,20.1181
13/02/2005 00:00,18.9511
14/02/2005 00:00,18.1529
15/02/2005 00:00,17.5228
16/02/2005 00:00,16.967
17/02/2005 00:00,16.4634
18/02/2005 00:00,16.0209
19/02/2005 00:00,15.6652
20/02/2005 00:00,15.4255
21/02/2005 00:00,15.2703
22/02/2005 00:00,15.182
23/02/2005 00:00,15.1178
24/02/2005 00:00,15.0757
25/02/2005 00:00,15.048
26/02/2005 00:00,15.0278
27/02/2005 00:00,15.0109
28/02/2005 00:00,14.9962
01/03/2005 00:00,14.9831
02/03/2005 00:00,14.9706
03/03/2005 00:00,14.9583
04/03/2005 00:00,14.9463
05/03/2005 00:00,14.9343
06/03/2005 00:00,14.9225
07/03/2005 00:00,14.915
08/03/2005 00:00,14.9887
09/03/2005 00:00,15.1672
10/03/2005 00:00,15.808
11/03/2005 00:00,19.4797
12/03/2005 00:00,18.382
13/03/2005 00:00,17.7592
14/03/2005 00:00,16.9145
15/03/2005 00:00,16.0433
16/03/2005 00:00,15.4342
17/03/2005 00:00,15.1148
18/03/2005 00:00,14.9789
19/03/2005 00:00,14.9185
20/03/2005 00:00,14.8846
21/03/2005 00:00,14.8606
22/03/2005 00:00,14.841
23/03/2005 00:00,14.824
24/03/2005 00:00,14.8089
25/03/2005 00:00,14.7997
26/03/2005 00:00,14.7917
27/03/2005 00:00,14.8089
28/03/2005 00:00,14.7992
29/03/2005 00:00,14.765
30/03/2005 00:00,14.7708
31/03/2005 00:00,14.8107
01/04/2005 00:00,14.838
02/04/2005 00:00,14.9414
03/04/2005 00:00,14.8964
04/04/2005 00:00,14.7832
05/04/2005 00:00,14.7261
06/04/2005 00:00,14.6944
07/04/2005 00:00,14.6722
08/04/2005 00:00,14.6545
09/04/2005 00:00,14.6391
10/04/2005 00:00,14.6251
11/04/2005 00:00,14.6119
12/04/2005 00:00,14.5993
13/04/2005 00:00,14.5871
14/04/2005 00:00,14.5752
15/04/2005 00:00,14.5634
16/04/2005 00:00,14.5518
17/04/2005 00:00,14.5402
18/04/2005 00:00,14.5289
19/04/2005 00:00,14.6816
20/04/2005 00:00,15.4746
21/04/2005 00:00,15.6212
22/04/2005 00:00,15.5686
23/04/2005 00:00,15.1723
24/04/2005 00:00,14.7903
25/04/2005 00:00,14.6991
26/04/2005 00:00,15.4822
27/04/2005 00:00,15.197
28/04/2005 00:00,14.9413
29/04/2005 00:00,14.7831
30/04/2005 00:00,14.7694
01/05/2005 00:00,14.8581
02/05/2005 00:00,15.0187
03/05/2005 00:00,14.9077
04/05/2005 00:00,14.6727
05/05/2005 00:00,14.5441
06/05/2005 00:00,14.4733
07/05/2005 00:00,14.4319
08/05/2005 00:00,14.4044
09/05/2005 00:00,14.3833
10/05/2005 00:00,14.3659
11/05/2005 00:00,14.3505
12/05/2005 00:00,14.3364
13/05/2005 00:00,14.3232
14/05/2005 00:00,14.3105
15/05/2005 00:00,14.2983
16/05/2005 00:00,14.2863
17/05/2005 00:00,14.2746
18/05/2005 00:00,14.263
19/05/2005 00:00,14.2516
20/05/2005 00:00,14.2402
21/05/2005 00:00,14.2289
22/05/2005 00:00,14.2177
23/05/2005 00:00,14.2066
24/05/2005 00:00,14.1959
25/05/2005 00:00,14.5785
26/05/2005 00:00,15.9448
27/05/2005 00:00,16.2258
28/05/2005 00:00,18.0692
29/05/2005 00:00,16.7059
30/05/2005 00:00,15.502
31/05/2005 00:00,14.7995
01/06/2005 00:00,14.4554
02/06/2005 00:00,14.309
03/06/2005 00:00,14.2369
04/06/2005 00:00,14.1944
05/06/2005 00:00,14.165
06/06/2005 00:00,14.1729
07/06/2005 00:00,14.2071
08/06/2005 00:00,14.6046
09/06/2005 00:00,15.9058
10/06/2005 00:00,15.5783
11/06/2005 00:00,14.9486
12/06/2005 00:00,14.5106
13/06/2005 00:00,14.2781
14/06/2005 00:00,14.1725
15/06/2005 00:00,14.1173
16/06/2005 00:00,14.0822
17/06/2005 00:00,14.0567
18/06/2005 00:00,14.0366
19/06/2005 00:00,14.163
20/06/2005 00:00,14.8007
21/06/2005 00:00,15.1627
22/06/2005 00:00,18.6289
23/06/2005 00:00,22.431
24/06/2005 00:00,24.1049
25/06/2005 00:00,27.2861
26/06/2005 00:00,30.1871
27/06/2005 00:00,32.5373
28/06/2005 00:00,29.7268
29/06/2005 00:00,37.5042
30/06/2005 00:00,56.4185
01/07/2005 00:00,52.1547
02/07/2005 00:00,47.0593
03/07/2005 00:00,41.278
04/07/2005 00:00,38.2834
05/07/2005 00:00,36.3643
06/07/2005 00:00,36.529
07/07/2005 00:00,36.79
08/07/2005 00:00,36.3353
09/07/2005 00:00,34.4327
10/07/2005 00:00,33.9855
11/07/2005 00:00,37.9898
12/07/2005 00:00,45.5831
13/07/2005 00:00,53.6476
14/07/2005 00:00,57.7877
15/07/2005 00:00,55.5628
16/07/2005 00:00,54.9427
17/07/2005 00:00,51.493
18/07/2005 00:00,48.5207
19/07/2005 00:00,52.372
20/07/2005 00:00,59.8631
21/07/2005 00:00,63.0799
22/07/2005 00:00,64.6964
23/07/2005 00:00,66.5741
24/07/2005 00:00,66.1471
25/07/2005 00:00,60.3479
26/07/2005 00:00,62.5254
27/07/2005 00:00,75.1488
28/07/2005 00:00,75.9175
29/07/2005 00:00,71.1535
30/07/2005 00:00,70.9052
31/07/2005 00:00,68.4395
01/08/2005 00:00,63.4275
02/08/2005 00:00,71.4749
03/08/2005 00:00,87.749
04/08/2005 00:00,83.4961
05/08/2005 00:00,73.3469
06/08/2005 00:00,70.5275
07/08/2005 00:00,71.999
08/08/2005 00:00,70.2146
09/08/2005 00:00,66.4122
10/08/2005 00:00,63.5513
11/08/2005 00:00,61.4591
12/08/2005 00:00,60.4163
13/08/2005 00:00,59.5232
14/08/2005 00:00,62.7877
15/08/2005 00:00,67.1506
16/08/2005 00:00,64.969
17/08/2005 00:00,62.5371
18/08/2005 00:00,63.588
19/08/2005 00:00,70.2917
20/08/2005 00:00,72.9772
21/08/2005 00:00,74.8781
22/08/2005 00:00,68.0865
23/08/2005 00:00,64.2336
24/08/2005 00:00,64.1954
25/08/2005 00:00,66.8392
26/08/2005 00:00,66.3422
27/08/2005 00:00,65.3084
28/08/2005 00:00,65.3833
29/08/2005 00:00,62.6125
30/08/2005 00:00,59.5953
31/08/2005 00:00,57.3743
01/09/2005 00:00,55.4044
02/09/2005 00:00,54.1583
03/09/2005 00:00,53.3264
04/09/2005 00:00,52.4739
05/09/2005 00:00,51.3365
06/09/2005 00:00,51.1571
07/09/2005 00:00,54.9038
08/09/2005 00:00,54.1772
09/09/2005 00:00,50.9362
10/09/2005 00:00,49.0746
11/09/2005 00:00,47.4577
12/09/2005 00:00,48.7903
13/09/2005 00:00,57.4262
14/09/2005 00:00,59.7215
15/09/2005 00:00,56.739
16/09/2005 00:00,54.7656
17/09/2005 00:00,57.0551
18/09/2005 00:00,59.7135
19/09/2005 00:00,57.3855
20/09/2005 00:00,53.1078
21/09/2005 00:00,50.481
22/09/2005 00:00,48.4652
23/09/2005 00:00,46.767
24/09/2005 00:00,45.2423
25/09/2005 00:00,43.7941
26/09/2005 00:00,42.438
27/09/2005 00:00,41.1036
28/09/2005 00:00,39.7961
29/09/2005 00:00,38.5236
30/09/2005 00:00,37.2883
01/10/2005 00:00,36.0872
02/10/2005 00:00,35.4527
03/10/2005 00:00,35.7484
04/10/2005 00:00,35.278
05/10/2005 00:00,34.1955
06/10/2005 00:00,32.9725
07/10/2005 00:00,31.982
08/10/2005 00:00,30.8828
09/10/2005 00:00,29.606
10/10/2005 00:00,28.4891
11/10/2005 00:00,27.4663
12/10/2005 00:00,26.4949
13/10/2005 00:00,25.5961
14/10/2005 00:00,26.191
15/10/2005 00:00,31.3446
16/10/2005 00:00,36.1561
17/10/2005 00:00,42.9466
18/10/2005 00:00,43.0064
19/10/2005 00:00,36.1667
20/10/2005 00:00,32.4584
21/10/2005 00:00,30.4979
22/10/2005 00:00,29.1379
23/10/2005 00:00,28.0066
24/10/2005 00:00,26.9784
25/10/2005 00:00,26.0088
26/10/2005 00:00,25.0794
27/10/2005 00:00,24.1818
28/10/2005 00:00,23.3282
29/10/2005 00:00,22.6404
30/10/2005 00:00,21.9628
31/10/2005 00:00,21.2146
01/11/2005 00:00,20.4225
02/11/2005 00:00,19.6367
03/11/2005 00:00,18.8835
04/11/2005 00:00,18.1695
05/11/2005 00:00,17.5099
06/11/2005 00:00,16.9336
07/11/2005 00:00,16.4626
08/11/2005 00:00,16.0946
09/11/2005 00:00,15.8038
10/11/2005 00:00,15.5881
11/11/2005 00:00,15.4394
12/11/2005 00:00,15.3365
13/11/2005 00:00,15.2626
14/11/2005 00:00,15.2112
15/11/2005 00:00,15.1788
16/11/2005 00:00,15.1585
17/11/2005 00:00,15.1445
18/11/2005 00:00,15.1326
19/11/2005 00:00,15.1208
20/11/2005 00:00,15.1091
21/11/2005 00:00,15.0974
22/11/2005 00:00,15.0857
23/11/2005 00:00,15.074
24/11/2005 00:00,15.0624
25/11/2005 00:00,15.0509
26/11/2005 00:00,15.0411
27/11/2005 00:00,15.0295
28/11/2005 00:00,15.0177
29/11/2005 00:00,15.0059
30/11/2005 00:00,14.9942
01/12/2005 00:00,14.9825
02/12/2005 00:00,14.9708
03/12/2005 00:00,14.9592
04/12/2005 00:00,14.9476
05/12/2005 00:00,14.9361
06/12/2005 00:00,14.9245
07/12/2005 00:00,14.913
08/12/2005 00:00,14.9015
09/12/2005 00:00,14.89
10/12/2005 00:00,14.8786
11/12/2005 00:00,14.8671
12/12/2005 00:00,14.8557
13/12/2005 00:00,14.8442
14/12/2005 00:00,14.8328
15/12/2005 00:00,14.8214
16/12/2005 00:00,14.81
17/12/2005 00:00,14.7986
18/12/2005 00:00,14.7872
19/12/2005 00:00,14.7759
20/12/2005 00:00,14.7645
21/12/2005 00:00,14.7532
22/12/2005 00:00,14.7418
23/12/2005 00:00,14.7305
24/12/2005 00:00,14.7192
25/12/2005 00:00,14.7079
26/12/2005 00:00,14.6966
27/12/2005 00:00,14.6853
28/12/2005 00:00,14.674
29/12/2005 00:00,14.6627
30/12/2005 00:00,14.6515
31/12/2005 00:00,14.6402
01/01/2006 00:00,14.629
02/01/2006 00:00,14.6177
03/01/2006 00:00,14.6065
04/01/2006 00:00,14.5953
05/01/2006 00:00,14.5841
06/01/2006 00:00,14.5729
07/01/2006 00:00,14.5617
08/01/2006 00:00,14.5505
09/01/2006 00:00,14.5441
10/01/2006 00:00,14.6777
11/01/2006 00:00,14.8573
12/01/2006 00:00,14.7814
13/01/2006 00:00,14.6269
14/01/2006 00:00,14.5525
15/01/2006 00:00,14.5226
16/01/2006 00:00,14.5162
17/01/2006 00:00,14.5046
18/01/2006 00:00,14.4756
19/01/2006 00:00,14.4518
20/01/2006 00:00,14.4354
21/01/2006 00:00,14.4213
22/01/2006 00:00,14.4084
23/01/2006 00:00,14.3962
24/01/2006 00:00,14.6375
25/01/2006 00:00,15.085
26/01/2006 00:00,14.8486
27/01/2006 00:00,14.5632
28/01/2006 00:00,14.4452
29/01/2006 00:00,14.392
30/01/2006 00:00,14.3757
31/01/2006 00:00,14.7068
01/02/2006 00:00,15.1866
02/02/2006 00:00,15.3097
03/02/2006 00:00,15.213
04/02/2006 00:00,15.0331
05/02/2006 00:00,15.5771
06/02/2006 00:00,16.0962
07/02/2006 00:00,15.6185
08/02/2006 00:00,15.063
09/02/2006 00:00,14.682
10/02/2006 00:00,14.4691
11/02/2006 00:00,14.3705
12/02/2006 00:00,14.3178
13/02/2006 00:00,14.2842
14/02/2006 00:00,14.2621
15/02/2006 00:00,14.258
16/02/2006 00:00,14.277
17/02/2006 00:00,14.352
18/02/2006 00:00,14.4147
19/02/2006 00:00,14.37
20/02/2006 00:00,14.2805
21/02/2006 00:00,14.2511
22/02/2006 00:00,14.3026
23/02/2006 00:00,14.3338
24/02/2006 00:00,14.2704
25/02/2006 00:00,14.195
26/02/2006 00:00,14.1513
27/02/2006 00:00,14.1275
28/02/2006 00:00,14.1106
01/03/2006 00:00,14.0961
02/03/2006 00:00,14.083
03/03/2006 00:00,14.0706
04/03/2006 00:00,14.0588
05/03/2006 00:00,14.0474
06/03/2006 00:00,14.0496
07/03/2006 00:00,14.4486
08/03/2006 00:00,15.0326
09/03/2006 00:00,18.2155
10/03/2006 00:00,18.5849
11/03/2006 00:00,22.5785
12/03/2006 00:00,21.0624
13/03/2006 00:00,19.8529
14/03/2006 00:00,18.0421
15/03/2006 00:00,16.7761
16/03/2006 00:00,15.8551
17/03/2006 00:00,15.1749
18/03/2006 00:00,14.7252
19/03/2006 00:00,14.4397
20/03/2006 00:00,14.2636
21/03/2006 00:00,14.1459
22/03/2006 00:00,14.0748
23/03/2006 00:00,14.0382
24/03/2006 00:00,14.0186
25/03/2006 00:00,14.0045
26/03/2006 00:00,13.9914
27/03/2006 00:00,13.9789
28/03/2006 00:00,13.9668
29/03/2006 00:00,13.9551
30/03/2006 00:00,13.9435
31/03/2006 00:00,13.9321
01/04/2006 00:00,13.9209
02/04/2006 00:00,13.9097
03/04/2006 00:00,13.8987
04/04/2006 00:00,13.8877
05/04/2006 00:00,13.8768
06/04/2006 00:00,13.8659
07/04/2006 00:00,13.855
08/04/2006 00:00,13.8442
09/04/2006 00:00,13.8334
10/04/2006 00:00,13.8227
11/04/2006 00:00,13.812
12/04/2006 00:00,13.8013
13/04/2006 00:00,13.7906
14/04/2006 00:00,13.8932
15/04/2006 00:00,15.3042
16/04/2006 00:00,16.9025
17/04/2006 00:00,18.2206
18/04/2006 00:00,20.0644
19/04/2006 00:00,18.6559
20/04/2006 00:00,17.465
21/04/2006 00:00,16.3479
22/04/2006 00:00,15.4163
23/04/2006 00:00,14.786
24/04/2006 00:00,14.3535
25/04/2006 00:00,14.057
26/04/2006 00:00,13.902
27/04/2006 00:00,13.842
28/04/2006 00:00,13.8145
29/04/2006 00:00,13.7955
30/04/2006 00:00,13.7793
01/05/2006 00:00,13.7648
02/05/2006 00:00,13.7891
03/05/2006 00:00,14.1762
04/05/2006 00:00,14.0743
05/05/2006 00:00,13.8731
06/05/2006 00:00,13.7807
07/05/2006 00:00,13.8854
08/05/2006 00:00,14.7459
09/05/2006 00:00,15.8336
10/05/2006 00:00,16.0436
11/05/2006 00:00,16.3095
12/05/2006 00:00,16.9756
13/05/2006 00:00,17.0365
14/05/2006 00:00,16.7353
15/05/2006 00:00,17.0227
16/05/2006 00:00,17.4667
17/05/2006 00:00,16.0659
18/05/2006 00:00,15.0264
19/05/2006 00:00,14.6416
20/05/2006 00:00,15.7558
21/05/2006 00:00,17.0079
22/05/2006 00:00,15.827
23/05/2006 00:00,15.22
24/05/2006 00:00,15.3754
25/05/2006 00:00,16.4331
26/05/2006 00:00,16.0374
27/05/2006 00:00,18.0679
28/05/2006 00:00,23.3965
29/05/2006 00:00,27.7883
30/05/2006 00:00,24.1125
31/05/2006 00:00,21.8717
01/06/2006 00:00,21.4867
02/06/2006 00:00,28.0508
03/06/2006 00:00,32.6746
04/06/2006 00:00,41.4041
05/06/2006 00:00,43.7422
06/06/2006 00:00,45.3778
07/06/2006 00:00,45.0234
08/06/2006 00:00,37.8415
09/06/2006 00:00,33.4151
10/06/2006 00:00,31.142
11/06/2006 00:00,30.205
12/06/2006 00:00,30.0215
13/06/2006 00:00,30.1602
14/06/2006 00:00,28.8954
15/06/2006 00:00,28.0543
16/06/2006 00:00,27.7706
17/06/2006 00:00,27.2387
18/06/2006 00:00,26.2674
19/06/2006 00:00,25.495
20/06/2006 00:00,24.7184
21/06/2006 00:00,24.0491
22/06/2006 00:00,23.0691
23/06/2006 00:00,23.2353
24/06/2006 00:00,25.5037
25/06/2006 00:00,23.9651
26/06/2006 00:00,23.4821
27/06/2006 00:00,26.5162
28/06/2006 00:00,32.1355
29/06/2006 00:00,35.5742
30/06/2006 00:00,36.6482
01/07/2006 00:00,40.3557
02/07/2006 00:00,51.5979
03/07/2006 00:00,43.7002
04/07/2006 00:00,39.1671
05/07/2006 00:00,35.7189
06/07/2006 00:00,33.5462
07/07/2006 00:00,32.7985
08/07/2006 00:00,36.8164
09/07/2006 00:00,46.038
10/07/2006 00:00,48.5518
11/07/2006 00:00,47.7777
12/07/2006 00:00,46.0516
13/07/2006 00:00,46.8382
14/07/2006 00:00,50.1142
15/07/2006 00:00,55.6826
16/07/2006 00:00,58.9269
17/07/2006 00:00,56.1027
18/07/2006 00:00,55.1772
19/07/2006 00:00,51.1714
20/07/2006 00:00,62.0194
21/07/2006 00:00,78.0872
22/07/2006 00:00,70.0956
23/07/2006 00:00,60.927
24/07/2006 00:00,56.3182
25/07/2006 00:00,59.9159
26/07/2006 00:00,78.4687
27/07/2006 00:00,88.1427
28/07/2006 00:00,84.4134
29/07/2006 00:00,88.7306
30/07/2006 00:00,94.3294
31/07/2006 00:00,94.8366
01/08/2006 00:00,96.7735
02/08/2006 00:00,101.287
03/08/2006 00:00,91.9517
04/08/2006 00:00,84.5714
05/08/2006 00:00,80.4589
06/08/2006 00:00,77.6616
07/08/2006 00:00,75.2416
08/08/2006 00:00,72.9567
09/08/2006 00:00,70.7943
10/08/2006 00:00,72.3107
11/08/2006 00:00,78.9184
12/08/2006 00:00,81.2325
13/08/2006 00:00,76.2189
14/08/2006 00:00,71.9516
15/08/2006 00:00,76.918
16/08/2006 00:00,82.1945
17/08/2006 00:00,81.6251
18/08/2006 00:00,87.9927
19/08/2006 00:00,93.7334
20/08/2006 00:00,91.6045
21/08/2006 00:00,92.8288
22/08/2006 00:00,109.635
23/08/2006 00:00,108.437
24/08/2006 00:00,96.368
25/08/2006 00:00,92.7756
26/08/2006 00:00,103.277
27/08/2006 00:00,109.374
28/08/2006 00:00,107.244
29/08/2006 00:00,105.229
30/08/2006 00:00,98.6705
31/08/2006 00:00,93.5831
01/09/2006 00:00,89.8068
02/09/2006 00:00,87.0246
03/09/2006 00:00,89.3603
04/09/2006 00:00,91.3556
05/09/2006 00:00,87.393
06/09/2006 00:00,84.1686
07/09/2006 00:00,80.8887
08/09/2006 00:00,82.3848
09/09/2006 00:00,85.4912
10/09/2006 00:00,84.8555
11/09/2006 00:00,84.7612
12/09/2006 00:00,82.3767
13/09/2006 00:00,79.6679
14/09/2006 00:00,80.6458
15/09/2006 00:00,80.9926
16/09/2006 00:00,77.9557
17/09/2006 00:00,74.7197
18/09/2006 00:00,71.7446
19/09/2006 00:00,72.9925
20/09/2006 00:00,75.742
21/09/2006 00:00,82.5415
22/09/2006 00:00,97.1889
23/09/2006 00:00,104.328
24/09/2006 00:00,105.517
25/09/2006 00:00,97.9152
26/09/2006 00:00,89.2435
27/09/2006 00:00,84.259
28/09/2006 00:00,81.1842
29/09/2006 00:00,79.4712
30/09/2006 00:00,77.397
01/10/2006 00:00,75.0061
02/10/2006 00:00,72.7413
03/10/2006 00:00,71.264
04/10/2006 00:00,77.4076
05/10/2006 00:00,81.9189
06/10/2006 00:00,75.9875
07/10/2006 00:00,71.3817
08/10/2006 00:00,68.3856
09/10/2006 00:00,66.0477
10/10/2006 00:00,63.9828
11/10/2006 00:00,62.0491
12/10/2006 00:00,60.1979
13/10/2006 00:00,58.4094
14/10/2006 00:00,56.6743
15/10/2006 00:00,54.9875
16/10/2006 00:00,53.3459
17/10/2006 00:00,51.749
18/10/2006 00:00,50.1962
19/10/2006 00:00,50.7767
20/10/2006 00:00,53.9723
21/10/2006 00:00,52.0753
22/10/2006 00:00,49.3758
23/10/2006 00:00,47.1961
24/10/2006 00:00,45.4453
25/10/2006 00:00,43.9145
26/10/2006 00:00,42.4922
27/10/2006 00:00,41.136
28/10/2006 00:00,39.8285
29/10/2006 00:00,38.5622
30/10/2006 00:00,37.3497
31/10/2006 00:00,36.1704
01/11/2006 00:00,35.0056
02/11/2006 00:00,33.8661
03/11/2006 00:00,32.7577
04/11/2006 00:00,31.8565
05/11/2006 00:00,31.1028
06/11/2006 00:00,30.1665
07/11/2006 00:00,29.2648
08/11/2006 00:00,28.8901
09/11/2006 00:00,27.5621
10/11/2006 00:00,26.5654
11/11/2006 00:00,25.6777
12/11/2006 00:00,24.7563
13/11/2006 00:00,23.8639
14/11/2006 00:00,22.9968
15/11/2006 00:00,22.1548
16/11/2006 00:00,21.3399
17/11/2006 00:00,20.5538
18/11/2006 00:00,19.8049
19/11/2006 00:00,19.0989
20/11/2006 00:00,18.4359
21/11/2006 00:00,17.8221
22/11/2006 00:00,17.264
23/11/2006 00:00,16.761
24/11/2006 00:00,16.3284
25/11/2006 00:00,15.9831
26/11/2006 00:00,15.7159
27/11/2006 00:00,15.5138
28/11/2006 00:00,15.3759
29/11/2006 00:00,15.299
30/11/2006 00:00,15.2667
01/12/2006 00:00,15.2522
02/12/2006 00:00,15.2403
03/12/2006 00:00,15.2285
04/12/2006 00:00,15.2166
05/12/2006 00:00,15.2048
06/12/2006 00:00,15.1931
07/12/2006 00:00,15.1813
08/12/2006 00:00,15.1696
09/12/2006 00:00,15.1579
10/12/2006 00:00,15.1462
11/12/2006 00:00,15.1345
12/12/2006 00:00,15.1228
13/12/2006 00:00,15.1112
14/12/2006 00:00,15.0995
15/12/2006 00:00,15.0879
16/12/2006 00:00,15.0763
17/12/2006 00:00,15.0647
18/12/2006 00:00,15.0531
19/12/2006 00:00,15.0415
20/12/2006 00:00,15.0299
21/12/2006 00:00,15.0184
22/12/2006 00:00,15.0068
23/12/2006 00:00,14.9953
24/12/2006 00:00,14.9838
25/12/2006 00:00,14.9722
26/12/2006 00:00,14.9607
27/12/2006 00:00,14.9492
28/12/2006 00:00,14.9377
29/12/2006 00:00,14.9263
30/12/2006 00:00,14.9148
31/12/2006 00:00,14.9033
01/01/2007 00:00,14.8919
02/01/2007 00:00,14.8804
03/01/2007 00:00,14.869
04/01/2007 00:00,14.8576
05/01/2007 00:00,14.8462
06/01/2007 00:00,14.8348
07/01/2007 00:00,14.8234
08/01/2007 00:00,14.812
09/01/2007 00:00,14.8909
10/01/2007 00:00,15.2314
11/01/2007 00:00,15.4675
12/01/2007 00:00,15.2485
13/01/2007 00:00,14.9668
14/01/2007 00:00,14.8676
15/01/2007 00:00,14.8384
16/01/2007 00:00,14.8148
17/01/2007 00:00,14.789
18/01/2007 00:00,14.7537
19/01/2007 00:00,14.7258
20/01/2007 00:00,14.7069
21/01/2007 00:00,14.6915
22/01/2007 00:00,14.6777
23/01/2007 00:00,14.6648
24/01/2007 00:00,14.6524
25/01/2007 00:00,14.6403
26/01/2007 00:00,14.6284
27/01/2007 00:00,14.6167
28/01/2007 00:00,14.6051
29/01/2007 00:00,14.5936
30/01/2007 00:00,14.6079
31/01/2007 00:00,15.0862
01/02/2007 00:00,15.7439
02/02/2007 00:00,15.829
03/02/2007 00:00,15.6703
04/02/2007 00:00,15.3036
05/02/2007 00:00,14.9913
06/02/2007 00:00,14.8226
07/02/2007 00:00,14.6896
08/02/2007 00:00,14.6109
09/02/2007 00:00,14.5779
10/02/2007 00:00,14.6872
11/02/2007 00:00,14.8504
12/02/2007 00:00,18.2095
13/02/2007 00:00,31.5729
14/02/2007 00:00,34.7791
15/02/2007 00:00,30.8944
16/02/2007 00:00,26.2543
17/02/2007 00:00,23.9456
18/02/2007 00:00,22.5208
19/02/2007 00:00,21.4385
20/02/2007 00:00,20.5205
21/02/2007 00:00,19.6827
22/02/2007 00:00,18.8937
23/02/2007 00:00,18.1536
24/02/2007 00:00,17.4761
25/02/2007 00:00,16.8692
26/02/2007 00:00,16.3399
27/02/2007 00:00,15.8902
28/02/2007 00:00,15.5075
01/03/2007 00:00,15.2056
02/03/2007 00:00,15.1653
03/03/2007 00:00,15.0226
04/03/2007 00:00,14.8798
05/03/2007 00:00,14.7641
06/03/2007 00:00,14.6663
07/03/2007 00:00,14.6102
08/03/2007 00:00,14.5735
09/03/2007 00:00,14.5448
10/03/2007 00:00,14.8781
11/03/2007 00:00,16.4025
12/03/2007 00:00,16.457
13/03/2007 00:00,17.7265
14/03/2007 00:00,17.9409
15/03/2007 00:00,17.8769
16/03/2007 00:00,16.806
17/03/2007 00:00,16.1044
18/03/2007 00:00,15.5557
19/03/2007 00:00,15.157
20/03/2007 00:00,14.8584
21/03/2007 00:00,14.6456
22/03/2007 00:00,14.5347
23/03/2007 00:00,14.5076
24/03/2007 00:00,14.5126
25/03/2007 00:00,14.5244
26/03/2007 00:00,14.5094
27/03/2007 00:00,14.466
28/03/2007 00:00,14.4376
29/03/2007 00:00,14.4171
30/03/2007 00:00,14.4004
31/03/2007 00:00,14.3857
01/04/2007 00:00,14.3723
02/04/2007 00:00,14.3599
03/04/2007 00:00,14.3477
04/04/2007 00:00,14.3357
05/04/2007 00:00,14.324
06/04/2007 00:00,14.3124
07/04/2007 00:00,14.3009
08/04/2007 00:00,14.2895
09/04/2007 00:00,14.2789
10/04/2007 00:00,14.2745
11/04/2007 00:00,14.262
12/04/2007 00:00,14.2536
13/04/2007 00:00,14.2452
14/04/2007 00:00,14.7182
15/04/2007 00:00,16.1447
16/04/2007 00:00,15.9433
17/04/2007 00:00,15.739
18/04/2007 00:00,16.0702
19/04/2007 00:00,15.7763
20/04/2007 00:00,15.3234
21/04/2007 00:00,14.9208
22/04/2007 00:00,14.5904
23/04/2007 00:00,14.3933
24/04/2007 00:00,14.287
25/04/2007 00:00,14.2355
26/04/2007 00:00,14.2068
27/04/2007 00:00,14.1856
28/04/2007 00:00,14.1678
29/04/2007 00:00,14.1917
30/04/2007 00:00,14.9529
01/05/2007 00:00,14.7192
02/05/2007 00:00,14.3688
03/05/2007 00:00,14.2636
04/05/2007 00:00,14.4619
05/05/2007 00:00,14.497
06/05/2007 00:00,14.3375
07/05/2007 00:00,14.3061
08/05/2007 00:00,14.3073
09/05/2007 00:00,14.2236
10/05/2007 00:00,14.1271
11/05/2007 00:00,14.1428
12/05/2007 00:00,18.7075
13/05/2007 00:00,26.9004
14/05/2007 00:00,20.9035
15/05/2007 00:00,18.4761
16/05/2007 00:00,17.2581
17/05/2007 00:00,16.2346
18/05/2007 00:00,15.7634
19/05/2007 00:00,15.3228
20/05/2007 00:00,14.9887
21/05/2007 00:00,14.7778
22/05/2007 00:00,14.512
23/05/2007 00:00,14.2478
24/05/2007 00:00,14.1547
25/05/2007 00:00,14.1524
26/05/2007 00:00,14.1224
27/05/2007 00:00,14.0655
28/05/2007 00:00,14.0127
29/05/2007 00:00,13.9796
30/05/2007 00:00,13.9597
31/05/2007 00:00,14.0484
01/06/2007 00:00,14.0093
02/06/2007 00:00,13.9585
03/06/2007 00:00,13.9307
04/06/2007 00:00,14.2211
05/06/2007 00:00,15.711
06/06/2007 00:00,15.6626
07/06/2007 00:00,15.7131
08/06/2007 00:00,16.5118
09/06/2007 00:00,16.8928
10/06/2007 00:00,17.9956
11/06/2007 00:00,18.3449
12/06/2007 00:00,17.7481
13/06/2007 00:00,18.0088
14/06/2007 00:00,22.4579
15/06/2007 00:00,25.2758
16/06/2007 00:00,25.0287
17/06/2007 00:00,26.9073
18/06/2007 00:00,32.304
19/06/2007 00:00,36.5782
20/06/2007 00:00,36.1408
21/06/2007 00:00,32.3323
22/06/2007 00:00,30.8274
23/06/2007 00:00,32.8697
24/06/2007 00:00,31.0635
25/06/2007 00:00,33.1504
26/06/2007 00:00,33.8241
27/06/2007 00:00,31.2513
28/06/2007 00:00,28.7754
29/06/2007 00:00,27.5851
30/06/2007 00:00,27.0084
01/07/2007 00:00,25.8318
02/07/2007 00:00,24.6114
03/07/2007 00:00,24.1308
04/07/2007 00:00,26.5341
05/07/2007 00:00,37.2806
06/07/2007 00:00,62.7038
07/07/2007 00:00,67.6755
08/07/2007 00:00,49.626
09/07/2007 00:00,41.7438
10/07/2007 00:00,37.9942
11/07/2007 00:00,36.7628
12/07/2007 00:00,39.3003
13/07/2007 00:00,44.2925
14/07/2007 00:00,48.8684
15/07/2007 00:00,51.7172
16/07/2007 00:00,56.5888
17/07/2007 00:00,57.6722
18/07/2007 00:00,54.1711
19/07/2007 00:00,56.4602
20/07/2007 00:00,59.3005
21/07/2007 00:00,61.6156
22/07/2007 00:00,61.7645
23/07/2007 00:00,61.7202
24/07/2007 00:00,63.8172
25/07/2007 00:00,64.5516
26/07/2007 00:00,62.7607
27/07/2007 00:00,62.701
28/07/2007 00:00,63.8055
29/07/2007 00:00,61.789
30/07/2007 00:00,62.2063
31/07/2007 00:00,63.4522
01/08/2007 00:00,70.1689
02/08/2007 00:00,77.312
03/08/2007 00:00,79.8226
04/08/2007 00:00,75.3396
05/08/2007 00:00,74.7518
06/08/2007 00:00,76.873
07/08/2007 00:00,71.8319
08/08/2007 00:00,66.9273
09/08/2007 00:00,63.8974
10/08/2007 00:00,63.4251
11/08/2007 00:00,73.8747
12/08/2007 00:00,84.1097
13/08/2007 00:00,91.648
14/08/2007 00:00,97.0651
15/08/2007 00:00,92.9281
16/08/2007 00:00,88.0518
17/08/2007 00:00,88.0984
18/08/2007 00:00,97.6895
19/08/2007 00:00,102.688
20/08/2007 00:00,99.4797
21/08/2007 00:00,91.6227
22/08/2007 00:00,85.1618
23/08/2007 00:00,91.1695
24/08/2007 00:00,103.024
25/08/2007 00:00,102.195
26/08/2007 00:00,99.0424
27/08/2007 00:00,102.348
28/08/2007 00:00,101.061
29/08/2007 00:00,96.1233
30/08/2007 00:00,93.1668
31/08/2007 00:00,92.4219
01/09/2007 00:00,90.1185
02/09/2007 00:00,87.0856
03/09/2007 00:00,84.4082
04/09/2007 00:00,83.9033
05/09/2007 00:00,86.1371
06/09/2007 00:00,86.612
07/09/2007 00:00,86.7741
08/09/2007 00:00,88.9113
09/09/2007 00:00,89.883
10/09/2007 00:00,94.63
11/09/2007 00:00,93.7539
12/09/2007 00:00,88.695
13/09/2007 00:00,88.1929
14/09/2007 00:00,87.3529
15/09/2007 00:00,82.8299
16/09/2007 00:00,79.8749
17/09/2007 00:00,76.7343
18/09/2007 00:00,74.6457
19/09/2007 00:00,75.121
20/09/2007 00:00,76.3623
21/09/2007 00:00,73.9517
22/09/2007 00:00,80.3751
23/09/2007 00:00,93.0267
24/09/2007 00:00,91.473
25/09/2007 00:00,88.3125
26/09/2007 00:00,93.9103
27/09/2007 00:00,94.5572
28/09/2007 00:00,90.7599
29/09/2007 00:00,93.257
30/09/2007 00:00,95.6985
01/10/2007 00:00,95.1065
02/10/2007 00:00,99.721
03/10/2007 00:00,102.301
04/10/2007 00:00,95.6143
05/10/2007 00:00,90.6441
06/10/2007 00:00,89.7813
07/10/2007 00:00,91.7825
08/10/2007 00:00,88.0506
09/10/2007 00:00,84.0225
10/10/2007 00:00,80.9425
11/10/2007 00:00,78.3741
12/10/2007 00:00,76.0325
13/10/2007 00:00,73.8122
14/10/2007 00:00,71.675
15/10/2007 00:00,69.605
16/10/2007 00:00,67.5941
17/10/2007 00:00,65.6377
18/10/2007 00:00,63.7328
19/10/2007 00:00,61.8773
20/10/2007 00:00,60.0693
21/10/2007 00:00,58.3073
22/10/2007 00:00,56.5901
23/10/2007 00:00,54.9162
24/10/2007 00:00,53.2846
25/10/2007 00:00,51.6941
26/10/2007 00:00,50.1437
27/10/2007 00:00,48.6323
28/10/2007 00:00,47.159
29/10/2007 00:00,45.7227
30/10/2007 00:00,44.3225
31/10/2007 00:00,44.8919
01/11/2007 00:00,50.6673
02/11/2007 00:00,51.0705
03/11/2007 00:00,45.9509
04/11/2007 00:00,43.1113
05/11/2007 00:00,41.14
06/11/2007 00:00,39.6018
07/11/2007 00:00,38.2461
08/11/2007 00:00,36.9807
09/11/2007 00:00,35.772
10/11/2007 00:00,34.6059
11/11/2007 00:00,33.4755
12/11/2007 00:00,32.3774
13/11/2007 00:00,31.3091
14/11/2007 00:00,30.2692
15/11/2007 00:00,29.2565
16/11/2007 00:00,28.2699
17/11/2007 00:00,27.3087
18/11/2007 00:00,26.372
19/11/2007 00:00,25.4593
20/11/2007 00:00,24.5698
21/11/2007 00:00,23.7029
22/11/2007 00:00,22.8581
23/11/2007 00:00,22.0348
24/11/2007 00:00,21.2325
25/11/2007 00:00,20.4512
26/11/2007 00:00,19.6936
27/11/2007 00:00,18.969
28/11/2007 00:00,18.2937
29/11/2007 00:00,17.6814
30/11/2007 00:00,17.1359
01/12/2007 00:00,16.7029
02/12/2007 00:00,16.5437
03/12/2007 00:00,16.2861
04/12/2007 00:00,16.0215
05/12/2007 00:00,15.8012
06/12/2007 00:00,15.6397
07/12/2007 00:00,15.5303
08/12/2007 00:00,15.461
09/12/2007 00:00,15.4187
10/12/2007 00:00,15.3933
11/12/2007 00:00,15.375
12/12/2007 00:00,15.3603
13/12/2007 00:00,15.3468
14/12/2007 00:00,15.3337
15/12/2007 00:00,15.3209
16/12/2007 00:00,15.3084
17/12/2007 00:00,15.296
18/12/2007 00:00,15.2838
19/12/2007 00:00,15.2716
20/12/2007 00:00,15.2596
21/12/2007 00:00,15.2476
22/12/2007 00:00,15.2357
23/12/2007 00:00,15.2238
24/12/2007 00:00,15.2119
25/12/2007 00:00,15.2001
26/12/2007 00:00,15.1883
27/12/2007 00:00,15.1765
28/12/2007 00:00,15.1648
29/12/2007 00:00,15.1531
30/12/2007 00:00,15.1414
31/12/2007 00:00,15.1297
01/01/2008 00:00,15.118
02/01/2008 00:00,15.1064
03/01/2008 00:00,15.0947
04/01/2008 00:00,15.0831
05/01/2008 00:00,15.0715
06/01/2008 00:00,15.0599
07/01/2008 00:00,15.0483
08/01/2008 00:00,15.0367
09/01/2008 00:00,15.0251
10/01/2008 00:00,15.0136
11/01/2008 00:00,15.0022
12/01/2008 00:00,14.9912
13/01/2008 00:00,14.98
14/01/2008 00:00,14.9686
15/01/2008 00:00,14.9571
16/01/2008 00:00,14.9457
17/01/2008 00:00,14.9343
18/01/2008 00:00,14.9229
19/01/2008 00:00,14.9114
20/01/2008 00:00,14.8999
21/01/2008 00:00,14.8885
22/01/2008 00:00,14.8771
23/01/2008 00:00,14.8692
24/01/2008 00:00,15.1955
25/01/2008 00:00,17.8388
26/01/2008 00:00,22.8879
27/01/2008 00:00,23.4844
28/01/2008 00:00,21.5573
29/01/2008 00:00,19.6437
30/01/2008 00:00,18.1586
31/01/2008 00:00,17.0937
01/02/2008 00:00,16.2935
02/02/2008 00:00,15.7134
03/02/2008 00:00,15.3088
04/02/2008 00:00,15.2502
05/02/2008 00:00,15.9176
06/02/2008 00:00,15.958
07/02/2008 00:00,15.8485
08/02/2008 00:00,16.5584
09/02/2008 00:00,18.5961
10/02/2008 00:00,18.1816
11/02/2008 00:00,17.4678
12/02/2008 00:00,16.4499
13/02/2008 00:00,15.698
14/02/2008 00:00,15.2806
15/02/2008 00:00,15.0695
16/02/2008 00:00,14.9683
17/02/2008 00:00,14.9186
18/02/2008 00:00,14.8886
19/02/2008 00:00,14.8661
20/02/2008 00:00,14.8474
21/02/2008 00:00,14.831
22/02/2008 00:00,14.816
23/02/2008 00:00,14.802
24/02/2008 00:00,14.7887
25/02/2008 00:00,14.7758
26/02/2008 00:00,14.7633
27/02/2008 00:00,14.751
28/02/2008 00:00,14.739
29/02/2008 00:00,14.727
01/03/2008 00:00,14.7152
02/03/2008 00:00,14.7035
03/03/2008 00:00,14.6919
04/03/2008 00:00,14.6803
05/03/2008 00:00,14.6688
06/03/2008 00:00,14.6573
07/03/2008 00:00,14.6459
08/03/2008 00:00,14.6345
09/03/2008 00:00,14.6231
10/03/2008 00:00,14.6186
11/03/2008 00:00,14.8382
12/03/2008 00:00,15.2047
13/03/2008 00:00,15.3384
14/03/2008 00:00,15.2305
15/03/2008 00:00,15.0385
16/03/2008 00:00,14.8586
17/03/2008 00:00,14.7268
18/03/2008 00:00,14.6341
19/03/2008 00:00,14.5737
20/03/2008 00:00,14.8055
21/03/2008 00:00,16.0082
22/03/2008 00:00,15.9963
23/03/2008 00:00,15.8943
24/03/2008 00:00,15.9639
25/03/2008 00:00,15.6628
26/03/2008 00:00,15.4996
27/03/2008 00:00,15.5615
28/03/2008 00:00,15.1672
29/03/2008 00:00,15.0304
30/03/2008 00:00,15.6308
31/03/2008 00:00,15.7037
01/04/2008 00:00,15.6324
02/04/2008 00:00,15.2598
03/04/2008 00:00,15.0867
04/04/2008 00:00,15.1087
05/04/2008 00:00,16.1898
06/04/2008 00:00,17.9473
07/04/2008 00:00,17.311
08/04/2008 00:00,16.7887
09/04/2008 00:00,15.9169
10/04/2008 00:00,15.2457
11/04/2008 00:00,14.8565
12/04/2008 00:00,14.6406
13/04/2008 00:00,14.5306
14/04/2008 00:00,14.4777
15/04/2008 00:00,14.4497
16/04/2008 00:00,14.4292
17/04/2008 00:00,14.412
18/04/2008 00:00,14.3966
19/04/2008 00:00,14.3825
20/04/2008 00:00,14.3692
21/04/2008 00:00,14.3565
22/04/2008 00:00,14.3441
23/04/2008 00:00,14.3321
24/04/2008 00:00,14.3202
25/04/2008 00:00,14.3086
26/04/2008 00:00,14.297
27/04/2008 00:00,14.2856
28/04/2008 00:00,14.2743
29/04/2008 00:00,14.263
30/04/2008 00:00,14.2518
01/05/2008 00:00,14.2406
02/05/2008 00:00,14.2295
03/05/2008 00:00,14.2184
04/05/2008 00:00,14.2074
05/05/2008 00:00,14.1963
06/05/2008 00:00,14.1853
07/05/2008 00:00,14.1743
08/05/2008 00:00,14.1634
09/05/2008 00:00,14.1524
10/05/2008 00:00,14.1417
11/05/2008 00:00,14.1331
12/05/2008 00:00,14.1372
13/05/2008 00:00,14.4452
14/05/2008 00:00,14.3756
15/05/2008 00:00,14.2189
16/05/2008 00:00,14.1389
17/05/2008 00:00,14.1006
18/05/2008 00:00,14.0769
19/05/2008 00:00,14.0592
20/05/2008 00:00,14.0445
21/05/2008 00:00,14.0386
22/05/2008 00:00,14.063
23/05/2008 00:00,14.1952
24/05/2008 00:00,14.9918
25/05/2008 00:00,15.5694
26/05/2008 00:00,15.8322
27/05/2008 00:00,14.89
28/05/2008 00:00,14.3656
29/05/2008 00:00,15.1269
30/05/2008 00:00,15.5593
31/05/2008 00:00,17.1175
01/06/2008 00:00,18.0325
02/06/2008 00:00,17.9251
03/06/2008 00:00,18.429
04/06/2008 00:00,20.7156
05/06/2008 00:00,22.1816
06/06/2008 00:00,29.9378
07/06/2008 00:00,29.2709
08/06/2008 00:00,28.8506
09/06/2008 00:00,28.7482
10/06/2008 00:00,32.1451
11/06/2008 00:00,34.9703
12/06/2008 00:00,34.632
13/06/2008 00:00,33.3552
14/06/2008 00:00,38.9639
15/06/2008 00:00,44.9178
16/06/2008 00:00,48.2084
17/06/2008 00:00,64.1865
18/06/2008 00:00,75.7846
19/06/2008 00:00,70.8086
20/06/2008 00:00,57.8727
21/06/2008 00:00,51.5745
22/06/2008 00:00,49.4608
23/06/2008 00:00,50.3624
24/06/2008 00:00,56.7832
25/06/2008 00:00,59.4979
26/06/2008 00:00,54.3859
27/06/2008 00:00,53.3556
28/06/2008 00:00,65.324
29/06/2008 00:00,73.4628
30/06/2008 00:00,67.2593
01/07/2008 00:00,63.678
02/07/2008 00:00,63.688
03/07/2008 00:00,63.6151
04/07/2008 00:00,63.1083
05/07/2008 00:00,61.8218
06/07/2008 00:00,64.9286
07/07/2008 00:00,71.4633
08/07/2008 00:00,82.8643
09/07/2008 00:00,85.7724
10/07/2008 00:00,85.7061
11/07/2008 00:00,84.2009
12/07/2008 00:00,76.9436
13/07/2008 00:00,77.931
14/07/2008 00:00,80.414
15/07/2008 00:00,80.7229
16/07/2008 00:00,77.4446
17/07/2008 00:00,76.7672
18/07/2008 00:00,83.229
19/07/2008 00:00,89.9683
20/07/2008 00:00,89.1508
21/07/2008 00:00,84.0493
22/07/2008 00:00,83.1593
23/07/2008 00:00,91.2713
24/07/2008 00:00,93.5184
25/07/2008 00:00,88.1505
26/07/2008 00:00,89.9265
27/07/2008 00:00,97.043
28/07/2008 00:00,98.0888
29/07/2008 00:00,91.358
30/07/2008 00:00,87.3762
31/07/2008 00:00,89.9309
01/08/2008 00:00,89.3321
02/08/2008 00:00,88.8155
03/08/2008 00:00,87.6126
04/08/2008 00:00,82.4151
05/08/2008 00:00,79.0574
06/08/2008 00:00,78.7867
07/08/2008 00:00,82.6612
08/08/2008 00:00,85.1129
09/08/2008 00:00,88.6033
10/08/2008 00:00,95.7117
11/08/2008 00:00,98.677
12/08/2008 00:00,99.328
13/08/2008 00:00,96.8238
14/08/2008 00:00,96.7478
15/08/2008 00:00,99.0177
16/08/2008 00:00,99.0986
17/08/2008 00:00,97.9812
18/08/2008 00:00,101.222
19/08/2008 00:00,112.096
20/08/2008 00:00,116.405
21/08/2008 00:00,108.504
22/08/2008 00:00,111.318
23/08/2008 00:00,115.92
24/08/2008 00:00,106.298
25/08/2008 00:00,100.055
26/08/2008 00:00,96.1104
27/08/2008 00:00,93.3257
28/08/2008 00:00,93.3092
29/08/2008 00:00,96.3845
30/08/2008 00:00,96.5442
31/08/2008 00:00,93.5542
01/09/2008 00:00,92.4567
02/09/2008 00:00,95.764
03/09/2008 00:00,97.1903
04/09/2008 00:00,95.4875
05/09/2008 00:00,93.4789
06/09/2008 00:00,91.9502
07/09/2008 00:00,89.4193
08/09/2008 00:00,87.2407
09/09/2008 00:00,84.7743
10/09/2008 00:00,82.8934
11/09/2008 00:00,81.7847
12/09/2008 00:00,78.9244
13/09/2008 00:00,76.2015
14/09/2008 00:00,78.4036
15/09/2008 00:00,84.0405
16/09/2008 00:00,84.6418
17/09/2008 00:00,90.0218
18/09/2008 00:00,97.4256
19/09/2008 00:00,91.8426
20/09/2008 00:00,84.4031
21/09/2008 00:00,80.5136
22/09/2008 00:00,82.2932
23/09/2008 00:00,85.2022
24/09/2008 00:00,81.3833
25/09/2008 00:00,77.217
26/09/2008 00:00,74.0948
27/09/2008 00:00,71.5942
28/09/2008 00:00,69.3822
29/09/2008 00:00,67.3108
30/09/2008 00:00,65.3277
01/10/2008 00:00,63.4116
02/10/2008 00:00,61.5527
03/10/2008 00:00,60.7461
04/10/2008 00:00,61.9154
05/10/2008 00:00,62.7453
06/10/2008 00:00,68.5098
07/10/2008 00:00,69.6024
08/10/2008 00:00,64.1003
09/10/2008 00:00,60.7587
10/10/2008 00:00,58.9571
11/10/2008 00:00,56.6776
12/10/2008 00:00,54.6622
13/10/2008 00:00,52.887
14/10/2008 00:00,51.2368
15/10/2008 00:00,49.6619
16/10/2008 00:00,48.1424
17/10/2008 00:00,46.6693
18/10/2008 00:00,45.2378
19/10/2008 00:00,43.8449
20/10/2008 00:00,42.4887
21/10/2008 00:00,41.1729
22/10/2008 00:00,39.9293
23/10/2008 00:00,38.8355
24/10/2008 00:00,38.0143
25/10/2008 00:00,37.2054
26/10/2008 00:00,36.9065
27/10/2008 00:00,37.1217
28/10/2008 00:00,35.8334
29/10/2008 00:00,34.2149
30/10/2008 00:00,32.8665
31/10/2008 00:00,31.6816
01/11/2008 00:00,30.5823
02/11/2008 00:00,29.5354
03/11/2008 00:00,28.5268
04/11/2008 00:00,27.5501
05/11/2008 00:00,26.6017
06/11/2008 00:00,25.6794
07/11/2008 00:00,24.7819
08/11/2008 00:00,23.9079
09/11/2008 00:00,23.0567
10/11/2008 00:00,22.2282
11/11/2008 00:00,21.4223
12/11/2008 00:00,20.6407
13/11/2008 00:00,19.8889
14/11/2008 00:00,19.2101
15/11/2008 00:00,18.6095
16/11/2008 00:00,18.1353
17/11/2008 00:00,17.5259
18/11/2008 00:00,16.9267
19/11/2008 00:00,16.4012
20/11/2008 00:00,15.9869
21/11/2008 00:00,15.6986
22/11/2008 00:00,15.5335
23/11/2008 00:00,15.4567
24/11/2008 00:00,15.4254
25/11/2008 00:00,15.4099
26/11/2008 00:00,15.3965
27/11/2008 00:00,15.3835
28/11/2008 00:00,15.3707
29/11/2008 00:00,15.3582
30/11/2008 00:00,15.3459
01/12/2008 00:00,15.3337
02/12/2008 00:00,15.3216
03/12/2008 00:00,15.3096
04/12/2008 00:00,15.2976
05/12/2008 00:00,15.2856
06/12/2008 00:00,15.2737
07/12/2008 00:00,15.2619
08/12/2008 00:00,15.25
09/12/2008 00:00,15.2382
10/12/2008 00:00,15.2264
11/12/2008 00:00,15.2146
12/12/2008 00:00,15.2029
13/12/2008 00:00,15.1911
14/12/2008 00:00,15.1794
15/12/2008 00:00,15.1677
16/12/2008 00:00,15.156
17/12/2008 00:00,15.1444
18/12/2008 00:00,15.1327
19/12/2008 00:00,15.121
20/12/2008 00:00,15.1098
21/12/2008 00:00,15.1002
22/12/2008 00:00,15.0904
23/12/2008 00:00,15.0898
24/12/2008 00:00,15.0801
25/12/2008 00:00,15.0624
26/12/2008 00:00,15.0475
27/12/2008 00:00,15.0348
28/12/2008 00:00,15.0221
29/12/2008 00:00,15.0094
30/12/2008 00:00,14.997
31/12/2008 00:00,14.985
01/01/2009 00:00,14.9731
02/01/2009 00:00,14.9614
03/01/2009 00:00,14.9497
04/01/2009 00:00,14.938
05/01/2009 00:00,14.941
06/01/2009 00:00,15.2764
07/01/2009 00:00,15.3972
08/01/2009 00:00,15.8088
09/01/2009 00:00,17.4478
10/01/2009 00:00,17.1262
11/01/2009 00:00,16.5609
12/01/2009 00:00,15.9069
13/01/2009 00:00,15.4217
14/01/2009 00:00,15.1472
15/01/2009 00:00,15.0132
16/01/2009 00:00,14.9497
17/01/2009 00:00,14.9129
18/01/2009 00:00,14.8864
19/01/2009 00:00,14.8653
20/01/2009 00:00,14.8473
21/01/2009 00:00,14.8314
22/01/2009 00:00,14.8168
23/01/2009 00:00,14.803
24/01/2009 00:00,14.7898
25/01/2009 00:00,14.777
26/01/2009 00:00,14.7646
27/01/2009 00:00,14.7524
28/01/2009 00:00,14.7404
29/01/2009 00:00,14.7285
30/01/2009 00:00,14.7167
31/01/2009 00:00,14.705
01/02/2009 00:00,14.6934
02/02/2009 00:00,14.6818
03/02/2009 00:00,14.6709
04/02/2009 00:00,14.834
05/02/2009 00:00,15.6776
06/02/2009 00:00,16.3359
07/02/2009 00:00,15.8994
08/02/2009 00:00,15.3709
09/02/2009 00:00,15.0057
10/02/2009 00:00,14.8031
11/02/2009 00:00,14.7108
12/02/2009 00:00,14.6763
13/02/2009 00:00,14.7153
14/02/2009 00:00,14.6706
15/02/2009 00:00,14.6293
16/02/2009 00:00,14.6565
17/02/2009 00:00,14.7594
18/02/2009 00:00,14.8247
19/02/2009 00:00,14.7615
20/02/2009 00:00,14.6522
21/02/2009 00:00,14.6003
22/02/2009 00:00,14.6322
23/02/2009 00:00,14.6693
24/02/2009 00:00,14.6205
25/02/2009 00:00,14.5455
26/02/2009 00:00,14.5008
27/02/2009 00:00,14.4776
28/02/2009 00:00,14.4609
01/03/2009 00:00,14.4465
02/03/2009 00:00,14.4333
03/03/2009 00:00,14.4208
04/03/2009 00:00,14.4087
05/03/2009 00:00,14.3969
06/03/2009 00:00,14.3853
07/03/2009 00:00,14.3738
08/03/2009 00:00,14.3624
09/03/2009 00:00,14.3512
10/03/2009 00:00,14.3632
11/03/2009 00:00,14.421
12/03/2009 00:00,14.4415
13/03/2009 00:00,14.39
14/03/2009 00:00,14.3421
15/03/2009 00:00,14.3116
16/03/2009 00:00,14.315
17/03/2009 00:00,14.8782
18/03/2009 00:00,14.7789
19/03/2009 00:00,14.5684
20/03/2009 00:00,14.737
21/03/2009 00:00,15.1713
22/03/2009 00:00,14.8423
23/03/2009 00:00,14.4995
24/03/2009 00:00,14.3402
25/03/2009 00:00,14.294
26/03/2009 00:00,14.7308
27/03/2009 00:00,14.7346
28/03/2009 00:00,14.7468
29/03/2009 00:00,15.1437
30/03/2009 00:00,15.2053
31/03/2009 00:00,14.9159
01/04/2009 00:00,14.738
02/04/2009 00:00,14.5331
03/04/2009 00:00,14.3315
04/04/2009 00:00,14.2193
05/04/2009 00:00,14.1718
06/04/2009 00:00,14.1447
07/04/2009 00:00,14.1247
08/04/2009 00:00,14.1341
09/04/2009 00:00,14.7868
10/04/2009 00:00,15.0456
11/04/2009 00:00,15.0623
12/04/2009 00:00,14.7465
13/04/2009 00:00,14.3883
14/04/2009 00:00,14.2071
15/04/2009 00:00,14.1468
16/04/2009 00:00,14.1526
17/04/2009 00:00,14.2001
18/04/2009 00:00,14.1946
19/04/2009 00:00,14.1438
20/04/2009 00:00,14.0809
21/04/2009 00:00,14.0519
22/04/2009 00:00,14.0324
23/04/2009 00:00,14.0028
24/04/2009 00:00,13.9811
25/04/2009 00:00,13.9638
26/04/2009 00:00,13.9488
27/04/2009 00:00,13.9352
28/04/2009 00:00,13.9224
29/04/2009 00:00,13.9628
30/04/2009 00:00,14.1237
01/05/2009 00:00,14.2231
02/05/2009 00:00,14.0818
03/05/2009 00:00,13.9751
04/05/2009 00:00,13.9522
05/05/2009 00:00,13.9864
06/05/2009 00:00,13.9365
07/05/2009 00:00,13.8949
08/05/2009 00:00,13.8678
09/05/2009 00:00,13.84
10/05/2009 00:00,13.8189
11/05/2009 00:00,13.8019
12/05/2009 00:00,13.7872
13/05/2009 00:00,13.7739
14/05/2009 00:00,13.7614
15/05/2009 00:00,13.7495
16/05/2009 00:00,13.7381
17/05/2009 00:00,14.3207
18/05/2009 00:00,16.3827
19/05/2009 00:00,15.489
20/05/2009 00:00,15.4044
21/05/2009 00:00,18.396
22/05/2009 00:00,16.5244
23/05/2009 00:00,15.2639
24/05/2009 00:00,14.6769
25/05/2009 00:00,14.2537
26/05/2009 00:00,14.0791
27/05/2009 00:00,13.9581
28/05/2009 00:00,13.8592
29/05/2009 00:00,15.8356
30/05/2009 00:00,22.3198
31/05/2009 00:00,19.9973
01/06/2009 00:00,19.4419
02/06/2009 00:00,17.4242
03/06/2009 00:00,16.1096
04/06/2009 00:00,17.0256
05/06/2009 00:00,19.8617
06/06/2009 00:00,21.5976
07/06/2009 00:00,21.0675
08/06/2009 00:00,19.6297
09/06/2009 00:00,18.1505
10/06/2009 00:00,16.9754
11/06/2009 00:00,16.2423
12/06/2009 00:00,16.7005
13/06/2009 00:00,16.2068
14/06/2009 00:00,15.6964
15/06/2009 00:00,16.2554
16/06/2009 00:00,16.3186
17/06/2009 00:00,15.9961
18/06/2009 00:00,15.4495
19/06/2009 00:00,14.6751
20/06/2009 00:00,14.2053
21/06/2009 00:00,13.9852
22/06/2009 00:00,13.8834
23/06/2009 00:00,13.8294
24/06/2009 00:00,13.9472
25/06/2009 00:00,14.7164
26/06/2009 00:00,14.7058
27/06/2009 00:00,15.5979
28/06/2009 00:00,18.8978
29/06/2009 00:00,21.132
30/06/2009 00:00,23.3508
01/07/2009 00:00,26.0325
02/07/2009 00:00,31.0966
03/07/2009 00:00,32.4811
04/07/2009 00:00,35.7555
05/07/2009 00:00,40.6504
06/07/2009 00:00,43.8681
07/07/2009 00:00,51.1073
08/07/2009 00:00,53.7942
09/07/2009 00:00,48.2678
10/07/2009 00:00,47.3174
11/07/2009 00:00,59.1592
12/07/2009 00:00,73.6797
13/07/2009 00:00,68.5605
14/07/2009 00:00,57.7123
15/07/2009 00:00,55.6895
16/07/2009 00:00,56.7564
17/07/2009 00:00,52.3371
18/07/2009 00:00,53.7461
19/07/2009 00:00,62.8756
20/07/2009 00:00,68.0637
21/07/2009 00:00,66.7648
22/07/2009 00:00,63.1839
23/07/2009 00:00,60.5712
24/07/2009 00:00,56.2885
25/07/2009 00:00,56.1955
26/07/2009 00:00,60.2669
27/07/2009 00:00,65.9629
28/07/2009 00:00,69.9346
29/07/2009 00:00,64.9256
30/07/2009 00:00,60.2972
31/07/2009 00:00,56.5835
01/08/2009 00:00,54.2135
02/08/2009 00:00,53.3751
03/08/2009 00:00,55.2133
04/08/2009 00:00,56.5524
05/08/2009 00:00,54.6685
06/08/2009 00:00,53.9308
07/08/2009 00:00,52.4318
08/08/2009 00:00,52.0271
09/08/2009 00:00,53.0456
10/08/2009 00:00,54.1096
11/08/2009 00:00,55.6297
12/08/2009 00:00,53.2457
13/08/2009 00:00,56.2489
14/08/2009 00:00,68.354
15/08/2009 00:00,69.6305
16/08/2009 00:00,67.0578
17/08/2009 00:00,64.7504
18/08/2009 00:00,64.0186
19/08/2009 00:00,70.8669
20/08/2009 00:00,74.8706
21/08/2009 00:00,70.7027
22/08/2009 00:00,72.1078
23/08/2009 00:00,73.5761
24/08/2009 00:00,77.5979
25/08/2009 00:00,80.2518
26/08/2009 00:00,81.1213
27/08/2009 00:00,83.6233
28/08/2009 00:00,83.9476
29/08/2009 00:00,80.2851
30/08/2009 00:00,78.6447
31/08/2009 00:00,80.1029
01/09/2009 00:00,77.2755
02/09/2009 00:00,74.8895
03/09/2009 00:00,71.7699
04/09/2009 00:00,71.0764
05/09/2009 00:00,72.6112
06/09/2009 00:00,98.1918
07/09/2009 00:00,126.824
08/09/2009 00:00,111.486
09/09/2009 00:00,99.5374
10/09/2009 00:00,91.4148
11/09/2009 00:00,87.1144
12/09/2009 00:00,84.0996
13/09/2009 00:00,81.5104
14/09/2009 00:00,79.1043
15/09/2009 00:00,76.8058
16/09/2009 00:00,74.5865
17/09/2009 00:00,72.4338
18/09/2009 00:00,72.2644
19/09/2009 00:00,74.2811
20/09/2009 00:00,73.1393
21/09/2009 00:00,70.4593
22/09/2009 00:00,69.9651
23/09/2009 00:00,72.1698
24/09/2009 00:00,71.7903
25/09/2009 00:00,71.5774
26/09/2009 00:00,71.2991
27/09/2009 00:00,68.5179
28/09/2009 00:00,69.9278
29/09/2009 00:00,72.885
30/09/2009 00:00,69.5277
01/10/2009 00:00,65.516
02/10/2009 00:00,79.6339
03/10/2009 00:00,99.2147
04/10/2009 00:00,89.2342
05/10/2009 00:00,78.1133
06/10/2009 00:00,74.9575
07/10/2009 00:00,79.4534
08/10/2009 00:00,82.9355
09/10/2009 00:00,77.3561
10/10/2009 00:00,72.6314
11/10/2009 00:00,69.5943
12/10/2009 00:00,67.2278
13/10/2009 00:00,65.1318
14/10/2009 00:00,63.166
15/10/2009 00:00,61.2829
16/10/2009 00:00,59.4629
17/10/2009 00:00,57.6969
18/10/2009 00:00,55.98
19/10/2009 00:00,54.309
20/10/2009 00:00,52.6816
21/10/2009 00:00,51.0962
22/10/2009 00:00,49.5514
23/10/2009 00:00,48.0459
24/10/2009 00:00,46.5785
25/10/2009 00:00,45.1483
26/10/2009 00:00,43.7543
27/10/2009 00:00,42.3954
28/10/2009 00:00,41.0708
29/10/2009 00:00,39.7796
30/10/2009 00:00,38.5209
31/10/2009 00:00,37.294
01/11/2009 00:00,36.0979
02/11/2009 00:00,34.932
03/11/2009 00:00,33.7956
04/11/2009 00:00,32.6877
05/11/2009 00:00,31.6078
06/11/2009 00:00,30.5631
07/11/2009 00:00,29.5769
08/11/2009 00:00,28.6308
09/11/2009 00:00,27.6769
10/11/2009 00:00,26.723
11/11/2009 00:00,25.7904
12/11/2009 00:00,24.8827
13/11/2009 00:00,23.9988
14/11/2009 00:00,23.1388
15/11/2009 00:00,22.3182
16/11/2009 00:00,21.5383
17/11/2009 00:00,21.1074
18/11/2009 00:00,21.2354
19/11/2009 00:00,20.3693
20/11/2009 00:00,19.4077
21/11/2009 00:00,18.5555
22/11/2009 00:00,17.7891
23/11/2009 00:00,17.1033
24/11/2009 00:00,16.5094
25/11/2009 00:00,16.0091
26/11/2009 00:00,15.6142
27/11/2009 00:00,15.34
28/11/2009 00:00,15.1884
29/11/2009 00:00,15.1182
30/11/2009 00:00,15.0817
01/12/2009 00:00,15.0615
02/12/2009 00:00,15.0478
03/12/2009 00:00,15.0352
04/12/2009 00:00,15.0229
05/12/2009 00:00,15.0107
06/12/2009 00:00,14.9987
07/12/2009 00:00,14.9867
08/12/2009 00:00,14.9749
09/12/2009 00:00,14.9631
10/12/2009 00:00,14.9513
11/12/2009 00:00,14.9397
12/12/2009 00:00,14.928
13/12/2009 00:00,14.9164
14/12/2009 00:00,14.9048
15/12/2009 00:00,14.8932
16/12/2009 00:00,14.8817
17/12/2009 00:00,14.8702
18/12/2009 00:00,14.8587
19/12/2009 00:00,14.8472
20/12/2009 00:00,14.8358
21/12/2009 00:00,14.8243
22/12/2009 00:00,14.8129
23/12/2009 00:00,14.8015
24/12/2009 00:00,14.7901
25/12/2009 00:00,14.7787
26/12/2009 00:00,14.7673
27/12/2009 00:00,14.7559
28/12/2009 00:00,14.7446
29/12/2009 00:00,14.7332
30/12/2009 00:00,14.7219
31/12/2009 00:00,14.7105
01/01/2010 00:00,14.6992
02/01/2010 00:00,14.6879
03/01/2010 00:00,14.6766
04/01/2010 00:00,14.6653
05/01/2010 00:00,14.6541
06/01/2010 00:00,14.6428
07/01/2010 00:00,14.6316
08/01/2010 00:00,14.6203
09/01/2010 00:00,14.6091
10/01/2010 00:00,14.5978
11/01/2010 00:00,14.5866
12/01/2010 00:00,14.5754
13/01/2010 00:00,14.9746
14/01/2010 00:00,16.9114
15/01/2010 00:00,16.8796
16/01/2010 00:00,16.5307
17/01/2010 00:00,15.8448
18/01/2010 00:00,15.2215
19/01/2010 00:00,14.8597
20/01/2010 00:00,14.685
21/01/2010 00:00,14.6124
22/01/2010 00:00,14.574
23/01/2010 00:00,14.5471
24/01/2010 00:00,14.5259
25/01/2010 00:00,14.5081
26/01/2010 00:00,14.4923
27/01/2010 00:00,14.4778
28/01/2010 00:00,14.4642
29/01/2010 00:00,14.4513
30/01/2010 00:00,14.4387
31/01/2010 00:00,14.4265
01/02/2010 00:00,14.4146
02/02/2010 00:00,14.4028
03/02/2010 00:00,14.3913
04/02/2010 00:00,14.4168
05/02/2010 00:00,14.4141
06/02/2010 00:00,14.3867
07/02/2010 00:00,14.363
08/02/2010 00:00,14.5299
09/02/2010 00:00,14.9213
10/02/2010 00:00,15.3435
11/02/2010 00:00,16.9076
12/02/2010 00:00,17.0727
13/02/2010 00:00,17.2168
14/02/2010 00:00,16.205
15/02/2010 00:00,15.4771
16/02/2010 00:00,15.4092
17/02/2010 00:00,15.6279
18/02/2010 00:00,15.2686
19/02/2010 00:00,14.8657
20/02/2010 00:00,14.6243
21/02/2010 00:00,14.4781
22/02/2010 00:00,14.3818
23/02/2010 00:00,14.3226
24/02/2010 00:00,14.2893
25/02/2010 00:00,14.2679
26/02/2010 00:00,14.2509
27/02/2010 00:00,14.2358
28/02/2010 00:00,14.2219
01/03/2010 00:00,14.2089
02/03/2010 00:00,14.1964
03/03/2010 00:00,14.1843
04/03/2010 00:00,14.1724
05/03/2010 00:00,14.1608
06/03/2010 00:00,14.1493
07/03/2010 00:00,14.138
08/03/2010 00:00,14.1267
09/03/2010 00:00,14.1155
10/03/2010 00:00,14.1044
11/03/2010 00:00,14.0933
12/03/2010 00:00,14.0823
13/03/2010 00:00,14.0713
14/03/2010 00:00,14.0643
15/03/2010 00:00,14.0688
16/03/2010 00:00,14.0687
17/03/2010 00:00,14.0494
18/03/2010 00:00,14.0988
19/03/2010 00:00,14.5568
20/03/2010 00:00,14.9129
21/03/2010 00:00,14.9082
22/03/2010 00:00,14.6595
23/03/2010 00:00,14.4322
24/03/2010 00:00,14.2297
25/03/2010 00:00,14.0946
26/03/2010 00:00,14.0261
27/03/2010 00:00,13.9899
28/03/2010 00:00,13.9662
29/03/2010 00:00,13.948
30/03/2010 00:00,13.981
31/03/2010 00:00,14.4933
01/04/2010 00:00,14.9191
02/04/2010 00:00,14.5655
03/04/2010 00:00,14.2756
04/04/2010 00:00,14.1346
05/04/2010 00:00,14.0275
06/04/2010 00:00,13.9666
07/04/2010 00:00,13.9284
08/04/2010 00:00,13.8939
09/04/2010 00:00,13.8694
10/04/2010 00:00,13.8496
11/04/2010 00:00,13.833
12/04/2010 00:00,13.8185
13/04/2010 00:00,13.8052
14/04/2010 00:00,13.7928
15/04/2010 00:00,13.7808
16/04/2010 00:00,13.7692
17/04/2010 00:00,13.7579
18/04/2010 00:00,13.7467
19/04/2010 00:00,13.7357
20/04/2010 00:00,13.7248
21/04/2010 00:00,13.7139
22/04/2010 00:00,13.7031
23/04/2010 00:00,13.6924
24/04/2010 00:00,13.6817
25/04/2010 00:00,13.671
26/04/2010 00:00,13.6604
27/04/2010 00:00,13.6498
28/04/2010 00:00,13.6392
29/04/2010 00:00,13.676
30/04/2010 00:00,13.9167
01/05/2010 00:00,15.118
02/05/2010 00:00,15.0702
03/05/2010 00:00,14.7136
04/05/2010 00:00,14.2717
05/05/2010 00:00,13.948
06/05/2010 00:00,15.2448
07/05/2010 00:00,20.0881
08/05/2010 00:00,17.6012
09/05/2010 00:00,15.8709
10/05/2010 00:00,14.9531
11/05/2010 00:00,14.2929
12/05/2010 00:00,13.8764
13/05/2010 00:00,13.7104
14/05/2010 00:00,13.6682
15/05/2010 00:00,13.6582
16/05/2010 00:00,13.6365
17/05/2010 00:00,13.6008
18/05/2010 00:00,13.5719
19/05/2010 00:00,13.5822
20/05/2010 00:00,13.694
21/05/2010 00:00,13.6992
22/05/2010 00:00,13.6415
23/05/2010 00:00,13.5751
24/05/2010 00:00,14.1414
25/05/2010 00:00,16.6837
26/05/2010 00:00,15.9457
27/05/2010 00:00,15.1268
28/05/2010 00:00,14.5646
29/05/2010 00:00,14.4327
30/05/2010 00:00,15.4136
31/05/2010 00:00,14.6534
01/06/2010 00:00,13.9748
02/06/2010 00:00,13.6849
03/06/2010 00:00,13.5672
04/06/2010 00:00,13.5097
05/06/2010 00:00,13.4721
06/06/2010 00:00,13.4452
07/06/2010 00:00,13.4248
08/06/2010 00:00,13.611
09/06/2010 00:00,14.7233
10/06/2010 00:00,16.1622
11/06/2010 00:00,16.1074
12/06/2010 00:00,15.4046
13/06/2010 00:00,15.3824
14/06/2010 00:00,16.4696
15/06/2010 00:00,18.0961
16/06/2010 00:00,16.9911
17/06/2010 00:00,16.0224
18/06/2010 00:00,16.4057
19/06/2010 00:00,17.3858
20/06/2010 00:00,17.4037
21/06/2010 00:00,16.5743
22/06/2010 00:00,16.0737
23/06/2010 00:00,16.5738
24/06/2010 00:00,16.8073
25/06/2010 00:00,17.4393
26/06/2010 00:00,19.4885
27/06/2010 00:00,22.3732
28/06/2010 00:00,23.1411
29/06/2010 00:00,27.0396
30/06/2010 00:00,33.9714
01/07/2010 00:00,33.3538
02/07/2010 00:00,34.07
03/07/2010 00:00,32.2334
04/07/2010 00:00,31.3884
05/07/2010 00:00,29.0903
06/07/2010 00:00,26.8062
07/07/2010 00:00,24.91
08/07/2010 00:00,23.5961
09/07/2010 00:00,22.5422
10/07/2010 00:00,22.7234
11/07/2010 00:00,30.5835
12/07/2010 00:00,40.3329
13/07/2010 00:00,35.9446
14/07/2010 00:00,35.9263
15/07/2010 00:00,36.5504
16/07/2010 00:00,32.7201
17/07/2010 00:00,30.642
18/07/2010 00:00,29.0164
19/07/2010 00:00,29.0554
20/07/2010 00:00,28.6505
21/07/2010 00:00,28.7411
22/07/2010 00:00,29.2666
23/07/2010 00:00,31.4261
24/07/2010 00:00,43.7524
25/07/2010 00:00,49.952
26/07/2010 00:00,48.5305
27/07/2010 00:00,43.7251
28/07/2010 00:00,39.6281
29/07/2010 00:00,36.5487
30/07/2010 00:00,36.0375
31/07/2010 00:00,38.8536
01/08/2010 00:00,40.2402
02/08/2010 00:00,42.6911
03/08/2010 00:00,43.4765
04/08/2010 00:00,41.2957
05/08/2010 00:00,40.1598
06/08/2010 00:00,39.7005
07/08/2010 00:00,37.8038
08/08/2010 00:00,35.7309
09/08/2010 00:00,33.7985
10/08/2010 00:00,32.6588
11/08/2010 00:00,34.6434
12/08/2010 00:00,38.7928
13/08/2010 00:00,41.1023
14/08/2010 00:00,40.5432
15/08/2010 00:00,43.2579
16/08/2010 00:00,44.2472
17/08/2010 00:00,40.9004
18/08/2010 00:00,40.6059
19/08/2010 00:00,43.8877
20/08/2010 00:00,46.9271
21/08/2010 00:00,45.0966
22/08/2010 00:00,44.1293
23/08/2010 00:00,45.7841
24/08/2010 00:00,51.6225
25/08/2010 00:00,56.2338
26/08/2010 00:00,53.827
27/08/2010 00:00,48.4633
28/08/2010 00:00,45.8304
29/08/2010 00:00,45.8795
30/08/2010 00:00,46.601
31/08/2010 00:00,47.6518
01/09/2010 00:00,50.4034
02/09/2010 00:00,46.5902
03/09/2010 00:00,44.7256
04/09/2010 00:00,43.2107
05/09/2010 00:00,41.885
06/09/2010 00:00,40.3251
07/09/2010 00:00,39.665
08/09/2010 00:00,40.0994
09/09/2010 00:00,40.2052
10/09/2010 00:00,38.507
11/09/2010 00:00,40.475
12/09/2010 00:00,49.1466
13/09/2010 00:00,53.7724
14/09/2010 00:00,56.3984
15/09/2010 00:00,59.8967
16/09/2010 00:00,63.5252
17/09/2010 00:00,65.2765
18/09/2010 00:00,64.8418
19/09/2010 00:00,60.0841
20/09/2010 00:00,56.5663
21/09/2010 00:00,54.7094
22/09/2010 00:00,51.9928
23/09/2010 00:00,49.7332
24/09/2010 00:00,47.9151
25/09/2010 00:00,46.3137
26/09/2010 00:00,44.8183
27/09/2010 00:00,43.3891
28/09/2010 00:00,42.0097
29/09/2010 00:00,40.6724
30/09/2010 00:00,39.3729
01/10/2010 00:00,38.1085
02/10/2010 00:00,37.0755
03/10/2010 00:00,37.3827
04/10/2010 00:00,37.7993
05/10/2010 00:00,38.6414
06/10/2010 00:00,37.7454
07/10/2010 00:00,36.1676
08/10/2010 00:00,34.8712
09/10/2010 00:00,33.8177
10/10/2010 00:00,32.5543
11/10/2010 00:00,31.2823
12/10/2010 00:00,30.1484
13/10/2010 00:00,29.085
14/10/2010 00:00,28.0668
15/10/2010 00:00,28.4063
16/10/2010 00:00,31.7682
17/10/2010 00:00,31.2124
18/10/2010 00:00,30.3957
19/10/2010 00:00,28.778
20/10/2010 00:00,27.0773
21/10/2010 00:00,26.4277
22/10/2010 00:00,30.53
23/10/2010 00:00,32.6684
24/10/2010 00:00,28.3816
25/10/2010 00:00,26.4285
26/10/2010 00:00,24.7577
27/10/2010 00:00,23.5746
28/10/2010 00:00,22.5961
29/10/2010 00:00,21.7074
30/10/2010 00:00,20.8682
31/10/2010 00:00,20.0688
01/11/2010 00:00,19.415
02/11/2010 00:00,18.8669
03/11/2010 00:00,18.4386
04/11/2010 00:00,17.7096
05/11/2010 00:00,17.035
06/11/2010 00:00,16.4814
07/11/2010 00:00,16.0125
08/11/2010 00:00,15.6218
09/11/2010 00:00,15.3011
10/11/2010 00:00,15.0509
11/11/2010 00:00,14.8738
12/11/2010 00:00,14.7685
13/11/2010 00:00,14.7176
14/11/2010 00:00,14.6959
15/11/2010 00:00,14.6826
16/11/2010 00:00,14.6705
17/11/2010 00:00,14.6588
18/11/2010 00:00,14.6471
19/11/2010 00:00,14.6355
20/11/2010 00:00,14.624
21/11/2010 00:00,14.6126
22/11/2010 00:00,14.6012
23/11/2010 00:00,14.5898
24/11/2010 00:00,14.5785
25/11/2010 00:00,14.5671
26/11/2010 00:00,14.5558
27/11/2010 00:00,14.5446
28/11/2010 00:00,14.5333
29/11/2010 00:00,14.5221
30/11/2010 00:00,14.5109
01/12/2010 00:00,14.4997
02/12/2010 00:00,14.4885
03/12/2010 00:00,14.4773
04/12/2010 00:00,14.4662
05/12/2010 00:00,14.4573
06/12/2010 00:00,14.4601
07/12/2010 00:00,14.4594
08/12/2010 00:00,14.5707
09/12/2010 00:00,14.9917
10/12/2010 00:00,14.808
11/12/2010 00:00,14.5851
12/12/2010 00:00,14.4864
13/12/2010 00:00,14.4344
14/12/2010 00:00,14.4018
15/12/2010 00:00,14.3783
16/12/2010 00:00,14.3597
17/12/2010 00:00,14.3437
18/12/2010 00:00,14.3294
19/12/2010 00:00,14.3161
20/12/2010 00:00,14.3034
21/12/2010 00:00,14.2912
22/12/2010 00:00,14.2793
23/12/2010 00:00,14.2677
24/12/2010 00:00,14.2561
25/12/2010 00:00,14.2448
26/12/2010 00:00,14.2335
27/12/2010 00:00,14.2222
28/12/2010 00:00,14.2111
29/12/2010 00:00,14.2
30/12/2010 00:00,14.1889
31/12/2010 00:00,14.1779
01/01/2011 00:00,14.5802
02/01/2011 00:00,16.6651
03/01/2011 00:00,16.4958
04/01/2011 00:00,15.7751
05/01/2011 00:00,15.0949
06/01/2011 00:00,14.5875
07/01/2011 00:00,14.3493
08/01/2011 00:00,14.2408
09/01/2011 00:00,14.1916
10/01/2011 00:00,14.1927
11/01/2011 00:00,14.1957
12/01/2011 00:00,14.1658
13/01/2011 00:00,14.138
14/01/2011 00:00,14.1125
15/01/2011 00:00,14.0925
16/01/2011 00:00,14.074
17/01/2011 00:00,14.0576
18/01/2011 00:00,14.043
19/01/2011 00:00,14.0294
20/01/2011 00:00,14.0167
21/01/2011 00:00,14.0044
22/01/2011 00:00,13.9924
23/01/2011 00:00,13.9808
24/01/2011 00:00,13.9693
25/01/2011 00:00,13.958
26/01/2011 00:00,13.9468
27/01/2011 00:00,13.9357
28/01/2011 00:00,13.9247
29/01/2011 00:00,13.9137
30/01/2011 00:00,13.917
31/01/2011 00:00,14.0939
01/02/2011 00:00,14.5029
02/02/2011 00:00,14.488
03/02/2011 00:00,14.2996
04/02/2011 00:00,14.1098
05/02/2011 00:00,13.9783
06/02/2011 00:00,13.9164
07/02/2011 00:00,13.8823
08/02/2011 00:00,13.8584
09/02/2011 00:00,13.8395
10/02/2011 00:00,13.8234
11/02/2011 00:00,13.8091
12/02/2011 00:00,13.7958
13/02/2011 00:00,13.7833
14/02/2011 00:00,13.7713
15/02/2011 00:00,13.7597
16/02/2011 00:00,13.7483
17/02/2011 00:00,13.737
18/02/2011 00:00,13.726
19/02/2011 00:00,13.7244
20/02/2011 00:00,13.8199
21/02/2011 00:00,14.9189
22/02/2011 00:00,16.5108
23/02/2011 00:00,16.261
24/02/2011 00:00,15.5599
25/02/2011 00:00,14.8063
26/02/2011 00:00,14.265
27/02/2011 00:00,13.9728
28/02/2011 00:00,13.8239
01/03/2011 00:00,13.7524
02/03/2011 00:00,13.7142
03/03/2011 00:00,13.6881
04/03/2011 00:00,13.6884
05/03/2011 00:00,14.2623
06/03/2011 00:00,14.402
07/03/2011 00:00,14.3342
08/03/2011 00:00,14.1206
09/03/2011 00:00,13.8625
10/03/2011 00:00,13.729
11/03/2011 00:00,13.6649
12/03/2011 00:00,13.6299
13/03/2011 00:00,13.6078
14/03/2011 00:00,13.5858
15/03/2011 00:00,13.5678
16/03/2011 00:00,13.5527
17/03/2011 00:00,13.539
18/03/2011 00:00,13.5263
19/03/2011 00:00,13.5142
20/03/2011 00:00,13.5026
21/03/2011 00:00,13.4912
22/03/2011 00:00,13.48
23/03/2011 00:00,13.4691
24/03/2011 00:00,13.7605
25/03/2011 00:00,14.6354
26/03/2011 00:00,14.4261
27/03/2011 00:00,14.1359
28/03/2011 00:00,13.9558
29/03/2011 00:00,13.7397
30/03/2011 00:00,13.5859
31/03/2011 00:00,13.5155
01/04/2011 00:00,13.4908
02/04/2011 00:00,13.46
03/04/2011 00:00,13.431
04/04/2011 00:00,13.4077
05/04/2011 00:00,13.389
06/04/2011 00:00,13.3769
07/04/2011 00:00,13.3654
08/04/2011 00:00,13.3636
09/04/2011 00:00,13.7903
10/04/2011 00:00,15.6888
11/04/2011 00:00,16.2219
12/04/2011 00:00,15.4922
13/04/2011 00:00,15.4941
14/04/2011 00:00,18.8593
15/04/2011 00:00,18.3971
16/04/2011 00:00,17.8861
17/04/2011 00:00,16.6856
18/04/2011 00:00,16.5221
19/04/2011 00:00,17.7232
20/04/2011 00:00,16.5845
21/04/2011 00:00,15.4357
22/04/2011 00:00,14.709
23/04/2011 00:00,14.2191
24/04/2011 00:00,13.8575
25/04/2011 00:00,13.6011
26/04/2011 00:00,13.7805
27/04/2011 00:00,14.7602
28/04/2011 00:00,14.2906
29/04/2011 00:00,13.7533
30/04/2011 00:00,13.5655
01/05/2011 00:00,13.491
02/05/2011 00:00,13.5715
03/05/2011 00:00,13.5166
04/05/2011 00:00,13.4107
05/05/2011 00:00,13.3504
06/05/2011 00:00,13.4765
07/05/2011 00:00,14.9206
08/05/2011 00:00,14.4378
09/05/2011 00:00,13.8266
10/05/2011 00:00,13.532
11/05/2011 00:00,13.379
12/05/2011 00:00,13.3071
13/05/2011 00:00,13.2676
14/05/2011 00:00,13.2415
15/05/2011 00:00,13.2218
16/05/2011 00:00,13.3035
17/05/2011 00:00,13.6071
18/05/2011 00:00,13.5411
19/05/2011 00:00,13.8932
20/05/2011 00:00,15.7903
21/05/2011 00:00,15.2522
22/05/2011 00:00,14.5152
23/05/2011 00:00,14.8937
24/05/2011 00:00,14.3743
25/05/2011 00:00,13.8088
26/05/2011 00:00,14.756
27/05/2011 00:00,18.9185
28/05/2011 00:00,17.3257
29/05/2011 00:00,15.9933
30/05/2011 00:00,14.9018
31/05/2011 00:00,14.7193
01/06/2011 00:00,16.8914
02/06/2011 00:00,15.6063
03/06/2011 00:00,14.3373
04/06/2011 00:00,13.7134
05/06/2011 00:00,13.522
06/06/2011 00:00,13.4384
07/06/2011 00:00,13.5389
08/06/2011 00:00,14.7598
09/06/2011 00:00,14.4817
10/06/2011 00:00,13.8118
11/06/2011 00:00,13.6084
12/06/2011 00:00,15.2972
13/06/2011 00:00,21.5479
14/06/2011 00:00,22.112
15/06/2011 00:00,23.3647
16/06/2011 00:00,26.4261
17/06/2011 00:00,24.4743
18/06/2011 00:00,26.3005
19/06/2011 00:00,43.6885
20/06/2011 00:00,57.6375
21/06/2011 00:00,53.6737
22/06/2011 00:00,42.5519
23/06/2011 00:00,36.5317
24/06/2011 00:00,33.7491
25/06/2011 00:00,33.8154
26/06/2011 00:00,35.9459
27/06/2011 00:00,38.6754
28/06/2011 00:00,41.9284
29/06/2011 00:00,40.5289
30/06/2011 00:00,39.0941
01/07/2011 00:00,42.2939
02/07/2011 00:00,42.7722
03/07/2011 00:00,43.1811
04/07/2011 00:00,44.5133
05/07/2011 00:00,40.7867
06/07/2011 00:00,38.6568
07/07/2011 00:00,37.1406
08/07/2011 00:00,39.3754
09/07/2011 00:00,39.3209
10/07/2011 00:00,35.9998
11/07/2011 00:00,34.5929
12/07/2011 00:00,38.2267
13/07/2011 00:00,40.6158
14/07/2011 00:00,39.96
15/07/2011 00:00,41.2241
16/07/2011 00:00,48.0314
17/07/2011 00:00,51.5058
18/07/2011 00:00,50.9906
19/07/2011 00:00,53.0495
20/07/2011 00:00,55.9767
21/07/2011 00:00,59.7373
22/07/2011 00:00,71.2874
23/07/2011 00:00,67.0887
24/07/2011 00:00,57.9092
25/07/2011 00:00,53.5038
26/07/2011 00:00,50.6902
27/07/2011 00:00,48.7577
28/07/2011 00:00,47.0616
29/07/2011 00:00,46.8645
30/07/2011 00:00,48.7868
31/07/2011 00:00,47.9195
01/08/2011 00:00,49.2169
02/08/2011 00:00,50.1215
03/08/2011 00:00,52.7656
04/08/2011 00:00,52.8322
05/08/2011 00:00,54.0861
06/08/2011 00:00,57.7715
07/08/2011 00:00,63.5796
08/08/2011 00:00,82.0421
09/08/2011 00:00,87.12
10/08/2011 00:00,78.7447
11/08/2011 00:00,84.5793
12/08/2011 00:00,91.7873
13/08/2011 00:00,88.1492
14/08/2011 00:00,91.5779
15/08/2011 00:00,93.9328
16/08/2011 00:00,95.5298
17/08/2011 00:00,95.7289
18/08/2011 00:00,98.5667
19/08/2011 00:00,96.6056
20/08/2011 00:00,88.9615
21/08/2011 00:00,83.8861
22/08/2011 00:00,82.0913
23/08/2011 00:00,84.9889
24/08/2011 00:00,88.0927
25/08/2011 00:00,86.4533
26/08/2011 00:00,86.7585
27/08/2011 00:00,88.3457
28/08/2011 00:00,84.3507
29/08/2011 00:00,79.9155
30/08/2011 00:00,79.8729
31/08/2011 00:00,80.1074
01/09/2011 00:00,80.5892
02/09/2011 00:00,102.817
03/09/2011 00:00,116.03
04/09/2011 00:00,101.742
05/09/2011 00:00,93.4264
06/09/2011 00:00,90.6076
07/09/2011 00:00,90.7095
08/09/2011 00:00,102.204
09/09/2011 00:00,121.288
10/09/2011 00:00,116.37
11/09/2011 00:00,103.655
12/09/2011 00:00,97.9697
13/09/2011 00:00,93.7124
14/09/2011 00:00,96.3444
15/09/2011 00:00,101.733
16/09/2011 00:00,101.459
17/09/2011 00:00,102.45
18/09/2011 00:00,107.506
19/09/2011 00:00,104.656
20/09/2011 00:00,99.2215
21/09/2011 00:00,103.787
22/09/2011 00:00,128.233
23/09/2011 00:00,142.636
24/09/2011 00:00,137.181
25/09/2011 00:00,122.901
26/09/2011 00:00,114.722
27/09/2011 00:00,109.857
28/09/2011 00:00,106.232
29/09/2011 00:00,103.07
30/09/2011 00:00,100.114
01/10/2011 00:00,97.2814
02/10/2011 00:00,94.5424
03/10/2011 00:00,91.8833
04/10/2011 00:00,89.2969
05/10/2011 00:00,86.7788
06/10/2011 00:00,84.3259
07/10/2011 00:00,83.1504
08/10/2011 00:00,80.9734
09/10/2011 00:00,78.68
10/10/2011 00:00,77.0913
11/10/2011 00:00,76.0098
12/10/2011 00:00,75.1618
13/10/2011 00:00,73.6229
14/10/2011 00:00,71.4385
15/10/2011 00:00,69.142
16/10/2011 00:00,66.9906
17/10/2011 00:00,64.9723
18/10/2011 00:00,63.0379
19/10/2011 00:00,61.167
20/10/2011 00:00,60.0533
21/10/2011 00:00,60.6301
22/10/2011 00:00,59.7386
23/10/2011 00:00,58.2304
24/10/2011 00:00,55.9816
25/10/2011 00:00,53.9603
26/10/2011 00:00,52.1811
27/10/2011 00:00,50.5324
28/10/2011 00:00,48.9593
29/10/2011 00:00,47.4914
30/10/2011 00:00,46.2018
31/10/2011 00:00,44.8963
01/11/2011 00:00,43.4982
02/11/2011 00:00,42.1112
03/11/2011 00:00,40.7704
04/11/2011 00:00,39.4697
05/11/2011 00:00,38.2049
06/11/2011 00:00,36.9738
07/11/2011 00:00,35.7746
08/11/2011 00:00,34.6063
09/11/2011 00:00,33.4679
10/11/2011 00:00,32.3585
11/11/2011 00:00,31.2772
12/11/2011 00:00,30.2234
13/11/2011 00:00,29.1963
14/11/2011 00:00,28.1952
15/11/2011 00:00,27.2195
16/11/2011 00:00,26.2685
17/11/2011 00:00,25.3416
18/11/2011 00:00,24.4382
19/11/2011 00:00,23.5577
20/11/2011 00:00,22.6996
21/11/2011 00:00,21.8632
22/11/2011 00:00,21.0481
23/11/2011 00:00,20.2538
24/11/2011 00:00,19.4797
25/11/2011 00:00,18.7255
26/11/2011 00:00,17.9927
27/11/2011 00:00,17.2865
28/11/2011 00:00,16.6178
29/11/2011 00:00,16.0104
30/11/2011 00:00,15.5012
01/12/2011 00:00,15.1279
02/12/2011 00:00,14.8904
03/12/2011 00:00,14.7649
04/12/2011 00:00,14.7066
05/12/2011 00:00,14.68
06/12/2011 00:00,14.667
07/12/2011 00:00,14.6557
08/12/2011 00:00,14.6445
09/12/2011 00:00,14.6332
10/12/2011 00:00,14.6219
11/12/2011 00:00,14.6107
12/12/2011 00:00,14.5995
13/12/2011 00:00,14.5882
14/12/2011 00:00,14.577
15/12/2011 00:00,14.5658
16/12/2011 00:00,14.5546
17/12/2011 00:00,14.5434
18/12/2011 00:00,14.5323
19/12/2011 00:00,14.5211
20/12/2011 00:00,14.5099
21/12/2011 00:00,14.4988
22/12/2011 00:00,14.4876
23/12/2011 00:00,14.4765
24/12/2011 00:00,14.4654
25/12/2011 00:00,14.4543
26/12/2011 00:00,14.4432
27/12/2011 00:00,14.4321
28/12/2011 00:00,14.421
29/12/2011 00:00,14.4099
30/12/2011 00:00,14.3988
31/12/2011 00:00,14.3878
01/01/2012 00:00,14.3767
02/01/2012 00:00,14.3661
03/01/2012 00:00,14.3813
04/01/2012 00:00,14.6723
05/01/2012 00:00,14.6934
06/01/2012 00:00,16.1532
07/01/2012 00:00,22.0058
08/01/2012 00:00,21.5865
09/01/2012 00:00,28.89
10/01/2012 00:00,27.2864
11/01/2012 00:00,25.2158
12/01/2012 00:00,23.0487
13/01/2012 00:00,21.5129
14/01/2012 00:00,20.3594
15/01/2012 00:00,19.4248
16/01/2012 00:00,18.5972
17/01/2012 00:00,17.8388
18/01/2012 00:00,17.1339
19/01/2012 00:00,16.4687
20/01/2012 00:00,15.8542
21/01/2012 00:00,15.3345
22/01/2012 00:00,14.9522
23/01/2012 00:00,14.6802
24/01/2012 00:00,14.5158
25/01/2012 00:00,14.4291
26/01/2012 00:00,14.3897
27/01/2012 00:00,14.3688
28/01/2012 00:00,14.3555
29/01/2012 00:00,14.3782
30/01/2012 00:00,14.4016
31/01/2012 00:00,14.6024
01/02/2012 00:00,14.6592
02/02/2012 00:00,14.841
03/02/2012 00:00,14.7745
04/02/2012 00:00,14.6167
05/02/2012 00:00,14.4978
06/02/2012 00:00,14.3939
07/02/2012 00:00,14.3362
08/02/2012 00:00,14.3002
09/02/2012 00:00,14.2734
10/02/2012 00:00,14.2521
11/02/2012 00:00,14.2343
12/02/2012 00:00,14.2186
13/02/2012 00:00,14.2044
14/02/2012 00:00,14.1911
15/02/2012 00:00,14.3479
16/02/2012 00:00,15.2087
17/02/2012 00:00,16.8028
18/02/2012 00:00,17.1327
19/02/2012 00:00,16.4119
20/02/2012 00:00,15.5704
21/02/2012 00:00,14.9467
22/02/2012 00:00,14.5859
23/02/2012 00:00,14.3869
24/02/2012 00:00,14.2701
25/02/2012 00:00,14.2026
26/02/2012 00:00,14.1672
27/02/2012 00:00,14.1446
28/02/2012 00:00,14.1271
29/02/2012 00:00,14.1119
01/03/2012 00:00,14.0979
02/03/2012 00:00,14.0847
03/03/2012 00:00,14.0753
04/03/2012 00:00,14.0906
05/03/2012 00:00,14.0921
06/03/2012 00:00,14.0932
07/03/2012 00:00,14.0839
08/03/2012 00:00,14.0493
09/03/2012 00:00,14.0281
10/03/2012 00:00,14.0141
11/03/2012 00:00,14.0658
12/03/2012 00:00,14.2119
13/03/2012 00:00,14.1817
14/03/2012 00:00,14.1384
15/03/2012 00:00,14.0971
16/03/2012 00:00,14.0198
17/03/2012 00:00,13.9761
18/03/2012 00:00,13.9488
19/03/2012 00:00,13.9286
20/03/2012 00:00,13.9122
21/03/2012 00:00,13.9034
22/03/2012 00:00,13.9022
23/03/2012 00:00,13.8811
24/03/2012 00:00,13.8642
25/03/2012 00:00,13.8582
26/03/2012 00:00,13.9488
27/03/2012 00:00,13.8994
28/03/2012 00:00,13.848
29/03/2012 00:00,13.8218
30/03/2012 00:00,13.8042
31/03/2012 00:00,13.9554
01/04/2012 00:00,15.628
02/04/2012 00:00,16.2409
03/04/2012 00:00,15.9648
04/04/2012 00:00,15.3111
05/04/2012 00:00,14.6873
06/04/2012 00:00,14.2431
07/04/2012 00:00,13.9806
08/04/2012 00:00,13.8534
09/04/2012 00:00,13.8096
10/04/2012 00:00,14.0528
11/04/2012 00:00,15.7761
12/04/2012 00:00,16.5121
13/04/2012 00:00,16.0347
14/04/2012 00:00,15.5648
15/04/2012 00:00,15.946
16/04/2012 00:00,15.6224
17/04/2012 00:00,15.2926
18/04/2012 00:00,14.8309
19/04/2012 00:00,14.3882
20/04/2012 00:00,14.1013
21/04/2012 00:00,13.9328
22/04/2012 00:00,13.8334
23/04/2012 00:00,13.7702
24/04/2012 00:00,13.7323
25/04/2012 00:00,13.7094
26/04/2012 00:00,13.6925
27/04/2012 00:00,13.6779
28/04/2012 00:00,13.6644
29/04/2012 00:00,13.6517
30/04/2012 00:00,13.6395
01/05/2012 00:00,13.6278
02/05/2012 00:00,13.6163
03/05/2012 00:00,13.6051
04/05/2012 00:00,13.594
05/05/2012 00:00,13.583
06/05/2012 00:00,13.5722
07/05/2012 00:00,13.5614
08/05/2012 00:00,13.551
09/05/2012 00:00,13.5404
10/05/2012 00:00,13.5589
11/05/2012 00:00,14.1625
12/05/2012 00:00,13.9453
13/05/2012 00:00,13.6761
14/05/2012 00:00,13.5678
15/05/2012 00:00,13.521
16/05/2012 00:00,13.4936
17/05/2012 00:00,13.4743
18/05/2012 00:00,13.4589
19/05/2012 00:00,13.4454
20/05/2012 00:00,13.4331
21/05/2012 00:00,13.4215
22/05/2012 00:00,13.4103
23/05/2012 00:00,13.5274
24/05/2012 00:00,14.2378
25/05/2012 00:00,14.071
26/05/2012 00:00,13.7007
27/05/2012 00:00,13.528
28/05/2012 00:00,13.971
29/05/2012 00:00,16.0002
30/05/2012 00:00,15.7003
31/05/2012 00:00,15.0108
01/06/2012 00:00,14.4192
02/06/2012 00:00,14.7518
03/06/2012 00:00,14.5689
04/06/2012 00:00,14.331
05/06/2012 00:00,14.0032
06/06/2012 00:00,13.6697
07/06/2012 00:00,13.6382
08/06/2012 00:00,14.3589
09/06/2012 00:00,14.2108
10/06/2012 00:00,13.7987
11/06/2012 00:00,13.5573
12/06/2012 00:00,13.4536
13/06/2012 00:00,14.2046
14/06/2012 00:00,19.1934
15/06/2012 00:00,20.1656
16/06/2012 00:00,19.4047
17/06/2012 00:00,21.1956
18/06/2012 00:00,20.6702
19/06/2012 00:00,21.4011
20/06/2012 00:00,21.3361
21/06/2012 00:00,28.8948
22/06/2012 00:00,41.7262
23/06/2012 00:00,49.7972
24/06/2012 00:00,49.8163
25/06/2012 00:00,41.9511
26/06/2012 00:00,37.0068
27/06/2012 00:00,33.6339
28/06/2012 00:00,31.5335
29/06/2012 00:00,30.0797
30/06/2012 00:00,29.3702
01/07/2012 00:00,29.5071
02/07/2012 00:00,29.3085
03/07/2012 00:00,28.4286
04/07/2012 00:00,29.4387
05/07/2012 00:00,38.4907
06/07/2012 00:00,45.313
07/07/2012 00:00,44.7881
08/07/2012 00:00,44.9841
09/07/2012 00:00,44.4477
10/07/2012 00:00,42.977
11/07/2012 00:00,39.9728
12/07/2012 00:00,39.5274
13/07/2012 00:00,42.3891
14/07/2012 00:00,48.0175
15/07/2012 00:00,53.7251
16/07/2012 00:00,55.4697
17/07/2012 00:00,53.2337
18/07/2012 00:00,54.7385
19/07/2012 00:00,56.4658
20/07/2012 00:00,54.9574
21/07/2012 00:00,49.9841
22/07/2012 00:00,46.7176
23/07/2012 00:00,44.5302
24/07/2012 00:00,42.8733
25/07/2012 00:00,51.0089
26/07/2012 00:00,67.3311
27/07/2012 00:00,69.1233
28/07/2012 00:00,69.2598
29/07/2012 00:00,75.0547
30/07/2012 00:00,78.7761
31/07/2012 00:00,69.5981
01/08/2012 00:00,63.161
02/08/2012 00:00,72.5562
03/08/2012 00:00,87.5535
04/08/2012 00:00,85.6868
05/08/2012 00:00,87.9329
06/08/2012 00:00,87.3316
07/08/2012 00:00,83.0585
08/08/2012 00:00,75.4255
09/08/2012 00:00,77.519
10/08/2012 00:00,86.6177
11/08/2012 00:00,94.2279
12/08/2012 00:00,91.6347
13/08/2012 00:00,86.6579
14/08/2012 00:00,102.382
15/08/2012 00:00,114.599
16/08/2012 00:00,117.201
17/08/2012 00:00,120.327
18/08/2012 00:00,110.313
19/08/2012 00:00,101.176
20/08/2012 00:00,98.3295
21/08/2012 00:00,103.972
22/08/2012 00:00,104.909
23/08/2012 00:00,98.1191
24/08/2012 00:00,97.0739
25/08/2012 00:00,101.805
26/08/2012 00:00,104.815
27/08/2012 00:00,100.684
28/08/2012 00:00,97.5124
29/08/2012 00:00,96.3029
30/08/2012 00:00,93.3986
31/08/2012 00:00,90.3635
01/09/2012 00:00,90.9821
02/09/2012 00:00,92.8051
03/09/2012 00:00,88.7624
04/09/2012 00:00,84.4549
05/09/2012 00:00,87.4957
06/09/2012 00:00,93.5962
07/09/2012 00:00,96.7314
08/09/2012 00:00,97.5503
09/09/2012 00:00,96.2576
10/09/2012 00:00,95.8936
11/09/2012 00:00,91.8077
12/09/2012 00:00,88.5201
13/09/2012 00:00,89.1047
14/09/2012 00:00,93.2264
15/09/2012 00:00,95.6138
16/09/2012 00:00,97.8672
17/09/2012 00:00,97.3734
18/09/2012 00:00,97.418
19/09/2012 00:00,97.5771
20/09/2012 00:00,99.4466
21/09/2012 00:00,101.983
22/09/2012 00:00,99.9838
23/09/2012 00:00,97.7448
24/09/2012 00:00,92.8806
25/09/2012 00:00,88.4627
26/09/2012 00:00,85.2893
27/09/2012 00:00,82.6189
28/09/2012 00:00,80.4055
29/09/2012 00:00,79.3667
30/09/2012 00:00,78.6338
01/10/2012 00:00,76.327
02/10/2012 00:00,74.3524
03/10/2012 00:00,79.6346
04/10/2012 00:00,89.2623
05/10/2012 00:00,91.0136
06/10/2012 00:00,85.2096
07/10/2012 00:00,78.6188
08/10/2012 00:00,75.007
09/10/2012 00:00,74.8365
10/10/2012 00:00,75.1758
11/10/2012 00:00,71.7825
12/10/2012 00:00,68.9472
13/10/2012 00:00,66.5886
14/10/2012 00:00,64.4848
15/10/2012 00:00,62.521
16/10/2012 00:00,60.6436
17/10/2012 00:00,58.831
18/10/2012 00:00,57.0729
19/10/2012 00:00,55.3641
20/10/2012 00:00,53.7012
21/10/2012 00:00,52.0818
22/10/2012 00:00,50.5044
23/10/2012 00:00,48.9674
24/10/2012 00:00,47.4697
25/10/2012 00:00,46.0102
26/10/2012 00:00,44.5873
27/10/2012 00:00,43.2004
28/10/2012 00:00,41.8485
29/10/2012 00:00,40.5308
30/10/2012 00:00,39.2463
31/10/2012 00:00,37.9946
01/11/2012 00:00,38.9213
02/11/2012 00:00,40.8472
03/11/2012 00:00,39.7318
04/11/2012 00:00,37.9358
05/11/2012 00:00,36.0889
06/11/2012 00:00,34.5563
07/11/2012 00:00,33.2452
08/11/2012 00:00,32.0605
09/11/2012 00:00,30.9468
10/11/2012 00:00,29.8804
11/11/2012 00:00,28.8506
12/11/2012 00:00,27.8523
13/11/2012 00:00,26.8824
14/11/2012 00:00,25.939
15/11/2012 00:00,25.0207
16/11/2012 00:00,24.1265
17/11/2012 00:00,23.2558
18/11/2012 00:00,22.4088
19/11/2012 00:00,21.5872
20/11/2012 00:00,20.7926
21/11/2012 00:00,20.0274
22/11/2012 00:00,19.3007
23/11/2012 00:00,18.6313
24/11/2012 00:00,18.0218
25/11/2012 00:00,17.4709
26/11/2012 00:00,16.9808
27/11/2012 00:00,16.5534
28/11/2012 00:00,16.1902
29/11/2012 00:00,15.8876
30/11/2012 00:00,15.6303
01/12/2012 00:00,15.4149
02/12/2012 00:00,15.2408
03/12/2012 00:00,15.1034
04/12/2012 00:00,14.9878
05/12/2012 00:00,14.8952
06/12/2012 00:00,14.8235
07/12/2012 00:00,14.7742
08/12/2012 00:00,14.7457
09/12/2012 00:00,14.7292
10/12/2012 00:00,14.7172
11/12/2012 00:00,14.7059
12/12/2012 00:00,14.6946
13/12/2012 00:00,14.6884
14/12/2012 00:00,14.681
15/12/2012 00:00,14.6659
16/12/2012 00:00,14.653
17/12/2012 00:00,14.6409
18/12/2012 00:00,14.6291
19/12/2012 00:00,14.6175
20/12/2012 00:00,14.606
21/12/2012 00:00,14.5946
22/12/2012 00:00,14.5833
23/12/2012 00:00,14.5719
24/12/2012 00:00,14.5607
25/12/2012 00:00,14.5494
26/12/2012 00:00,14.5382
27/12/2012 00:00,14.527
28/12/2012 00:00,14.5158
29/12/2012 00:00,14.5046
30/12/2012 00:00,14.4935
31/12/2012 00:00,14.4823
01/01/2013 00:00,14.4712
02/01/2013 00:00,14.4742
03/01/2013 00:00,14.4882
04/01/2013 00:00,14.501
05/01/2013 00:00,14.5053
06/01/2013 00:00,14.4674
07/01/2013 00:00,14.4321
08/01/2013 00:00,14.4202
09/01/2013 00:00,14.4574
10/01/2013 00:00,14.4603
11/01/2013 00:00,14.4238
12/01/2013 00:00,14.3871
13/01/2013 00:00,14.3627
14/01/2013 00:00,14.3465
15/01/2013 00:00,14.3479
16/01/2013 00:00,14.7767
17/01/2013 00:00,14.9923
18/01/2013 00:00,14.8703
19/01/2013 00:00,14.6489
20/01/2013 00:00,14.4663
21/01/2013 00:00,14.4459
22/01/2013 00:00,14.4175
23/01/2013 00:00,14.3451
24/01/2013 00:00,14.2984
25/01/2013 00:00,14.2828
26/01/2013 00:00,14.2612
27/01/2013 00:00,14.2365
28/01/2013 00:00,14.2183
29/01/2013 00:00,14.2033
30/01/2013 00:00,14.1897
31/01/2013 00:00,14.3474
01/02/2013 00:00,15.7237
02/02/2013 00:00,17.4419
03/02/2013 00:00,17.1483
04/02/2013 00:00,16.4882
05/02/2013 00:00,15.5853
06/02/2013 00:00,14.8977
07/02/2013 00:00,14.5203
08/02/2013 00:00,14.4499
09/02/2013 00:00,15.3187
10/02/2013 00:00,15.143
11/02/2013 00:00,14.6712
12/02/2013 00:00,14.4166
13/02/2013 00:00,14.2717
14/02/2013 00:00,14.1989
15/02/2013 00:00,14.3666
16/02/2013 00:00,15.4067
17/02/2013 00:00,15.4712
18/02/2013 00:00,15.4545
19/02/2013 00:00,15.1674
20/02/2013 00:00,14.7213
21/02/2013 00:00,14.4313
22/02/2013 00:00,14.2641
23/02/2013 00:00,14.392
24/02/2013 00:00,14.7353
25/02/2013 00:00,14.6844
26/02/2013 00:00,14.6799
27/02/2013 00:00,14.554
28/02/2013 00:00,14.3125
01/03/2013 00:00,14.1615
02/03/2013 00:00,14.09
03/03/2013 00:00,14.0531
04/03/2013 00:00,14.0281
05/03/2013 00:00,14.0086
06/03/2013 00:00,14.0065
07/03/2013 00:00,14.0283
08/03/2013 00:00,14.0093
09/03/2013 00:00,13.9924
10/03/2013 00:00,13.9908
11/03/2013 00:00,13.9625
12/03/2013 00:00,13.9372
13/03/2013 00:00,13.9329
14/03/2013 00:00,13.921
15/03/2013 00:00,13.9287
16/03/2013 00:00,14.144
17/03/2013 00:00,14.8065
18/03/2013 00:00,16.3363
19/03/2013 00:00,15.8192
20/03/2013 00:00,14.9461
21/03/2013 00:00,14.422
22/03/2013 00:00,14.1181
23/03/2013 00:00,13.9673
24/03/2013 00:00,13.9046
25/03/2013 00:00,13.8757
26/03/2013 00:00,13.8508
27/03/2013 00:00,13.8305
28/03/2013 00:00,13.8137
29/03/2013 00:00,13.959
30/03/2013 00:00,14.5642
31/03/2013 00:00,14.4077
01/04/2013 00:00,14.0797
02/04/2013 00:00,13.9139
03/04/2013 00:00,13.8375
04/04/2013 00:00,13.7936
05/04/2013 00:00,13.764
06/04/2013 00:00,13.7419
07/04/2013 00:00,13.7239
08/04/2013 00:00,13.7084
09/04/2013 00:00,13.6945
10/04/2013 00:00,13.6815
11/04/2013 00:00,13.6953
12/04/2013 00:00,13.8846
13/04/2013 00:00,14.3412
14/04/2013 00:00,16.483
15/04/2013 00:00,16.2054
16/04/2013 00:00,15.7334
17/04/2013 00:00,15.1617
18/04/2013 00:00,14.5751
19/04/2013 00:00,14.2105
20/04/2013 00:00,14.4593
21/04/2013 00:00,15.5498
22/04/2013 00:00,15.5189
23/04/2013 00:00,15.509
24/04/2013 00:00,15.4407
25/04/2013 00:00,14.89
26/04/2013 00:00,14.3494
27/04/2013 00:00,13.9925
28/04/2013 00:00,13.8009
29/04/2013 00:00,13.7052
30/04/2013 00:00,13.658
01/05/2013 00:00,13.6319
02/05/2013 00:00,13.6367
03/05/2013 00:00,13.8275
04/05/2013 00:00,13.745
05/05/2013 00:00,13.6506
06/05/2013 00:00,13.6818
07/05/2013 00:00,14.1405
08/05/2013 00:00,13.9372
09/05/2013 00:00,13.7097
10/05/2013 00:00,13.6132
11/05/2013 00:00,13.5639
12/05/2013 00:00,13.5331
13/05/2013 00:00,13.511
14/05/2013 00:00,13.4934
15/05/2013 00:00,13.5003
16/05/2013 00:00,13.8706
17/05/2013 00:00,13.7625
18/05/2013 00:00,13.5835
19/05/2013 00:00,13.5026
20/05/2013 00:00,13.4612
21/05/2013 00:00,13.5529
22/05/2013 00:00,14.0018
23/05/2013 00:00,13.8015
24/05/2013 00:00,13.573
25/05/2013 00:00,13.4731
26/05/2013 00:00,14.8553
27/05/2013 00:00,20.9723
28/05/2013 00:00,19.0119
29/05/2013 00:00,17.6208
30/05/2013 00:00,16.5849
31/05/2013 00:00,18.2519
01/06/2013 00:00,21.5512
02/06/2013 00:00,21.622
03/06/2013 00:00,20.1486
04/06/2013 00:00,20.1929
05/06/2013 00:00,19.6986
06/06/2013 00:00,20.8909
07/06/2013 00:00,20.8447
08/06/2013 00:00,22.0733
09/06/2013 00:00,22.0053
10/06/2013 00:00,24.4745
11/06/2013 00:00,26.7374
12/06/2013 00:00,27.3583
13/06/2013 00:00,25.7315
14/06/2013 00:00,25.2962
15/06/2013 00:00,25.209
16/06/2013 00:00,26.7251
17/06/2013 00:00,27.3431
18/06/2013 00:00,25.6714
19/06/2013 00:00,25.3791
20/06/2013 00:00,29.1211
21/06/2013 00:00,31.0933
22/06/2013 00:00,31.4844
23/06/2013 00:00,30.6435
24/06/2013 00:00,29.5936
25/06/2013 00:00,32.2536
26/06/2013 00:00,34.4215
27/06/2013 00:00,31.087
28/06/2013 00:00,28.7532
29/06/2013 00:00,27.5868
30/06/2013 00:00,28.9986
01/07/2013 00:00,29.6079
02/07/2013 00:00,27.6986
03/07/2013 00:00,26.9007
04/07/2013 00:00,26.8497
05/07/2013 00:00,26.6415
06/07/2013 00:00,26.7324
07/07/2013 00:00,29.8148
08/07/2013 00:00,27.0525
09/07/2013 00:00,26.4892
10/07/2013 00:00,27.0364
11/07/2013 00:00,31.1097
12/07/2013 00:00,36.7105
13/07/2013 00:00,45.3373
14/07/2013 00:00,39.93
15/07/2013 00:00,35.0562
16/07/2013 00:00,32.8082
17/07/2013 00:00,31.0966
18/07/2013 00:00,32.1826
19/07/2013 00:00,38.91
20/07/2013 00:00,36.1737
21/07/2013 00:00,34.1425
22/07/2013 00:00,32.3784
23/07/2013 00:00,31.5134
24/07/2013 00:00,32.6691
25/07/2013 00:00,34.227
26/07/2013 00:00,59.1023
27/07/2013 00:00,90.2548
28/07/2013 00:00,79.4704
29/07/2013 00:00,71.8112
30/07/2013 00:00,71.8801
31/07/2013 00:00,62.2124
01/08/2013 00:00,58.345
02/08/2013 00:00,55.3418
03/08/2013 00:00,53.027
04/08/2013 00:00,53.291
05/08/2013 00:00,54.3916
06/08/2013 00:00,51.9434
07/08/2013 00:00,56.9724
08/08/2013 00:00,70.1549
09/08/2013 00:00,71.9127
10/08/2013 00:00,68.4077
11/08/2013 00:00,68.8438
12/08/2013 00:00,71.5821
13/08/2013 00:00,69.7937
14/08/2013 00:00,63.6508
15/08/2013 00:00,62.9885
16/08/2013 00:00,67.5707
17/08/2013 00:00,72.6778
18/08/2013 00:00,72.9818
19/08/2013 00:00,69.8966
20/08/2013 00:00,73.4755
21/08/2013 00:00,79.1108
22/08/2013 00:00,80.8455
23/08/2013 00:00,75.0711
24/08/2013 00:00,69.8034
25/08/2013 00:00,66.9014
26/08/2013 00:00,66.0527
27/08/2013 00:00,74.0419
28/08/2013 00:00,82.9015
29/08/2013 00:00,79.9473
30/08/2013 00:00,72.7782
31/08/2013 00:00,68.0627
01/09/2013 00:00,66.0652
02/09/2013 00:00,72.5018
03/09/2013 00:00,83.2942
04/09/2013 00:00,83.5501
05/09/2013 00:00,77.2938
06/09/2013 00:00,71.6024
07/09/2013 00:00,68.7208
08/09/2013 00:00,69.9383
09/09/2013 00:00,75.5754
10/09/2013 00:00,77.0221
11/09/2013 00:00,76.1876
12/09/2013 00:00,77.5677
13/09/2013 00:00,75.5237
14/09/2013 00:00,72.4743
15/09/2013 00:00,73.721
16/09/2013 00:00,77.5678
17/09/2013 00:00,79.1482
18/09/2013 00:00,86.924
19/09/2013 00:00,102.532
20/09/2013 00:00,106.307
21/09/2013 00:00,95.9743
22/09/2013 00:00,89.149
23/09/2013 00:00,83.8373
24/09/2013 00:00,80.454
25/09/2013 00:00,77.8226
26/09/2013 00:00,75.9438
27/09/2013 00:00,79.479
28/09/2013 00:00,87.604
29/09/2013 00:00,90.2588
30/09/2013 00:00,86.8144
01/10/2013 00:00,90.1593
02/10/2013 00:00,105.716
03/10/2013 00:00,112.064
04/10/2013 00:00,96.9062
05/10/2013 00:00,90.0285
06/10/2013 00:00,89.7245
07/10/2013 00:00,101.502
08/10/2013 00:00,110.576
09/10/2013 00:00,100.651
10/10/2013 00:00,93.6778
11/10/2013 00:00,88.4502
12/10/2013 00:00,94.8739
13/10/2013 00:00,120.686
14/10/2013 00:00,125.657
15/10/2013 00:00,107.786
16/10/2013 00:00,99.6198
17/10/2013 00:00,95.3662
18/10/2013 00:00,92.2227
19/10/2013 00:00,89.4572
20/10/2013 00:00,86.8654
21/10/2013 00:00,86.284
22/10/2013 00:00,87.3497
23/10/2013 00:00,87.2253
24/10/2013 00:00,85.3109
25/10/2013 00:00,81.896
26/10/2013 00:00,79.0555
27/10/2013 00:00,76.516
28/10/2013 00:00,74.1971
29/10/2013 00:00,72.0146
30/10/2013 00:00,69.9176
31/10/2013 00:00,67.8872
01/11/2013 00:00,65.9147
02/11/2013 00:00,63.9956
03/11/2013 00:00,62.1269
04/11/2013 00:00,60.3064
05/11/2013 00:00,58.5325
06/11/2013 00:00,56.8037
07/11/2013 00:00,55.1187
08/11/2013 00:00,53.4762
09/11/2013 00:00,51.8752
10/11/2013 00:00,50.3145
11/11/2013 00:00,48.7932
12/11/2013 00:00,47.3101
13/11/2013 00:00,45.8644
14/11/2013 00:00,44.455
15/11/2013 00:00,43.0812
16/11/2013 00:00,41.7418
17/11/2013 00:00,40.4362
18/11/2013 00:00,39.1635
19/11/2013 00:00,37.9228
20/11/2013 00:00,36.7133
21/11/2013 00:00,35.5343
22/11/2013 00:00,34.385
23/11/2013 00:00,33.2647
24/11/2013 00:00,32.1726
25/11/2013 00:00,31.1081
26/11/2013 00:00,30.0704
27/11/2013 00:00,29.0589
28/11/2013 00:00,28.073
29/11/2013 00:00,27.112
30/11/2013 00:00,26.1753
01/12/2013 00:00,25.2622
02/12/2013 00:00,24.3724
03/12/2013 00:00,23.5055
04/12/2013 00:00,22.6623
05/12/2013 00:00,21.8436
06/12/2013 00:00,21.051
07/12/2013 00:00,20.2895
08/12/2013 00:00,19.5697
09/12/2013 00:00,18.8975
10/12/2013 00:00,18.2675
11/12/2013 00:00,17.6782
12/12/2013 00:00,17.1278
13/12/2013 00:00,16.6167
14/12/2013 00:00,16.1587
15/12/2013 00:00,15.7791
16/12/2013 00:00,15.4868
17/12/2013 00:00,15.2942
18/12/2013 00:00,15.1979
19/12/2013 00:00,15.158
20/12/2013 00:00,15.1376
21/12/2013 00:00,15.1234
22/12/2013 00:00,15.1111
23/12/2013 00:00,15.0993
24/12/2013 00:00,15.0877
25/12/2013 00:00,15.0761
26/12/2013 00:00,15.0645
27/12/2013 00:00,15.053
28/12/2013 00:00,15.0414
29/12/2013 00:00,15.0298
30/12/2013 00:00,15.0183
31/12/2013 00:00,15.0068
01/01/2014 00:00,14.9952
02/01/2014 00:00,14.9837
03/01/2014 00:00,14.9722
04/01/2014 00:00,14.9607
05/01/2014 00:00,14.9492
06/01/2014 00:00,15.0707
07/01/2014 00:00,15.7211
08/01/2014 00:00,15.7391
09/01/2014 00:00,15.4097
10/01/2014 00:00,15.1528
11/01/2014 00:00,15.1711
12/01/2014 00:00,15.83
13/01/2014 00:00,15.838
14/01/2014 00:00,15.6854
15/01/2014 00:00,15.4189
16/01/2014 00:00,15.164
17/01/2014 00:00,15.0902
18/01/2014 00:00,15.0249
19/01/2014 00:00,15.0443
20/01/2014 00:00,15.0213
21/01/2014 00:00,15.0282
22/01/2014 00:00,14.9912
23/01/2014 00:00,14.8988
24/01/2014 00:00,14.8416
25/01/2014 00:00,14.8137
26/01/2014 00:00,14.7938
27/01/2014 00:00,14.7762
28/01/2014 00:00,14.76
29/01/2014 00:00,14.763
30/01/2014 00:00,14.8473
31/01/2014 00:00,14.8636
01/02/2014 00:00,14.7974
02/02/2014 00:00,14.761
03/02/2014 00:00,14.9435
04/02/2014 00:00,14.9843
05/02/2014 00:00,14.849
06/02/2014 00:00,15.0834
07/02/2014 00:00,16.6912
08/02/2014 00:00,16.6286
09/02/2014 00:00,16.1716
10/02/2014 00:00,15.7543
11/02/2014 00:00,15.3316
12/02/2014 00:00,15.0096
13/02/2014 00:00,14.8134
14/02/2014 00:00,14.7155
15/02/2014 00:00,14.9509
16/02/2014 00:00,16.8422
17/02/2014 00:00,18.9609
18/02/2014 00:00,18.6695
19/02/2014 00:00,17.892
20/02/2014 00:00,16.7108
21/02/2014 00:00,15.8028
22/02/2014 00:00,15.2309
23/02/2014 00:00,15.246
24/02/2014 00:00,16.7391
25/02/2014 00:00,16.7279
26/02/2014 00:00,16.4066
27/02/2014 00:00,15.8467
28/02/2014 00:00,15.3277
01/03/2014 00:00,14.9946
02/03/2014 00:00,14.8482
03/03/2014 00:00,14.8408
04/03/2014 00:00,15.6456
05/03/2014 00:00,19.1617
06/03/2014 00:00,18.9305
07/03/2014 00:00,18.042
08/03/2014 00:00,16.8476
09/03/2014 00:00,15.8511
10/03/2014 00:00,15.2205
11/03/2014 00:00,14.8792
12/03/2014 00:00,14.8055
13/03/2014 00:00,15.0603
14/03/2014 00:00,16.2631
15/03/2014 00:00,16.457
16/03/2014 00:00,15.9435
17/03/2014 00:00,15.3651
18/03/2014 00:00,14.9728
19/03/2014 00:00,14.7437
20/03/2014 00:00,14.6382
21/03/2014 00:00,14.5887
22/03/2014 00:00,14.5589
23/03/2014 00:00,14.5366
24/03/2014 00:00,14.5182
25/03/2014 00:00,14.502
26/03/2014 00:00,14.4874
27/03/2014 00:00,14.4737
28/03/2014 00:00,14.4607
29/03/2014 00:00,14.4567
30/03/2014 00:00,14.4611
31/03/2014 00:00,14.446
01/04/2014 00:00,14.4263
02/04/2014 00:00,14.4099
03/04/2014 00:00,14.3958
04/04/2014 00:00,14.3851
05/04/2014 00:00,14.3734
06/04/2014 00:00,14.3604
07/04/2014 00:00,14.3481
08/04/2014 00:00,14.3363
09/04/2014 00:00,14.3246
10/04/2014 00:00,14.3132
11/04/2014 00:00,14.3018
12/04/2014 00:00,14.2906
13/04/2014 00:00,14.2794
14/04/2014 00:00,14.3012
15/04/2014 00:00,14.6142
16/04/2014 00:00,14.7052
17/04/2014 00:00,15.2019
18/04/2014 00:00,16.6667
19/04/2014 00:00,16.6956
20/04/2014 00:00,16.4746
21/04/2014 00:00,15.734
22/04/2014 00:00,15.1042
23/04/2014 00:00,14.7129
24/04/2014 00:00,14.4614
25/04/2014 00:00,14.329
26/04/2014 00:00,14.2747
27/04/2014 00:00,14.2454
28/04/2014 00:00,14.224
29/04/2014 00:00,14.2062
30/04/2014 00:00,14.1906
01/05/2014 00:00,14.2449
02/05/2014 00:00,14.2726
03/05/2014 00:00,14.2074
04/05/2014 00:00,14.1628
05/05/2014 00:00,14.1374
06/05/2014 00:00,14.1215
07/05/2014 00:00,14.108
08/05/2014 00:00,14.0955
09/05/2014 00:00,14.0992
10/05/2014 00:00,14.4121
11/05/2014 00:00,14.3213
12/05/2014 00:00,14.17
13/05/2014 00:00,14.0986
14/05/2014 00:00,14.0618
15/05/2014 00:00,14.0379
16/05/2014 00:00,14.02
17/05/2014 00:00,14.005
18/05/2014 00:00,14.0882
19/05/2014 00:00,14.5616
20/05/2014 00:00,14.3676
21/05/2014 00:00,14.1326
22/05/2014 00:00,14.0321
23/05/2014 00:00,13.9842
24/05/2014 00:00,13.955
25/05/2014 00:00,13.951
26/05/2014 00:00,14.2301
27/05/2014 00:00,14.9904
28/05/2014 00:00,15.0751
29/05/2014 00:00,14.6294
30/05/2014 00:00,14.2725
31/05/2014 00:00,15.5512
01/06/2014 00:00,21.1322
02/06/2014 00:00,20.4747
03/06/2014 00:00,19.8823
04/06/2014 00:00,18.6363
05/06/2014 00:00,17.4522
06/06/2014 00:00,16.3872
07/06/2014 00:00,16.094
08/06/2014 00:00,19.8643
09/06/2014 00:00,23.1296
10/06/2014 00:00,22.2774
11/06/2014 00:00,20.7726
12/06/2014 00:00,19.6185
13/06/2014 00:00,18.1713
14/06/2014 00:00,17.0118
15/06/2014 00:00,16.1144
16/06/2014 00:00,15.4201
17/06/2014 00:00,15.1288
18/06/2014 00:00,17.2665
19/06/2014 00:00,19.9864
20/06/2014 00:00,26.4648
21/06/2014 00:00,28.4486
22/06/2014 00:00,25.7448
23/06/2014 00:00,23.4108
24/06/2014 00:00,22.3365
25/06/2014 00:00,23.4331
26/06/2014 00:00,25.7442
27/06/2014 00:00,25.7338
28/06/2014 00:00,27.3446
29/06/2014 00:00,28.3141
30/06/2014 00:00,31.386
01/07/2014 00:00,32.0376
02/07/2014 00:00,32.0357
03/07/2014 00:00,36.248
04/07/2014 00:00,41.2792
05/07/2014 00:00,45.7067
06/07/2014 00:00,39.4517
07/07/2014 00:00,38.2949
08/07/2014 00:00,38.6177
09/07/2014 00:00,41.1465
10/07/2014 00:00,42.2852
11/07/2014 00:00,39.8622
12/07/2014 00:00,37.378
13/07/2014 00:00,36.9653
14/07/2014 00:00,39.1986
15/07/2014 00:00,44.1763
16/07/2014 00:00,43.0827
17/07/2014 00:00,40.2083
18/07/2014 00:00,39.8928
19/07/2014 00:00,44.498
20/07/2014 00:00,53.5413
21/07/2014 00:00,65.9836
22/07/2014 00:00,65.5707
23/07/2014 00:00,54.5421
24/07/2014 00:00,49.1385
25/07/2014 00:00,47.6526
26/07/2014 00:00,49.324
27/07/2014 00:00,49.5878
28/07/2014 00:00,48.3053
29/07/2014 00:00,48.4255
30/07/2014 00:00,53.1625
31/07/2014 00:00,55.7409
01/08/2014 00:00,54.1871
02/08/2014 00:00,57.3853
03/08/2014 00:00,73.4342
04/08/2014 00:00,84.7948
05/08/2014 00:00,82.6215
06/08/2014 00:00,76.5794
07/08/2014 00:00,71.0268
08/08/2014 00:00,77.1171
09/08/2014 00:00,91.0309
10/08/2014 00:00,98.7676
11/08/2014 00:00,88.2427
12/08/2014 00:00,78.6001
13/08/2014 00:00,78.6814
14/08/2014 00:00,86.4273
15/08/2014 00:00,90.2611
16/08/2014 00:00,88.7697
17/08/2014 00:00,85.6321
18/08/2014 00:00,82.1489
19/08/2014 00:00,78.8942
20/08/2014 00:00,78.8835
21/08/2014 00:00,80.2596
22/08/2014 00:00,80.1592
23/08/2014 00:00,79.6771
24/08/2014 00:00,77.64
25/08/2014 00:00,78.1308
26/08/2014 00:00,78.6611
27/08/2014 00:00,78.585
28/08/2014 00:00,81.4342
29/08/2014 00:00,78.3484
30/08/2014 00:00,75.2438
31/08/2014 00:00,72.5884
01/09/2014 00:00,71.7883
02/09/2014 00:00,74.2926
03/09/2014 00:00,76.6433
04/09/2014 00:00,75.7325
05/09/2014 00:00,78.8721
06/09/2014 00:00,83.2273
07/09/2014 00:00,79.2098
08/09/2014 00:00,72.8999
09/09/2014 00:00,69.3269
10/09/2014 00:00,66.7953
11/09/2014 00:00,64.6667
12/09/2014 00:00,65.515
13/09/2014 00:00,71.9741
14/09/2014 00:00,74.8603
15/09/2014 00:00,73.3619
16/09/2014 00:00,70.1213
17/09/2014 00:00,66.6173
18/09/2014 00:00,63.8663
19/09/2014 00:00,62.2946
20/09/2014 00:00,64.0569
21/09/2014 00:00,72.7692
22/09/2014 00:00,79.1796
23/09/2014 00:00,73.445
24/09/2014 00:00,66.9519
25/09/2014 00:00,63.5295
26/09/2014 00:00,61.1399
27/09/2014 00:00,59.1335
28/09/2014 00:00,57.2947
29/09/2014 00:00,55.5533
30/09/2014 00:00,53.8797
01/10/2014 00:00,52.2561
02/10/2014 00:00,50.6762
03/10/2014 00:00,49.14
04/10/2014 00:00,47.6447
05/10/2014 00:00,46.1885
06/10/2014 00:00,44.7869
07/10/2014 00:00,43.5567
08/10/2014 00:00,42.2147
09/10/2014 00:00,40.9756
10/10/2014 00:00,39.8983
11/10/2014 00:00,38.5519
12/10/2014 00:00,45.0443
13/10/2014 00:00,56.4943
14/10/2014 00:00,52.7328
15/10/2014 00:00,48.5379
16/10/2014 00:00,46.2742
17/10/2014 00:00,43.1938
18/10/2014 00:00,41.1809
19/10/2014 00:00,39.6253
20/10/2014 00:00,38.2612
21/10/2014 00:00,36.9899
22/10/2014 00:00,35.7764
23/10/2014 00:00,34.6061
24/10/2014 00:00,33.472
25/10/2014 00:00,32.3703
26/10/2014 00:00,32.5333
27/10/2014 00:00,39.0132
28/10/2014 00:00,40.2492
29/10/2014 00:00,37.1203
30/10/2014 00:00,34.5494
31/10/2014 00:00,32.8721
01/11/2014 00:00,31.5575
02/11/2014 00:00,30.4112
03/11/2014 00:00,29.3458
04/11/2014 00:00,28.33
05/11/2014 00:00,27.3509
06/11/2014 00:00,26.4025
07/11/2014 00:00,25.4814
08/11/2014 00:00,24.5855
09/11/2014 00:00,23.7137
10/11/2014 00:00,22.8647
11/11/2014 00:00,22.0378
12/11/2014 00:00,21.2333
13/11/2014 00:00,20.4546
14/11/2014 00:00,19.7097
15/11/2014 00:00,19.0055
16/11/2014 00:00,18.3436
17/11/2014 00:00,17.7267
18/11/2014 00:00,17.1618
19/11/2014 00:00,16.6681
20/11/2014 00:00,16.2637
21/11/2014 00:00,15.9526
22/11/2014 00:00,15.7198
23/11/2014 00:00,15.5451
24/11/2014 00:00,15.4251
25/11/2014 00:00,15.3502
26/11/2014 00:00,15.3118
27/11/2014 00:00,15.2938
28/11/2014 00:00,15.2814
29/11/2014 00:00,15.2695
30/11/2014 00:00,15.2577
01/12/2014 00:00,15.246
02/12/2014 00:00,15.2342
03/12/2014 00:00,15.2224
04/12/2014 00:00,15.2107
05/12/2014 00:00,15.199
06/12/2014 00:00,15.1873
07/12/2014 00:00,15.1756
08/12/2014 00:00,15.1639
09/12/2014 00:00,15.1522
10/12/2014 00:00,15.1406
11/12/2014 00:00,15.1289
12/12/2014 00:00,15.1173
13/12/2014 00:00,15.1056
14/12/2014 00:00,15.094
15/12/2014 00:00,15.0825
16/12/2014 00:00,15.071
17/12/2014 00:00,15.0594
18/12/2014 00:00,15.0478
19/12/2014 00:00,15.0362
20/12/2014 00:00,15.0247
21/12/2014 00:00,15.0131
22/12/2014 00:00,15.0016
23/12/2014 00:00,14.9901
24/12/2014 00:00,14.9785
25/12/2014 00:00,14.967
26/12/2014 00:00,14.9555
27/12/2014 00:00,14.944
28/12/2014 00:00,14.9326
29/12/2014 00:00,14.9211
30/12/2014 00:00,14.9096
31/12/2014 00:00,14.8982
01/01/2015 00:00,14.8867
02/01/2015 00:00,14.8753
03/01/2015 00:00,14.8639
04/01/2015 00:00,14.8524
05/01/2015 00:00,14.841
06/01/2015 00:00,14.8296
07/01/2015 00:00,14.8182
08/01/2015 00:00,14.8069
09/01/2015 00:00,14.7981
10/01/2015 00:00,14.7964
11/01/2015 00:00,14.8327
12/01/2015 00:00,14.8301
13/01/2015 00:00,14.9511
14/01/2015 00:00,15.2476
15/01/2015 00:00,15.6508
16/01/2015 00:00,15.3395
17/01/2015 00:00,15.013
18/01/2015 00:00,14.8689
19/01/2015 00:00,14.7981
20/01/2015 00:00,14.7741
21/01/2015 00:00,14.7739
22/01/2015 00:00,14.778
23/01/2015 00:00,14.77
24/01/2015 00:00,14.7467
25/01/2015 00:00,15.1005
26/01/2015 00:00,15.2235
27/01/2015 00:00,15.2209
28/01/2015 00:00,15.1069
29/01/2015 00:00,14.9113
30/01/2015 00:00,15.2078
31/01/2015 00:00,16.0359
01/02/2015 00:00,15.9009
02/02/2015 00:00,15.6854
03/02/2015 00:00,15.2456
04/02/2015 00:00,14.9116
05/02/2015 00:00,14.7836
06/02/2015 00:00,14.6973
07/02/2015 00:00,14.6405
08/02/2015 00:00,14.6024
09/02/2015 00:00,14.6615
10/02/2015 00:00,15.2608
11/02/2015 00:00,15.3405
12/02/2015 00:00,15.3417
13/02/2015 00:00,15.834
14/02/2015 00:00,15.6367
15/02/2015 00:00,15.3519
16/02/2015 00:00,15.0285
17/02/2015 00:00,14.7586
18/02/2015 00:00,14.6267
19/02/2015 00:00,14.565
20/02/2015 00:00,14.5236
21/02/2015 00:00,14.4936
22/02/2015 00:00,14.4702
23/02/2015 00:00,14.4553
24/02/2015 00:00,14.4451
25/02/2015 00:00,14.4304
26/02/2015 00:00,14.4131
27/02/2015 00:00,14.3975
28/02/2015 00:00,14.3833
01/03/2015 00:00,14.3702
02/03/2015 00:00,14.3584
03/03/2015 00:00,14.4398
04/03/2015 00:00,14.5351
05/03/2015 00:00,14.7088
06/03/2015 00:00,14.6518
07/03/2015 00:00,14.4656
08/03/2015 00:00,14.369
09/03/2015 00:00,14.325
10/03/2015 00:00,14.2994
11/03/2015 00:00,14.2803
12/03/2015 00:00,14.2643
13/03/2015 00:00,14.2502
14/03/2015 00:00,14.2505
15/03/2015 00:00,14.2824
16/03/2015 00:00,14.3254
17/03/2015 00:00,14.3031
18/03/2015 00:00,14.2483
19/03/2015 00:00,14.2461
20/03/2015 00:00,14.2305
21/03/2015 00:00,14.1915
22/03/2015 00:00,14.1675
23/03/2015 00:00,14.1498
24/03/2015 00:00,14.1349
25/03/2015 00:00,14.1219
26/03/2015 00:00,14.1417
27/03/2015 00:00,15.0625
28/03/2015 00:00,16.8743
29/03/2015 00:00,17.5031
30/03/2015 00:00,16.3016
31/03/2015 00:00,15.3612
01/04/2015 00:00,14.7876
02/04/2015 00:00,14.4545
03/04/2015 00:00,14.2912
04/04/2015 00:00,14.2075
05/04/2015 00:00,14.1432
06/04/2015 00:00,14.0998
07/04/2015 00:00,14.0763
08/04/2015 00:00,14.104
09/04/2015 00:00,14.2278
10/04/2015 00:00,14.3636
11/04/2015 00:00,14.3832
12/04/2015 00:00,14.2958
13/04/2015 00:00,14.1511
14/04/2015 00:00,14.0854
15/04/2015 00:00,14.1063
16/04/2015 00:00,14.0697
17/04/2015 00:00,14.0361
18/04/2015 00:00,13.9992
19/04/2015 00:00,13.9683
20/04/2015 00:00,13.9929
21/04/2015 00:00,14.0123
22/04/2015 00:00,13.9755
23/04/2015 00:00,13.9269
24/04/2015 00:00,13.8985
25/04/2015 00:00,13.9559
26/04/2015 00:00,13.9772
27/04/2015 00:00,13.9185
28/04/2015 00:00,14.2339
29/04/2015 00:00,16.441
30/04/2015 00:00,24.584
01/05/2015 00:00,21.4613
02/05/2015 00:00,18.9707
03/05/2015 00:00,17.2766
04/05/2015 00:00,17.5977
05/05/2015 00:00,16.235
06/05/2015 00:00,15.171
07/05/2015 00:00,14.5414
08/05/2015 00:00,14.1747
09/05/2015 00:00,13.9953
10/05/2015 00:00,13.9237
11/05/2015 00:00,14.0053
12/05/2015 00:00,14.0508
13/05/2015 00:00,14.0458
14/05/2015 00:00,13.9915
15/05/2015 00:00,14.3821
16/05/2015 00:00,16.0854
17/05/2015 00:00,15.2793
18/05/2015 00:00,14.422
19/05/2015 00:00,14.0452
20/05/2015 00:00,13.8984
21/05/2015 00:00,13.8323
22/05/2015 00:00,13.7937
23/05/2015 00:00,13.7671
24/05/2015 00:00,13.7468
25/05/2015 00:00,13.7299
26/05/2015 00:00,13.7208
27/05/2015 00:00,13.942
28/05/2015 00:00,14.4436
29/05/2015 00:00,14.2968
30/05/2015 00:00,14.2235
31/05/2015 00:00,16.1018
01/06/2015 00:00,18.8319
02/06/2015 00:00,18.031
03/06/2015 00:00,17.8003
04/06/2015 00:00,17.2599
05/06/2015 00:00,16.806
06/06/2015 00:00,20.0913
07/06/2015 00:00,19.7984
08/06/2015 00:00,19.7566
09/06/2015 00:00,18.6051
10/06/2015 00:00,17.0538
11/06/2015 00:00,16.4901
12/06/2015 00:00,18.3344
13/06/2015 00:00,17.3822
14/06/2015 00:00,17.4762
15/06/2015 00:00,17.2208
16/06/2015 00:00,18.5429
17/06/2015 00:00,19.5937
18/06/2015 00:00,18.6102
19/06/2015 00:00,17.5793
20/06/2015 00:00,16.365
21/06/2015 00:00,16.6835
22/06/2015 00:00,18.0162
23/06/2015 00:00,19.6284
24/06/2015 00:00,24.695
25/06/2015 00:00,25.8591
26/06/2015 00:00,24.2974
27/06/2015 00:00,22.027
28/06/2015 00:00,22.2633
29/06/2015 00:00,26.2785
30/06/2015 00:00,25.6411
01/07/2015 00:00,26.8415
02/07/2015 00:00,28.0496
03/07/2015 00:00,28.3026
04/07/2015 00:00,30.2119
05/07/2015 00:00,36.9731
06/07/2015 00:00,49.5141
07/07/2015 00:00,62.0609
08/07/2015 00:00,58.9438
09/07/2015 00:00,62.1672
10/07/2015 00:00,93.2753
11/07/2015 00:00,104.543
12/07/2015 00:00,83.1433
13/07/2015 00:00,70.3506
14/07/2015 00:00,71.0581
15/07/2015 00:00,83.7028
16/07/2015 00:00,95.5864
17/07/2015 00:00,97.625
18/07/2015 00:00,89.5298
19/07/2015 00:00,84.296
20/07/2015 00:00,87.4206
21/07/2015 00:00,86.1062
22/07/2015 00:00,88.4377
23/07/2015 00:00,96.4229
24/07/2015 00:00,99.2163
25/07/2015 00:00,97.8911
26/07/2015 00:00,94.3871
27/07/2015 00:00,91.0517
28/07/2015 00:00,91.5502
29/07/2015 00:00,90.4071
30/07/2015 00:00,89.1897
31/07/2015 00:00,90.6643
01/08/2015 00:00,103.193
02/08/2015 00:00,127.088
03/08/2015 00:00,133.605
04/08/2015 00:00,115.1
05/08/2015 00:00,104.299
06/08/2015 00:00,99.1215
07/08/2015 00:00,95.6908
08/08/2015 00:00,93.0483
09/08/2015 00:00,90.9136
10/08/2015 00:00,89.8242
11/08/2015 00:00,88.6825
12/08/2015 00:00,88.0585
13/08/2015 00:00,88.1717
14/08/2015 00:00,85.9835
15/08/2015 00:00,84.7453
16/08/2015 00:00,81.9354
17/08/2015 00:00,82.1812
18/08/2015 00:00,85.3368
19/08/2015 00:00,86.7908
20/08/2015 00:00,85.7793
21/08/2015 00:00,83.5815
22/08/2015 00:00,80.4607
23/08/2015 00:00,78.4817
24/08/2015 00:00,81.1186
25/08/2015 00:00,85.1452
26/08/2015 00:00,86.2483
27/08/2015 00:00,82.9928
28/08/2015 00:00,78.0049
29/08/2015 00:00,77.2279
30/08/2015 00:00,84.1666
31/08/2015 00:00,93.0384
01/09/2015 00:00,96.7131
02/09/2015 00:00,92.9512
03/09/2015 00:00,85.0634
04/09/2015 00:00,79.9715
05/09/2015 00:00,78.0293
06/09/2015 00:00,76.3983
07/09/2015 00:00,73.8371
08/09/2015 00:00,71.381
09/09/2015 00:00,69.1679
10/09/2015 00:00,67.3756
11/09/2015 00:00,66.2076
12/09/2015 00:00,64.8445
13/09/2015 00:00,64.1552
14/09/2015 00:00,64.3477
15/09/2015 00:00,64.0006
16/09/2015 00:00,61.9362
17/09/2015 00:00,59.8161
18/09/2015 00:00,58.1655
19/09/2015 00:00,57.194
20/09/2015 00:00,60.8058
21/09/2015 00:00,64.2384
22/09/2015 00:00,68.96
23/09/2015 00:00,72.911
24/09/2015 00:00,69.4337
25/09/2015 00:00,63.9079
26/09/2015 00:00,60.4047
27/09/2015 00:00,57.9988
28/09/2015 00:00,56.0429
29/09/2015 00:00,54.2694
30/09/2015 00:00,52.5932
01/10/2015 00:00,50.9829
02/10/2015 00:00,51.4127
03/10/2015 00:00,53.8185
04/10/2015 00:00,54.1473
05/10/2015 00:00,50.9046
06/10/2015 00:00,48.5876
07/10/2015 00:00,49.2222
08/10/2015 00:00,50.9841
09/10/2015 00:00,46.9719
10/10/2015 00:00,44.6165
11/10/2015 00:00,42.8519
12/10/2015 00:00,41.3511
13/10/2015 00:00,39.977
14/10/2015 00:00,38.6748
15/10/2015 00:00,37.4225
16/10/2015 00:00,36.2137
17/10/2015 00:00,35.1818
18/10/2015 00:00,34.6119
19/10/2015 00:00,33.7289
20/10/2015 00:00,32.5225
21/10/2015 00:00,31.3659
22/10/2015 00:00,30.2778
23/10/2015 00:00,29.2924
24/10/2015 00:00,28.5813
25/10/2015 00:00,27.8537
26/10/2015 00:00,27.1232
27/10/2015 00:00,26.332
28/10/2015 00:00,25.2385
29/10/2015 00:00,24.2683
30/10/2015 00:00,23.4132
31/10/2015 00:00,23.3356
01/11/2015 00:00,23.9191
02/11/2015 00:00,23.2377
03/11/2015 00:00,22.1637
04/11/2015 00:00,21.1818
05/11/2015 00:00,20.3131
06/11/2015 00:00,19.5121
07/11/2015 00:00,18.7996
08/11/2015 00:00,18.0845
09/11/2015 00:00,17.4407
10/11/2015 00:00,16.9913
11/11/2015 00:00,16.5523
12/11/2015 00:00,16.2168
13/11/2015 00:00,15.9529
14/11/2015 00:00,15.6887
15/11/2015 00:00,15.4611
16/11/2015 00:00,15.2908
17/11/2015 00:00,15.1793
18/11/2015 00:00,15.1223
19/11/2015 00:00,15.1113
20/11/2015 00:00,15.1008
21/11/2015 00:00,15.0796
22/11/2015 00:00,15.0614
23/11/2015 00:00,15.0458
24/11/2015 00:00,15.0315
25/11/2015 00:00,15.0181
26/11/2015 00:00,15.0052
27/11/2015 00:00,14.9927
28/11/2015 00:00,14.9805
29/11/2015 00:00,14.9685
30/11/2015 00:00,14.9566
01/12/2015 00:00,14.9448
02/12/2015 00:00,14.933
03/12/2015 00:00,14.9214
04/12/2015 00:00,14.9097
05/12/2015 00:00,14.8981
06/12/2015 00:00,14.8866
07/12/2015 00:00,14.875
08/12/2015 00:00,14.8635
09/12/2015 00:00,14.852
10/12/2015 00:00,14.8405
11/12/2015 00:00,14.8291
12/12/2015 00:00,14.8176
13/12/2015 00:00,14.8062
14/12/2015 00:00,14.7948
15/12/2015 00:00,14.7834
16/12/2015 00:00,14.772
17/12/2015 00:00,14.7607
18/12/2015 00:00,14.7493
19/12/2015 00:00,14.7379
20/12/2015 00:00,14.7266
21/12/2015 00:00,14.7153
22/12/2015 00:00,14.704
23/12/2015 00:00,14.6927
24/12/2015 00:00,14.6814
25/12/2015 00:00,14.6701
26/12/2015 00:00,14.6588
27/12/2015 00:00,14.6475
28/12/2015 00:00,14.6363
29/12/2015 00:00,14.625
30/12/2015 00:00,14.6138
31/12/2015 00:00,14.6025
01/01/2016 00:00,14.5913
02/01/2016 00:00,14.5801
03/01/2016 00:00,14.5732
04/01/2016 00:00,14.6334
05/01/2016 00:00,14.7559
06/01/2016 00:00,15.1877
07/01/2016 00:00,15.0475
08/01/2016 00:00,14.811
09/01/2016 00:00,14.8684
10/01/2016 00:00,14.9501
11/01/2016 00:00,14.8209
12/01/2016 00:00,14.6565
13/01/2016 00:00,14.5734
14/01/2016 00:00,14.5444
15/01/2016 00:00,14.5324
16/01/2016 00:00,14.4967
17/01/2016 00:00,14.4706
18/01/2016 00:00,14.4511
19/01/2016 00:00,14.4347
20/01/2016 00:00,14.4202
21/01/2016 00:00,14.4081
22/01/2016 00:00,14.3953
23/01/2016 00:00,14.4108
24/01/2016 00:00,14.8017
25/01/2016 00:00,14.8244
26/01/2016 00:00,14.6505
27/01/2016 00:00,14.7463
28/01/2016 00:00,15.7674
29/01/2016 00:00,15.7442
30/01/2016 00:00,15.338
31/01/2016 00:00,14.9599
01/02/2016 00:00,14.6587
02/02/2016 00:00,14.4927
03/02/2016 00:00,14.4046
04/02/2016 00:00,14.3566
05/02/2016 00:00,14.3252
06/02/2016 00:00,14.3015
07/02/2016 00:00,14.2823
08/02/2016 00:00,14.2657
09/02/2016 00:00,14.2507
10/02/2016 00:00,14.2369
11/02/2016 00:00,14.2238
12/02/2016 00:00,14.2112
13/02/2016 00:00,14.199
14/02/2016 00:00,14.1871
15/02/2016 00:00,14.1754
16/02/2016 00:00,14.1668
17/02/2016 00:00,14.1551
18/02/2016 00:00,14.1432
19/02/2016 00:00,14.1315
20/02/2016 00:00,14.12
21/02/2016 00:00,14.1402
22/02/2016 00:00,14.3571
23/02/2016 00:00,14.9588
24/02/2016 00:00,14.9436
25/02/2016 00:00,14.5692
26/02/2016 00:00,14.7873
27/02/2016 00:00,18.1891
28/02/2016 00:00,17.7014
29/02/2016 00:00,17.3451
01/03/2016 00:00,16.2743
02/03/2016 00:00,15.3838
03/03/2016 00:00,14.8022
04/03/2016 00:00,14.4398
05/03/2016 00:00,14.2643
06/03/2016 00:00,14.1876
07/03/2016 00:00,14.1758
08/03/2016 00:00,14.5655
09/03/2016 00:00,15.0274
10/03/2016 00:00,14.8296
11/03/2016 00:00,14.4479
12/03/2016 00:00,14.222
13/03/2016 00:00,14.1058
14/03/2016 00:00,14.4217
15/03/2016 00:00,15.6314
16/03/2016 00:00,19.9087
17/03/2016 00:00,18.5873
18/03/2016 00:00,17.1338
19/03/2016 00:00,15.7904
20/03/2016 00:00,14.8395
21/03/2016 00:00,14.3441
22/03/2016 00:00,14.1372
23/03/2016 00:00,14.0581
24/03/2016 00:00,14.0186
25/03/2016 00:00,13.9913
26/03/2016 00:00,13.9701
27/03/2016 00:00,13.9524
28/03/2016 00:00,13.9596
29/03/2016 00:00,14.2053
30/03/2016 00:00,14.3456
31/03/2016 00:00,14.5077
01/04/2016 00:00,14.3782
02/04/2016 00:00,14.1376
03/04/2016 00:00,14.0082
04/04/2016 00:00,13.994
05/04/2016 00:00,14.0689
06/04/2016 00:00,14.0643
07/04/2016 00:00,14.262
08/04/2016 00:00,14.2475
09/04/2016 00:00,14.078
10/04/2016 00:00,13.9722
11/04/2016 00:00,13.9038
12/04/2016 00:00,13.8581
13/04/2016 00:00,13.8296
14/04/2016 00:00,13.8089
15/04/2016 00:00,13.7917
16/04/2016 00:00,13.7771
17/04/2016 00:00,13.773
18/04/2016 00:00,13.7586
19/04/2016 00:00,13.7435
20/04/2016 00:00,13.7307
21/04/2016 00:00,13.7203
22/04/2016 00:00,13.7089
23/04/2016 00:00,13.6964
24/04/2016 00:00,13.6841
25/04/2016 00:00,13.6726
26/04/2016 00:00,13.6644
27/04/2016 00:00,13.6593
28/04/2016 00:00,13.7001
29/04/2016 00:00,14.1241
30/04/2016 00:00,14.4225
01/05/2016 00:00,14.81
02/05/2016 00:00,14.4659
03/05/2016 00:00,14.0456
04/05/2016 00:00,13.822
05/05/2016 00:00,13.7169
06/05/2016 00:00,13.6622
07/05/2016 00:00,13.6267
08/05/2016 00:00,13.6007
09/05/2016 00:00,13.582
10/05/2016 00:00,13.6592
11/05/2016 00:00,13.6508
12/05/2016 00:00,13.5826
13/05/2016 00:00,13.5507
14/05/2016 00:00,13.528
15/05/2016 00:00,13.5109
16/05/2016 00:00,13.5841
17/05/2016 00:00,14.6439
18/05/2016 00:00,15.3855
19/05/2016 00:00,14.8004
20/05/2016 00:00,14.2743
21/05/2016 00:00,16.1647
22/05/2016 00:00,21.3129
23/05/2016 00:00,18.1456
24/05/2016 00:00,16.0232
25/05/2016 00:00,15.0246
26/05/2016 00:00,14.3608
27/05/2016 00:00,13.9698
28/05/2016 00:00,14.2927
29/05/2016 00:00,14.0707
30/05/2016 00:00,13.7657
31/05/2016 00:00,14.0931
01/06/2016 00:00,16.0807
02/06/2016 00:00,15.1671
03/06/2016 00:00,15.2219
04/06/2016 00:00,14.4542
05/06/2016 00:00,13.9365
06/06/2016 00:00,13.9858
07/06/2016 00:00,14.4163
08/06/2016 00:00,16.5728
09/06/2016 00:00,21.0314
10/06/2016 00:00,23.8845
11/06/2016 00:00,20.9757
12/06/2016 00:00,18.9797
13/06/2016 00:00,19.1508
14/06/2016 00:00,19.8015
15/06/2016 00:00,22.2803
16/06/2016 00:00,23.0405
17/06/2016 00:00,22.1313
18/06/2016 00:00,20.8684
19/06/2016 00:00,19.4401
20/06/2016 00:00,18.7093
21/06/2016 00:00,17.7604
22/06/2016 00:00,17.4945
23/06/2016 00:00,20.0141
24/06/2016 00:00,21.7719
25/06/2016 00:00,20.8764
26/06/2016 00:00,19.7726
27/06/2016 00:00,18.7326
28/06/2016 00:00,17.9898
29/06/2016 00:00,18.0114
30/06/2016 00:00,17.6291
01/07/2016 00:00,16.6304
02/07/2016 00:00,20.1722
03/07/2016 00:00,36.5399
04/07/2016 00:00,43.2477
05/07/2016 00:00,43.8696
06/07/2016 00:00,35.5538
07/07/2016 00:00,32.3119
08/07/2016 00:00,30.392
09/07/2016 00:00,32.285
10/07/2016 00:00,30.1418
11/07/2016 00:00,29.9931
12/07/2016 00:00,33.9262
13/07/2016 00:00,33.6881
14/07/2016 00:00,34.8449
15/07/2016 00:00,45.6996
16/07/2016 00:00,49.6163
17/07/2016 00:00,48.1996
18/07/2016 00:00,44.5152
19/07/2016 00:00,42.7025
20/07/2016 00:00,43.9016
21/07/2016 00:00,49.1613
22/07/2016 00:00,51.7469
23/07/2016 00:00,47.9456
24/07/2016 00:00,45.0103
25/07/2016 00:00,43.2073
26/07/2016 00:00,45.218
27/07/2016 00:00,44.7164
28/07/2016 00:00,43.5196
29/07/2016 00:00,45.6478
30/07/2016 00:00,51.5499
31/07/2016 00:00,55.7161
01/08/2016 00:00,61.7726
02/08/2016 00:00,67.9028
03/08/2016 00:00,62.9172
04/08/2016 00:00,60.7534
05/08/2016 00:00,59.5351
06/08/2016 00:00,64.7363
07/08/2016 00:00,63.4225
08/08/2016 00:00,61.5358
09/08/2016 00:00,64.5435
10/08/2016 00:00,69.3202
11/08/2016 00:00,81.2519
12/08/2016 00:00,82.5661
13/08/2016 00:00,74.2311
14/08/2016 00:00,70.0645
15/08/2016 00:00,76.049
16/08/2016 00:00,84.4528
17/08/2016 00:00,82.2295
18/08/2016 00:00,89.2147
19/08/2016 00:00,95.4219
20/08/2016 00:00,84.9499
21/08/2016 00:00,87.8961
22/08/2016 00:00,103.754
23/08/2016 00:00,101.196
24/08/2016 00:00,93.0032
25/08/2016 00:00,99.045
26/08/2016 00:00,100.955
27/08/2016 00:00,93.2086
28/08/2016 00:00,87.2295
29/08/2016 00:00,85.4807
30/08/2016 00:00,88.4596
31/08/2016 00:00,90.7997
01/09/2016 00:00,89.7876
02/09/2016 00:00,91.3382
03/09/2016 00:00,101.824
04/09/2016 00:00,107.324
05/09/2016 00:00,107.943
06/09/2016 00:00,105.901
07/09/2016 00:00,104.947
08/09/2016 00:00,114.22
09/09/2016 00:00,119.77
10/09/2016 00:00,123.024
11/09/2016 00:00,123.507
12/09/2016 00:00,118.145
13/09/2016 00:00,119.29
14/09/2016 00:00,115.416
15/09/2016 00:00,110.468
16/09/2016 00:00,105.755
17/09/2016 00:00,101.952
18/09/2016 00:00,99.49
19/09/2016 00:00,99.2645
20/09/2016 00:00,101.735
21/09/2016 00:00,105.715
22/09/2016 00:00,105.723
23/09/2016 00:00,104.176
24/09/2016 00:00,102.13
25/09/2016 00:00,99.6766
26/09/2016 00:00,97.2652
27/09/2016 00:00,96.2154
28/09/2016 00:00,94.7589
29/09/2016 00:00,91.5099
30/09/2016 00:00,89.183
01/10/2016 00:00,86.8534
02/10/2016 00:00,83.8867
03/10/2016 00:00,81.3093
04/10/2016 00:00,79.9818
05/10/2016 00:00,83.0152
06/10/2016 00:00,91.0843
07/10/2016 00:00,93.4895
08/10/2016 00:00,91.2034
09/10/2016 00:00,88.6906
10/10/2016 00:00,85.1645
11/10/2016 00:00,80.8288
12/10/2016 00:00,77.747
13/10/2016 00:00,75.236
14/10/2016 00:00,72.9583
15/10/2016 00:00,70.8031
16/10/2016 00:00,68.7306
17/10/2016 00:00,66.7241
18/10/2016 00:00,64.7753
19/10/2016 00:00,62.8796
20/10/2016 00:00,61.034
21/10/2016 00:00,59.2362
22/10/2016 00:00,57.4845
23/10/2016 00:00,55.7775
24/10/2016 00:00,54.1903
25/10/2016 00:00,52.6021
26/10/2016 00:00,50.9969
27/10/2016 00:00,49.441
28/10/2016 00:00,47.9317
29/10/2016 00:00,46.4633
30/10/2016 00:00,45.0332
31/10/2016 00:00,43.6396
01/11/2016 00:00,42.2814
02/11/2016 00:00,40.9575
03/11/2016 00:00,39.6671
04/11/2016 00:00,38.4092
05/11/2016 00:00,37.183
06/11/2016 00:00,35.9878
07/11/2016 00:00,34.8226
08/11/2016 00:00,33.6868
09/11/2016 00:00,32.5796
10/11/2016 00:00,31.5004
11/11/2016 00:00,30.4484
12/11/2016 00:00,29.4229
13/11/2016 00:00,28.4233
14/11/2016 00:00,27.4489
15/11/2016 00:00,26.4992
16/11/2016 00:00,25.5734
17/11/2016 00:00,24.6711
18/11/2016 00:00,23.7916
19/11/2016 00:00,22.9344
20/11/2016 00:00,22.0989
21/11/2016 00:00,21.2846
22/11/2016 00:00,20.4909
23/11/2016 00:00,19.7181
24/11/2016 00:00,18.9743
25/11/2016 00:00,18.2768
26/11/2016 00:00,17.6301
27/11/2016 00:00,17.0453
28/11/2016 00:00,16.5426
29/11/2016 00:00,16.123
30/11/2016 00:00,15.7884
01/12/2016 00:00,15.5474
02/12/2016 00:00,15.3962
03/12/2016 00:00,15.2077
04/12/2016 00:00,15.0646
05/12/2016 00:00,14.9936
06/12/2016 00:00,14.9647
07/12/2016 00:00,14.9472
08/12/2016 00:00,14.9324
09/12/2016 00:00,14.9188
10/12/2016 00:00,14.9058
11/12/2016 00:00,14.8933
12/12/2016 00:00,14.8811
13/12/2016 00:00,14.8691
14/12/2016 00:00,14.8572
15/12/2016 00:00,14.8455
16/12/2016 00:00,14.8338
17/12/2016 00:00,14.8222
18/12/2016 00:00,14.8106
19/12/2016 00:00,14.7991
20/12/2016 00:00,14.7876
21/12/2016 00:00,14.7762
22/12/2016 00:00,14.7648
23/12/2016 00:00,14.7533
24/12/2016 00:00,14.742
25/12/2016 00:00,14.7306
26/12/2016 00:00,14.7192
27/12/2016 00:00,14.7079
28/12/2016 00:00,14.6966
29/12/2016 00:00,14.6852
30/12/2016 00:00,14.6739
31/12/2016 00:00,14.6627
01/01/2017 00:00,14.6514
02/01/2017 00:00,14.6509
03/01/2017 00:00,14.872
04/01/2017 00:00,14.834
05/01/2017 00:00,14.7649
06/01/2017 00:00,14.7115
07/01/2017 00:00,14.6521
08/01/2017 00:00,14.6108
09/01/2017 00:00,14.5859
10/01/2017 00:00,14.7625
11/01/2017 00:00,15.6221
12/01/2017 00:00,15.6412
13/01/2017 00:00,15.5722
14/01/2017 00:00,15.6162
15/01/2017 00:00,15.5395
16/01/2017 00:00,15.3217
17/01/2017 00:00,15.0251
18/01/2017 00:00,14.9344
19/01/2017 00:00,15.0602
20/01/2017 00:00,14.9553
21/01/2017 00:00,14.7371
22/01/2017 00:00,14.607
23/01/2017 00:00,14.5462
24/01/2017 00:00,14.5132
25/01/2017 00:00,14.529
26/01/2017 00:00,15.1097
27/01/2017 00:00,15.1028
28/01/2017 00:00,14.8887
29/01/2017 00:00,14.718
30/01/2017 00:00,14.5836
31/01/2017 00:00,14.5076
01/02/2017 00:00,14.4566
02/02/2017 00:00,14.4255
03/02/2017 00:00,14.4481
04/02/2017 00:00,14.5179
05/02/2017 00:00,14.5976
06/02/2017 00:00,14.5879
07/02/2017 00:00,14.4718
08/02/2017 00:00,14.4383
09/02/2017 00:00,15.1985
10/02/2017 00:00,15.1223
11/02/2017 00:00,14.7176
12/02/2017 00:00,14.6525
13/02/2017 00:00,15.5799
14/02/2017 00:00,15.5699
15/02/2017 00:00,15.2905
16/02/2017 00:00,14.9369
17/02/2017 00:00,14.6162
18/02/2017 00:00,14.4615
19/02/2017 00:00,14.5841
20/02/2017 00:00,14.7526
21/02/2017 00:00,14.8187
22/02/2017 00:00,14.6262
23/02/2017 00:00,14.4224
24/02/2017 00:00,14.3384
25/02/2017 00:00,14.8075
26/02/2017 00:00,14.9424
27/02/2017 00:00,14.7868
28/02/2017 00:00,14.5557
01/03/2017 00:00,14.4183
02/03/2017 00:00,14.3291
03/03/2017 00:00,14.2647
04/03/2017 00:00,14.3083
05/03/2017 00:00,14.3221
06/03/2017 00:00,14.32
07/03/2017 00:00,14.4097
08/03/2017 00:00,14.4821
09/03/2017 00:00,14.391
10/03/2017 00:00,14.2502
11/03/2017 00:00,14.3255
12/03/2017 00:00,14.8745
13/03/2017 00:00,14.8328
14/03/2017 00:00,14.6609
15/03/2017 00:00,14.4579
16/03/2017 00:00,14.262
17/03/2017 00:00,14.1643
18/03/2017 00:00,14.1125
19/03/2017 00:00,14.0829
20/03/2017 00:00,14.1083
21/03/2017 00:00,14.1
22/03/2017 00:00,14.0447
23/03/2017 00:00,14.0151
24/03/2017 00:00,13.996
25/03/2017 00:00,13.981
26/03/2017 00:00,13.975
27/03/2017 00:00,14.0331
28/03/2017 00:00,14.4598
29/03/2017 00:00,14.3735
30/03/2017 00:00,14.1589
31/03/2017 00:00,14.0463
01/04/2017 00:00,13.9847
02/04/2017 00:00,13.9673
03/04/2017 00:00,14.0298
04/04/2017 00:00,14.0063
05/04/2017 00:00,13.9409
06/04/2017 00:00,13.9044
07/04/2017 00:00,14.0295
08/04/2017 00:00,13.9873
09/04/2017 00:00,13.9055
10/04/2017 00:00,13.8637
11/04/2017 00:00,13.8384
12/04/2017 00:00,13.8172
13/04/2017 00:00,13.8005
14/04/2017 00:00,13.7862
15/04/2017 00:00,13.7732
16/04/2017 00:00,13.7609
17/04/2017 00:00,13.7495
18/04/2017 00:00,13.7386
19/04/2017 00:00,13.7274
20/04/2017 00:00,13.716
21/04/2017 00:00,13.7173
22/04/2017 00:00,13.8808
23/04/2017 00:00,14.1042
24/04/2017 00:00,14.2282
25/04/2017 00:00,14.1214
26/04/2017 00:00,13.904
27/04/2017 00:00,13.7748
28/04/2017 00:00,13.7168
29/04/2017 00:00,13.7154
30/04/2017 00:00,13.8339
01/05/2017 00:00,14.4518
02/05/2017 00:00,14.2655
03/05/2017 00:00,13.9881
04/05/2017 00:00,13.8457
05/05/2017 00:00,13.7228
06/05/2017 00:00,13.6878
07/05/2017 00:00,13.6509
08/05/2017 00:00,13.6475
09/05/2017 00:00,13.6046
10/05/2017 00:00,13.5744
11/05/2017 00:00,13.555
12/05/2017 00:00,13.542
13/05/2017 00:00,13.5294
14/05/2017 00:00,13.516
15/05/2017 00:00,13.5034
16/05/2017 00:00,13.4914
17/05/2017 00:00,13.4798
18/05/2017 00:00,13.9038
19/05/2017 00:00,15.2784
20/05/2017 00:00,14.8279
21/05/2017 00:00,14.423
22/05/2017 00:00,13.9824
23/05/2017 00:00,13.7324
24/05/2017 00:00,13.6698
25/05/2017 00:00,13.9099
26/05/2017 00:00,15.3803
27/05/2017 00:00,21.7844
28/05/2017 00:00,19.5685
29/05/2017 00:00,17.8691
30/05/2017 00:00,16.8229
31/05/2017 00:00,15.7543
01/06/2017 00:00,15.7413
02/06/2017 00:00,15.2202
03/06/2017 00:00,14.625
04/06/2017 00:00,14.0845
05/06/2017 00:00,14.4672
06/06/2017 00:00,18.4701
07/06/2017 00:00,20.2919
08/06/2017 00:00,19.6796
09/06/2017 00:00,19.5913
10/06/2017 00:00,17.8021
11/06/2017 00:00,17.1483
12/06/2017 00:00,17.3689
13/06/2017 00:00,18.6405
14/06/2017 00:00,17.6351
15/06/2017 00:00,17.4902
16/06/2017 00:00,19.2459
17/06/2017 00:00,18.5794
18/06/2017 00:00,18.6534
19/06/2017 00:00,19.549
20/06/2017 00:00,24.1347
21/06/2017 00:00,28.8616
22/06/2017 00:00,27.8765
23/06/2017 00:00,26.7871
24/06/2017 00:00,28.9796
25/06/2017 00:00,29.2692
26/06/2017 00:00,27.1329
27/06/2017 00:00,26.1115
28/06/2017 00:00,28.2844
29/06/2017 00:00,28.8277
30/06/2017 00:00,32.5434
01/07/2017 00:00,39.0657
02/07/2017 00:00,48.6208
03/07/2017 00:00,51.5875
04/07/2017 00:00,49.1758
05/07/2017 00:00,46.7207
06/07/2017 00:00,44.2083
07/07/2017 00:00,41.5282
08/07/2017 00:00,42.3225
09/07/2017 00:00,45.1491
10/07/2017 00:00,58.5683
11/07/2017 00:00,69.8737
12/07/2017 00:00,68.4478
13/07/2017 00:00,62.9941
14/07/2017 00:00,63.7438
15/07/2017 00:00,63.4377
16/07/2017 00:00,62.2745
17/07/2017 00:00,61.3051
18/07/2017 00:00,57.5117
19/07/2017 00:00,56.8564
20/07/2017 00:00,62.1616
21/07/2017 00:00,70.8723
22/07/2017 00:00,77.2446
23/07/2017 00:00,82.7415
24/07/2017 00:00,89.359
25/07/2017 00:00,108.809
26/07/2017 00:00,132.201
27/07/2017 00:00,128.993
28/07/2017 00:00,108.765
29/07/2017 00:00,99.6526
30/07/2017 00:00,109.782
31/07/2017 00:00,117.129
01/08/2017 00:00,107.923
02/08/2017 00:00,108.811
03/08/2017 00:00,112.098
04/08/2017 00:00,115.68
05/08/2017 00:00,120.071
06/08/2017 00:00,125.233
07/08/2017 00:00,125.398
08/08/2017 00:00,115.39
09/08/2017 00:00,111.446
10/08/2017 00:00,117.528
11/08/2017 00:00,123.249
12/08/2017 00:00,119.889
13/08/2017 00:00,117.882
14/08/2017 00:00,116.619
15/08/2017 00:00,119.647
16/08/2017 00:00,128.405
17/08/2017 00:00,134.083
18/08/2017 00:00,127.087
19/08/2017 00:00,122.022
20/08/2017 00:00,117.255
21/08/2017 00:00,112.714
22/08/2017 00:00,112.347
23/08/2017 00:00,114.725
24/08/2017 00:00,116.148
25/08/2017 00:00,112.808
26/08/2017 00:00,109.687
27/08/2017 00:00,106.084
28/08/2017 00:00,104.512
29/08/2017 00:00,104.217
30/08/2017 00:00,100.838
31/08/2017 00:00,99.2339
01/09/2017 00:00,107.971
02/09/2017 00:00,115.088
03/09/2017 00:00,109.833
04/09/2017 00:00,102.638
05/09/2017 00:00,97.7898
06/09/2017 00:00,94.4165
07/09/2017 00:00,92.1817
08/09/2017 00:00,91.2845
09/09/2017 00:00,91.8505
10/09/2017 00:00,92.7417
11/09/2017 00:00,94.6976
12/09/2017 00:00,101.047
13/09/2017 00:00,100.411
14/09/2017 00:00,97.9903
15/09/2017 00:00,100.083
16/09/2017 00:00,99.6828
17/09/2017 00:00,96.7462
18/09/2017 00:00,106.65
19/09/2017 00:00,110.319
20/09/2017 00:00,103.444
21/09/2017 00:00,98.0936
22/09/2017 00:00,93.9117
23/09/2017 00:00,90.8053
24/09/2017 00:00,88.0684
25/09/2017 00:00,85.6213
26/09/2017 00:00,84.4247
27/09/2017 00:00,85.493
28/09/2017 00:00,86.9061
29/09/2017 00:00,88.207
30/09/2017 00:00,90.5035
01/10/2017 00:00,94.0177
02/10/2017 00:00,98.4094
03/10/2017 00:00,97.3429
04/10/2017 00:00,93.8195
05/10/2017 00:00,88.8359
06/10/2017 00:00,88.2728
07/10/2017 00:00,89.211
08/10/2017 00:00,87.9671
09/10/2017 00:00,86.6479
10/10/2017 00:00,83.1811
11/10/2017 00:00,79.9091
12/10/2017 00:00,76.8555
13/10/2017 00:00,74.3618
14/10/2017 00:00,72.1378
15/10/2017 00:00,70.0317
16/10/2017 00:00,67.9768
17/10/2017 00:00,65.9853
18/10/2017 00:00,64.2472
19/10/2017 00:00,62.9473
20/10/2017 00:00,61.3552
21/10/2017 00:00,59.7218
22/10/2017 00:00,57.9186
23/10/2017 00:00,56.1239
24/10/2017 00:00,54.4038
25/10/2017 00:00,52.7511
26/10/2017 00:00,51.1513
27/10/2017 00:00,49.5974
28/10/2017 00:00,48.0857
29/10/2017 00:00,46.6138
30/10/2017 00:00,45.18
31/10/2017 00:00,43.783
01/11/2017 00:00,42.4215
02/11/2017 00:00,41.0946
03/11/2017 00:00,39.8013
04/11/2017 00:00,38.5406
05/11/2017 00:00,37.3119
06/11/2017 00:00,36.1141
07/11/2017 00:00,34.9466
08/11/2017 00:00,33.8085
09/11/2017 00:00,32.6991
10/11/2017 00:00,31.6178
11/11/2017 00:00,30.5637
12/11/2017 00:00,29.5519
13/11/2017 00:00,28.5799
14/11/2017 00:00,27.63
15/11/2017 00:00,26.7951
16/11/2017 00:00,26.0575
17/11/2017 00:00,25.3178
18/11/2017 00:00,24.5209
19/11/2017 00:00,23.6803
20/11/2017 00:00,22.8164
21/11/2017 00:00,21.9736
22/11/2017 00:00,21.156
23/11/2017 00:00,20.3625
24/11/2017 00:00,19.5929
25/11/2017 00:00,18.8477
26/11/2017 00:00,18.1293
27/11/2017 00:00,17.4415
28/11/2017 00:00,16.7927
29/11/2017 00:00,16.2074
30/11/2017 00:00,15.7378
01/12/2017 00:00,15.4198
02/12/2017 00:00,15.2309
03/12/2017 00:00,15.124
04/12/2017 00:00,15.0617
05/12/2017 00:00,15.0274
06/12/2017 00:00,15.0072
07/12/2017 00:00,14.9941
08/12/2017 00:00,14.9824
09/12/2017 00:00,14.9707
10/12/2017 00:00,14.9591
11/12/2017 00:00,14.9475
12/12/2017 00:00,14.9359
13/12/2017 00:00,14.9243
14/12/2017 00:00,14.9128
15/12/2017 00:00,14.9013
16/12/2017 00:00,14.8898
17/12/2017 00:00,14.8783
18/12/2017 00:00,14.8685
19/12/2017 00:00,14.8631
20/12/2017 00:00,14.8522
21/12/2017 00:00,14.8393
22/12/2017 00:00,14.8266
23/12/2017 00:00,14.8142
24/12/2017 00:00,14.8019
25/12/2017 00:00,14.7899
26/12/2017 00:00,14.7781
27/12/2017 00:00,14.7664
28/12/2017 00:00,14.7548
29/12/2017 00:00,14.7432
30/12/2017 00:00,14.7318
31/12/2017 00:00,14.7203
01/01/2018 00:00,14.7089
02/01/2018 00:00,14.6975
03/01/2018 00:00,14.6862
04/01/2018 00:00,14.6749
05/01/2018 00:00,14.6636
06/01/2018 00:00,14.681
07/01/2018 00:00,14.9764
08/01/2018 00:00,15.3269
09/01/2018 00:00,15.215
10/01/2018 00:00,14.9477
11/01/2018 00:00,14.778
12/01/2018 00:00,14.6938
13/01/2018 00:00,14.738
14/01/2018 00:00,15.3568
15/01/2018 00:00,15.2711
16/01/2018 00:00,14.9496
17/01/2018 00:00,14.7622
18/01/2018 00:00,14.6704
19/01/2018 00:00,14.6182
20/01/2018 00:00,14.5845
21/01/2018 00:00,14.5595
22/01/2018 00:00,14.5394
23/01/2018 00:00,14.5478
24/01/2018 00:00,15.1316
25/01/2018 00:00,15.1516
26/01/2018 00:00,14.9052
27/01/2018 00:00,14.7155
28/01/2018 00:00,14.5859
29/01/2018 00:00,14.561
30/01/2018 00:00,14.5558
31/01/2018 00:00,14.5273
01/02/2018 00:00,14.4842
02/02/2018 00:00,14.4517
03/02/2018 00:00,14.4307
04/02/2018 00:00,14.4091
05/02/2018 00:00,14.3916
06/02/2018 00:00,14.3768
07/02/2018 00:00,14.3642
08/02/2018 00:00,14.3586
09/02/2018 00:00,14.364
10/02/2018 00:00,14.6249
11/02/2018 00:00,17.1871
12/02/2018 00:00,21.1365
13/02/2018 00:00,20.2887
14/02/2018 00:00,19.3147
15/02/2018 00:00,17.653
16/02/2018 00:00,16.5031
17/02/2018 00:00,15.7163
18/02/2018 00:00,15.1659
19/02/2018 00:00,14.7787
20/02/2018 00:00,14.5465
21/02/2018 00:00,14.4273
22/02/2018 00:00,14.3715
23/02/2018 00:00,14.3427
24/02/2018 00:00,14.3233
25/02/2018 00:00,14.3078
26/02/2018 00:00,14.2947
27/02/2018 00:00,14.2815
28/02/2018 00:00,14.2704
01/03/2018 00:00,14.3444
02/03/2018 00:00,14.5041
03/03/2018 00:00,14.4335
04/03/2018 00:00,14.3265
05/03/2018 00:00,14.2704
06/03/2018 00:00,14.3867
07/03/2018 00:00,14.8758
08/03/2018 00:00,14.868
09/03/2018 00:00,14.6293
10/03/2018 00:00,14.4078
11/03/2018 00:00,14.2913
12/03/2018 00:00,14.2318
13/03/2018 00:00,14.1958
14/03/2018 00:00,14.1701
15/03/2018 00:00,14.1561
16/03/2018 00:00,14.3072
17/03/2018 00:00,14.527
18/03/2018 00:00,14.5712
19/03/2018 00:00,14.5252
20/03/2018 00:00,14.4042
21/03/2018 00:00,14.2607
22/03/2018 00:00,14.1694
23/03/2018 00:00,14.1196
24/03/2018 00:00,14.0896
25/03/2018 00:00,14.0673
26/03/2018 00:00,14.0491
27/03/2018 00:00,14.0338
28/03/2018 00:00,14.0274
29/03/2018 00:00,14.0844
30/03/2018 00:00,14.0838
31/03/2018 00:00,14.0214
01/04/2018 00:00,14.0774
02/04/2018 00:00,14.5901
03/04/2018 00:00,14.8773
04/04/2018 00:00,15.0166
05/04/2018 00:00,14.7635
06/04/2018 00:00,14.5446
07/04/2018 00:00,14.9358
08/04/2018 00:00,15.3771
09/04/2018 00:00,15.5021
10/04/2018 00:00,15.1783
11/04/2018 00:00,14.6779
12/04/2018 00:00,14.3211
13/04/2018 00:00,14.1052
14/04/2018 00:00,14.0009
15/04/2018 00:00,13.9539
16/04/2018 00:00,13.9253
17/04/2018 00:00,13.9039
18/04/2018 00:00,13.8862
19/04/2018 00:00,13.8707
20/04/2018 00:00,13.8567
21/04/2018 00:00,13.8436
22/04/2018 00:00,13.8312
23/04/2018 00:00,13.8192
24/04/2018 00:00,13.8075
25/04/2018 00:00,13.796
26/04/2018 00:00,13.7847
27/04/2018 00:00,13.7736
28/04/2018 00:00,13.93
29/04/2018 00:00,15.0492
30/04/2018 00:00,16.1862
01/05/2018 00:00,15.5847
02/05/2018 00:00,14.9283
03/05/2018 00:00,15.1236
04/05/2018 00:00,14.6462
05/05/2018 00:00,14.1519
06/05/2018 00:00,13.924
07/05/2018 00:00,13.8274
08/05/2018 00:00,13.7765
09/05/2018 00:00,13.7432
10/05/2018 00:00,13.7189
11/05/2018 00:00,13.6997
12/05/2018 00:00,13.6834
13/05/2018 00:00,13.9814
14/05/2018 00:00,14.9316
15/05/2018 00:00,14.5356
16/05/2018 00:00,14.0177
17/05/2018 00:00,13.8079
18/05/2018 00:00,13.7217
19/05/2018 00:00,13.6811
20/05/2018 00:00,14.3495
21/05/2018 00:00,16.0243
22/05/2018 00:00,15.6224
23/05/2018 00:00,16.0603
24/05/2018 00:00,16.4282
25/05/2018 00:00,17.6687
26/05/2018 00:00,17.4949
27/05/2018 00:00,16.6299
28/05/2018 00:00,16.0208
29/05/2018 00:00,17.1508
30/05/2018 00:00,18.1931
31/05/2018 00:00,18.3792
01/06/2018 00:00,17.7783
02/06/2018 00:00,17.9721
03/06/2018 00:00,18.048
04/06/2018 00:00,18.6706
05/06/2018 00:00,18.1737
06/06/2018 00:00,17.1758
07/06/2018 00:00,17.5381
08/06/2018 00:00,22.0318
09/06/2018 00:00,28.797
10/06/2018 00:00,31.9934
11/06/2018 00:00,35.021
12/06/2018 00:00,33.9688
13/06/2018 00:00,32.4983
14/06/2018 00:00,30.764
15/06/2018 00:00,28.0722
16/06/2018 00:00,25.9955
17/06/2018 00:00,24.4955
18/06/2018 00:00,23.3284
19/06/2018 00:00,22.3297
20/06/2018 00:00,21.5343
21/06/2018 00:00,21.4983
22/06/2018 00:00,22.9288
23/06/2018 00:00,24.4912
24/06/2018 00:00,25.5775
25/06/2018 00:00,30.0873
26/06/2018 00:00,35.3997
27/06/2018 00:00,35.7508
28/06/2018 00:00,34.0691
29/06/2018 00:00,31.5081
30/06/2018 00:00,29.3815
01/07/2018 00:00,33.0408
02/07/2018 00:00,42.2692
03/07/2018 00:00,41.7261
04/07/2018 00:00,44.0075
05/07/2018 00:00,45.0323
06/07/2018 00:00,40.6451
07/07/2018 00:00,38.8686
08/07/2018 00:00,36.9094
09/07/2018 00:00,35.0718
10/07/2018 00:00,35.0151
11/07/2018 00:00,38.5913
12/07/2018 00:00,40.9236
13/07/2018 00:00,41.7026
14/07/2018 00:00,40.6458
15/07/2018 00:00,39.1226
16/07/2018 00:00,39.3284
17/07/2018 00:00,45.8517
18/07/2018 00:00,47.6424
19/07/2018 00:00,47.7222
20/07/2018 00:00,47.7394
21/07/2018 00:00,54.604
22/07/2018 00:00,58.8968
23/07/2018 00:00,59.5745
24/07/2018 00:00,52.112
25/07/2018 00:00,57.3945
26/07/2018 00:00,68.402
27/07/2018 00:00,66.3101
28/07/2018 00:00,63.2125
29/07/2018 00:00,61.8226
30/07/2018 00:00,67.9789
31/07/2018 00:00,74.9575
01/08/2018 00:00,73.8216
02/08/2018 00:00,69.3156
03/08/2018 00:00,69.3914
04/08/2018 00:00,65.4423
05/08/2018 00:00,70.8314
06/08/2018 00:00,88.5729
07/08/2018 00:00,97.0614
08/08/2018 00:00,87.9665
09/08/2018 00:00,79.104
10/08/2018 00:00,75.8001
11/08/2018 00:00,76.932
12/08/2018 00:00,83.8197
13/08/2018 00:00,86.7945
14/08/2018 00:00,82.3072
15/08/2018 00:00,81.8793
16/08/2018 00:00,82.517
17/08/2018 00:00,79.7284
18/08/2018 00:00,78.0877
19/08/2018 00:00,78.7551
20/08/2018 00:00,79.9836
21/08/2018 00:00,76.9736
22/08/2018 00:00,73.5979
23/08/2018 00:00,73.4025
24/08/2018 00:00,82.5428
25/08/2018 00:00,97.6657
26/08/2018 00:00,103.593
27/08/2018 00:00,102.566
28/08/2018 00:00,100.124
29/08/2018 00:00,93.5543
30/08/2018 00:00,92.1273
31/08/2018 00:00,98.8816
01/09/2018 00:00,105.155
02/09/2018 00:00,106.636
03/09/2018 00:00,105.036
04/09/2018 00:00,107.537
05/09/2018 00:00,109.075
06/09/2018 00:00,110.05
07/09/2018 00:00,105.705
08/09/2018 00:00,99.4379
09/09/2018 00:00,95.9912
10/09/2018 00:00,103.269
11/09/2018 00:00,110.344
12/09/2018 00:00,101.683
13/09/2018 00:00,96.5015
14/09/2018 00:00,94.3383
15/09/2018 00:00,92.2584
16/09/2018 00:00,90.3204
17/09/2018 00:00,87.3676
18/09/2018 00:00,84.5138
19/09/2018 00:00,83.2059
20/09/2018 00:00,84.0618
21/09/2018 00:00,83.515
22/09/2018 00:00,80.0649
23/09/2018 00:00,76.6893
24/09/2018 00:00,73.9995
25/09/2018 00:00,73.0558
26/09/2018 00:00,75.911
27/09/2018 00:00,75.0764
28/09/2018 00:00,71.286
29/09/2018 00:00,68.3574
30/09/2018 00:00,66.0217
01/10/2018 00:00,63.9528
02/10/2018 00:00,62.015
03/10/2018 00:00,60.16
04/10/2018 00:00,58.3681
05/10/2018 00:00,56.63
06/10/2018 00:00,54.9403
07/10/2018 00:00,53.2959
08/10/2018 00:00,51.6947
09/10/2018 00:00,50.7855
10/10/2018 00:00,51.5385
11/10/2018 00:00,55.1055
12/10/2018 00:00,58.6065
13/10/2018 00:00,54.986
14/10/2018 00:00,51.4989
15/10/2018 00:00,49.0984
16/10/2018 00:00,47.2524
17/10/2018 00:00,45.6589
18/10/2018 00:00,44.1836
19/10/2018 00:00,42.7788
20/10/2018 00:00,41.4253
21/10/2018 00:00,40.1142
22/10/2018 00:00,38.8408
23/10/2018 00:00,37.6096
24/10/2018 00:00,36.4377
25/10/2018 00:00,35.2781
26/10/2018 00:00,34.1255
27/10/2018 00:00,33.0034
28/10/2018 00:00,31.9131
29/10/2018 00:00,30.852
30/10/2018 00:00,29.8186
31/10/2018 00:00,28.8118
01/11/2018 00:00,27.8308
02/11/2018 00:00,26.8748
03/11/2018 00:00,25.9431
04/11/2018 00:00,25.0351
05/11/2018 00:00,24.1501
06/11/2018 00:00,23.2876
07/11/2018 00:00,22.4469
08/11/2018 00:00,21.6277
09/11/2018 00:00,20.8292
10/11/2018 00:00,20.0514
11/11/2018 00:00,19.2954
12/11/2018 00:00,18.5655
13/11/2018 00:00,17.872
14/11/2018 00:00,17.2244
15/11/2018 00:00,16.6368
16/11/2018 00:00,16.1337
17/11/2018 00:00,15.7332
18/11/2018 00:00,15.4548
19/11/2018 00:00,15.2889
20/11/2018 00:00,15.201
21/11/2018 00:00,15.1574
22/11/2018 00:00,15.1333
23/11/2018 00:00,15.1166
24/11/2018 00:00,15.1038
25/11/2018 00:00,15.0921
26/11/2018 00:00,15.0805
27/11/2018 00:00,15.0689
28/11/2018 00:00,15.0573
29/11/2018 00:00,15.0457
30/11/2018 00:00,15.0342
01/12/2018 00:00,15.0226
02/12/2018 00:00,15.0384
03/12/2018 00:00,15.0312
04/12/2018 00:00,15.0089
05/12/2018 00:00,14.9924
06/12/2018 00:00,14.9762
07/12/2018 00:00,14.9635
08/12/2018 00:00,14.9591
09/12/2018 00:00,14.9469
10/12/2018 00:00,14.9442
11/12/2018 00:00,14.9396
12/12/2018 00:00,14.9229
13/12/2018 00:00,14.9106
14/12/2018 00:00,14.8955
15/12/2018 00:00,14.8788
16/12/2018 00:00,14.8639
17/12/2018 00:00,14.9019
18/12/2018 00:00,15.0302
19/12/2018 00:00,14.9666
20/12/2018 00:00,14.8925
21/12/2018 00:00,14.8489
22/12/2018 00:00,14.8203
23/12/2018 00:00,14.7997
24/12/2018 00:00,14.8023
25/12/2018 00:00,14.8154
26/12/2018 00:00,14.8905
27/12/2018 00:00,15.3323
28/12/2018 00:00,15.1822
29/12/2018 00:00,14.9599
30/12/2018 00:00,14.9003
31/12/2018 00:00,14.8473
01/01/2019 00:00,14.7757
02/01/2019 00:00,14.749
03/01/2019 00:00,14.7441
04/01/2019 00:00,14.7082
05/01/2019 00:00,14.6814
06/01/2019 00:00,14.8215
07/01/2019 00:00,15.088
08/01/2019 00:00,14.9485
09/01/2019 00:00,14.7687
10/01/2019 00:00,14.6874
11/01/2019 00:00,14.7586
12/01/2019 00:00,14.7434
13/01/2019 00:00,14.6882
14/01/2019 00:00,14.6844
15/01/2019 00:00,15.4797
16/01/2019 00:00,15.3843
17/01/2019 00:00,15.1583
18/01/2019 00:00,15.6282
19/01/2019 00:00,15.3996
20/01/2019 00:00,15.0917
21/01/2019 00:00,14.8687
22/01/2019 00:00,14.6896
23/01/2019 00:00,14.5974
24/01/2019 00:00,14.5486
25/01/2019 00:00,14.519
26/01/2019 00:00,14.6419
27/01/2019 00:00,14.8045
28/01/2019 00:00,14.975
29/01/2019 00:00,15.1433
30/01/2019 00:00,14.9984
31/01/2019 00:00,14.7463
01/02/2019 00:00,14.5818
02/02/2019 00:00,14.4916
03/02/2019 00:00,14.4503
04/02/2019 00:00,14.441
05/02/2019 00:00,14.4253
06/02/2019 00:00,14.4023
07/02/2019 00:00,14.3811
08/02/2019 00:00,14.3647
09/02/2019 00:00,14.3521
10/02/2019 00:00,14.4143
11/02/2019 00:00,14.5669
12/02/2019 00:00,14.6097
13/02/2019 00:00,14.6187
14/02/2019 00:00,14.5499
15/02/2019 00:00,14.6439
16/02/2019 00:00,15.1376
17/02/2019 00:00,14.8607
18/02/2019 00:00,14.6565
19/02/2019 00:00,14.5243
20/02/2019 00:00,14.4241
21/02/2019 00:00,14.3453
22/02/2019 00:00,14.8113
23/02/2019 00:00,20.5561
24/02/2019 00:00,22.4937
25/02/2019 00:00,28.1945
26/02/2019 00:00,24.6729
27/02/2019 00:00,22.863
28/02/2019 00:00,20.4275
01/03/2019 00:00,19.0022
02/03/2019 00:00,17.9812
03/03/2019 00:00,17.1398
04/03/2019 00:00,16.4043
05/03/2019 00:00,15.7866
06/03/2019 00:00,15.2903
07/03/2019 00:00,14.9024
08/03/2019 00:00,14.6251
09/03/2019 00:00,14.451
10/03/2019 00:00,14.3482
11/03/2019 00:00,14.2853
12/03/2019 00:00,14.2502
13/03/2019 00:00,14.2298
14/03/2019 00:00,14.2151
15/03/2019 00:00,14.2414
16/03/2019 00:00,14.597
17/03/2019 00:00,15.9652
18/03/2019 00:00,22.026
19/03/2019 00:00,21.3938
20/03/2019 00:00,20.5597
21/03/2019 00:00,18.3155
22/03/2019 00:00,16.8942
23/03/2019 00:00,15.9251
24/03/2019 00:00,15.269
25/03/2019 00:00,14.822
26/03/2019 00:00,14.5156
27/03/2019 00:00,14.3379
28/03/2019 00:00,14.2523
29/03/2019 00:00,14.2144
30/03/2019 00:00,14.1946
31/03/2019 00:00,14.3691
01/04/2019 00:00,15.2972
02/04/2019 00:00,15.1663
03/04/2019 00:00,14.7903
04/04/2019 00:00,14.5036
05/04/2019 00:00,14.3137
06/04/2019 00:00,14.2849
07/04/2019 00:00,14.9547
08/04/2019 00:00,15.8053
09/04/2019 00:00,16.6309
10/04/2019 00:00,17.2895
11/04/2019 00:00,17.0627
12/04/2019 00:00,16.3134
13/04/2019 00:00,15.5487
14/04/2019 00:00,15.0849
15/04/2019 00:00,14.8448
16/04/2019 00:00,14.6413
17/04/2019 00:00,14.427
18/04/2019 00:00,14.3125
19/04/2019 00:00,14.5408
20/04/2019 00:00,15.1374
21/04/2019 00:00,15.1136
22/04/2019 00:00,15.1735
23/04/2019 00:00,14.8373
24/04/2019 00:00,14.5773
25/04/2019 00:00,14.4082
26/04/2019 00:00,14.2603
27/04/2019 00:00,14.1705
28/04/2019 00:00,14.1179
29/04/2019 00:00,14.0847
30/04/2019 00:00,14.0603
01/05/2019 00:00,14.0408
02/05/2019 00:00,14.0907
03/05/2019 00:00,15.4609
04/05/2019 00:00,18.7067
05/05/2019 00:00,17.1853
06/05/2019 00:00,15.9868
07/05/2019 00:00,15.0657
08/05/2019 00:00,14.4412
09/05/2019 00:00,14.1891
10/05/2019 00:00,14.0812
11/05/2019 00:00,14.025
12/05/2019 00:00,13.9919
13/05/2019 00:00,13.9685
14/05/2019 00:00,13.9496
15/05/2019 00:00,13.9334
16/05/2019 00:00,13.9215
17/05/2019 00:00,13.9074
18/05/2019 00:00,13.8937
19/05/2019 00:00,13.8811
20/05/2019 00:00,13.8691
21/05/2019 00:00,13.8574
22/05/2019 00:00,13.8459
23/05/2019 00:00,13.9815
24/05/2019 00:00,14.5158
25/05/2019 00:00,14.3095
26/05/2019 00:00,14.0323
27/05/2019 00:00,13.9074
28/05/2019 00:00,14.0306
29/05/2019 00:00,14.7253
30/05/2019 00:00,14.5265
31/05/2019 00:00,14.9569
01/06/2019 00:00,16.8287
02/06/2019 00:00,17.0136
03/06/2019 00:00,15.725
04/06/2019 00:00,15.449
05/06/2019 00:00,17.3188
06/06/2019 00:00,22.3458
07/06/2019 00:00,23.1265
08/06/2019 00:00,22.779
09/06/2019 00:00,22.0889
10/06/2019 00:00,20.2204
11/06/2019 00:00,18.7788
12/06/2019 00:00,17.5157
13/06/2019 00:00,16.5756
14/06/2019 00:00,16.0675
15/06/2019 00:00,17.0639
16/06/2019 00:00,21.9338
17/06/2019 00:00,20.279
18/06/2019 00:00,19.1989
19/06/2019 00:00,19.0602
20/06/2019 00:00,20.7161
21/06/2019 00:00,24.6699
22/06/2019 00:00,31.428
23/06/2019 00:00,30.4151
24/06/2019 00:00,26.3464
25/06/2019 00:00,23.152
26/06/2019 00:00,21.6706
27/06/2019 00:00,24.8978
28/06/2019 00:00,30.4659
29/06/2019 00:00,29.056
30/06/2019 00:00,30.33
01/07/2019 00:00,30.4681
02/07/2019 00:00,34.7033
03/07/2019 00:00,38.9583
04/07/2019 00:00,34.2808
05/07/2019 00:00,30.7769
06/07/2019 00:00,30.8295
07/07/2019 00:00,32.6219
08/07/2019 00:00,32.1896
09/07/2019 00:00,39.026
10/07/2019 00:00,42.5031
11/07/2019 00:00,45.1248
12/07/2019 00:00,45.014
13/07/2019 00:00,44.9565
14/07/2019 00:00,40.2211
15/07/2019 00:00,37.3749
16/07/2019 00:00,36.6026
17/07/2019 00:00,37.6298
18/07/2019 00:00,38.4157
19/07/2019 00:00,39.9298
20/07/2019 00:00,37.2759
21/07/2019 00:00,35.0112
22/07/2019 00:00,33.8479
23/07/2019 00:00,35.7032
24/07/2019 00:00,39.7081
25/07/2019 00:00,42.5648
26/07/2019 00:00,46.3803
27/07/2019 00:00,56.3339
28/07/2019 00:00,63.1294
29/07/2019 00:00,55.7401
30/07/2019 00:00,48.3522
31/07/2019 00:00,44.8448
01/08/2019 00:00,42.6835
02/08/2019 00:00,41.2537
03/08/2019 00:00,40.0645
04/08/2019 00:00,38.9893
05/08/2019 00:00,40.7776
06/08/2019 00:00,56.4271
07/08/2019 00:00,69.1311
08/08/2019 00:00,59.0892
09/08/2019 00:00,54.1094
10/08/2019 00:00,50.7767
11/08/2019 00:00,57.4699
12/08/2019 00:00,72.4486
13/08/2019 00:00,80.9747
14/08/2019 00:00,79.5912
15/08/2019 00:00,71.1074
16/08/2019 00:00,66.1019
17/08/2019 00:00,72.8032
18/08/2019 00:00,85.7882
19/08/2019 00:00,87.1036
20/08/2019 00:00,77.0917
21/08/2019 00:00,71.1591
22/08/2019 00:00,69.773
23/08/2019 00:00,71.4398
24/08/2019 00:00,73.3304
25/08/2019 00:00,75.5024
26/08/2019 00:00,81.9135
27/08/2019 00:00,85.2618
28/08/2019 00:00,81.0871
29/08/2019 00:00,79.4383
30/08/2019 00:00,75.3319
31/08/2019 00:00,71.5746
01/09/2019 00:00,69.3399
02/09/2019 00:00,69.9021
03/09/2019 00:00,72.164
04/09/2019 00:00,73.6618
05/09/2019 00:00,70.8859
06/09/2019 00:00,67.9619
07/09/2019 00:00,68.9
08/09/2019 00:00,70.4421
09/09/2019 00:00,67.3874
10/09/2019 00:00,65.8828
11/09/2019 00:00,67.779
12/09/2019 00:00,76.2749
13/09/2019 00:00,80.5911
14/09/2019 00:00,70.9181
15/09/2019 00:00,66.105
16/09/2019 00:00,64.6597
17/09/2019 00:00,64.1513
18/09/2019 00:00,61.1191
19/09/2019 00:00,58.91
20/09/2019 00:00,57.0572
21/09/2019 00:00,55.2601
22/09/2019 00:00,53.5296
23/09/2019 00:00,52.1702
24/09/2019 00:00,52.8489
25/09/2019 00:00,56.8742
26/09/2019 00:00,62.4487
27/09/2019 00:00,66.0291
28/09/2019 00:00,65.6369
29/09/2019 00:00,69.9489
30/09/2019 00:00,71.2759
01/10/2019 00:00,76.1455
02/10/2019 00:00,76.7709
03/10/2019 00:00,71.7321
04/10/2019 00:00,65.9062
05/10/2019 00:00,64.221
06/10/2019 00:00,69.6309
07/10/2019 00:00,75.8002
08/10/2019 00:00,78.3836
09/10/2019 00:00,73.0896
10/10/2019 00:00,67.4734
11/10/2019 00:00,64.3896
12/10/2019 00:00,62.0834
13/10/2019 00:00,59.8037
14/10/2019 00:00,57.8569
15/10/2019 00:00,56.0647
16/10/2019 00:00,54.3591
17/10/2019 00:00,52.715
18/10/2019 00:00,53.5593
19/10/2019 00:00,54.2993
20/10/2019 00:00,53.1414
21/10/2019 00:00,50.822
22/10/2019 00:00,48.8158
23/10/2019 00:00,47.1296
24/10/2019 00:00,45.7048
25/10/2019 00:00,44.2675
26/10/2019 00:00,43.0317
27/10/2019 00:00,41.6735
28/10/2019 00:00,40.2853
29/10/2019 00:00,38.9835
30/10/2019 00:00,37.7343
31/10/2019 00:00,36.5243
01/11/2019 00:00,35.3482
02/11/2019 00:00,34.2034
03/11/2019 00:00,33.0883
04/11/2019 00:00,32.0019
05/11/2019 00:00,30.9432
06/11/2019 00:00,29.9115
07/11/2019 00:00,28.9066
08/11/2019 00:00,27.9333
09/11/2019 00:00,27.1776
10/11/2019 00:00,26.8547
11/11/2019 00:00,26.1329
12/11/2019 00:00,25.3055
13/11/2019 00:00,24.4171
14/11/2019 00:00,23.5227
15/11/2019 00:00,22.6664
16/11/2019 00:00,21.8547
17/11/2019 00:00,21.0833
18/11/2019 00:00,20.3651
19/11/2019 00:00,19.693
20/11/2019 00:00,19.0554
21/11/2019 00:00,18.4545
22/11/2019 00:00,17.8985
23/11/2019 00:00,17.3904
24/11/2019 00:00,16.9229
25/11/2019 00:00,16.5017
26/11/2019 00:00,16.137
27/11/2019 00:00,15.838
28/11/2019 00:00,15.5964
29/11/2019 00:00,15.4194
30/11/2019 00:00,15.3123
01/12/2019 00:00,15.2581
02/12/2019 00:00,15.2393
03/12/2019 00:00,15.2314
04/12/2019 00:00,15.2167
05/12/2019 00:00,15.2028
06/12/2019 00:00,15.19
07/12/2019 00:00,15.1776
08/12/2019 00:00,15.1656
09/12/2019 00:00,15.1536
10/12/2019 00:00,15.1417
11/12/2019 00:00,15.1299
12/12/2019 00:00,15.1181
13/12/2019 00:00,15.1064
14/12/2019 00:00,15.0947
15/12/2019 00:00,15.083
16/12/2019 00:00,15.0713
17/12/2019 00:00,15.0597
18/12/2019 00:00,15.0481
19/12/2019 00:00,15.0365
20/12/2019 00:00,15.0249
21/12/2019 00:00,15.0133
22/12/2019 00:00,15.0017
23/12/2019 00:00,14.9902
24/12/2019 00:00,14.9786
25/12/2019 00:00,14.9682
26/12/2019 00:00,15.0191
27/12/2019 00:00,15.1007
28/12/2019 00:00,15.0819
29/12/2019 00:00,15.0559
30/12/2019 00:00,14.9955
31/12/2019 00:00,14.9619
01/01/2020 00:00,15.3306
02/01/2020 00:00,22.9552
03/01/2020 00:00,24.7454
04/01/2020 00:00,25.3907
05/01/2020 00:00,22.14
06/01/2020 00:00,20.3224
07/01/2020 00:00,19.127
08/01/2020 00:00,18.2777
09/01/2020 00:00,17.7276
10/01/2020 00:00,17.0221
11/01/2020 00:00,16.361
12/01/2020 00:00,15.8465
13/01/2020 00:00,15.4937
14/01/2020 00:00,15.2248
15/01/2020 00:00,15.0538
16/01/2020 00:00,14.9709
17/01/2020 00:00,14.9339
18/01/2020 00:00,14.9116
19/01/2020 00:00,14.8944
20/01/2020 00:00,14.9142
21/01/2020 00:00,15.1365
22/01/2020 00:00,15.0561
23/01/2020 00:00,15.054
24/01/2020 00:00,15.5708
25/01/2020 00:00,15.3225
26/01/2020 00:00,15.019
27/01/2020 00:00,14.8947
28/01/2020 00:00,14.8398
29/01/2020 00:00,14.9377
30/01/2020 00:00,15.5661
31/01/2020 00:00,15.3061
01/02/2020 00:00,14.9808
02/02/2020 00:00,14.8417
03/02/2020 00:00,14.7817
04/02/2020 00:00,14.9949
05/02/2020 00:00,16.2334
06/02/2020 00:00,16.295
07/02/2020 00:00,16.3681
08/02/2020 00:00,17.3043
09/02/2020 00:00,16.8353
10/02/2020 00:00,16.2678
11/02/2020 00:00,15.6944
12/02/2020 00:00,16.0883
13/02/2020 00:00,16.0498
14/02/2020 00:00,15.7706
15/02/2020 00:00,15.3603
16/02/2020 00:00,15.289
17/02/2020 00:00,16.0868
18/02/2020 00:00,15.69
19/02/2020 00:00,15.1713
20/02/2020 00:00,14.9826
21/02/2020 00:00,14.9361
22/02/2020 00:00,14.8551
23/02/2020 00:00,14.7526
24/02/2020 00:00,14.6871
25/02/2020 00:00,14.8149
26/02/2020 00:00,15.1406
27/02/2020 00:00,15.2631
28/02/2020 00:00,15.2072
29/02/2020 00:00,15.0414
01/03/2020 00:00,14.834
02/03/2020 00:00,14.7135
03/03/2020 00:00,14.6578
04/03/2020 00:00,14.6152
05/03/2020 00:00,14.5795
06/03/2020 00:00,14.555
07/03/2020 00:00,14.5364
08/03/2020 00:00,14.5205
09/03/2020 00:00,14.506
10/03/2020 00:00,14.4925
11/03/2020 00:00,14.4796
12/03/2020 00:00,14.4711
13/03/2020 00:00,15.0448
14/03/2020 00:00,19.7171
15/03/2020 00:00,29.5686
16/03/2020 00:00,29.8664
17/03/2020 00:00,28.417
18/03/2020 00:00,25.2788
19/03/2020 00:00,25.4884
20/03/2020 00:00,31.4942
21/03/2020 00:00,29.0134
22/03/2020 00:00,26.7246
23/03/2020 00:00,24.337
24/03/2020 00:00,22.8687
25/03/2020 00:00,21.7619
26/03/2020 00:00,20.8296
27/03/2020 00:00,19.9806
28/03/2020 00:00,19.1794
29/03/2020 00:00,18.4115
30/03/2020 00:00,17.6703
31/03/2020 00:00,16.9576
01/04/2020 00:00,16.3016
02/04/2020 00:00,15.7536
03/04/2020 00:00,15.3348
04/04/2020 00:00,15.0271
05/04/2020 00:00,14.8057
06/04/2020 00:00,14.6626
07/04/2020 00:00,14.8831
08/04/2020 00:00,16.6262
09/04/2020 00:00,17.3934
10/04/2020 00:00,17.5888
11/04/2020 00:00,17.2228
12/04/2020 00:00,16.3682
13/04/2020 00:00,15.7345
14/04/2020 00:00,15.3028
15/04/2020 00:00,15.0121
16/04/2020 00:00,15.0213
17/04/2020 00:00,14.8504
18/04/2020 00:00,14.6961
19/04/2020 00:00,14.6145
20/04/2020 00:00,14.9692
21/04/2020 00:00,17.1802
22/04/2020 00:00,20.427
23/04/2020 00:00,19.8252
24/04/2020 00:00,19.0429
25/04/2020 00:00,19.0524
26/04/2020 00:00,18.5994
27/04/2020 00:00,17.6875
28/04/2020 00:00,17.2617
29/04/2020 00:00,16.4879
30/04/2020 00:00,15.7365
01/05/2020 00:00,15.2902
02/05/2020 00:00,15.0335
03/05/2020 00:00,14.8048
04/05/2020 00:00,15.3788
05/05/2020 00:00,17.4063
06/05/2020 00:00,16.3969
07/05/2020 00:00,15.4393
08/05/2020 00:00,15.1684
09/05/2020 00:00,14.9925
10/05/2020 00:00,14.8939
11/05/2020 00:00,14.7421
12/05/2020 00:00,14.7124
13/05/2020 00:00,14.7811
14/05/2020 00:00,14.7119
15/05/2020 00:00,14.6421
16/05/2020 00:00,15.1402
17/05/2020 00:00,14.9476
18/05/2020 00:00,15.0808
19/05/2020 00:00,14.8629
20/05/2020 00:00,14.7561
21/05/2020 00:00,15.0477
22/05/2020 00:00,14.8811
23/05/2020 00:00,14.6795
24/05/2020 00:00,14.6025
25/05/2020 00:00,14.8411
26/05/2020 00:00,14.7012
27/05/2020 00:00,14.5385
28/05/2020 00:00,15.9066
29/05/2020 00:00,21.8646
30/05/2020 00:00,23.4599
31/05/2020 00:00,20.9912
01/06/2020 00:00,20.9116
02/06/2020 00:00,19.2476
03/06/2020 00:00,18.0784
04/06/2020 00:00,18.8201
05/06/2020 00:00,21.5324
06/06/2020 00:00,19.9142
07/06/2020 00:00,18.9899
08/06/2020 00:00,18.5373
09/06/2020 00:00,17.489
10/06/2020 00:00,17.0921
11/06/2020 00:00,17.7437
12/06/2020 00:00,17.2737
13/06/2020 00:00,20.1682
14/06/2020 00:00,29.6215
15/06/2020 00:00,38.7091
16/06/2020 00:00,42.7851
17/06/2020 00:00,45.4318
18/06/2020 00:00,43.707
19/06/2020 00:00,38.0847
20/06/2020 00:00,34.671
21/06/2020 00:00,33.3749
22/06/2020 00:00,33.4361
23/06/2020 00:00,32.6674
24/06/2020 00:00,30.5436
25/06/2020 00:00,31.4577
26/06/2020 00:00,38.987
27/06/2020 00:00,42.1334
28/06/2020 00:00,46.1024
29/06/2020 00:00,45.3145
30/06/2020 00:00,41.2336
01/07/2020 00:00,37.7624
02/07/2020 00:00,35.932
03/07/2020 00:00,37.5929
04/07/2020 00:00,40.7059
05/07/2020 00:00,42.4007
06/07/2020 00:00,49.3634
07/07/2020 00:00,54.3945
08/07/2020 00:00,50.6489
09/07/2020 00:00,50.9599
10/07/2020 00:00,51.0909
11/07/2020 00:00,56.8331
12/07/2020 00:00,58.4739
13/07/2020 00:00,58.3448
14/07/2020 00:00,59.6869
15/07/2020 00:00,59.3141
16/07/2020 00:00,56.3381
17/07/2020 00:00,54.098
18/07/2020 00:00,53.6497
19/07/2020 00:00,53.9938
20/07/2020 00:00,55.3465
21/07/2020 00:00,60.7149
22/07/2020 00:00,70.6743
23/07/2020 00:00,70.6883
24/07/2020 00:00,71.5596
25/07/2020 00:00,71.7123
26/07/2020 00:00,65.7752
27/07/2020 00:00,66.52
28/07/2020 00:00,76.3988
29/07/2020 00:00,78.1423
30/07/2020 00:00,71.2451
31/07/2020 00:00,71.6264
01/08/2020 00:00,74.625
02/08/2020 00:00,73.8244
03/08/2020 00:00,77.2829
04/08/2020 00:00,81.8291
05/08/2020 00:00,82.4559
06/08/2020 00:00,80.3021
07/08/2020 00:00,77.0662
08/08/2020 00:00,75.4523
09/08/2020 00:00,82.0118
10/08/2020 00:00,81.9658
11/08/2020 00:00,74.2365
12/08/2020 00:00,72.2258
13/08/2020 00:00,72.5503
14/08/2020 00:00,72.5379
15/08/2020 00:00,77.7203
16/08/2020 00:00,92.2108
17/08/2020 00:00,99.0782
18/08/2020 00:00,87.6579
19/08/2020 00:00,83.0935
20/08/2020 00:00,83.5849
21/08/2020 00:00,84.3185
22/08/2020 00:00,80.6704
23/08/2020 00:00,77.2801
24/08/2020 00:00,76.1276
25/08/2020 00:00,81.7939
26/08/2020 00:00,101.455
27/08/2020 00:00,116.002
28/08/2020 00:00,102.464
29/08/2020 00:00,90.3348
30/08/2020 00:00,85.3567
31/08/2020 00:00,82.1909
01/09/2020 00:00,86.497
02/09/2020 00:00,92.9184
03/09/2020 00:00,87.4028
04/09/2020 00:00,81.7769
05/09/2020 00:00,78.3771
06/09/2020 00:00,77.1101
07/09/2020 00:00,80.037
08/09/2020 00:00,86.8209
09/09/2020 00:00,93.0896
10/09/2020 00:00,92.8388
11/09/2020 00:00,87.0187
12/09/2020 00:00,83.7945
13/09/2020 00:00,81.0784
14/09/2020 00:00,78.0071
15/09/2020 00:00,75.4835
16/09/2020 00:00,74.0731
17/09/2020 00:00,74.6382
18/09/2020 00:00,75.4018
19/09/2020 00:00,74.0509
20/09/2020 00:00,72.4574
21/09/2020 00:00,74.2419
22/09/2020 00:00,75.872
23/09/2020 00:00,77.0073
24/09/2020 00:00,78.6156
25/09/2020 00:00,78.0158
26/09/2020 00:00,77.6144
27/09/2020 00:00,74.241
28/09/2020 00:00,70.7751
29/09/2020 00:00,68.13
30/09/2020 00:00,66.3887
01/10/2020 00:00,70.9898
02/10/2020 00:00,76.8875
03/10/2020 00:00,81.3103
04/10/2020 00:00,88.9717
05/10/2020 00:00,84.2914
06/10/2020 00:00,76.5739
07/10/2020 00:00,73.2661
08/10/2020 00:00,71.6487
09/10/2020 00:00,70.4358
10/10/2020 00:00,72.4902
11/10/2020 00:00,74.4153
12/10/2020 00:00,71.2677
13/10/2020 00:00,67.3274
14/10/2020 00:00,64.7416
15/10/2020 00:00,62.7199
16/10/2020 00:00,60.8212
17/10/2020 00:00,58.9699
18/10/2020 00:00,57.2442
19/10/2020 00:00,55.553
20/10/2020 00:00,53.8817
21/10/2020 00:00,52.2853
22/10/2020 00:00,51.1035
23/10/2020 00:00,50.3119
24/10/2020 00:00,48.917
25/10/2020 00:00,47.2424
26/10/2020 00:00,45.6923
27/10/2020 00:00,44.3265
28/10/2020 00:00,43.4188
29/10/2020 00:00,42.6943
30/10/2020 00:00,41.7558
31/10/2020 00:00,40.5294
01/11/2020 00:00,39.3074
02/11/2020 00:00,38.1301
03/11/2020 00:00,36.9785
04/11/2020 00:00,35.8041
05/11/2020 00:00,34.6509
06/11/2020 00:00,33.5327
07/11/2020 00:00,32.4461
08/11/2020 00:00,31.4014
09/11/2020 00:00,30.3901
10/11/2020 00:00,29.3873
11/11/2020 00:00,28.4112
12/11/2020 00:00,27.4625
13/11/2020 00:00,26.5412
14/11/2020 00:00,25.6527
15/11/2020 00:00,24.7735
16/11/2020 00:00,23.9109
17/11/2020 00:00,23.0706
18/11/2020 00:00,22.2541
19/11/2020 00:00,21.4656
20/11/2020 00:00,20.7097
21/11/2020 00:00,20.0142
22/11/2020 00:00,19.3685
23/11/2020 00:00,18.7522
24/11/2020 00:00,18.1632
25/11/2020 00:00,17.63
26/11/2020 00:00,17.1662
27/11/2020 00:00,16.7822
28/11/2020 00:00,16.4773
29/11/2020 00:00,16.2458
30/11/2020 00:00,16.0791
01/12/2020 00:00,15.964
02/12/2020 00:00,15.8852
03/12/2020 00:00,15.8348
04/12/2020 00:00,15.8038
05/12/2020 00:00,15.7855
06/12/2020 00:00,15.7726
07/12/2020 00:00,15.7603
08/12/2020 00:00,15.7481
09/12/2020 00:00,15.7359
10/12/2020 00:00,15.7238
11/12/2020 00:00,15.7116
12/12/2020 00:00,15.6995
13/12/2020 00:00,15.6874
14/12/2020 00:00,15.6753
15/12/2020 00:00,15.6632
16/12/2020 00:00,15.6512
17/12/2020 00:00,15.6391
18/12/2020 00:00,15.6271
19/12/2020 00:00,15.6151
20/12/2020 00:00,15.6031
21/12/2020 00:00,15.5911
22/12/2020 00:00,15.5791
23/12/2020 00:00,15.5671
24/12/2020 00:00,15.5551
25/12/2020 00:00,15.5432
26/12/2020 00:00,15.5312
27/12/2020 00:00,15.5193
28/12/2020 00:00,15.5073
29/12/2020 00:00,15.4954
30/12/2020 00:00,15.4835
31/12/2020 00:00,15.4716
