id,name,kind,row,col,utm_e,utm_n,lat,lon
1,outlet,gauge,172,148,563250.0,2872650.0,25.971226,87.631847
1,outlet,gauge+site,172,148,563250.0,2872650.0,25.971226,87.631847
2,confluence_1,gauge,170,147,562950.0,2873250.0,25.976656,87.628879
2,confluence_1,gauge+site,170,147,562950.0,2873250.0,25.976656,87.628879
3,confluence_2,gauge,169,146,562650.0,2873550.0,25.979378,87.625897
3,confluence_2,gauge+site,169,146,562650.0,2873550.0,25.979378,87.625897
4,confluence_3,gauge,168,145,562350.0,2873850.0,25.9821,87.622914
4,confluence_3,gauge+site,168,145,562350.0,2873850.0,25.9821,87.622914
5,confluence_4,gauge,167,143,561750.0,2874150.0,25.984834,87.616934
5,confluence_4,gauge+site,167,143,561750.0,2874150.0,25.984834,87.616934
6,confluence_5,gauge,162,143,561750.0,2875650.0,25.998378,87.617005
6,confluence_5,gauge+site,162,143,561750.0,2875650.0,25.998378,87.617005
7,confluence_6,gauge,161,144,562050.0,2875950.0,26.001074,87.620017
7,confluence_6,gauge+site,161,144,562050.0,2875950.0,26.001074,87.620017
8,confluence_7,gauge,159,142,561450.0,2876550.0,26.006518,87.61405
8,confluence_7,gauge+site,159,142,561450.0,2876550.0,26.006518,87.61405
9,confluence_8,gauge,157,141,561150.0,2877150.0,26.011948,87.61108
9,confluence_8,gauge+site,157,141,561150.0,2877150.0,26.011948,87.61108
10,confluence_9,gauge,156,140,560850.0,2877450.0,26.014669,87.608096
10,confluence_9,gauge+site,156,140,560850.0,2877450.0,26.014669,87.608096
11,confluence_10,gauge,155,139,560550.0,2877750.0,26.017391,87.605112
11,confluence_10,gauge+site,155,139,560550.0,2877750.0,26.017391,87.605112
12,confluence_11,gauge,153,138,560250.0,2878350.0,26.022821,87.602142
12,confluence_11,gauge+site,153,138,560250.0,2878350.0,26.022821,87.602142
13,confluence_12,gauge,151,137,559950.0,2878950.0,26.028251,87.599171
13,confluence_12,gauge+site,151,137,559950.0,2878950.0,26.028251,87.599171
14,confluence_13,gauge,150,137,559950.0,2879250.0,26.03096,87.599185
14,confluence_13,gauge+site,150,137,559950.0,2879250.0,26.03096,87.599185
15,confluence_14,gauge,146,137,559950.0,2880450.0,26.041795,87.59924
15,confluence_14,gauge+site,146,137,559950.0,2880450.0,26.041795,87.59924
16,confluence_15,gauge,145,136,559650.0,2880750.0,26.044516,87.596255
16,confluence_15,gauge+site,145,136,559650.0,2880750.0,26.044516,87.596255
17,confluence_16,gauge,144,136,559650.0,2881050.0,26.047225,87.596269
17,confluence_16,gauge+site,144,136,559650.0,2881050.0,26.047225,87.596269
18,confluence_17,gauge,144,135,559350.0,2881050.0,26.047237,87.59327
18,confluence_17,gauge+site,144,135,559350.0,2881050.0,26.047237,87.59327
19,confluence_18,gauge,143,133,558750.0,2881350.0,26.04997,87.587286
19,confluence_18,gauge+site,143,133,558750.0,2881350.0,26.04997,87.587286
20,confluence_19,gauge,142,132,558450.0,2881650.0,26.052691,87.584301
20,confluence_19,gauge+site,142,132,558450.0,2881650.0,26.052691,87.584301
21,confluence_20,gauge,142,131,558150.0,2881650.0,26.052704,87.581302
21,confluence_20,gauge+site,142,131,558150.0,2881650.0,26.052704,87.581302
22,confluence_21,gauge,172,165,568350.0,2872650.0,25.970994,87.682792
22,confluence_21,gauge+site,172,165,568350.0,2872650.0,25.970994,87.682792
23,confluence_22,gauge,169,165,568350.0,2873550.0,25.979121,87.682839
23,confluence_22,gauge+site,169,165,568350.0,2873550.0,25.979121,87.682839
24,confluence_23,gauge,164,163,567750.0,2875050.0,25.992693,87.676923
24,confluence_23,gauge+site,164,163,567750.0,2875050.0,25.992693,87.676923
25,confluence_24,gauge,163,162,567450.0,2875350.0,25.995415,87.673941
25,confluence_24,gauge+site,163,162,567450.0,2875350.0,25.995415,87.673941
26,confluence_25,gauge,162,162,567450.0,2875650.0,25.998124,87.673956
26,confluence_25,gauge+site,162,162,567450.0,2875650.0,25.998124,87.673956
27,confluence_26,gauge,157,159,566550.0,2877150.0,26.01171,87.66504
27,confluence_26,gauge+site,157,159,566550.0,2877150.0,26.01171,87.66504
28,confluence_27,gauge,155,158,566250.0,2877750.0,26.017141,87.662073
28,confluence_27,gauge+site,155,158,566250.0,2877750.0,26.017141,87.662073
29,confluence_28,gauge,154,157,565950.0,2878050.0,26.019863,87.65909
29,confluence_28,gauge+site,154,157,565950.0,2878050.0,26.019863,87.65909
30,confluence_29,gauge,153,154,565050.0,2878350.0,26.022613,87.650111
30,confluence_29,gauge+site,153,154,565050.0,2878350.0,26.022613,87.650111
31,confluence_30,gauge,149,153,564750.0,2879550.0,26.033462,87.647172
31,confluence_30,gauge+site,149,153,564750.0,2879550.0,26.033462,87.647172
32,confluence_31,gauge,146,152,564450.0,2880450.0,26.041601,87.644218
32,confluence_31,gauge+site,146,152,564450.0,2880450.0,26.041601,87.644218
33,confluence_32,gauge,145,150,563850.0,2880750.0,26.044337,87.638236
33,confluence_32,gauge+site,145,150,563850.0,2880750.0,26.044337,87.638236
34,confluence_33,gauge,144,149,563550.0,2881050.0,26.047059,87.635252
34,confluence_33,gauge+site,144,149,563550.0,2881050.0,26.047059,87.635252
35,confluence_34,gauge,141,129,557550.0,2881950.0,26.055436,87.575318
35,confluence_34,gauge+site,141,129,557550.0,2881950.0,26.055436,87.575318
36,confluence_35,gauge,137,150,563850.0,2883150.0,26.066007,87.638353
36,confluence_35,gauge+site,137,150,563850.0,2883150.0,26.066007,87.638353
37,confluence_36,gauge,140,127,556950.0,2882250.0,26.058169,87.569333
37,confluence_36,gauge+site,140,127,556950.0,2882250.0,26.058169,87.569333
38,confluence_37,gauge,139,127,556950.0,2882550.0,26.060878,87.569346
38,confluence_37,gauge+site,139,127,556950.0,2882550.0,26.060878,87.569346
39,confluence_38,gauge,138,125,556350.0,2882850.0,26.06361,87.563361
39,confluence_38,gauge+site,138,125,556350.0,2882850.0,26.06361,87.563361
40,confluence_39,gauge,136,150,563850.0,2883450.0,26.068716,87.638368
40,confluence_39,gauge+site,136,150,563850.0,2883450.0,26.068716,87.638368
41,confluence_40,gauge,137,122,555450.0,2883150.0,26.066354,87.554376
41,confluence_40,gauge+site,137,122,555450.0,2883150.0,26.066354,87.554376
42,confluence_41,gauge,142,118,554250.0,2881650.0,26.052855,87.542317
42,confluence_41,gauge+site,142,118,554250.0,2881650.0,26.052855,87.542317
43,confluence_42,gauge,141,114,553050.0,2881950.0,26.055609,87.530334
43,confluence_42,gauge+site,141,114,553050.0,2881950.0,26.055609,87.530334
44,confluence_43,gauge,140,113,552750.0,2882250.0,26.058328,87.527347
44,confluence_43,gauge+site,140,113,552750.0,2882250.0,26.058328,87.527347
45,confluence_44,gauge,140,111,552150.0,2882250.0,26.05835,87.521349
45,confluence_44,gauge+site,140,111,552150.0,2882250.0,26.05835,87.521349
46,confluence_45,gauge,139,110,551850.0,2882550.0,26.06107,87.518362
46,confluence_45,gauge+site,139,110,551850.0,2882550.0,26.06107,87.518362
47,confluence_46,gauge,138,109,551550.0,2882850.0,26.063789,87.515374
47,confluence_46,gauge+site,138,109,551550.0,2882850.0,26.063789,87.515374
48,confluence_47,gauge,134,109,551550.0,2884050.0,26.074625,87.515422
48,confluence_47,gauge+site,134,109,551550.0,2884050.0,26.074625,87.515422
49,confluence_48,gauge,131,109,551550.0,2884950.0,26.082751,87.515457
49,confluence_48,gauge+site,131,109,551550.0,2884950.0,26.082751,87.515457
50,confluence_49,gauge,129,110,551850.0,2885550.0,26.088158,87.518481
50,confluence_49,gauge+site,129,110,551850.0,2885550.0,26.088158,87.518481
51,confluence_50,gauge,126,111,552150.0,2886450.0,26.096274,87.521517
51,confluence_50,gauge+site,126,111,552150.0,2886450.0,26.096274,87.521517
52,confluence_51,gauge,117,109,551550.0,2889150.0,26.120674,87.515624
52,confluence_51,gauge+site,117,109,551550.0,2889150.0,26.120674,87.515624
53,confluence_52,gauge,116,108,551250.0,2889450.0,26.123394,87.512635
53,confluence_52,gauge+site,116,108,551250.0,2889450.0,26.123394,87.512635
54,confluence_53,gauge,115,107,550950.0,2889750.0,26.126113,87.509646
54,confluence_53,gauge+site,115,107,550950.0,2889750.0,26.126113,87.509646
55,confluence_54,gauge,115,102,549450.0,2889750.0,26.126166,87.494642
55,confluence_54,gauge+site,115,102,549450.0,2889750.0,26.126166,87.494642
56,confluence_55,gauge,114,99,548550.0,2890050.0,26.128905,87.485651
56,confluence_55,gauge+site,114,99,548550.0,2890050.0,26.128905,87.485651
57,confluence_56,gauge,112,98,548250.0,2890650.0,26.134333,87.482672
57,confluence_56,gauge+site,112,98,548250.0,2890650.0,26.134333,87.482672
58,confluence_57,gauge,111,97,547950.0,2890950.0,26.137052,87.479682
58,confluence_57,gauge+site,111,97,547950.0,2890950.0,26.137052,87.479682
59,confluence_58,gauge,110,96,547650.0,2891250.0,26.13977,87.476692
59,confluence_58,gauge+site,110,96,547650.0,2891250.0,26.13977,87.476692
60,confluence_59,gauge,107,95,547350.0,2892150.0,26.147907,87.473724
60,confluence_59,gauge+site,107,95,547350.0,2892150.0,26.147907,87.473724
61,confluence_60,gauge,106,94,547050.0,2892450.0,26.150625,87.470734
61,confluence_60,gauge+site,106,94,547050.0,2892450.0,26.150625,87.470734
62,confluence_61,gauge,105,91,546150.0,2892750.0,26.153363,87.46174
62,confluence_61,gauge+site,105,91,546150.0,2892750.0,26.153363,87.46174
63,confluence_62,gauge,104,90,545850.0,2893050.0,26.156082,87.458749
63,confluence_62,gauge+site,104,90,545850.0,2893050.0,26.156082,87.458749
64,confluence_63,gauge,103,89,545550.0,2893350.0,26.1588,87.455758
64,confluence_63,gauge+site,103,89,545550.0,2893350.0,26.1588,87.455758
65,confluence_64,gauge,128,154,565050.0,2885850.0,26.090332,87.650485
65,confluence_64,gauge+site,128,154,565050.0,2885850.0,26.090332,87.650485
66,confluence_65,gauge,126,155,565350.0,2886450.0,26.095736,87.653515
66,confluence_65,gauge+site,126,155,565350.0,2886450.0,26.095736,87.653515
67,confluence_66,gauge,122,153,564750.0,2887650.0,26.106598,87.647575
67,confluence_66,gauge+site,122,153,564750.0,2887650.0,26.106598,87.647575
68,confluence_67,gauge,121,152,564450.0,2887950.0,26.10932,87.644589
68,confluence_67,gauge+site,121,152,564450.0,2887950.0,26.10932,87.644589
69,confluence_68,gauge,120,150,563850.0,2888250.0,26.112056,87.638603
69,confluence_68,gauge+site,120,150,563850.0,2888250.0,26.112056,87.638603
70,confluence_69,gauge,111,149,563550.0,2890950.0,26.136448,87.635735
70,confluence_69,gauge+site,111,149,563550.0,2890950.0,26.136448,87.635735
71,confluence_70,gauge,110,148,563250.0,2891250.0,26.13917,87.632749
71,confluence_70,gauge+site,110,148,563250.0,2891250.0,26.13917,87.632749
72,confluence_71,gauge,109,147,562950.0,2891550.0,26.141891,87.629762
72,confluence_71,gauge+site,109,147,562950.0,2891550.0,26.141891,87.629762
73,confluence_72,gauge,107,146,562650.0,2892150.0,26.147322,87.62679
73,confluence_72,gauge+site,107,146,562650.0,2892150.0,26.147322,87.62679
74,confluence_73,gauge,106,145,562350.0,2892450.0,26.150044,87.623803
74,confluence_73,gauge+site,106,145,562350.0,2892450.0,26.150044,87.623803
75,confluence_74,gauge,105,144,562050.0,2892750.0,26.152765,87.620816
75,confluence_74,gauge+site,105,144,562050.0,2892750.0,26.152765,87.620816
76,confluence_75,gauge,104,143,561750.0,2893050.0,26.155487,87.617829
76,confluence_75,gauge+site,104,143,561750.0,2893050.0,26.155487,87.617829
77,confluence_76,gauge,101,141,561150.0,2893950.0,26.163639,87.611868
77,confluence_76,gauge+site,101,141,561150.0,2893950.0,26.163639,87.611868
78,confluence_77,gauge,99,139,560550.0,2894550.0,26.169082,87.605893
78,confluence_77,gauge+site,99,139,560550.0,2894550.0,26.169082,87.605893
79,confluence_78,gauge,102,88,545250.0,2893650.0,26.161518,87.452767
79,confluence_78,gauge+site,102,88,545250.0,2893650.0,26.161518,87.452767
80,confluence_79,gauge,98,133,558750.0,2894850.0,26.171865,87.587896
80,confluence_79,gauge+site,98,133,558750.0,2894850.0,26.171865,87.587896
81,confluence_80,gauge,99,82,543450.0,2894550.0,26.1697,87.434787
81,confluence_80,gauge+site,99,82,543450.0,2894550.0,26.1697,87.434787
82,confluence_81,gauge,98,81,543150.0,2894850.0,26.172418,87.431795
82,confluence_81,gauge+site,98,81,543150.0,2894850.0,26.172418,87.431795
83,confluence_82,gauge,95,132,558450.0,2895750.0,26.180004,87.584934
83,confluence_82,gauge+site,95,132,558450.0,2895750.0,26.180004,87.584934
84,confluence_83,gauge,94,131,558150.0,2896050.0,26.182725,87.581946
84,confluence_83,gauge+site,94,131,558150.0,2896050.0,26.182725,87.581946
85,confluence_84,gauge,97,82,543450.0,2895150.0,26.175118,87.434807
85,confluence_84,gauge+site,97,82,543450.0,2895150.0,26.175118,87.434807
86,confluence_85,gauge,93,130,557850.0,2896350.0,26.185446,87.578957
86,confluence_85,gauge+site,93,130,557850.0,2896350.0,26.185446,87.578957
87,confluence_86,gauge,91,129,557550.0,2896950.0,26.190875,87.575981
87,confluence_86,gauge+site,91,129,557550.0,2896950.0,26.190875,87.575981
88,confluence_87,gauge,90,128,557250.0,2897250.0,26.193596,87.572992
88,confluence_87,gauge+site,90,128,557250.0,2897250.0,26.193596,87.572992
89,confluence_88,gauge,88,128,557250.0,2897850.0,26.199013,87.573019
89,confluence_88,gauge+site,88,128,557250.0,2897850.0,26.199013,87.573019
90,confluence_89,gauge,94,80,542850.0,2896050.0,26.183262,87.428833
90,confluence_89,gauge+site,94,80,542850.0,2896050.0,26.183262,87.428833
91,confluence_90,gauge,93,79,542550.0,2896350.0,26.18598,87.42584
91,confluence_90,gauge+site,93,79,542550.0,2896350.0,26.18598,87.42584
92,confluence_91,gauge,93,77,541950.0,2896350.0,26.185998,87.419835
92,confluence_91,gauge+site,93,77,541950.0,2896350.0,26.185998,87.419835
93,confluence_92,gauge,92,72,540450.0,2896650.0,26.18875,87.404833
93,confluence_92,gauge+site,92,72,540450.0,2896650.0,26.18875,87.404833
94,confluence_93,gauge,87,127,556950.0,2898150.0,26.201734,87.570029
94,confluence_93,gauge+site,87,127,556950.0,2898150.0,26.201734,87.570029
95,confluence_94,gauge,85,126,556650.0,2898750.0,26.207163,87.567053
95,confluence_94,gauge+site,85,126,556650.0,2898750.0,26.207163,87.567053
96,confluence_95,gauge,85,123,555750.0,2898750.0,26.207199,87.558045
96,confluence_95,gauge+site,85,123,555750.0,2898750.0,26.207199,87.558045
97,confluence_96,gauge,85,119,554550.0,2898750.0,26.207245,87.546033
97,confluence_96,gauge+site,85,119,554550.0,2898750.0,26.207245,87.546033
98,confluence_97,gauge,84,118,554250.0,2899050.0,26.209965,87.543043
98,confluence_97,gauge+site,84,118,554250.0,2899050.0,26.209965,87.543043
99,confluence_98,gauge,83,117,553950.0,2899350.0,26.212685,87.540053
99,confluence_98,gauge+site,83,117,553950.0,2899350.0,26.212685,87.540053
100,confluence_99,gauge,82,116,553650.0,2899650.0,26.215405,87.537062
100,confluence_99,gauge+site,82,116,553650.0,2899650.0,26.215405,87.537062
101,confluence_100,gauge,80,115,553350.0,2900250.0,26.220834,87.534084
101,confluence_100,gauge+site,80,115,553350.0,2900250.0,26.220834,87.534084
102,confluence_101,gauge,88,76,541650.0,2897850.0,26.199551,87.416881
102,confluence_101,gauge+site,88,76,541650.0,2897850.0,26.199551,87.416881
103,confluence_102,gauge,87,75,541350.0,2898150.0,26.202268,87.413888
103,confluence_102,gauge+site,87,75,541350.0,2898150.0,26.202268,87.413888
104,confluence_103,gauge,86,74,541050.0,2898450.0,26.204985,87.410895
104,confluence_103,gauge+site,86,74,541050.0,2898450.0,26.204985,87.410895
105,confluence_104,gauge,84,74,541050.0,2899050.0,26.210403,87.410914
105,confluence_104,gauge+site,84,74,541050.0,2899050.0,26.210403,87.410914
106,confluence_105,gauge,83,73,540750.0,2899350.0,26.21312,87.40792
106,confluence_105,gauge+site,83,73,540750.0,2899350.0,26.21312,87.40792
107,confluence_106,gauge,82,72,540450.0,2899650.0,26.215838,87.404927
107,confluence_106,gauge+site,82,72,540450.0,2899650.0,26.215838,87.404927
108,confluence_107,gauge,81,71,540150.0,2899950.0,26.218555,87.401933
108,confluence_107,gauge+site,81,71,540150.0,2899950.0,26.218555,87.401933
109,confluence_108,gauge,128,158,566250.0,2885850.0,26.090277,87.662484
109,confluence_108,gauge+site,128,158,566250.0,2885850.0,26.090277,87.662484
110,confluence_109,gauge,123,161,567150.0,2887350.0,26.103779,87.671561
110,confluence_109,gauge+site,123,161,567150.0,2887350.0,26.103779,87.671561
111,confluence_110,gauge,121,160,566850.0,2887950.0,26.109211,87.668591
111,confluence_110,gauge+site,121,160,566850.0,2887950.0,26.109211,87.668591
112,confluence_111,gauge,120,158,566250.0,2888250.0,26.111947,87.662606
112,confluence_111,gauge+site,120,158,566250.0,2888250.0,26.111947,87.662606
113,confluence_112,gauge,94,93,546750.0,2896050.0,26.183141,87.467862
113,confluence_112,gauge+site,94,93,546750.0,2896050.0,26.183141,87.467862
114,confluence_113,gauge,91,95,547350.0,2896950.0,26.191247,87.473899
114,confluence_113,gauge+site,91,95,547350.0,2896950.0,26.191247,87.473899
115,confluence_114,gauge,118,158,566250.0,2888850.0,26.117365,87.662637
115,confluence_114,gauge+site,118,158,566250.0,2888850.0,26.117365,87.662637
116,confluence_115,gauge,90,94,547050.0,2897250.0,26.193966,87.470908
116,confluence_115,gauge+site,90,94,547050.0,2897250.0,26.193966,87.470908
117,confluence_116,gauge,86,94,547050.0,2898450.0,26.204801,87.470951
117,confluence_116,gauge+site,86,94,547050.0,2898450.0,26.204801,87.470951
118,confluence_117,gauge,84,93,546750.0,2899050.0,26.210229,87.46797
118,confluence_117,gauge+site,84,93,546750.0,2899050.0,26.210229,87.46797
119,confluence_118,gauge,83,92,546450.0,2899350.0,26.212947,87.464978
119,confluence_118,gauge+site,83,92,546450.0,2899350.0,26.212947,87.464978
120,confluence_119,gauge,80,70,539850.0,2900250.0,26.221272,87.398939
120,confluence_119,gauge+site,80,70,539850.0,2900250.0,26.221272,87.398939
121,confluence_120,gauge,82,91,546150.0,2899650.0,26.215666,87.461986
121,confluence_120,gauge+site,82,91,546150.0,2899650.0,26.215666,87.461986
122,confluence_121,gauge,79,69,539550.0,2900550.0,26.223989,87.395945
122,confluence_121,gauge+site,79,69,539550.0,2900550.0,26.223989,87.395945
123,confluence_122,gauge,80,90,545850.0,2900250.0,26.221093,87.459004
123,confluence_122,gauge+site,80,90,545850.0,2900250.0,26.221093,87.459004
124,confluence_123,gauge,77,67,538950.0,2901150.0,26.229423,87.389956
124,confluence_123,gauge+site,77,67,538950.0,2901150.0,26.229423,87.389956
125,confluence_124,gauge,76,68,539250.0,2901450.0,26.232124,87.392969
125,confluence_124,gauge+site,76,68,539250.0,2901450.0,26.232124,87.392969
126,confluence_125,gauge,78,89,545550.0,2900850.0,26.22652,87.456022
126,confluence_125,gauge+site,78,89,545550.0,2900850.0,26.22652,87.456022
127,confluence_126,gauge,72,68,539250.0,2902650.0,26.242959,87.393005
127,confluence_126,gauge+site,72,68,539250.0,2902650.0,26.242959,87.393005
128,confluence_127,gauge,72,67,538950.0,2902650.0,26.242967,87.390002
128,confluence_127,gauge+site,72,67,538950.0,2902650.0,26.242967,87.390002
129,confluence_128,gauge,78,87,544950.0,2900850.0,26.226539,87.450015
129,confluence_128,gauge+site,78,87,544950.0,2900850.0,26.226539,87.450015
130,confluence_129,gauge,71,66,538650.0,2902950.0,26.245684,87.387007
130,confluence_129,gauge+site,71,66,538650.0,2902950.0,26.245684,87.387007
131,confluence_130,gauge,77,86,544650.0,2901150.0,26.229257,87.447022
131,confluence_130,gauge+site,77,86,544650.0,2901150.0,26.229257,87.447022
132,confluence_131,gauge,75,87,544950.0,2901750.0,26.234665,87.450046
132,confluence_131,gauge+site,75,87,544950.0,2901750.0,26.234665,87.450046
133,confluence_132,gauge,70,66,538650.0,2903250.0,26.248393,87.387016
133,confluence_132,gauge+site,70,66,538650.0,2903250.0,26.248393,87.387016
134,confluence_133,gauge,74,86,544650.0,2902050.0,26.237383,87.447053
134,confluence_133,gauge+site,74,86,544650.0,2902050.0,26.237383,87.447053
135,confluence_134,gauge,69,67,538950.0,2903550.0,26.251094,87.390029
135,confluence_134,gauge+site,69,67,538950.0,2903550.0,26.251094,87.390029
136,confluence_135,gauge,68,66,538650.0,2903850.0,26.253811,87.387034
136,confluence_135,gauge+site,68,66,538650.0,2903850.0,26.253811,87.387034
137,confluence_136,gauge,72,85,544350.0,2902650.0,26.24281,87.44407
137,confluence_136,gauge+site,72,85,544350.0,2902650.0,26.24281,87.44407
138,confluence_137,gauge,65,66,538650.0,2904750.0,26.261937,87.387061
138,confluence_137,gauge+site,65,66,538650.0,2904750.0,26.261937,87.387061
139,confluence_138,gauge,62,67,538950.0,2905650.0,26.270055,87.390092
139,confluence_138,gauge+site,62,67,538950.0,2905650.0,26.270055,87.390092
140,confluence_139,gauge,61,66,538650.0,2905950.0,26.272772,87.387097
140,confluence_139,gauge+site,61,66,538650.0,2905950.0,26.272772,87.387097
141,confluence_140,gauge,73,82,543450.0,2902350.0,26.240129,87.435049
141,confluence_140,gauge+site,73,82,543450.0,2902350.0,26.240129,87.435049
142,confluence_141,gauge,59,62,537450.0,2906550.0,26.278222,87.375096
142,confluence_141,gauge+site,59,62,537450.0,2906550.0,26.278222,87.375096
143,confluence_142,gauge,59,61,537150.0,2906550.0,26.27823,87.372091
143,confluence_142,gauge+site,59,61,537150.0,2906550.0,26.27823,87.372091
144,confluence_143,gauge,59,58,536250.0,2906550.0,26.278253,87.363077
144,confluence_143,gauge+site,59,58,536250.0,2906550.0,26.278253,87.363077
145,confluence_144,gauge,57,57,535950.0,2907150.0,26.283678,87.360089
145,confluence_144,gauge+site,57,57,535950.0,2907150.0,26.283678,87.360089
146,confluence_145,gauge,72,79,542550.0,2902650.0,26.242865,87.426047
146,confluence_145,gauge+site,72,79,542550.0,2902650.0,26.242865,87.426047
147,confluence_146,gauge,52,56,535650.0,2908650.0,26.297229,87.357125
147,confluence_146,gauge+site,52,56,535650.0,2908650.0,26.297229,87.357125
148,confluence_147,gauge,67,80,542850.0,2904150.0,26.2564,87.429101
148,confluence_147,gauge+site,67,80,542850.0,2904150.0,26.2564,87.429101
149,confluence_148,gauge,61,79,542550.0,2905950.0,26.272662,87.426156
149,confluence_148,gauge+site,61,79,542550.0,2905950.0,26.272662,87.426156
150,confluence_149,gauge,51,52,534450.0,2908950.0,26.299967,87.345113
150,confluence_149,gauge+site,51,52,534450.0,2908950.0,26.299967,87.345113
151,confluence_150,gauge,54,45,532350.0,2908050.0,26.29189,87.324053
151,confluence_150,gauge+site,54,45,532350.0,2908050.0,26.29189,87.324053
152,confluence_151,gauge,53,44,532050.0,2908350.0,26.294606,87.321055
152,confluence_151,gauge+site,53,44,532050.0,2908350.0,26.294606,87.321055
153,confluence_152,gauge,57,80,542850.0,2907150.0,26.283488,87.4292
153,confluence_152,gauge+site,57,80,542850.0,2907150.0,26.283488,87.4292
154,confluence_153,gauge,50,42,531450.0,2909250.0,26.302745,87.315067
154,confluence_153,gauge+site,50,42,531450.0,2909250.0,26.302745,87.315067
155,confluence_154,gauge,54,80,542850.0,2908050.0,26.291614,87.42923
155,confluence_154,gauge+site,54,80,542850.0,2908050.0,26.291614,87.42923
156,confluence_155,gauge,79,112,552450.0,2900550.0,26.223576,87.525086
156,confluence_155,gauge+site,79,112,552450.0,2900550.0,26.223576,87.525086
157,confluence_156,gauge,47,76,541650.0,2910150.0,26.310611,87.417278
157,confluence_156,gauge+site,47,76,541650.0,2910150.0,26.310611,87.417278
158,confluence_157,gauge,75,112,552450.0,2901750.0,26.234411,87.525135
158,confluence_157,gauge+site,75,112,552450.0,2901750.0,26.234411,87.525135
159,confluence_158,gauge,73,111,552150.0,2902350.0,26.239839,87.522156
159,confluence_158,gauge+site,73,111,552150.0,2902350.0,26.239839,87.522156
160,confluence_159,gauge,72,112,552450.0,2902650.0,26.242537,87.525172
160,confluence_159,gauge+site,72,112,552450.0,2902650.0,26.242537,87.525172
161,confluence_160,gauge,49,46,532650.0,2909550.0,26.305427,87.327096
161,confluence_160,gauge+site,49,46,532650.0,2909550.0,26.305427,87.327096
162,confluence_161,gauge,44,48,533250.0,2911050.0,26.318957,87.333146
162,confluence_161,gauge+site,44,48,533250.0,2911050.0,26.318957,87.333146
163,confluence_162,gauge,43,47,532950.0,2911350.0,26.321673,87.330147
163,confluence_162,gauge+site,43,47,532950.0,2911350.0,26.321673,87.330147
164,confluence_163,gauge,39,46,532650.0,2912550.0,26.332515,87.327172
164,confluence_163,gauge+site,39,46,532650.0,2912550.0,26.332515,87.327172
165,confluence_164,gauge,32,46,532650.0,2914650.0,26.351477,87.327225
165,confluence_164,gauge+site,32,46,532650.0,2914650.0,26.351477,87.327225
166,confluence_165,gauge,31,45,532350.0,2914950.0,26.354192,87.324226
166,confluence_165,gauge+site,31,45,532350.0,2914950.0,26.354192,87.324226
167,confluence_166,gauge,80,112,552450.0,2900250.0,26.220867,87.525074
167,confluence_166,gauge+site,80,112,552450.0,2900250.0,26.220867,87.525074
168,confluence_167,gauge,80,108,551250.0,2900250.0,26.22091,87.513061
168,confluence_167,gauge+site,80,108,551250.0,2900250.0,26.22091,87.513061
169,confluence_168,gauge,79,107,550950.0,2900550.0,26.22363,87.51007
169,confluence_168,gauge+site,79,107,550950.0,2900550.0,26.22363,87.51007
170,confluence_169,gauge,77,106,550650.0,2901150.0,26.229058,87.50709
170,confluence_169,gauge+site,77,106,550650.0,2901150.0,26.229058,87.50709
171,confluence_170,gauge,74,105,550350.0,2902050.0,26.237195,87.504122
171,confluence_170,gauge+site,74,105,550350.0,2902050.0,26.237195,87.504122
172,confluence_171,gauge,73,104,550050.0,2902350.0,26.239914,87.50113
172,confluence_171,gauge+site,73,104,550050.0,2902350.0,26.239914,87.50113
173,confluence_172,gauge,71,101,549150.0,2902950.0,26.245363,87.492142
173,confluence_172,gauge+site,71,101,549150.0,2902950.0,26.245363,87.492142
174,confluence_173,gauge,70,100,548850.0,2903250.0,26.248082,87.489149
174,confluence_173,gauge+site,70,100,548850.0,2903250.0,26.248082,87.489149
175,confluence_174,gauge,69,99,548550.0,2903550.0,26.250801,87.486157
175,confluence_174,gauge+site,69,99,548550.0,2903550.0,26.250801,87.486157
176,confluence_175,gauge,45,78,542250.0,2910750.0,26.316011,87.423309
176,confluence_175,gauge+site,45,78,542250.0,2910750.0,26.316011,87.423309
177,confluence_176,gauge,66,98,548250.0,2904450.0,26.258937,87.483186
177,confluence_176,gauge+site,66,98,548250.0,2904450.0,26.258937,87.483186
178,confluence_177,gauge,65,97,547950.0,2904750.0,26.261656,87.480193
178,confluence_177,gauge+site,65,97,547950.0,2904750.0,26.261656,87.480193
179,confluence_178,gauge,64,96,547650.0,2905050.0,26.264375,87.4772
179,confluence_178,gauge+site,64,96,547650.0,2905050.0,26.264375,87.4772
180,confluence_179,gauge,43,78,542250.0,2911350.0,26.321428,87.423328
180,confluence_179,gauge+site,43,78,542250.0,2911350.0,26.321428,87.423328
181,confluence_180,gauge,32,41,531150.0,2914650.0,26.35151,87.312192
181,confluence_180,gauge+site,32,41,531150.0,2914650.0,26.35151,87.312192
182,confluence_181,gauge,42,77,541950.0,2911650.0,26.324146,87.420332
182,confluence_181,gauge+site,42,77,541950.0,2911650.0,26.324146,87.420332
183,confluence_182,gauge,41,76,541650.0,2911950.0,26.326864,87.417336
183,confluence_182,gauge+site,41,76,541650.0,2911950.0,26.326864,87.417336
184,confluence_183,gauge,59,96,547650.0,2906550.0,26.277918,87.477255
184,confluence_183,gauge+site,59,96,547650.0,2906550.0,26.277918,87.477255
185,confluence_184,gauge,60,115,553350.0,2906250.0,26.275009,87.534331
185,confluence_184,gauge+site,60,115,553350.0,2906250.0,26.275009,87.534331
186,confluence_185,gauge,57,98,548250.0,2907150.0,26.283316,87.483287
186,confluence_185,gauge+site,57,98,548250.0,2907150.0,26.283316,87.483287
187,confluence_186,gauge,53,98,548250.0,2908350.0,26.294151,87.483332
187,confluence_186,gauge+site,53,98,548250.0,2908350.0,26.294151,87.483332
188,confluence_187,gauge,91,71,540150.0,2896950.0,26.191467,87.40184
188,confluence_187,gauge+site,91,71,540150.0,2896950.0,26.191467,87.40184
189,confluence_188,gauge,90,70,539850.0,2897250.0,26.194184,87.398847
189,confluence_188,gauge+site,90,70,539850.0,2897250.0,26.194184,87.398847
190,confluence_189,gauge,49,98,548250.0,2909550.0,26.304986,87.483377
190,confluence_189,gauge+site,49,98,548250.0,2909550.0,26.304986,87.483377
191,confluence_190,gauge,32,38,530250.0,2914650.0,26.35153,87.303172
191,confluence_190,gauge+site,32,38,530250.0,2914650.0,26.35153,87.303172
192,confluence_191,gauge,139,130,557850.0,2882550.0,26.060842,87.578343
192,confluence_191,gauge+site,139,130,557850.0,2882550.0,26.060842,87.578343
193,confluence_192,gauge,44,98,548250.0,2911050.0,26.31853,87.483433
193,confluence_192,gauge+site,44,98,548250.0,2911050.0,26.31853,87.483433
194,confluence_193,gauge,89,67,538950.0,2897550.0,26.196917,87.389848
194,confluence_193,gauge+site,89,67,538950.0,2897550.0,26.196917,87.389848
195,confluence_194,gauge,64,112,552450.0,2905050.0,26.264207,87.525269
195,confluence_194,gauge+site,64,112,552450.0,2905050.0,26.264207,87.525269
196,confluence_195,gauge,43,97,547950.0,2911350.0,26.321248,87.480439
196,confluence_195,gauge+site,43,97,547950.0,2911350.0,26.321248,87.480439
197,confluence_196,gauge,87,66,538650.0,2898150.0,26.202343,87.386863
197,confluence_196,gauge+site,87,66,538650.0,2898150.0,26.202343,87.386863
198,confluence_197,gauge,57,119,554550.0,2907150.0,26.283089,87.546388
198,confluence_197,gauge+site,57,119,554550.0,2907150.0,26.283089,87.546388
199,confluence_198,gauge,137,128,557250.0,2883150.0,26.066283,87.572371
199,confluence_198,gauge+site,137,128,557250.0,2883150.0,26.066283,87.572371
200,confluence_199,gauge,42,96,547650.0,2911650.0,26.323967,87.477444
200,confluence_199,gauge+site,42,96,547650.0,2911650.0,26.323967,87.477444
201,confluence_200,gauge,35,32,528450.0,2913750.0,26.34344,87.285113
201,confluence_200,gauge+site,35,32,528450.0,2913750.0,26.34344,87.285113
202,confluence_201,gauge,63,111,552150.0,2905350.0,26.266927,87.522277
202,confluence_201,gauge+site,63,111,552150.0,2905350.0,26.266927,87.522277
203,confluence_202,gauge,54,119,554550.0,2908050.0,26.291216,87.546426
203,confluence_202,gauge+site,54,119,554550.0,2908050.0,26.291216,87.546426
204,confluence_203,gauge,61,110,551850.0,2905950.0,26.272355,87.519297
204,confluence_203,gauge+site,61,110,551850.0,2905950.0,26.272355,87.519297
205,confluence_204,gauge,87,64,538050.0,2898150.0,26.202359,87.380858
205,confluence_204,gauge+site,87,64,538050.0,2898150.0,26.202359,87.380858
206,confluence_205,gauge,40,96,547650.0,2912250.0,26.329385,87.477466
206,confluence_205,gauge+site,40,96,547650.0,2912250.0,26.329385,87.477466
207,confluence_206,gauge,132,130,557850.0,2884650.0,26.079803,87.578436
207,confluence_206,gauge+site,132,130,557850.0,2884650.0,26.079803,87.578436
208,confluence_207,gauge,31,32,528450.0,2914950.0,26.354275,87.285139
208,confluence_207,gauge+site,31,32,528450.0,2914950.0,26.354275,87.285139
209,confluence_208,gauge,59,109,551550.0,2906550.0,26.277783,87.516316
209,confluence_208,gauge+site,59,109,551550.0,2906550.0,26.277783,87.516316
210,confluence_209,gauge,30,30,527850.0,2915250.0,26.356996,87.279132
210,confluence_209,gauge+site,30,30,527850.0,2915250.0,26.356996,87.279132
211,confluence_210,gauge,130,128,557250.0,2885250.0,26.085245,87.572464
211,confluence_210,gauge+site,130,128,557250.0,2885250.0,26.085245,87.572464
212,confluence_211,gauge,44,75,541350.0,2911050.0,26.318746,87.414301
212,confluence_211,gauge+site,44,75,541350.0,2911050.0,26.318746,87.414301
213,confluence_212,gauge,58,108,551250.0,2906850.0,26.280503,87.513323
213,confluence_212,gauge+site,58,108,551250.0,2906850.0,26.280503,87.513323
214,confluence_213,gauge,129,127,556950.0,2885550.0,26.087966,87.569477
214,confluence_213,gauge+site,129,127,556950.0,2885550.0,26.087966,87.569477
215,confluence_214,gauge,43,74,541050.0,2911350.0,26.321463,87.411305
215,confluence_214,gauge+site,43,74,541050.0,2911350.0,26.321463,87.411305
216,confluence_215,gauge,128,126,556650.0,2885850.0,26.090686,87.56649
216,confluence_215,gauge+site,128,126,556650.0,2885850.0,26.090686,87.56649
217,confluence_216,gauge,127,125,556350.0,2886150.0,26.093407,87.563503
217,confluence_216,gauge+site,127,125,556350.0,2886150.0,26.093407,87.563503
218,confluence_217,gauge,85,58,536250.0,2898750.0,26.207823,87.362858
218,confluence_217,gauge+site,85,58,536250.0,2898750.0,26.207823,87.362858
219,confluence_218,gauge,27,29,527550.0,2916150.0,26.365128,87.276145
219,confluence_218,gauge+site,27,29,527550.0,2916150.0,26.365128,87.276145
220,confluence_219,gauge,51,109,551550.0,2908950.0,26.299453,87.516412
220,confluence_219,gauge+site,51,109,551550.0,2908950.0,26.299453,87.516412
221,confluence_220,gauge,26,27,526950.0,2916450.0,26.367849,87.270137
221,confluence_220,gauge+site,26,27,526950.0,2916450.0,26.367849,87.270137
222,confluence_221,gauge,83,57,535950.0,2899350.0,26.213249,87.359872
222,confluence_221,gauge+site,83,57,535950.0,2899350.0,26.213249,87.359872
223,confluence_222,gauge,82,56,535650.0,2899650.0,26.215965,87.356877
223,confluence_222,gauge+site,82,56,535650.0,2899650.0,26.215965,87.356877
224,confluence_223,gauge,83,55,535350.0,2899350.0,26.213264,87.353866
224,confluence_223,gauge+site,83,55,535350.0,2899350.0,26.213264,87.353866
225,confluence_224,gauge,50,108,551250.0,2909250.0,26.302173,87.513419
225,confluence_224,gauge+site,50,108,551250.0,2909250.0,26.302173,87.513419
226,confluence_225,gauge,82,54,535050.0,2899650.0,26.21598,87.350871
226,confluence_225,gauge+site,82,54,535050.0,2899650.0,26.21598,87.350871
227,confluence_226,gauge,25,26,526650.0,2916750.0,26.370563,87.267136
227,confluence_226,gauge+site,25,26,526650.0,2916750.0,26.370563,87.267136
228,confluence_227,gauge,24,23,525750.0,2917050.0,26.373288,87.258121
228,confluence_227,gauge+site,24,23,525750.0,2917050.0,26.373288,87.258121
229,confluence_228,gauge,80,51,534150.0,2900250.0,26.221419,87.341877
229,confluence_228,gauge+site,80,51,534150.0,2900250.0,26.221419,87.341877
230,confluence_229,gauge,126,124,556050.0,2886450.0,26.096127,87.560516
230,confluence_229,gauge+site,126,124,556050.0,2886450.0,26.096127,87.560516
231,confluence_230,gauge,78,50,533850.0,2900850.0,26.226844,87.33889
231,confluence_230,gauge+site,78,50,533850.0,2900850.0,26.226844,87.33889
232,confluence_231,gauge,125,123,555750.0,2886750.0,26.098848,87.557529
232,confluence_231,gauge+site,125,123,555750.0,2886750.0,26.098848,87.557529
233,confluence_232,gauge,23,22,525450.0,2917350.0,26.376003,87.25512
233,confluence_232,gauge+site,23,22,525450.0,2917350.0,26.376003,87.25512
234,confluence_233,gauge,124,122,555450.0,2887050.0,26.101568,87.554542
234,confluence_233,gauge+site,124,122,555450.0,2887050.0,26.101568,87.554542
235,confluence_234,gauge,77,49,533550.0,2901150.0,26.22956,87.335894
235,confluence_234,gauge+site,77,49,533550.0,2901150.0,26.22956,87.335894
236,confluence_235,gauge,38,74,541050.0,2912850.0,26.335007,87.411353
236,confluence_235,gauge+site,38,74,541050.0,2912850.0,26.335007,87.411353
237,confluence_236,gauge,123,118,554250.0,2887350.0,26.104322,87.542554
237,confluence_236,gauge+site,123,118,554250.0,2887350.0,26.104322,87.542554
238,confluence_237,gauge,122,117,553950.0,2887650.0,26.107043,87.539566
238,confluence_237,gauge+site,122,117,553950.0,2887650.0,26.107043,87.539566
239,confluence_238,gauge,20,18,524250.0,2918250.0,26.38415,87.243107
239,confluence_238,gauge+site,20,18,524250.0,2918250.0,26.38415,87.243107
240,confluence_239,gauge,121,116,553650.0,2887950.0,26.109763,87.536578
240,confluence_239,gauge+site,121,116,553650.0,2887950.0,26.109763,87.536578
241,confluence_240,gauge,19,17,523950.0,2918550.0,26.386864,87.240106
241,confluence_240,gauge+site,19,17,523950.0,2918550.0,26.386864,87.240106
242,confluence_241,gauge,33,142,561450.0,2914350.0,26.347818,87.615841
242,confluence_241,gauge+site,33,142,561450.0,2914350.0,26.347818,87.615841
243,confluence_242,gauge,113,84,544050.0,2890350.0,26.131759,87.440648
243,confluence_242,gauge+site,113,84,544050.0,2890350.0,26.131759,87.440648
244,confluence_243,gauge,112,83,543750.0,2890650.0,26.134476,87.437657
244,confluence_243,gauge+site,112,83,543750.0,2890650.0,26.134476,87.437657
245,confluence_244,gauge,111,82,543450.0,2890950.0,26.137194,87.434666
245,confluence_244,gauge+site,111,82,543450.0,2890950.0,26.137194,87.434666
246,confluence_245,gauge,131,150,563850.0,2884950.0,26.082259,87.638442
246,confluence_245,gauge+site,131,150,563850.0,2884950.0,26.082259,87.638442
247,confluence_246,gauge,25,99,548550.0,2916750.0,26.369985,87.486654
247,confluence_246,gauge+site,25,99,548550.0,2916750.0,26.369985,87.486654
248,confluence_247,gauge,129,150,563850.0,2885550.0,26.087677,87.638471
248,confluence_247,gauge+site,129,150,563850.0,2885550.0,26.087677,87.638471
249,confluence_248,gauge,109,81,543150.0,2891550.0,26.142621,87.431685
249,confluence_248,gauge+site,109,81,543150.0,2891550.0,26.142621,87.431685
250,confluence_249,gauge,128,149,563550.0,2885850.0,26.090399,87.635486
250,confluence_249,gauge+site,128,149,563550.0,2885850.0,26.090399,87.635486
251,confluence_250,gauge,127,148,563250.0,2886150.0,26.093121,87.632501
251,confluence_250,gauge+site,127,148,563250.0,2886150.0,26.093121,87.632501
252,confluence_251,gauge,108,80,542850.0,2891850.0,26.145339,87.428694
252,confluence_251,gauge+site,108,80,542850.0,2891850.0,26.145339,87.428694
253,confluence_252,gauge,35,61,537150.0,2913750.0,26.34324,87.372299
253,confluence_252,gauge+site,35,61,537150.0,2913750.0,26.34324,87.372299
254,confluence_253,gauge,34,60,536850.0,2914050.0,26.345957,87.369301
254,confluence_253,gauge+site,34,60,536850.0,2914050.0,26.345957,87.369301
255,confluence_254,gauge,107,78,542250.0,2892150.0,26.148065,87.422701
255,confluence_254,gauge+site,107,78,542250.0,2892150.0,26.148065,87.422701
256,confluence_255,gauge,75,44,532050.0,2901750.0,26.235012,87.320891
256,confluence_255,gauge+site,75,44,532050.0,2901750.0,26.235012,87.320891
257,confluence_256,gauge,126,143,561750.0,2886450.0,26.095895,87.617516
257,confluence_256,gauge+site,126,143,561750.0,2886450.0,26.095895,87.617516
258,confluence_257,gauge,106,77,541950.0,2892450.0,26.150783,87.419709
258,confluence_257,gauge+site,106,77,541950.0,2892450.0,26.150783,87.419709
259,confluence_258,gauge,105,77,541950.0,2892750.0,26.153492,87.419719
259,confluence_258,gauge+site,105,77,541950.0,2892750.0,26.153492,87.419719
260,confluence_259,gauge,125,141,561150.0,2886750.0,26.098629,87.61153
260,confluence_259,gauge+site,125,141,561150.0,2886750.0,26.098629,87.61153
261,confluence_260,gauge,104,76,541650.0,2893050.0,26.156209,87.416727
261,confluence_260,gauge+site,104,76,541650.0,2893050.0,26.156209,87.416727
262,confluence_261,gauge,124,140,560850.0,2887050.0,26.10135,87.608544
262,confluence_261,gauge+site,124,140,560850.0,2887050.0,26.10135,87.608544
263,confluence_262,gauge,19,99,548550.0,2918550.0,26.386238,87.486722
263,confluence_262,gauge+site,19,99,548550.0,2918550.0,26.386238,87.486722
264,confluence_263,gauge,103,75,541350.0,2893350.0,26.158927,87.413735
264,confluence_263,gauge+site,103,75,541350.0,2893350.0,26.158927,87.413735
265,confluence_264,gauge,102,74,541050.0,2893650.0,26.161644,87.410743
265,confluence_264,gauge+site,102,74,541050.0,2893650.0,26.161644,87.410743
266,confluence_265,gauge,121,138,560250.0,2887950.0,26.109502,87.602585
266,confluence_265,gauge+site,121,138,560250.0,2887950.0,26.109502,87.602585
267,confluence_266,gauge,47,120,554850.0,2910150.0,26.310165,87.54952
267,confluence_266,gauge+site,47,120,554850.0,2910150.0,26.310165,87.54952
268,confluence_267,gauge,33,113,552750.0,2914350.0,26.348166,87.528654
268,confluence_267,gauge+site,33,113,552750.0,2914350.0,26.348166,87.528654
269,confluence_268,gauge,101,73,540750.0,2893950.0,26.164362,87.407751
269,confluence_268,gauge+site,101,73,540750.0,2893950.0,26.164362,87.407751
270,confluence_269,gauge,117,115,553350.0,2889150.0,26.120609,87.533627
270,confluence_269,gauge+site,117,115,553350.0,2889150.0,26.120609,87.533627
271,confluence_270,gauge,44,119,554550.0,2911050.0,26.318303,87.546553
271,confluence_270,gauge+site,44,119,554550.0,2911050.0,26.318303,87.546553
272,confluence_271,gauge,120,137,559950.0,2888250.0,26.112223,87.599599
272,confluence_271,gauge+site,120,137,559950.0,2888250.0,26.112223,87.599599
273,confluence_272,gauge,119,135,559350.0,2888550.0,26.114957,87.593612
273,confluence_272,gauge+site,119,135,559350.0,2888550.0,26.114957,87.593612
274,confluence_273,gauge,32,59,536550.0,2914650.0,26.351382,87.366311
274,confluence_273,gauge+site,32,59,536550.0,2914650.0,26.351382,87.366311
275,confluence_274,gauge,30,112,552450.0,2915250.0,26.356304,87.525684
275,confluence_274,gauge+site,30,112,552450.0,2915250.0,26.356304,87.525684
276,confluence_275,gauge,100,69,539550.0,2894250.0,26.167104,87.395753
276,confluence_275,gauge+site,100,69,539550.0,2894250.0,26.167104,87.395753
277,confluence_276,gauge,111,112,552450.0,2890950.0,26.136895,87.524698
277,confluence_276,gauge+site,111,112,552450.0,2890950.0,26.136895,87.524698
278,confluence_277,gauge,49,39,530550.0,2909550.0,26.305474,87.306058
278,confluence_277,gauge+site,49,39,530550.0,2909550.0,26.305474,87.306058
279,confluence_278,gauge,28,112,552450.0,2915850.0,26.361721,87.525709
279,confluence_278,gauge+site,28,112,552450.0,2915850.0,26.361721,87.525709
280,confluence_279,gauge,29,75,541350.0,2915550.0,26.359377,87.414446
280,confluence_279,gauge+site,29,75,541350.0,2915550.0,26.359377,87.414446
281,confluence_280,gauge,99,68,539250.0,2894550.0,26.169821,87.39276
281,confluence_280,gauge+site,99,68,539250.0,2894550.0,26.169821,87.39276
282,confluence_281,gauge,31,58,536250.0,2914950.0,26.354099,87.363313
282,confluence_281,gauge+site,31,58,536250.0,2914950.0,26.354099,87.363313
283,confluence_282,gauge,48,38,530250.0,2909850.0,26.308189,87.30306
283,confluence_282,gauge+site,48,38,530250.0,2909850.0,26.308189,87.30306
284,confluence_283,gauge,115,135,559350.0,2889750.0,26.125792,87.593667
284,confluence_283,gauge+site,115,135,559350.0,2889750.0,26.125792,87.593667
285,confluence_284,gauge,30,57,535950.0,2915250.0,26.356815,87.360315
285,confluence_284,gauge+site,30,57,535950.0,2915250.0,26.356815,87.360315
286,confluence_285,gauge,147,135,559350.0,2880150.0,26.039111,87.593229
286,confluence_285,gauge+site,147,135,559350.0,2880150.0,26.039111,87.593229
287,confluence_286,gauge,25,144,562050.0,2916750.0,26.369461,87.621969
287,confluence_286,gauge+site,25,144,562050.0,2916750.0,26.369461,87.621969
288,confluence_287,gauge,114,134,559050.0,2890050.0,26.128513,87.590679
288,confluence_287,gauge+site,114,134,559050.0,2890050.0,26.128513,87.590679
289,confluence_288,gauge,27,73,540750.0,2916150.0,26.364812,87.408451
289,confluence_288,gauge+site,27,73,540750.0,2916150.0,26.364812,87.408451
290,confluence_289,gauge,74,43,531750.0,2902050.0,26.237727,87.317895
290,confluence_289,gauge+site,74,43,531750.0,2902050.0,26.237727,87.317895
291,confluence_290,gauge,73,42,531450.0,2902350.0,26.240443,87.314899
291,confluence_290,gauge+site,73,42,531450.0,2902350.0,26.240443,87.314899
292,confluence_291,gauge,29,81,543150.0,2915550.0,26.359324,87.432487
292,confluence_291,gauge+site,29,81,543150.0,2915550.0,26.359324,87.432487
293,confluence_292,gauge,72,41,531150.0,2902650.0,26.243158,87.311902
293,confluence_292,gauge+site,72,41,531150.0,2902650.0,26.243158,87.311902
294,confluence_293,gauge,23,144,562050.0,2917350.0,26.374879,87.621998
294,confluence_293,gauge+site,23,144,562050.0,2917350.0,26.374879,87.621998
295,confluence_294,gauge,71,40,530850.0,2902950.0,26.245873,87.308906
295,confluence_294,gauge+site,71,40,530850.0,2902950.0,26.245873,87.308906
296,confluence_295,gauge,24,73,540750.0,2917050.0,26.372938,87.40848
296,confluence_295,gauge+site,24,73,540750.0,2917050.0,26.372938,87.40848
297,confluence_296,gauge,97,65,538350.0,2895150.0,26.175263,87.383772
297,confluence_296,gauge+site,97,65,538350.0,2895150.0,26.175263,87.383772
298,confluence_297,gauge,97,64,538050.0,2895150.0,26.175271,87.38077
298,confluence_297,gauge+site,97,64,538050.0,2895150.0,26.175271,87.38077
299,confluence_298,gauge,43,121,555150.0,2911350.0,26.320989,87.552577
299,confluence_298,gauge+site,43,121,555150.0,2911350.0,26.320989,87.552577
300,confluence_299,gauge,151,133,558750.0,2878950.0,26.0283,87.587178
300,confluence_299,gauge+site,151,133,558750.0,2878950.0,26.0283,87.587178
301,confluence_300,gauge,29,84,544050.0,2915550.0,26.359296,87.441507
301,confluence_300,gauge+site,29,84,544050.0,2915550.0,26.359296,87.441507
302,confluence_301,gauge,30,85,544350.0,2915250.0,26.356578,87.444504
302,confluence_301,gauge+site,30,85,544350.0,2915250.0,26.356578,87.444504
303,confluence_302,gauge,40,124,556050.0,2912250.0,26.32908,87.561634
303,confluence_302,gauge+site,40,124,556050.0,2912250.0,26.32908,87.561634
304,confluence_303,gauge,153,132,558450.0,2878350.0,26.022895,87.584153
304,confluence_303,gauge+site,153,132,558450.0,2878350.0,26.022895,87.584153
305,confluence_304,gauge,84,125,556350.0,2899050.0,26.209884,87.564063
305,confluence_304,gauge+site,84,125,556350.0,2899050.0,26.209884,87.564063
306,confluence_305,gauge,31,40,530850.0,2914950.0,26.354226,87.309193
306,confluence_305,gauge+site,31,40,530850.0,2914950.0,26.354226,87.309193
307,confluence_306,gauge,96,63,537750.0,2895450.0,26.177988,87.377776
307,confluence_306,gauge+site,96,63,537750.0,2895450.0,26.177988,87.377776
308,confluence_307,gauge,30,39,530550.0,2915250.0,26.356941,87.306193
308,confluence_307,gauge+site,30,39,530550.0,2915250.0,26.356941,87.306193
309,confluence_308,gauge,82,124,556050.0,2899650.0,26.215313,87.561086
309,confluence_308,gauge+site,82,124,556050.0,2899650.0,26.215313,87.561086
310,confluence_309,gauge,113,133,558750.0,2890350.0,26.131234,87.587692
310,confluence_309,gauge+site,113,133,558750.0,2890350.0,26.131234,87.587692
311,confluence_310,gauge,112,132,558450.0,2890650.0,26.133955,87.584705
311,confluence_310,gauge+site,112,132,558450.0,2890650.0,26.133955,87.584705
312,confluence_311,gauge,95,62,537450.0,2895750.0,26.180704,87.374783
312,confluence_311,gauge+site,95,62,537450.0,2895750.0,26.180704,87.374783
313,confluence_312,gauge,46,33,528750.0,2910450.0,26.313638,87.288045
313,confluence_312,gauge+site,46,33,528750.0,2910450.0,26.313638,87.288045
314,confluence_313,gauge,18,16,523650.0,2918850.0,26.389577,87.237104
314,confluence_313,gauge+site,18,16,523650.0,2918850.0,26.389577,87.237104
315,confluence_314,gauge,26,38,530250.0,2916450.0,26.367782,87.303215
315,confluence_314,gauge+site,26,38,530250.0,2916450.0,26.367782,87.303215
316,confluence_315,gauge,17,16,523650.0,2919150.0,26.392286,87.237109
316,confluence_315,gauge+site,17,16,523650.0,2919150.0,26.392286,87.237109
317,confluence_316,gauge,94,61,537150.0,2896050.0,26.183421,87.371789
317,confluence_316,gauge+site,94,61,537150.0,2896050.0,26.183421,87.371789
318,confluence_317,gauge,24,114,553050.0,2917050.0,26.372534,87.531772
318,confluence_317,gauge+site,24,114,553050.0,2917050.0,26.372534,87.531772
319,confluence_318,gauge,16,15,523350.0,2919450.0,26.395,87.234107
319,confluence_318,gauge+site,16,15,523350.0,2919450.0,26.395,87.234107
320,confluence_319,gauge,78,123,555750.0,2900850.0,26.22616,87.558135
320,confluence_319,gauge+site,78,123,555750.0,2900850.0,26.22616,87.558135
321,confluence_320,gauge,52,123,555750.0,2908650.0,26.296587,87.558472
321,confluence_320,gauge+site,52,123,555750.0,2908650.0,26.296587,87.558472
322,confluence_321,gauge,23,113,552750.0,2917350.0,26.375253,87.528777
322,confluence_321,gauge+site,23,113,552750.0,2917350.0,26.375253,87.528777
323,confluence_322,gauge,14,14,523050.0,2920050.0,26.400422,87.23111
323,confluence_322,gauge+site,14,14,523050.0,2920050.0,26.400422,87.23111
324,confluence_323,gauge,77,122,555450.0,2901150.0,26.22888,87.555145
324,confluence_323,gauge+site,77,122,555450.0,2901150.0,26.22888,87.555145
325,confluence_324,gauge,14,104,550050.0,2920050.0,26.399729,87.501818
325,confluence_324,gauge+site,14,104,550050.0,2920050.0,26.399729,87.501818
326,confluence_325,gauge,81,67,538950.0,2899950.0,26.218588,87.38992
326,confluence_325,gauge+site,81,67,538950.0,2899950.0,26.218588,87.38992
327,confluence_326,gauge,13,13,522750.0,2920350.0,26.403136,87.228107
327,confluence_326,gauge+site,13,13,522750.0,2920350.0,26.403136,87.228107
328,confluence_327,gauge,51,127,556950.0,2908950.0,26.299248,87.570505
328,confluence_327,gauge+site,51,127,556950.0,2908950.0,26.299248,87.570505
329,confluence_328,gauge,80,66,538650.0,2900250.0,26.221305,87.386926
329,confluence_328,gauge+site,80,66,538650.0,2900250.0,26.221305,87.386926
330,confluence_329,gauge,79,65,538350.0,2900550.0,26.224022,87.383932
330,confluence_329,gauge+site,79,65,538350.0,2900550.0,26.224022,87.383932
331,confluence_330,gauge,70,39,530550.0,2903250.0,26.248589,87.305909
331,confluence_330,gauge+site,70,39,530550.0,2903250.0,26.248589,87.305909
332,confluence_331,gauge,93,59,536550.0,2896350.0,26.186145,87.365793
332,confluence_331,gauge+site,93,59,536550.0,2896350.0,26.186145,87.365793
333,confluence_332,gauge,78,64,538050.0,2900850.0,26.226739,87.380937
333,confluence_332,gauge+site,78,64,538050.0,2900850.0,26.226739,87.380937
334,confluence_333,gauge,108,130,557850.0,2891850.0,26.144814,87.578756
334,confluence_333,gauge+site,108,130,557850.0,2891850.0,26.144814,87.578756
335,confluence_334,gauge,12,11,522150.0,2920650.0,26.405854,87.222096
335,confluence_334,gauge+site,12,11,522150.0,2920650.0,26.405854,87.222096
336,confluence_335,gauge,107,129,557550.0,2892150.0,26.147535,87.575769
336,confluence_335,gauge+site,107,129,557550.0,2892150.0,26.147535,87.575769
337,confluence_336,gauge,71,122,555450.0,2902950.0,26.245133,87.555222
337,confluence_336,gauge+site,71,122,555450.0,2902950.0,26.245133,87.555222
338,confluence_337,gauge,92,56,535650.0,2896650.0,26.188877,87.356794
338,confluence_337,gauge+site,92,56,535650.0,2896650.0,26.188877,87.356794
339,confluence_338,gauge,108,128,557250.0,2891850.0,26.144838,87.572754
339,confluence_338,gauge+site,108,128,557250.0,2891850.0,26.144838,87.572754
340,confluence_339,gauge,91,55,535350.0,2896950.0,26.191593,87.3538
340,confluence_339,gauge+site,91,55,535350.0,2896950.0,26.191593,87.3538
341,confluence_340,gauge,26,34,529050.0,2916450.0,26.367807,87.291187
341,confluence_340,gauge+site,26,34,529050.0,2916450.0,26.367807,87.291187
342,confluence_341,gauge,142,136,559650.0,2881650.0,26.052642,87.596296
342,confluence_341,gauge+site,142,136,559650.0,2881650.0,26.052642,87.596296
343,confluence_342,gauge,90,54,535050.0,2897250.0,26.194309,87.350806
343,confluence_342,gauge+site,90,54,535050.0,2897250.0,26.194309,87.350806
344,confluence_343,gauge,108,124,556050.0,2891850.0,26.144885,87.560749
344,confluence_343,gauge+site,108,124,556050.0,2891850.0,26.144885,87.560749
345,confluence_344,gauge,69,34,529050.0,2903550.0,26.251329,87.290896
345,confluence_344,gauge+site,69,34,529050.0,2903550.0,26.251329,87.290896
346,confluence_345,gauge,89,53,534750.0,2897550.0,26.197025,87.347811
346,confluence_345,gauge+site,89,53,534750.0,2897550.0,26.197025,87.347811
347,confluence_346,gauge,23,143,561750.0,2917350.0,26.374892,87.618991
347,confluence_346,gauge+site,23,143,561750.0,2917350.0,26.374892,87.618991
348,confluence_347,gauge,106,123,555750.0,2892450.0,26.150315,87.557774
348,confluence_347,gauge+site,106,123,555750.0,2892450.0,26.150315,87.557774
349,confluence_348,gauge,45,129,557550.0,2910750.0,26.315476,87.576596
349,confluence_348,gauge+site,45,129,557550.0,2910750.0,26.315476,87.576596
350,confluence_349,gauge,23,140,560850.0,2917350.0,26.374931,87.60997
350,confluence_349,gauge+site,23,140,560850.0,2917350.0,26.374931,87.60997
351,confluence_350,gauge,34,128,557250.0,2914050.0,26.345284,87.573737
351,confluence_350,gauge+site,34,128,557250.0,2914050.0,26.345284,87.573737
352,confluence_351,gauge,104,114,553050.0,2893050.0,26.155834,87.530786
352,confluence_351,gauge+site,104,114,553050.0,2893050.0,26.155834,87.530786
353,confluence_352,gauge,76,111,552150.0,2901450.0,26.231713,87.522119
353,confluence_352,gauge+site,76,111,552150.0,2901450.0,26.231713,87.522119
354,confluence_353,gauge,59,92,546450.0,2906550.0,26.277958,87.465237
354,confluence_353,gauge+site,59,92,546450.0,2906550.0,26.277958,87.465237
355,confluence_354,gauge,88,51,534150.0,2897850.0,26.199748,87.341814
355,confluence_354,gauge+site,88,51,534150.0,2897850.0,26.199748,87.341814
356,confluence_355,gauge,75,110,551850.0,2901750.0,26.234432,87.519128
356,confluence_355,gauge+site,75,110,551850.0,2901750.0,26.234432,87.519128
357,confluence_356,gauge,21,140,560850.0,2917950.0,26.380348,87.609998
357,confluence_356,gauge+site,21,140,560850.0,2917950.0,26.380348,87.609998
358,confluence_357,gauge,58,91,546150.0,2906850.0,26.280676,87.462243
358,confluence_357,gauge+site,58,91,546150.0,2906850.0,26.280676,87.462243
359,confluence_358,gauge,42,130,557850.0,2911650.0,26.32359,87.579642
359,confluence_358,gauge+site,42,130,557850.0,2911650.0,26.32359,87.579642
360,confluence_359,gauge,87,50,533850.0,2898150.0,26.202464,87.338819
360,confluence_359,gauge+site,87,50,533850.0,2898150.0,26.202464,87.338819
361,confluence_360,gauge,36,72,540450.0,2913450.0,26.340442,87.40536
361,confluence_360,gauge+site,36,72,540450.0,2913450.0,26.340442,87.40536
362,confluence_361,gauge,46,27,526950.0,2910450.0,26.313673,87.270011
362,confluence_361,gauge+site,46,27,526950.0,2910450.0,26.313673,87.270011
363,confluence_362,gauge,19,140,560850.0,2918550.0,26.385765,87.610027
363,confluence_362,gauge+site,19,140,560850.0,2918550.0,26.385765,87.610027
364,confluence_363,gauge,35,71,540150.0,2913750.0,26.343159,87.402363
364,confluence_363,gauge+site,35,71,540150.0,2913750.0,26.343159,87.402363
365,confluence_364,gauge,87,49,533550.0,2898150.0,26.202471,87.335816
365,confluence_364,gauge+site,87,49,533550.0,2898150.0,26.202471,87.335816
366,confluence_365,gauge,16,89,545550.0,2919450.0,26.394463,87.45668
366,confluence_365,gauge+site,16,89,545550.0,2919450.0,26.394463,87.45668
367,confluence_366,gauge,44,55,535350.0,2911050.0,26.318907,87.354186
367,confluence_366,gauge+site,44,55,535350.0,2911050.0,26.318907,87.354186
368,confluence_367,gauge,72,108,551250.0,2902650.0,26.24258,87.513157
368,confluence_367,gauge+site,72,108,551250.0,2902650.0,26.24258,87.513157
369,confluence_368,gauge,18,18,524250.0,2918850.0,26.389567,87.243119
369,confluence_368,gauge+site,18,18,524250.0,2918850.0,26.389567,87.243119
370,confluence_369,gauge,14,88,545250.0,2920050.0,26.39989,87.453693
370,confluence_369,gauge+site,14,88,545250.0,2920050.0,26.39989,87.453693
371,confluence_370,gauge,86,48,533250.0,2898450.0,26.205187,87.332821
371,confluence_370,gauge+site,86,48,533250.0,2898450.0,26.205187,87.332821
372,confluence_371,gauge,63,34,529050.0,2905350.0,26.267582,87.290936
372,confluence_371,gauge+site,63,34,529050.0,2905350.0,26.267582,87.290936
373,confluence_372,gauge,71,107,550950.0,2902950.0,26.2453,87.510165
373,confluence_372,gauge+site,71,107,550950.0,2902950.0,26.2453,87.510165
374,confluence_373,gauge,170,164,568050.0,2873250.0,25.976426,87.679826
374,confluence_373,gauge+site,170,164,568050.0,2873250.0,25.976426,87.679826
375,confluence_374,gauge,46,107,550950.0,2910450.0,26.313018,87.510461
375,confluence_374,gauge+site,46,107,550950.0,2910450.0,26.313018,87.510461
376,confluence_375,gauge,74,58,536250.0,2902050.0,26.23762,87.36295
376,confluence_375,gauge+site,74,58,536250.0,2902050.0,26.23762,87.36295
377,confluence_376,gauge,109,111,552150.0,2891550.0,26.142323,87.521721
377,confluence_376,gauge+site,109,111,552150.0,2891550.0,26.142323,87.521721
378,confluence_377,gauge,85,47,532950.0,2898750.0,26.207903,87.329826
378,confluence_377,gauge+site,85,47,532950.0,2898750.0,26.207903,87.329826
379,confluence_378,gauge,43,54,535050.0,2911350.0,26.321623,87.351188
379,confluence_378,gauge+site,43,54,535050.0,2911350.0,26.321623,87.351188
380,confluence_379,gauge,55,91,546150.0,2907750.0,26.288803,87.462275
380,confluence_379,gauge+site,55,91,546150.0,2907750.0,26.288803,87.462275
381,confluence_380,gauge,18,59,536550.0,2918850.0,26.389305,87.366431
381,confluence_380,gauge+site,18,59,536550.0,2918850.0,26.389305,87.366431
382,confluence_381,gauge,45,105,550350.0,2910750.0,26.315748,87.504461
382,confluence_381,gauge+site,45,105,550350.0,2910750.0,26.315748,87.504461
383,confluence_382,gauge,84,46,532650.0,2899050.0,26.210619,87.326831
383,confluence_382,gauge+site,84,46,532650.0,2899050.0,26.210619,87.326831
384,confluence_383,gauge,27,129,557550.0,2916150.0,26.364233,87.576838
384,confluence_383,gauge+site,27,129,557550.0,2916150.0,26.364233,87.576838
385,confluence_384,gauge,72,58,536250.0,2902650.0,26.243038,87.362967
385,confluence_384,gauge+site,72,58,536250.0,2902650.0,26.243038,87.362967
386,confluence_385,gauge,62,32,528450.0,2905650.0,26.270302,87.284934
386,confluence_385,gauge+site,62,32,528450.0,2905650.0,26.270302,87.284934
387,confluence_386,gauge,60,78,542250.0,2906250.0,26.275379,87.423161
387,confluence_386,gauge+site,60,78,542250.0,2906250.0,26.275379,87.423161
388,confluence_387,gauge,53,91,546150.0,2908350.0,26.29422,87.462296
388,confluence_387,gauge+site,53,91,546150.0,2908350.0,26.29422,87.462296
389,confluence_388,gauge,107,111,552150.0,2892150.0,26.147741,87.521745
389,confluence_388,gauge+site,107,111,552150.0,2892150.0,26.147741,87.521745
390,confluence_389,gauge,26,130,557850.0,2916450.0,26.366929,87.579858
390,confluence_389,gauge+site,26,130,557850.0,2916450.0,26.366929,87.579858
391,confluence_390,gauge,71,57,535950.0,2902950.0,26.245754,87.359972
391,confluence_390,gauge+site,71,57,535950.0,2902950.0,26.245754,87.359972
392,confluence_391,gauge,70,105,550350.0,2903250.0,26.24803,87.504169
392,confluence_391,gauge+site,70,105,550350.0,2903250.0,26.24803,87.504169
393,confluence_392,gauge,105,109,551550.0,2892750.0,26.15318,87.515766
393,confluence_392,gauge+site,105,109,551550.0,2892750.0,26.15318,87.515766
394,confluence_393,gauge,101,111,552150.0,2893950.0,26.163993,87.521817
394,confluence_393,gauge+site,101,111,552150.0,2893950.0,26.163993,87.521817
395,confluence_394,gauge,70,56,535650.0,2903250.0,26.248471,87.356976
395,confluence_394,gauge+site,70,56,535650.0,2903250.0,26.248471,87.356976
396,confluence_395,gauge,11,87,544950.0,2920950.0,26.408026,87.450717
396,confluence_395,gauge+site,11,87,544950.0,2920950.0,26.408026,87.450717
397,confluence_396,gauge,22,69,539550.0,2917650.0,26.37839,87.39647
397,confluence_396,gauge+site,22,69,539550.0,2917650.0,26.37839,87.39647
398,confluence_397,gauge,83,43,531750.0,2899350.0,26.213348,87.317829
398,confluence_397,gauge+site,83,43,531750.0,2899350.0,26.213348,87.317829
399,confluence_398,gauge,57,115,553350.0,2907150.0,26.283135,87.534369
399,confluence_398,gauge+site,57,115,553350.0,2907150.0,26.283135,87.534369
400,confluence_399,gauge,99,110,551850.0,2894550.0,26.169422,87.51884
400,confluence_399,gauge+site,99,110,551850.0,2894550.0,26.169422,87.51884
401,confluence_400,gauge,53,90,545850.0,2908350.0,26.29423,87.459291
401,confluence_400,gauge+site,53,90,545850.0,2908350.0,26.29423,87.459291
402,confluence_401,gauge,38,133,558750.0,2912850.0,26.334388,87.588714
402,confluence_401,gauge+site,38,133,558750.0,2912850.0,26.334388,87.588714
403,confluence_402,gauge,104,108,551250.0,2893050.0,26.155899,87.512777
403,confluence_402,gauge+site,104,108,551250.0,2893050.0,26.155899,87.512777
404,confluence_403,gauge,51,89,545550.0,2908950.0,26.299657,87.456307
404,confluence_403,gauge+site,51,89,545550.0,2908950.0,26.299657,87.456307
405,confluence_404,gauge,37,22,525450.0,2913150.0,26.338079,87.255036
405,confluence_404,gauge+site,37,22,525450.0,2913150.0,26.338079,87.255036
406,confluence_405,gauge,59,77,541950.0,2906550.0,26.278097,87.420166
406,confluence_405,gauge+site,59,77,541950.0,2906550.0,26.278097,87.420166
407,confluence_406,gauge,9,75,541350.0,2921550.0,26.413552,87.414639
407,confluence_406,gauge+site,9,75,541350.0,2921550.0,26.413552,87.414639
408,confluence_407,gauge,73,44,532050.0,2902350.0,26.240429,87.320906
408,confluence_407,gauge+site,73,44,532050.0,2902350.0,26.240429,87.320906
409,confluence_408,gauge,103,107,550950.0,2893350.0,26.158619,87.509787
409,confluence_408,gauge+site,103,107,550950.0,2893350.0,26.158619,87.509787
410,confluence_409,gauge,67,104,550050.0,2904150.0,26.256166,87.5012
410,confluence_409,gauge+site,67,104,550050.0,2904150.0,26.256166,87.5012
411,confluence_410,gauge,58,76,541650.0,2906850.0,26.280814,87.417171
411,confluence_410,gauge+site,58,76,541650.0,2906850.0,26.280814,87.417171
412,confluence_411,gauge,61,32,528450.0,2905950.0,26.273011,87.28494
412,confluence_411,gauge+site,61,32,528450.0,2905950.0,26.273011,87.28494
413,confluence_412,gauge,71,43,531750.0,2902950.0,26.245854,87.317917
413,confluence_412,gauge+site,71,43,531750.0,2902950.0,26.245854,87.317917
414,confluence_413,gauge,102,106,550650.0,2893650.0,26.161338,87.506797
414,confluence_413,gauge+site,102,106,550650.0,2893650.0,26.161338,87.506797
415,confluence_414,gauge,133,140,560850.0,2884350.0,26.076971,87.608418
415,confluence_414,gauge+site,133,140,560850.0,2884350.0,26.076971,87.608418
416,confluence_415,gauge,36,21,525150.0,2913450.0,26.340793,87.252036
416,confluence_415,gauge+site,36,21,525150.0,2913450.0,26.340793,87.252036
417,confluence_416,gauge,97,123,555750.0,2895150.0,26.174693,87.55789
417,confluence_416,gauge+site,97,123,555750.0,2895150.0,26.174693,87.55789
418,confluence_417,gauge,60,31,528150.0,2906250.0,26.275726,87.281942
418,confluence_417,gauge+site,60,31,528150.0,2906250.0,26.275726,87.281942
419,confluence_418,gauge,64,124,556050.0,2905050.0,26.26407,87.56132
419,confluence_418,gauge+site,64,124,556050.0,2905050.0,26.26407,87.56132
420,confluence_419,gauge,20,144,562050.0,2918250.0,26.383005,87.622042
420,confluence_419,gauge+site,20,144,562050.0,2918250.0,26.383005,87.622042
421,confluence_420,gauge,42,52,534450.0,2911650.0,26.324347,87.345185
421,confluence_420,gauge+site,42,52,534450.0,2911650.0,26.324347,87.345185
422,confluence_421,gauge,35,20,524850.0,2913750.0,26.343508,87.249035
422,confluence_421,gauge+site,35,20,524850.0,2913750.0,26.343508,87.249035
423,confluence_422,gauge,132,138,560250.0,2884650.0,26.079705,87.602433
423,confluence_422,gauge+site,132,138,560250.0,2884650.0,26.079705,87.602433
424,confluence_423,gauge,19,143,561750.0,2918550.0,26.385726,87.619049
424,confluence_423,gauge+site,19,143,561750.0,2918550.0,26.385726,87.619049
425,confluence_424,gauge,25,147,562950.0,2916750.0,26.369422,87.63099
425,confluence_424,gauge+site,25,147,562950.0,2916750.0,26.369422,87.63099
426,confluence_425,gauge,29,79,542550.0,2915550.0,26.359342,87.426473
426,confluence_425,gauge+site,29,79,542550.0,2915550.0,26.359342,87.426473
427,confluence_426,gauge,11,20,524850.0,2920950.0,26.408519,87.249175
427,confluence_426,gauge+site,11,20,524850.0,2920950.0,26.408519,87.249175
428,confluence_427,gauge,41,51,534150.0,2911950.0,26.327063,87.342187
428,confluence_427,gauge+site,41,51,534150.0,2911950.0,26.327063,87.342187
429,confluence_428,gauge,93,111,552150.0,2896350.0,26.185664,87.521914
429,confluence_428,gauge+site,93,111,552150.0,2896350.0,26.185664,87.521914
430,confluence_429,gauge,69,55,535350.0,2903550.0,26.251187,87.35398
430,confluence_429,gauge+site,69,55,535350.0,2903550.0,26.251187,87.35398
431,confluence_430,gauge,27,78,542250.0,2916150.0,26.364768,87.423486
431,confluence_430,gauge+site,27,78,542250.0,2916150.0,26.364768,87.423486
432,confluence_431,gauge,34,19,524550.0,2914050.0,26.346222,87.246035
432,confluence_431,gauge+site,34,19,524550.0,2914050.0,26.346222,87.246035
433,confluence_432,gauge,98,105,550350.0,2894850.0,26.172184,87.503842
433,confluence_432,gauge+site,98,105,550350.0,2894850.0,26.172184,87.503842
434,confluence_433,gauge,35,137,559950.0,2913750.0,26.342465,87.600781
434,confluence_433,gauge+site,35,137,559950.0,2913750.0,26.342465,87.600781
435,confluence_434,gauge,59,74,541050.0,2906550.0,26.278123,87.411152
435,confluence_434,gauge+site,59,74,541050.0,2906550.0,26.278123,87.411152
436,confluence_435,gauge,58,73,540750.0,2906850.0,26.28084,87.408157
436,confluence_435,gauge+site,58,73,540750.0,2906850.0,26.28084,87.408157
437,confluence_436,gauge,44,30,527850.0,2911050.0,26.319073,87.279041
437,confluence_436,gauge+site,44,30,527850.0,2911050.0,26.319073,87.279041
438,confluence_437,gauge,33,137,559950.0,2914350.0,26.347882,87.600809
438,confluence_437,gauge+site,33,137,559950.0,2914350.0,26.347882,87.600809
439,confluence_438,gauge,51,115,553350.0,2908950.0,26.299387,87.534443
439,confluence_438,gauge+site,51,115,553350.0,2908950.0,26.299387,87.534443
440,confluence_439,gauge,141,165,568350.0,2881950.0,26.054966,87.683278
440,confluence_439,gauge+site,141,165,568350.0,2881950.0,26.054966,87.683278
441,confluence_440,gauge,96,122,555450.0,2895450.0,26.177414,87.5549
441,confluence_440,gauge+site,96,122,555450.0,2895450.0,26.177414,87.5549
442,confluence_441,gauge,32,126,556650.0,2914650.0,26.350725,87.567751
442,confluence_441,gauge+site,32,126,556650.0,2914650.0,26.350725,87.567751
443,confluence_442,gauge,70,78,542250.0,2903250.0,26.248291,87.423063
443,confluence_442,gauge+site,70,78,542250.0,2903250.0,26.248291,87.423063
444,confluence_443,gauge,57,72,540450.0,2907150.0,26.283558,87.405162
444,confluence_443,gauge+site,57,72,540450.0,2907150.0,26.283558,87.405162
445,confluence_444,gauge,128,109,551550.0,2885850.0,26.090877,87.515493
445,confluence_444,gauge+site,128,109,551550.0,2885850.0,26.090877,87.515493
446,confluence_445,gauge,66,103,549750.0,2904450.0,26.258886,87.498207
446,confluence_445,gauge+site,66,103,549750.0,2904450.0,26.258886,87.498207
447,confluence_446,gauge,41,65,538350.0,2911950.0,26.326956,87.384271
447,confluence_446,gauge+site,41,65,538350.0,2911950.0,26.326956,87.384271
448,confluence_447,gauge,32,136,559650.0,2914650.0,26.350603,87.597816
448,confluence_447,gauge+site,32,136,559650.0,2914650.0,26.350603,87.597816
449,confluence_448,gauge,43,28,527250.0,2911350.0,26.321793,87.273036
449,confluence_448,gauge+site,43,28,527250.0,2911350.0,26.321793,87.273036
450,confluence_449,gauge,71,39,530550.0,2902950.0,26.24588,87.305902
450,confluence_449,gauge+site,71,39,530550.0,2902950.0,26.24588,87.305902
451,confluence_450,gauge,72,38,530250.0,2902650.0,26.243177,87.302891
451,confluence_450,gauge+site,72,38,530250.0,2902650.0,26.243177,87.302891
452,confluence_451,gauge,130,137,559950.0,2885250.0,26.085135,87.599461
452,confluence_451,gauge+site,130,137,559950.0,2885250.0,26.085135,87.599461
453,confluence_452,gauge,96,104,550050.0,2895450.0,26.177612,87.500863
453,confluence_452,gauge+site,96,104,550050.0,2895450.0,26.177612,87.500863
454,confluence_453,gauge,69,77,541950.0,2903550.0,26.251009,87.420069
454,confluence_453,gauge+site,69,77,541950.0,2903550.0,26.251009,87.420069
455,confluence_454,gauge,31,125,556350.0,2914950.0,26.353446,87.564758
455,confluence_454,gauge+site,31,125,556350.0,2914950.0,26.353446,87.564758
456,confluence_455,gauge,135,120,554850.0,2883750.0,26.071794,87.548403
456,confluence_455,gauge+site,135,120,554850.0,2883750.0,26.071794,87.548403
457,confluence_456,gauge,19,68,539250.0,2918550.0,26.386524,87.39349
457,confluence_456,gauge+site,19,68,539250.0,2918550.0,26.386524,87.39349
458,confluence_457,gauge,41,119,554550.0,2911950.0,26.326429,87.546591
458,confluence_457,gauge+site,41,119,554550.0,2911950.0,26.326429,87.546591
459,confluence_458,gauge,83,40,530850.0,2899350.0,26.213367,87.30882
459,confluence_458,gauge+site,83,40,530850.0,2899350.0,26.213367,87.30882
460,confluence_459,gauge,56,71,540150.0,2907450.0,26.286275,87.402166
460,confluence_459,gauge+site,56,71,540150.0,2907450.0,26.286275,87.402166
461,confluence_460,gauge,30,125,556350.0,2915250.0,26.356155,87.564771
461,confluence_460,gauge+site,30,125,556350.0,2915250.0,26.356155,87.564771
462,confluence_461,gauge,31,137,559950.0,2914950.0,26.353299,87.600837
462,confluence_461,gauge+site,31,137,559950.0,2914950.0,26.353299,87.600837
463,confluence_462,gauge,19,151,564150.0,2918550.0,26.38562,87.643108
463,confluence_462,gauge+site,19,151,564150.0,2918550.0,26.38562,87.643108
464,confluence_463,gauge,64,54,535050.0,2905050.0,26.264738,87.351017
464,confluence_463,gauge+site,64,54,535050.0,2905050.0,26.264738,87.351017
465,confluence_464,gauge,50,114,553050.0,2909250.0,26.302107,87.53145
465,confluence_464,gauge+site,50,114,553050.0,2909250.0,26.302107,87.53145
466,confluence_465,gauge,18,67,538950.0,2918850.0,26.389241,87.390492
466,confluence_465,gauge+site,18,67,538950.0,2918850.0,26.389241,87.390492
467,confluence_466,gauge,110,102,549450.0,2891250.0,26.13971,87.494699
467,confluence_466,gauge+site,110,102,549450.0,2891250.0,26.13971,87.494699
468,confluence_467,gauge,159,123,555750.0,2876550.0,26.006748,87.557094
468,confluence_467,gauge+site,159,123,555750.0,2876550.0,26.006748,87.557094
469,confluence_468,gauge,30,63,537750.0,2915250.0,26.356768,87.378356
469,confluence_468,gauge+site,30,63,537750.0,2915250.0,26.356768,87.378356
470,confluence_469,gauge,18,150,563850.0,2918850.0,26.388342,87.640116
470,confluence_469,gauge+site,18,150,563850.0,2918850.0,26.388342,87.640116
471,confluence_470,gauge,99,147,562950.0,2894550.0,26.168979,87.629908
471,confluence_470,gauge+site,99,147,562950.0,2894550.0,26.168979,87.629908
472,confluence_471,gauge,152,153,564750.0,2878650.0,26.025335,87.647128
472,confluence_471,gauge+site,152,153,564750.0,2878650.0,26.025335,87.647128
473,confluence_472,gauge,138,164,568050.0,2882850.0,26.063106,87.680326
473,confluence_472,gauge+site,138,164,568050.0,2882850.0,26.063106,87.680326
474,confluence_473,gauge,95,102,549450.0,2895750.0,26.180342,87.49487
474,confluence_473,gauge+site,95,102,549450.0,2895750.0,26.180342,87.49487
475,confluence_474,gauge,82,39,530550.0,2899650.0,26.216083,87.305824
475,confluence_474,gauge+site,82,39,530550.0,2899650.0,26.216083,87.305824
476,confluence_475,gauge,119,149,563550.0,2888550.0,26.114778,87.635618
476,confluence_475,gauge+site,119,149,563550.0,2888550.0,26.114778,87.635618
477,confluence_476,gauge,12,59,536550.0,2920650.0,26.405557,87.366482
477,confluence_476,gauge+site,12,59,536550.0,2920650.0,26.405557,87.366482
478,confluence_477,gauge,158,122,555450.0,2876850.0,26.009469,87.554109
478,confluence_477,gauge+site,158,122,555450.0,2876850.0,26.009469,87.554109
479,confluence_478,gauge,98,146,562650.0,2894850.0,26.171701,87.62692
479,confluence_478,gauge+site,98,146,562650.0,2894850.0,26.171701,87.62692
480,confluence_479,gauge,12,102,549450.0,2920650.0,26.405168,87.495826
480,confluence_479,gauge+site,12,102,549450.0,2920650.0,26.405168,87.495826
481,confluence_480,gauge,66,44,532050.0,2904450.0,26.259391,87.320958
481,confluence_480,gauge+site,66,44,532050.0,2904450.0,26.259391,87.320958
482,confluence_481,gauge,26,111,552150.0,2916450.0,26.367149,87.522726
482,confluence_481,gauge+site,26,111,552150.0,2916450.0,26.367149,87.522726
483,confluence_482,gauge,18,12,522450.0,2918850.0,26.389597,87.225073
483,confluence_482,gauge+site,18,12,522450.0,2918850.0,26.389597,87.225073
484,confluence_483,gauge,129,135,559350.0,2885550.0,26.087869,87.593475
484,confluence_483,gauge+site,129,135,559350.0,2885550.0,26.087869,87.593475
485,confluence_484,gauge,97,145,562350.0,2895150.0,26.174422,87.623933
485,confluence_484,gauge+site,97,145,562350.0,2895150.0,26.174422,87.623933
486,confluence_485,gauge,55,68,539250.0,2907750.0,26.289009,87.393161
486,confluence_485,gauge+site,55,68,539250.0,2907750.0,26.289009,87.393161
487,confluence_486,gauge,39,66,538650.0,2912550.0,26.332365,87.387295
487,confluence_486,gauge+site,39,66,538650.0,2912550.0,26.332365,87.387295
488,confluence_487,gauge,115,121,555150.0,2889750.0,26.125959,87.551656
488,confluence_487,gauge+site,115,121,555150.0,2889750.0,26.125959,87.551656
489,confluence_488,gauge,12,100,548850.0,2920650.0,26.405188,87.48981
489,confluence_488,gauge+site,12,100,548850.0,2920650.0,26.405188,87.48981
490,confluence_489,gauge,22,80,542850.0,2917650.0,26.378294,87.42955
490,confluence_489,gauge+site,22,80,542850.0,2917650.0,26.378294,87.42955
491,confluence_490,gauge,11,73,540750.0,2920950.0,26.408152,87.408604
491,confluence_490,gauge+site,11,73,540750.0,2920950.0,26.408152,87.408604
492,confluence_491,gauge,157,121,555150.0,2877150.0,26.012189,87.551124
492,confluence_491,gauge+site,157,121,555150.0,2877150.0,26.012189,87.551124
493,confluence_492,gauge,25,109,551550.0,2916750.0,26.36988,87.516725
493,confluence_492,gauge+site,25,109,551550.0,2916750.0,26.36988,87.516725
494,confluence_493,gauge,39,51,534150.0,2912550.0,26.33248,87.342203
494,confluence_493,gauge+site,39,51,534150.0,2912550.0,26.33248,87.342203
495,confluence_494,gauge,61,102,549450.0,2905950.0,26.27244,87.49526
495,confluence_494,gauge+site,61,102,549450.0,2905950.0,26.27244,87.49526
496,confluence_495,gauge,27,62,537450.0,2916150.0,26.364903,87.375375
496,confluence_495,gauge+site,27,62,537450.0,2916150.0,26.364903,87.375375
497,confluence_496,gauge,137,151,564150.0,2883150.0,26.065993,87.641353
497,confluence_496,gauge+site,137,151,564150.0,2883150.0,26.065993,87.641353
498,confluence_497,gauge,79,130,557850.0,2900550.0,26.223368,87.579145
498,confluence_497,gauge+site,79,130,557850.0,2900550.0,26.223368,87.579145
499,confluence_498,gauge,16,64,538050.0,2919450.0,26.394683,87.381487
499,confluence_498,gauge+site,16,64,538050.0,2919450.0,26.394683,87.381487
500,confluence_499,gauge,37,67,538950.0,2913150.0,26.337775,87.390319
500,confluence_499,gauge+site,37,67,538950.0,2913150.0,26.337775,87.390319
501,confluence_500,gauge,162,121,555150.0,2875650.0,25.998645,87.55106
501,confluence_500,gauge+site,162,121,555150.0,2875650.0,25.998645,87.55106
502,confluence_501,gauge,157,143,561750.0,2877150.0,26.011922,87.617076
502,confluence_501,gauge+site,157,143,561750.0,2877150.0,26.011922,87.617076
503,confluence_502,gauge,11,99,548550.0,2920950.0,26.407907,87.486813
503,confluence_502,gauge+site,11,99,548550.0,2920950.0,26.407907,87.486813
504,confluence_503,gauge,96,144,562050.0,2895450.0,26.177144,87.620945
504,confluence_503,gauge+site,96,144,562050.0,2895450.0,26.177144,87.620945
505,confluence_504,gauge,101,92,546450.0,2893950.0,26.164189,87.464784
505,confluence_504,gauge+site,101,92,546450.0,2893950.0,26.164189,87.464784
506,confluence_505,gauge,14,77,541950.0,2920050.0,26.399991,87.420607
506,confluence_505,gauge+site,14,77,541950.0,2920050.0,26.399991,87.420607
507,confluence_506,gauge,54,67,538950.0,2908050.0,26.291726,87.390165
507,confluence_506,gauge+site,54,67,538950.0,2908050.0,26.291726,87.390165
508,confluence_507,gauge,154,167,568950.0,2878050.0,26.019724,87.68907
508,confluence_507,gauge+site,154,167,568950.0,2878050.0,26.019724,87.68907
509,confluence_508,gauge,7,77,541950.0,2922150.0,26.418952,87.420676
509,confluence_508,gauge+site,7,77,541950.0,2922150.0,26.418952,87.420676
510,confluence_509,gauge,75,34,529050.0,2901750.0,26.235076,87.290855
510,confluence_509,gauge+site,75,34,529050.0,2901750.0,26.235076,87.290855
511,confluence_510,gauge,67,76,541650.0,2904150.0,26.256435,87.417084
511,confluence_510,gauge+site,67,76,541650.0,2904150.0,26.256435,87.417084
512,confluence_511,gauge,154,129,557550.0,2878050.0,26.020222,87.575146
512,confluence_511,gauge+site,154,129,557550.0,2878050.0,26.020222,87.575146
513,confluence_512,gauge,30,19,524550.0,2915250.0,26.357057,87.246058
513,confluence_512,gauge+site,30,19,524550.0,2915250.0,26.357057,87.246058
514,confluence_513,gauge,118,147,562950.0,2888850.0,26.117513,87.629631
514,confluence_513,gauge+site,118,147,562950.0,2888850.0,26.117513,87.629631
515,confluence_514,gauge,45,36,529650.0,2910750.0,26.316328,87.297069
515,confluence_514,gauge+site,45,36,529650.0,2910750.0,26.316328,87.297069
516,confluence_515,gauge,81,38,530250.0,2899950.0,26.218798,87.302828
516,confluence_515,gauge+site,81,38,530250.0,2899950.0,26.218798,87.302828
517,confluence_516,gauge,63,53,534750.0,2905350.0,26.267455,87.348021
517,confluence_516,gauge+site,63,53,534750.0,2905350.0,26.267455,87.348021
518,confluence_517,gauge,17,10,521850.0,2919150.0,26.392315,87.219063
518,confluence_517,gauge+site,17,10,521850.0,2919150.0,26.392315,87.219063
519,confluence_518,gauge,105,104,550050.0,2892750.0,26.153233,87.500759
519,confluence_518,gauge+site,105,104,550050.0,2892750.0,26.153233,87.500759
520,confluence_519,gauge,113,119,554550.0,2890350.0,26.131399,87.54568
520,confluence_519,gauge+site,113,119,554550.0,2890350.0,26.131399,87.54568
521,confluence_520,gauge,76,48,533250.0,2901450.0,26.232276,87.332898
521,confluence_520,gauge+site,76,48,533250.0,2901450.0,26.232276,87.332898
522,confluence_521,gauge,66,75,541350.0,2904450.0,26.259153,87.41409
522,confluence_521,gauge+site,66,75,541350.0,2904450.0,26.259153,87.41409
523,confluence_522,gauge,39,104,550050.0,2912550.0,26.332011,87.501526
523,confluence_522,gauge+site,39,104,550050.0,2912550.0,26.332011,87.501526
524,confluence_523,gauge,95,143,561750.0,2895750.0,26.179866,87.617957
524,confluence_523,gauge+site,95,143,561750.0,2895750.0,26.179866,87.617957
525,confluence_524,gauge,59,101,549150.0,2906550.0,26.277868,87.492279
525,confluence_524,gauge+site,59,101,549150.0,2906550.0,26.277868,87.492279
526,confluence_525,gauge,132,120,554850.0,2884650.0,26.079921,87.548441
526,confluence_525,gauge+site,132,120,554850.0,2884650.0,26.079921,87.548441
527,confluence_526,gauge,151,158,566250.0,2878950.0,26.027976,87.662134
527,confluence_526,gauge+site,151,158,566250.0,2878950.0,26.027976,87.662134
528,confluence_527,gauge,78,104,550050.0,2900850.0,26.22637,87.501072
528,confluence_527,gauge+site,78,104,550050.0,2900850.0,26.22637,87.501072
529,confluence_528,gauge,153,128,557250.0,2878350.0,26.022943,87.572161
529,confluence_528,gauge+site,153,128,557250.0,2878350.0,26.022943,87.572161
530,confluence_529,gauge,37,121,555150.0,2913150.0,26.337241,87.552654
530,confluence_529,gauge+site,37,121,555150.0,2913150.0,26.337241,87.552654
531,confluence_530,gauge,23,108,551250.0,2917350.0,26.375308,87.513741
531,confluence_530,gauge+site,23,108,551250.0,2917350.0,26.375308,87.513741
532,confluence_531,gauge,57,30,527850.0,2907150.0,26.283858,87.278957
532,confluence_531,gauge+site,57,30,527850.0,2907150.0,26.283858,87.278957
533,confluence_532,gauge,75,47,532950.0,2901750.0,26.234991,87.329902
533,confluence_532,gauge+site,75,47,532950.0,2901750.0,26.234991,87.329902
534,confluence_533,gauge,137,154,565050.0,2883150.0,26.065953,87.65035
534,confluence_533,gauge+site,137,154,565050.0,2883150.0,26.065953,87.65035
535,confluence_534,gauge,20,117,553950.0,2918250.0,26.383335,87.540844
535,confluence_534,gauge+site,20,117,553950.0,2918250.0,26.383335,87.540844
536,confluence_535,gauge,155,121,555150.0,2877750.0,26.017606,87.551149
536,confluence_535,gauge+site,155,121,555150.0,2877750.0,26.017606,87.551149
537,confluence_536,gauge,118,98,548250.0,2888850.0,26.11808,87.482606
537,confluence_536,gauge+site,118,98,548250.0,2888850.0,26.11808,87.482606
538,confluence_537,gauge,116,146,562650.0,2889450.0,26.122943,87.62666
538,confluence_537,gauge+site,116,146,562650.0,2889450.0,26.122943,87.62666
539,confluence_538,gauge,147,114,553050.0,2880150.0,26.039356,87.53026
539,confluence_538,gauge+site,147,114,553050.0,2880150.0,26.039356,87.53026
540,confluence_539,gauge,115,148,563250.0,2889750.0,26.125626,87.632676
540,confluence_539,gauge+site,115,148,563250.0,2889750.0,26.125626,87.632676
541,confluence_540,gauge,153,166,568650.0,2878350.0,26.022447,87.686088
541,confluence_540,gauge+site,153,166,568650.0,2878350.0,26.022447,87.686088
542,confluence_541,gauge,137,155,565350.0,2883150.0,26.06594,87.653349
542,confluence_541,gauge+site,137,155,565350.0,2883150.0,26.06594,87.653349
543,confluence_542,gauge,74,48,533250.0,2902050.0,26.237693,87.332914
543,confluence_542,gauge+site,74,48,533250.0,2902050.0,26.237693,87.332914
544,confluence_543,gauge,41,107,550950.0,2911950.0,26.326562,87.51052
544,confluence_543,gauge+site,41,107,550950.0,2911950.0,26.326562,87.51052
545,confluence_544,gauge,166,148,563250.0,2874450.0,25.987478,87.631934
545,confluence_544,gauge+site,166,148,563250.0,2874450.0,25.987478,87.631934
546,confluence_545,gauge,111,119,554550.0,2890950.0,26.136817,87.545705
546,confluence_545,gauge+site,111,119,554550.0,2890950.0,26.136817,87.545705
547,confluence_546,gauge,40,80,542850.0,2912250.0,26.329537,87.42937
547,confluence_546,gauge+site,40,80,542850.0,2912250.0,26.329537,87.42937
548,confluence_547,gauge,65,74,541050.0,2904750.0,26.26187,87.411095
548,confluence_547,gauge+site,65,74,541050.0,2904750.0,26.26187,87.411095
549,confluence_548,gauge,30,145,562350.0,2915250.0,26.355905,87.624904
549,confluence_548,gauge+site,30,145,562350.0,2915250.0,26.355905,87.624904
550,confluence_549,gauge,43,35,529350.0,2911350.0,26.321752,87.294077
550,confluence_549,gauge+site,43,35,529350.0,2911350.0,26.321752,87.294077
551,confluence_550,gauge,47,115,553350.0,2910150.0,26.310222,87.534493
551,confluence_550,gauge+site,47,115,553350.0,2910150.0,26.310222,87.534493
552,confluence_551,gauge,143,163,567750.0,2881350.0,26.049577,87.677249
552,confluence_551,gauge+site,143,163,567750.0,2881350.0,26.049577,87.677249
553,confluence_552,gauge,9,98,548250.0,2921550.0,26.413335,87.483828
553,confluence_552,gauge+site,9,98,548250.0,2921550.0,26.413335,87.483828
554,confluence_553,gauge,7,73,540750.0,2922150.0,26.418987,87.408642
554,confluence_553,gauge+site,7,73,540750.0,2922150.0,26.418987,87.408642
555,confluence_554,gauge,77,102,549450.0,2901150.0,26.2291,87.495077
555,confluence_554,gauge+site,77,102,549450.0,2901150.0,26.2291,87.495077
556,confluence_555,gauge,35,67,538950.0,2913750.0,26.343192,87.390337
556,confluence_555,gauge+site,35,67,538950.0,2913750.0,26.343192,87.390337
557,confluence_556,gauge,120,127,556950.0,2888250.0,26.112345,87.569595
557,confluence_556,gauge+site,120,127,556950.0,2888250.0,26.112345,87.569595
558,confluence_557,gauge,88,110,551850.0,2897850.0,26.199218,87.518972
558,confluence_557,gauge+site,88,110,551850.0,2897850.0,26.199218,87.518972
559,confluence_558,gauge,126,108,551250.0,2886450.0,26.096306,87.512517
559,confluence_558,gauge+site,126,108,551250.0,2886450.0,26.096306,87.512517
560,confluence_559,gauge,38,81,543150.0,2912850.0,26.334945,87.432396
560,confluence_559,gauge+site,38,81,543150.0,2912850.0,26.334945,87.432396
561,confluence_560,gauge,135,108,551250.0,2883750.0,26.071926,87.51241
561,confluence_560,gauge+site,135,108,551250.0,2883750.0,26.071926,87.51241
562,confluence_561,gauge,42,44,532050.0,2911650.0,26.324402,87.321137
562,confluence_561,gauge+site,42,44,532050.0,2911650.0,26.324402,87.321137
563,confluence_562,gauge,24,98,548250.0,2917050.0,26.372704,87.483658
563,confluence_562,gauge+site,24,98,548250.0,2917050.0,26.372704,87.483658
564,confluence_563,gauge,150,157,565950.0,2879250.0,26.030699,87.659151
564,confluence_563,gauge+site,150,157,565950.0,2879250.0,26.030699,87.659151
565,confluence_564,gauge,117,96,547650.0,2889150.0,26.120809,87.476615
565,confluence_564,gauge+site,117,96,547650.0,2889150.0,26.120809,87.476615
566,confluence_565,gauge,19,81,543150.0,2918550.0,26.386411,87.432588
566,confluence_565,gauge+site,19,81,543150.0,2918550.0,26.386411,87.432588
567,confluence_566,gauge,131,119,554550.0,2884950.0,26.082641,87.545454
567,confluence_566,gauge+site,131,119,554550.0,2884950.0,26.082641,87.545454
568,confluence_567,gauge,102,124,556050.0,2893650.0,26.161138,87.560827
568,confluence_567,gauge+site,102,124,556050.0,2893650.0,26.161138,87.560827
569,confluence_568,gauge,56,82,543450.0,2907450.0,26.286178,87.43522
569,confluence_568,gauge+site,56,82,543450.0,2907450.0,26.286178,87.43522
570,confluence_569,gauge,142,162,567450.0,2881650.0,26.052299,87.674266
570,confluence_569,gauge+site,142,162,567450.0,2881650.0,26.052299,87.674266
571,confluence_570,gauge,114,86,544650.0,2890050.0,26.129031,87.44664
571,confluence_570,gauge+site,114,86,544650.0,2890050.0,26.129031,87.44664
572,confluence_571,gauge,108,132,558450.0,2891850.0,26.14479,87.584759
572,confluence_571,gauge+site,108,132,558450.0,2891850.0,26.14479,87.584759
573,confluence_572,gauge,56,56,535650.0,2907450.0,26.286394,87.357092
573,confluence_572,gauge+site,56,56,535650.0,2907450.0,26.286394,87.357092
574,confluence_573,gauge,30,94,547050.0,2915250.0,26.356492,87.471564
574,confluence_573,gauge+site,30,94,547050.0,2915250.0,26.356492,87.471564
575,confluence_574,gauge,78,127,556950.0,2900850.0,26.226113,87.570148
575,confluence_574,gauge+site,78,127,556950.0,2900850.0,26.226113,87.570148
576,confluence_575,gauge,164,147,562950.0,2875050.0,25.992909,87.628966
576,confluence_575,gauge+site,164,147,562950.0,2875050.0,25.992909,87.628966
577,confluence_576,gauge,85,96,547650.0,2898750.0,26.20749,87.476968
577,confluence_576,gauge+site,85,96,547650.0,2898750.0,26.20749,87.476968
578,confluence_577,gauge,6,72,540450.0,2922450.0,26.421704,87.405643
578,confluence_577,gauge+site,6,72,540450.0,2922450.0,26.421704,87.405643
579,confluence_578,gauge,34,122,555450.0,2914050.0,26.345355,87.555699
579,confluence_578,gauge+site,34,122,555450.0,2914050.0,26.345355,87.555699
580,confluence_579,gauge,29,18,524250.0,2915550.0,26.359771,87.243056
580,confluence_579,gauge+site,29,18,524250.0,2915550.0,26.359771,87.243056
581,confluence_580,gauge,93,121,555150.0,2896350.0,26.185552,87.551937
581,confluence_580,gauge+site,93,121,555150.0,2896350.0,26.185552,87.551937
582,confluence_581,gauge,127,134,559050.0,2886150.0,26.093299,87.590503
582,confluence_581,gauge+site,127,134,559050.0,2886150.0,26.093299,87.590503
583,confluence_582,gauge,156,139,560550.0,2877450.0,26.014682,87.605098
583,confluence_582,gauge+site,156,139,560550.0,2877450.0,26.014682,87.605098
584,confluence_583,gauge,27,138,560250.0,2916150.0,26.364121,87.603899
584,confluence_583,gauge+site,27,138,560250.0,2916150.0,26.364121,87.603899
585,confluence_584,gauge,161,118,554250.0,2875950.0,26.001387,87.54208
585,confluence_584,gauge+site,161,118,554250.0,2875950.0,26.001387,87.54208
586,confluence_585,gauge,113,87,544950.0,2890350.0,26.131731,87.449651
586,confluence_585,gauge+site,113,87,544950.0,2890350.0,26.131731,87.449651
587,confluence_586,gauge,20,119,554550.0,2918250.0,26.383312,87.546859
587,confluence_586,gauge+site,20,119,554550.0,2918250.0,26.383312,87.546859
588,confluence_587,gauge,41,42,531450.0,2911950.0,26.327125,87.315133
588,confluence_587,gauge+site,41,42,531450.0,2911950.0,26.327125,87.315133
589,confluence_588,gauge,93,101,549150.0,2896350.0,26.185769,87.491891
589,confluence_588,gauge+site,93,101,549150.0,2896350.0,26.185769,87.491891
590,confluence_589,gauge,45,117,553950.0,2910750.0,26.315617,87.540529
590,confluence_589,gauge+site,45,117,553950.0,2910750.0,26.315617,87.540529
591,confluence_590,gauge,113,147,562950.0,2890350.0,26.131056,87.629704
591,confluence_590,gauge+site,113,147,562950.0,2890350.0,26.131056,87.629704
592,confluence_591,gauge,9,119,554550.0,2921550.0,26.413107,87.546999
592,confluence_591,gauge+site,9,119,554550.0,2921550.0,26.413107,87.546999
593,confluence_592,gauge,7,75,541350.0,2922150.0,26.41897,87.414659
593,confluence_592,gauge+site,7,75,541350.0,2922150.0,26.41897,87.414659
594,confluence_593,gauge,8,97,547950.0,2921850.0,26.416054,87.480831
594,confluence_593,gauge+site,8,97,547950.0,2921850.0,26.416054,87.480831
595,confluence_594,gauge,136,149,563550.0,2883450.0,26.068729,87.635369
595,confluence_594,gauge+site,136,149,563550.0,2883450.0,26.068729,87.635369
596,confluence_595,gauge,23,97,547950.0,2917350.0,26.375423,87.480663
596,confluence_595,gauge+site,23,97,547950.0,2917350.0,26.375423,87.480663
597,confluence_596,gauge,87,109,551550.0,2898150.0,26.201938,87.515981
597,confluence_596,gauge+site,87,109,551550.0,2898150.0,26.201938,87.515981
598,confluence_597,gauge,150,127,556950.0,2879250.0,26.031081,87.569202
598,confluence_597,gauge+site,150,127,556950.0,2879250.0,26.031081,87.569202
599,confluence_598,gauge,130,118,554250.0,2885250.0,26.085361,87.542467
599,confluence_598,gauge+site,130,118,554250.0,2885250.0,26.085361,87.542467
600,confluence_599,gauge,70,120,554850.0,2903250.0,26.247864,87.549227
600,confluence_599,gauge+site,70,120,554850.0,2903250.0,26.247864,87.549227
601,confluence_600,gauge,65,84,544050.0,2904750.0,26.261781,87.441138
601,confluence_600,gauge+site,65,84,544050.0,2904750.0,26.261781,87.441138
602,confluence_601,gauge,33,93,546750.0,2914350.0,26.348376,87.468525
602,confluence_601,gauge+site,33,93,546750.0,2914350.0,26.348376,87.468525
603,confluence_602,gauge,10,68,539250.0,2921250.0,26.410903,87.393573
603,confluence_602,gauge+site,10,68,539250.0,2921250.0,26.410903,87.393573
604,confluence_603,gauge,161,128,557250.0,2875950.0,26.001272,87.572056
604,confluence_603,gauge+site,161,128,557250.0,2875950.0,26.001272,87.572056
605,confluence_604,gauge,78,77,541950.0,2900850.0,26.22663,87.419981
605,confluence_604,gauge+site,78,77,541950.0,2900850.0,26.22663,87.419981
606,confluence_605,gauge,38,28,527250.0,2912850.0,26.335337,87.273068
606,confluence_605,gauge+site,38,28,527250.0,2912850.0,26.335337,87.273068
607,confluence_606,gauge,5,88,545250.0,2922750.0,26.424268,87.453788
607,confluence_606,gauge+site,5,88,545250.0,2922750.0,26.424268,87.453788
608,confluence_607,gauge,21,120,554850.0,2917950.0,26.380591,87.549853
608,confluence_607,gauge+site,21,120,554850.0,2917950.0,26.380591,87.549853
609,confluence_608,gauge,117,126,556650.0,2889150.0,26.120483,87.566634
609,confluence_608,gauge+site,117,126,556650.0,2889150.0,26.120483,87.566634
610,confluence_609,gauge,95,119,554550.0,2895750.0,26.180157,87.545907
610,confluence_609,gauge+site,95,119,554550.0,2895750.0,26.180157,87.545907
611,confluence_610,gauge,116,94,547050.0,2889450.0,26.123537,87.470625
611,confluence_610,gauge+site,116,94,547050.0,2889450.0,26.123537,87.470625
612,confluence_611,gauge,19,155,565350.0,2918550.0,26.385566,87.655138
612,confluence_611,gauge+site,19,155,565350.0,2918550.0,26.385566,87.655138
613,confluence_612,gauge,42,54,535050.0,2911650.0,26.324332,87.351197
613,confluence_612,gauge+site,42,54,535050.0,2911650.0,26.324332,87.351197
614,confluence_613,gauge,73,33,528750.0,2902350.0,26.240499,87.287865
614,confluence_613,gauge+site,73,33,528750.0,2902350.0,26.240499,87.287865
615,confluence_614,gauge,114,106,550650.0,2890050.0,26.128833,87.506657
615,confluence_614,gauge+site,114,106,550650.0,2890050.0,26.128833,87.506657
616,confluence_615,gauge,112,146,562650.0,2890650.0,26.133778,87.626718
616,confluence_615,gauge+site,112,146,562650.0,2890650.0,26.133778,87.626718
617,confluence_616,gauge,151,164,568050.0,2878950.0,26.027893,87.680123
617,confluence_616,gauge+site,151,164,568050.0,2878950.0,26.027893,87.680123
618,confluence_617,gauge,48,41,531150.0,2909850.0,26.30817,87.312076
618,confluence_617,gauge+site,48,41,531150.0,2909850.0,26.30817,87.312076
619,confluence_618,gauge,84,40,530850.0,2899050.0,26.210659,87.308813
619,confluence_618,gauge+site,84,40,530850.0,2899050.0,26.210659,87.308813
620,confluence_619,gauge,77,76,541650.0,2901150.0,26.229347,87.416988
620,confluence_619,gauge+site,77,76,541650.0,2901150.0,26.229347,87.416988
621,confluence_620,gauge,77,126,556650.0,2901150.0,26.228833,87.567158
621,confluence_620,gauge+site,77,126,556650.0,2901150.0,26.228833,87.567158
622,confluence_621,gauge,38,131,558150.0,2912850.0,26.334413,87.582702
622,confluence_621,gauge+site,38,131,558150.0,2912850.0,26.334413,87.582702
623,confluence_622,gauge,97,134,559050.0,2895150.0,26.174562,87.590911
623,confluence_622,gauge+site,97,134,559050.0,2895150.0,26.174562,87.590911
624,confluence_623,gauge,125,106,550650.0,2886750.0,26.099036,87.506528
624,confluence_623,gauge+site,125,106,550650.0,2886750.0,26.099036,87.506528
625,confluence_624,gauge,25,126,556650.0,2916750.0,26.369686,87.567844
625,confluence_624,gauge+site,25,126,556650.0,2916750.0,26.369686,87.567844
626,confluence_625,gauge,106,131,558150.0,2892450.0,26.15022,87.581784
626,confluence_625,gauge+site,106,131,558150.0,2892450.0,26.15022,87.581784
627,confluence_626,gauge,33,65,538350.0,2914350.0,26.348626,87.384342
627,confluence_626,gauge+site,33,65,538350.0,2914350.0,26.348626,87.384342
628,confluence_627,gauge,72,32,528450.0,2902650.0,26.243214,87.284868
628,confluence_627,gauge+site,72,32,528450.0,2902650.0,26.243214,87.284868
629,confluence_628,gauge,37,103,549750.0,2913150.0,26.337439,87.498543
629,confluence_628,gauge+site,37,103,549750.0,2913150.0,26.337439,87.498543
630,confluence_629,gauge,49,107,550950.0,2909550.0,26.304892,87.510425
630,confluence_629,gauge+site,49,107,550950.0,2909550.0,26.304892,87.510425
631,confluence_630,gauge,21,13,522750.0,2917950.0,26.381466,87.228065
631,confluence_630,gauge+site,21,13,522750.0,2917950.0,26.381466,87.228065
632,confluence_631,gauge,43,116,553650.0,2911350.0,26.321046,87.537548
632,confluence_631,gauge+site,43,116,553650.0,2911350.0,26.321046,87.537548
633,confluence_632,gauge,135,148,563250.0,2883750.0,26.071451,87.632384
633,confluence_632,gauge+site,135,148,563250.0,2883750.0,26.071451,87.632384
634,confluence_633,gauge,22,108,551250.0,2917650.0,26.378017,87.513753
634,confluence_633,gauge+site,22,108,551250.0,2917650.0,26.378017,87.513753
635,confluence_634,gauge,12,64,538050.0,2920650.0,26.405518,87.381522
635,confluence_634,gauge+site,12,64,538050.0,2920650.0,26.405518,87.381522
636,confluence_635,gauge,22,96,547650.0,2917650.0,26.378142,87.477666
636,confluence_635,gauge+site,22,96,547650.0,2917650.0,26.378142,87.477666
637,confluence_636,gauge,94,59,536550.0,2896050.0,26.183436,87.365785
637,confluence_636,gauge+site,94,59,536550.0,2896050.0,26.183436,87.365785
638,confluence_637,gauge,94,118,554250.0,2896050.0,26.182877,87.542917
638,confluence_637,gauge+site,94,118,554250.0,2896050.0,26.182877,87.542917
639,confluence_638,gauge,111,145,562350.0,2890950.0,26.1365,87.623731
639,confluence_638,gauge+site,111,145,562350.0,2890950.0,26.1365,87.623731
640,confluence_639,gauge,36,102,549450.0,2913450.0,26.340158,87.495548
640,confluence_639,gauge+site,36,102,549450.0,2913450.0,26.340158,87.495548
641,confluence_640,gauge,160,117,553950.0,2876250.0,26.004108,87.539095
641,confluence_640,gauge+site,160,117,553950.0,2876250.0,26.004108,87.539095
642,confluence_641,gauge,69,119,554550.0,2903550.0,26.250585,87.546236
642,confluence_641,gauge+site,69,119,554550.0,2903550.0,26.250585,87.546236
643,confluence_642,gauge,101,103,549750.0,2893950.0,26.164078,87.497804
643,confluence_642,gauge+site,101,103,549750.0,2893950.0,26.164078,87.497804
644,confluence_643,gauge,30,29,527550.0,2915250.0,26.357002,87.276125
644,confluence_643,gauge+site,30,29,527550.0,2915250.0,26.357002,87.276125
645,confluence_644,gauge,36,107,550950.0,2913450.0,26.340106,87.51058
645,confluence_644,gauge+site,36,107,550950.0,2913450.0,26.340106,87.51058
646,confluence_645,gauge,48,106,550650.0,2909850.0,26.307612,87.507432
646,confluence_645,gauge+site,48,106,550650.0,2909850.0,26.307612,87.507432
647,confluence_646,gauge,134,107,550950.0,2884050.0,26.074646,87.509423
647,confluence_646,gauge+site,134,107,550950.0,2884050.0,26.074646,87.509423
648,confluence_647,gauge,92,142,561450.0,2896650.0,26.188005,87.614998
648,confluence_647,gauge+site,92,142,561450.0,2896650.0,26.188005,87.614998
649,confluence_648,gauge,19,121,555150.0,2918550.0,26.385997,87.552886
649,confluence_648,gauge+site,19,121,555150.0,2918550.0,26.385997,87.552886
650,confluence_649,gauge,69,57,535950.0,2903550.0,26.251172,87.359989
650,confluence_649,gauge+site,69,57,535950.0,2903550.0,26.251172,87.359989
651,confluence_650,gauge,150,162,567450.0,2879250.0,26.030629,87.674142
651,confluence_650,gauge+site,150,162,567450.0,2879250.0,26.030629,87.674142
652,confluence_651,gauge,134,166,568650.0,2884050.0,26.073913,87.686387
652,confluence_651,gauge+site,134,166,568650.0,2884050.0,26.073913,87.686387
653,confluence_652,gauge,31,92,546450.0,2914950.0,26.353803,87.46554
653,confluence_652,gauge+site,31,92,546450.0,2914950.0,26.353803,87.46554
654,confluence_653,gauge,126,132,558450.0,2886450.0,26.096032,87.584516
654,confluence_653,gauge+site,126,132,558450.0,2886450.0,26.096032,87.584516
655,confluence_654,gauge,141,160,566850.0,2881950.0,26.055036,87.668284
655,confluence_654,gauge+site,141,160,566850.0,2881950.0,26.055036,87.668284
656,confluence_655,gauge,61,49,533550.0,2905950.0,26.272901,87.336019
656,confluence_655,gauge+site,61,49,533550.0,2905950.0,26.272901,87.336019
657,confluence_656,gauge,29,104,550050.0,2915550.0,26.359099,87.501643
657,confluence_656,gauge+site,29,104,550050.0,2915550.0,26.359099,87.501643
658,confluence_657,gauge,70,65,538350.0,2903250.0,26.248401,87.384012
658,confluence_657,gauge+site,70,65,538350.0,2903250.0,26.248401,87.384012
659,confluence_658,gauge,17,116,553650.0,2919150.0,26.391472,87.537874
659,confluence_658,gauge+site,17,116,553650.0,2919150.0,26.391472,87.537874
660,confluence_659,gauge,134,147,562950.0,2884050.0,26.074173,87.629399
660,confluence_659,gauge+site,134,147,562950.0,2884050.0,26.074173,87.629399
661,confluence_660,gauge,89,93,546750.0,2897550.0,26.196685,87.467916
661,confluence_660,gauge+site,89,93,546750.0,2897550.0,26.196685,87.467916
662,confluence_661,gauge,77,42,531450.0,2901150.0,26.229607,87.31487
662,confluence_661,gauge+site,77,42,531450.0,2901150.0,26.229607,87.31487
663,confluence_662,gauge,70,84,544050.0,2903250.0,26.248237,87.441087
663,confluence_662,gauge+site,70,84,544050.0,2903250.0,26.248237,87.441087
664,confluence_663,gauge,91,100,548850.0,2896950.0,26.191197,87.488911
664,confluence_663,gauge+site,91,100,548850.0,2896950.0,26.191197,87.488911
665,confluence_664,gauge,11,64,538050.0,2920950.0,26.408227,87.381531
665,confluence_664,gauge+site,11,64,538050.0,2920950.0,26.408227,87.381531
666,confluence_665,gauge,27,124,556050.0,2916150.0,26.364293,87.561804
666,confluence_665,gauge+site,27,124,556050.0,2916150.0,26.364293,87.561804
667,confluence_666,gauge,39,53,534750.0,2912550.0,26.332466,87.348215
667,confluence_666,gauge+site,39,53,534750.0,2912550.0,26.332466,87.348215
668,confluence_667,gauge,101,121,555150.0,2893950.0,26.163882,87.551835
668,confluence_667,gauge+site,101,121,555150.0,2893950.0,26.163882,87.551835
669,confluence_668,gauge,141,146,562650.0,2881950.0,26.055224,87.626299
669,confluence_668,gauge+site,141,146,562650.0,2881950.0,26.055224,87.626299
670,confluence_669,gauge,52,64,538050.0,2908650.0,26.297167,87.381167
670,confluence_669,gauge+site,52,64,538050.0,2908650.0,26.297167,87.381167
671,confluence_670,gauge,96,58,536250.0,2895450.0,26.178026,87.362766
671,confluence_670,gauge+site,96,58,536250.0,2895450.0,26.178026,87.362766
672,confluence_671,gauge,49,97,547950.0,2909550.0,26.304996,87.480372
672,confluence_671,gauge+site,49,97,547950.0,2909550.0,26.304996,87.480372
673,confluence_672,gauge,37,130,557850.0,2913150.0,26.337134,87.57971
673,confluence_672,gauge+site,37,130,557850.0,2913150.0,26.337134,87.57971
674,confluence_673,gauge,86,108,551250.0,2898450.0,26.204658,87.51299
674,confluence_673,gauge+site,86,108,551250.0,2898450.0,26.204658,87.51299
675,confluence_674,gauge,124,105,550350.0,2887050.0,26.101755,87.50354
675,confluence_674,gauge+site,124,105,550350.0,2887050.0,26.101755,87.50354
676,confluence_675,gauge,27,150,563850.0,2916150.0,26.363965,87.639981
676,confluence_675,gauge+site,27,150,563850.0,2916150.0,26.363965,87.639981
677,confluence_676,gauge,71,30,527850.0,2902950.0,26.245935,87.278866
677,confluence_676,gauge+site,71,30,527850.0,2902950.0,26.245935,87.278866
678,confluence_677,gauge,43,104,550050.0,2911350.0,26.321176,87.501479
678,confluence_677,gauge+site,43,104,550050.0,2911350.0,26.321176,87.501479
679,confluence_678,gauge,100,102,549450.0,2894250.0,26.166798,87.494813
679,confluence_678,gauge+site,100,102,549450.0,2894250.0,26.166798,87.494813
680,confluence_679,gauge,93,117,553950.0,2896350.0,26.185597,87.539928
680,confluence_679,gauge+site,93,117,553950.0,2896350.0,26.185597,87.539928
681,confluence_680,gauge,110,143,561750.0,2891250.0,26.139235,87.617743
681,confluence_680,gauge+site,110,143,561750.0,2891250.0,26.139235,87.617743
682,confluence_681,gauge,22,134,559050.0,2917650.0,26.377715,87.591941
682,confluence_681,gauge+site,22,134,559050.0,2917650.0,26.377715,87.591941
683,confluence_682,gauge,127,100,548850.0,2886150.0,26.09368,87.488505
683,confluence_682,gauge+site,127,100,548850.0,2886150.0,26.09368,87.488505
684,confluence_683,gauge,32,66,538650.0,2914650.0,26.351327,87.387358
684,confluence_683,gauge+site,32,66,538650.0,2914650.0,26.351327,87.387358
685,confluence_684,gauge,20,95,547350.0,2918250.0,26.383569,87.474681
685,confluence_684,gauge+site,20,95,547350.0,2918250.0,26.383569,87.474681
686,confluence_685,gauge,154,120,554850.0,2878050.0,26.020327,87.548164
686,confluence_685,gauge+site,154,120,554850.0,2878050.0,26.020327,87.548164
687,confluence_686,gauge,76,74,541050.0,2901450.0,26.232073,87.41099
687,confluence_686,gauge+site,76,74,541050.0,2901450.0,26.232073,87.41099
688,confluence_687,gauge,22,65,538350.0,2917650.0,26.378422,87.384441
688,confluence_687,gauge+site,22,65,538350.0,2917650.0,26.378422,87.384441
689,confluence_688,gauge,151,150,563850.0,2878950.0,26.028084,87.638148
689,confluence_688,gauge+site,151,150,563850.0,2878950.0,26.028084,87.638148
690,confluence_689,gauge,151,143,561750.0,2878950.0,26.028175,87.617161
690,confluence_689,gauge+site,151,143,561750.0,2878950.0,26.028175,87.617161
691,confluence_690,gauge,115,92,546450.0,2889750.0,26.126265,87.464634
691,confluence_690,gauge+site,115,92,546450.0,2889750.0,26.126265,87.464634
692,confluence_691,gauge,88,91,546150.0,2897850.0,26.199413,87.461921
692,confluence_691,gauge+site,88,91,546150.0,2897850.0,26.199413,87.461921
693,confluence_692,gauge,91,140,560850.0,2896950.0,26.190739,87.609008
693,confluence_692,gauge+site,91,140,560850.0,2896950.0,26.190739,87.609008
694,confluence_693,gauge,69,38,530250.0,2903550.0,26.251304,87.302912
694,confluence_693,gauge+site,69,38,530250.0,2903550.0,26.251304,87.302912
695,confluence_694,gauge,170,149,563550.0,2873250.0,25.97663,87.634873
695,confluence_694,gauge+site,170,149,563550.0,2873250.0,25.97663,87.634873
696,confluence_695,gauge,99,113,552750.0,2894550.0,26.169389,87.527845
696,confluence_695,gauge+site,99,113,552750.0,2894550.0,26.169389,87.527845
697,confluence_696,gauge,149,125,556350.0,2879550.0,26.033813,87.563218
697,confluence_696,gauge+site,149,125,556350.0,2879550.0,26.033813,87.563218
698,confluence_697,gauge,96,96,547650.0,2895450.0,26.177694,87.476846
698,confluence_697,gauge+site,96,96,547650.0,2895450.0,26.177694,87.476846
699,confluence_698,gauge,55,102,549450.0,2907750.0,26.288692,87.495329
699,confluence_698,gauge+site,55,102,549450.0,2907750.0,26.288692,87.495329
700,confluence_699,gauge,26,93,546750.0,2916450.0,26.367337,87.468601
700,confluence_699,gauge+site,26,93,546750.0,2916450.0,26.367337,87.468601
701,confluence_700,gauge,81,80,542850.0,2899950.0,26.218477,87.428962
701,confluence_700,gauge+site,81,80,542850.0,2899950.0,26.218477,87.428962
702,confluence_701,gauge,37,92,546450.0,2913150.0,26.33755,87.465475
702,confluence_701,gauge+site,37,92,546450.0,2913150.0,26.33755,87.465475
703,confluence_702,gauge,30,59,536550.0,2915250.0,26.3568,87.366329
703,confluence_702,gauge+site,30,59,536550.0,2915250.0,26.3568,87.366329
704,confluence_703,gauge,70,29,527550.0,2903250.0,26.248649,87.275869
704,confluence_703,gauge+site,70,29,527550.0,2903250.0,26.248649,87.275869
705,confluence_704,gauge,35,101,549150.0,2913750.0,26.342877,87.492554
705,confluence_704,gauge+site,35,101,549150.0,2913750.0,26.342877,87.492554
706,confluence_705,gauge,3,88,545250.0,2923350.0,26.429686,87.45381
706,confluence_705,gauge+site,3,88,545250.0,2923350.0,26.429686,87.45381
707,confluence_706,gauge,61,31,528150.0,2905950.0,26.273017,87.281936
707,confluence_706,gauge+site,61,31,528150.0,2905950.0,26.273017,87.281936
708,confluence_707,gauge,55,34,529050.0,2907750.0,26.289252,87.29099
708,confluence_707,gauge+site,55,34,529050.0,2907750.0,26.289252,87.29099
709,confluence_708,gauge,36,25,526350.0,2913450.0,26.340772,87.264061
709,confluence_708,gauge+site,36,25,526350.0,2913450.0,26.340772,87.264061
710,confluence_709,gauge,56,29,527550.0,2907450.0,26.286573,87.275959
710,confluence_709,gauge+site,56,29,527550.0,2907450.0,26.286573,87.275959
711,confluence_710,gauge,42,115,553350.0,2911650.0,26.323766,87.534555
711,confluence_710,gauge+site,42,115,553350.0,2911650.0,26.323766,87.534555
712,confluence_711,gauge,119,157,565950.0,2888550.0,26.11467,87.659621
712,confluence_711,gauge+site,119,157,565950.0,2888550.0,26.11467,87.659621
713,confluence_712,gauge,109,85,544350.0,2891550.0,26.142585,87.44369
713,confluence_712,gauge+site,109,85,544350.0,2891550.0,26.142585,87.44369
714,confluence_713,gauge,86,128,557250.0,2898450.0,26.204431,87.573045
714,confluence_713,gauge+site,86,128,557250.0,2898450.0,26.204431,87.573045
715,confluence_714,gauge,30,105,550350.0,2915250.0,26.356379,87.504638
715,confluence_714,gauge+site,30,105,550350.0,2915250.0,26.356379,87.504638
716,confluence_715,gauge,46,87,544950.0,2910450.0,26.31322,87.450349
716,confluence_715,gauge+site,46,87,544950.0,2910450.0,26.31322,87.450349
717,confluence_716,gauge,28,17,523950.0,2915850.0,26.362485,87.240055
717,confluence_716,gauge+site,28,17,523950.0,2915850.0,26.362485,87.240055
718,confluence_717,gauge,129,117,553950.0,2885550.0,26.088081,87.539479
718,confluence_717,gauge+site,129,117,553950.0,2885550.0,26.088081,87.539479
719,confluence_718,gauge,170,156,565650.0,2873250.0,25.976537,87.655851
719,confluence_718,gauge+site,170,156,565650.0,2873250.0,25.976537,87.655851
720,confluence_719,gauge,123,104,550050.0,2887350.0,26.104474,87.500551
720,confluence_719,gauge+site,123,104,550050.0,2887350.0,26.104474,87.500551
721,confluence_720,gauge,64,75,541350.0,2905050.0,26.26457,87.414109
721,confluence_720,gauge+site,64,75,541350.0,2905050.0,26.26457,87.414109
722,confluence_721,gauge,93,102,549450.0,2896350.0,26.185759,87.494893
722,confluence_721,gauge+site,93,102,549450.0,2896350.0,26.185759,87.494893
723,confluence_722,gauge,8,107,550950.0,2921850.0,26.415949,87.510913
723,confluence_722,gauge+site,8,107,550950.0,2921850.0,26.415949,87.510913
724,confluence_723,gauge,96,56,535650.0,2895450.0,26.178041,87.356761
724,confluence_723,gauge+site,96,56,535650.0,2895450.0,26.178041,87.356761
725,confluence_724,gauge,162,139,560550.0,2875650.0,25.998429,87.605015
725,confluence_724,gauge+site,162,139,560550.0,2875650.0,25.998429,87.605015
726,confluence_725,gauge,137,125,556350.0,2883150.0,26.066319,87.563374
726,confluence_725,gauge+site,137,125,556350.0,2883150.0,26.066319,87.563374
727,confluence_726,gauge,20,24,526050.0,2918250.0,26.384118,87.261152
727,confluence_726,gauge+site,20,24,526050.0,2918250.0,26.384118,87.261152
728,confluence_727,gauge,130,160,566850.0,2885250.0,26.084832,87.668453
728,confluence_727,gauge+site,130,160,566850.0,2885250.0,26.084832,87.668453
729,confluence_728,gauge,128,105,550350.0,2885850.0,26.09092,87.503493
729,confluence_728,gauge+site,128,105,550350.0,2885850.0,26.09092,87.503493
730,confluence_729,gauge,156,127,556950.0,2877450.0,26.014828,87.569124
730,confluence_729,gauge+site,156,127,556950.0,2877450.0,26.014828,87.569124
731,confluence_730,gauge,25,57,535950.0,2916750.0,26.370359,87.360357
731,confluence_730,gauge+site,25,57,535950.0,2916750.0,26.370359,87.360357
732,confluence_731,gauge,44,126,556650.0,2911050.0,26.318221,87.567593
732,confluence_731,gauge+site,44,126,556650.0,2911050.0,26.318221,87.567593
733,confluence_732,gauge,140,159,566550.0,2882250.0,26.057759,87.6653
733,confluence_732,gauge+site,140,159,566550.0,2882250.0,26.057759,87.6653
734,confluence_733,gauge,86,63,537750.0,2898450.0,26.205076,87.377864
734,confluence_733,gauge+site,86,63,537750.0,2898450.0,26.205076,87.377864
735,confluence_734,gauge,91,110,551850.0,2896950.0,26.191092,87.518936
735,confluence_734,gauge+site,91,110,551850.0,2896950.0,26.191092,87.518936
736,confluence_735,gauge,56,27,526950.0,2907450.0,26.286584,87.269949
736,confluence_735,gauge+site,56,27,526950.0,2907450.0,26.286584,87.269949
737,confluence_736,gauge,77,99,548550.0,2901150.0,26.22913,87.486066
737,confluence_736,gauge+site,77,99,548550.0,2901150.0,26.22913,87.486066
738,confluence_737,gauge,52,40,530850.0,2908650.0,26.297341,87.309042
738,confluence_737,gauge+site,52,40,530850.0,2908650.0,26.297341,87.309042
739,confluence_738,gauge,75,61,537150.0,2901750.0,26.234889,87.371953
739,confluence_738,gauge+site,75,61,537150.0,2901750.0,26.234889,87.371953
740,confluence_739,gauge,50,51,534150.0,2909250.0,26.302683,87.342115
740,confluence_739,gauge+site,50,51,534150.0,2909250.0,26.302683,87.342115
741,confluence_740,gauge,140,146,562650.0,2882250.0,26.057933,87.626314
741,confluence_740,gauge+site,140,146,562650.0,2882250.0,26.057933,87.626314
742,confluence_741,gauge,133,146,562650.0,2884350.0,26.076894,87.626414
742,confluence_741,gauge+site,133,146,562650.0,2884350.0,26.076894,87.626414
743,confluence_742,gauge,137,120,554850.0,2883150.0,26.066377,87.548378
743,confluence_742,gauge+site,137,120,554850.0,2883150.0,26.066377,87.548378
744,confluence_743,gauge,109,142,561450.0,2891550.0,26.141956,87.614757
744,confluence_743,gauge+site,109,142,561450.0,2891550.0,26.141956,87.614757
745,confluence_744,gauge,133,106,550650.0,2884350.0,26.077365,87.506435
745,confluence_744,gauge+site,133,106,550650.0,2884350.0,26.077365,87.506435
746,confluence_745,gauge,27,16,523650.0,2916150.0,26.365198,87.237054
746,confluence_745,gauge+site,27,16,523650.0,2916150.0,26.365198,87.237054
747,confluence_746,gauge,18,128,557250.0,2918850.0,26.388623,87.573951
747,confluence_746,gauge+site,18,128,557250.0,2918850.0,26.388623,87.573951
748,confluence_747,gauge,163,134,559050.0,2875350.0,25.995782,87.590014
748,confluence_747,gauge+site,163,134,559050.0,2875350.0,25.995782,87.590014
749,confluence_748,gauge,76,41,531150.0,2901450.0,26.232323,87.311873
749,confluence_748,gauge+site,76,41,531150.0,2901450.0,26.232323,87.311873
750,confluence_749,gauge,97,80,542850.0,2895150.0,26.175136,87.428803
750,confluence_749,gauge+site,97,80,542850.0,2895150.0,26.175136,87.428803
751,confluence_750,gauge,87,136,559650.0,2898150.0,26.201624,87.597053
751,confluence_750,gauge+site,87,136,559650.0,2898150.0,26.201624,87.597053
752,confluence_751,gauge,10,19,524550.0,2921250.0,26.411233,87.246172
752,confluence_751,gauge+site,10,19,524550.0,2921250.0,26.411233,87.246172
753,confluence_752,gauge,20,90,545850.0,2918250.0,26.383618,87.459644
753,confluence_752,gauge+site,20,90,545850.0,2918250.0,26.383618,87.459644
754,confluence_753,gauge,53,74,541050.0,2908350.0,26.294376,87.41121
754,confluence_753,gauge+site,53,74,541050.0,2908350.0,26.294376,87.41121
755,confluence_754,gauge,103,126,556650.0,2893350.0,26.158406,87.566817
755,confluence_754,gauge+site,103,126,556650.0,2893350.0,26.158406,87.566817
756,confluence_755,gauge,42,81,543150.0,2911650.0,26.32411,87.432356
756,confluence_755,gauge+site,42,81,543150.0,2911650.0,26.32411,87.432356
757,confluence_756,gauge,88,81,543150.0,2897850.0,26.199506,87.431895
757,confluence_756,gauge+site,88,81,543150.0,2897850.0,26.199506,87.431895
758,confluence_757,gauge,57,124,556050.0,2907150.0,26.283031,87.561412
758,confluence_757,gauge+site,57,124,556050.0,2907150.0,26.283031,87.561412
759,confluence_758,gauge,149,143,561750.0,2879550.0,26.033593,87.617189
759,confluence_758,gauge+site,149,143,561750.0,2879550.0,26.033593,87.617189
760,confluence_759,gauge,75,84,544050.0,2901750.0,26.234693,87.441036
760,confluence_759,gauge+site,75,84,544050.0,2901750.0,26.234693,87.441036
761,confluence_760,gauge,145,112,552450.0,2880750.0,26.044795,87.524287
761,confluence_760,gauge+site,145,112,552450.0,2880750.0,26.044795,87.524287
762,confluence_761,gauge,95,134,559050.0,2895750.0,26.179979,87.590939
762,confluence_761,gauge+site,95,134,559050.0,2895750.0,26.179979,87.590939
763,confluence_762,gauge,62,93,546750.0,2905650.0,26.269822,87.468209
763,confluence_762,gauge+site,62,93,546750.0,2905650.0,26.269822,87.468209
764,confluence_763,gauge,63,74,541050.0,2905350.0,26.267288,87.411114
764,confluence_763,gauge+site,63,74,541050.0,2905350.0,26.267288,87.411114
765,confluence_764,gauge,13,94,547050.0,2920350.0,26.40254,87.471751
765,confluence_764,gauge+site,13,94,547050.0,2920350.0,26.40254,87.471751
766,confluence_765,gauge,114,133,558750.0,2890050.0,26.128525,87.587679
766,confluence_765,gauge+site,114,133,558750.0,2890050.0,26.128525,87.587679
767,confluence_766,gauge,4,103,549750.0,2923050.0,26.426827,87.498927
767,confluence_766,gauge+site,4,103,549750.0,2923050.0,26.426827,87.498927
768,confluence_767,gauge,58,52,534450.0,2906850.0,26.281006,87.345056
768,confluence_767,gauge+site,58,52,534450.0,2906850.0,26.281006,87.345056
769,confluence_768,gauge,147,156,565650.0,2880150.0,26.038838,87.656198
769,confluence_768,gauge+site,147,156,565650.0,2880150.0,26.038838,87.656198
770,confluence_769,gauge,16,115,553350.0,2919450.0,26.394192,87.534879
770,confluence_769,gauge+site,16,115,553350.0,2919450.0,26.394192,87.534879
771,confluence_770,gauge,40,98,548250.0,2912250.0,26.329364,87.483478
771,confluence_770,gauge+site,40,98,548250.0,2912250.0,26.329364,87.483478
772,confluence_771,gauge,148,118,554250.0,2879850.0,26.036602,87.542242
772,confluence_771,gauge+site,148,118,554250.0,2879850.0,26.036602,87.542242
773,confluence_772,gauge,136,136,559650.0,2883450.0,26.068895,87.596379
773,confluence_772,gauge+site,136,136,559650.0,2883450.0,26.068895,87.596379
774,confluence_773,gauge,105,129,557550.0,2892750.0,26.152952,87.575795
774,confluence_773,gauge+site,105,129,557550.0,2892750.0,26.152952,87.575795
775,confluence_774,gauge,66,91,546150.0,2904450.0,26.259006,87.462157
775,confluence_774,gauge+site,66,91,546150.0,2904450.0,26.259006,87.462157
776,confluence_775,gauge,24,58,536250.0,2917050.0,26.37306,87.363373
776,confluence_775,gauge+site,24,58,536250.0,2917050.0,26.37306,87.363373
777,confluence_776,gauge,99,72,540450.0,2894550.0,26.169788,87.404768
777,confluence_776,gauge+site,99,72,540450.0,2894550.0,26.169788,87.404768
778,confluence_777,gauge,115,115,553350.0,2889750.0,26.126026,87.533652
778,confluence_777,gauge+site,115,115,553350.0,2889750.0,26.126026,87.533652
779,confluence_778,gauge,22,126,556650.0,2917650.0,26.377812,87.567884
779,confluence_778,gauge+site,22,126,556650.0,2917650.0,26.377812,87.567884
780,confluence_779,gauge,65,96,547650.0,2904750.0,26.261666,87.477189
780,confluence_779,gauge+site,65,96,547650.0,2904750.0,26.261666,87.477189
781,confluence_780,gauge,81,123,555750.0,2899950.0,26.218034,87.558096
781,confluence_780,gauge+site,81,123,555750.0,2899950.0,26.218034,87.558096
782,confluence_781,gauge,102,127,556950.0,2893650.0,26.161103,87.569832
782,confluence_781,gauge+site,102,127,556950.0,2893650.0,26.161103,87.569832
783,confluence_782,gauge,148,124,556050.0,2879850.0,26.036534,87.560233
783,confluence_782,gauge+site,148,124,556050.0,2879850.0,26.036534,87.560233
784,confluence_783,gauge,86,76,541650.0,2898450.0,26.204968,87.416901
784,confluence_783,gauge+site,86,76,541650.0,2898450.0,26.204968,87.416901
785,confluence_784,gauge,149,150,563850.0,2879550.0,26.033502,87.638177
785,confluence_784,gauge+site,149,150,563850.0,2879550.0,26.033502,87.638177
786,confluence_785,gauge,47,40,530850.0,2910150.0,26.310885,87.309078
786,confluence_785,gauge+site,47,40,530850.0,2910150.0,26.310885,87.309078
787,confluence_786,gauge,74,33,528750.0,2902050.0,26.237791,87.287858
787,confluence_786,gauge+site,74,33,528750.0,2902050.0,26.237791,87.287858
788,confluence_787,gauge,65,118,554250.0,2904750.0,26.261431,87.543282
788,confluence_787,gauge+site,65,118,554250.0,2904750.0,26.261431,87.543282
789,confluence_788,gauge,36,90,545850.0,2913450.0,26.340279,87.459473
789,confluence_788,gauge+site,36,90,545850.0,2913450.0,26.340279,87.459473
790,confluence_789,gauge,89,127,556950.0,2897550.0,26.196316,87.570003
790,confluence_789,gauge+site,89,127,556950.0,2897550.0,26.196316,87.570003
791,confluence_790,gauge,142,120,554850.0,2881650.0,26.052833,87.548315
791,confluence_790,gauge+site,142,120,554850.0,2881650.0,26.052833,87.548315
792,confluence_791,gauge,148,123,555750.0,2879850.0,26.036545,87.557234
792,confluence_791,gauge+site,148,123,555750.0,2879850.0,26.036545,87.557234
793,confluence_792,gauge,60,30,527850.0,2906250.0,26.275732,87.278938
793,confluence_792,gauge+site,60,30,527850.0,2906250.0,26.275732,87.278938
794,confluence_793,gauge,21,133,558750.0,2917950.0,26.380436,87.588948
794,confluence_793,gauge+site,21,133,558750.0,2917950.0,26.380436,87.588948
795,confluence_794,gauge,37,54,535050.0,2913150.0,26.337876,87.351237
795,confluence_794,gauge+site,37,54,535050.0,2913150.0,26.337876,87.351237
796,confluence_795,gauge,108,118,554250.0,2891850.0,26.144954,87.542742
796,confluence_795,gauge+site,108,118,554250.0,2891850.0,26.144954,87.542742
797,confluence_796,gauge,95,55,535350.0,2895750.0,26.180758,87.353767
797,confluence_796,gauge+site,95,55,535350.0,2895750.0,26.180758,87.353767
798,confluence_797,gauge,11,2,519450.0,2920950.0,26.408603,87.195028
798,confluence_797,gauge+site,11,2,519450.0,2920950.0,26.408603,87.195028
799,confluence_798,gauge,29,19,524550.0,2915550.0,26.359766,87.246063
799,confluence_798,gauge+site,29,19,524550.0,2915550.0,26.359766,87.246063
800,confluence_799,gauge,145,159,566550.0,2880750.0,26.044215,87.665223
800,confluence_799,gauge+site,145,159,566550.0,2880750.0,26.044215,87.665223
801,confluence_800,gauge,114,90,545850.0,2890050.0,26.128994,87.458643
801,confluence_800,gauge+site,114,90,545850.0,2890050.0,26.128994,87.458643
802,confluence_801,gauge,25,92,546450.0,2916750.0,26.370055,87.465605
802,confluence_801,gauge+site,25,92,546450.0,2916750.0,26.370055,87.465605
803,confluence_802,gauge,120,163,567750.0,2888250.0,26.111878,87.677608
803,confluence_802,gauge+site,120,163,567750.0,2888250.0,26.111878,87.677608
804,confluence_803,gauge,33,18,524250.0,2914350.0,26.348935,87.243034
804,confluence_803,gauge+site,33,18,524250.0,2914350.0,26.348935,87.243034
805,confluence_804,gauge,174,164,568050.0,2872050.0,25.965591,87.679764
805,confluence_804,gauge+site,174,164,568050.0,2872050.0,25.965591,87.679764
806,confluence_805,gauge,26,15,523350.0,2916450.0,26.367912,87.234052
806,confluence_805,gauge+site,26,15,523350.0,2916450.0,26.367912,87.234052
807,confluence_806,gauge,3,102,549450.0,2923350.0,26.429546,87.49593
807,confluence_806,gauge+site,3,102,549450.0,2923350.0,26.429546,87.49593
808,confluence_807,gauge,134,119,554550.0,2884050.0,26.074514,87.545416
808,confluence_807,gauge+site,134,119,554550.0,2884050.0,26.074514,87.545416
809,confluence_808,gauge,26,122,555450.0,2916450.0,26.367025,87.555803
809,confluence_808,gauge+site,26,122,555450.0,2916450.0,26.367025,87.555803
810,confluence_809,gauge,101,128,557250.0,2893950.0,26.163799,87.572847
810,confluence_809,gauge+site,101,128,557250.0,2893950.0,26.163799,87.572847
811,confluence_810,gauge,42,27,526950.0,2911650.0,26.324508,87.270036
811,confluence_810,gauge+site,42,27,526950.0,2911650.0,26.324508,87.270036
812,confluence_811,gauge,52,73,540750.0,2908650.0,26.297093,87.408214
812,confluence_811,gauge+site,52,73,540750.0,2908650.0,26.297093,87.408214
813,confluence_812,gauge,152,120,554850.0,2878650.0,26.025744,87.548189
813,confluence_812,gauge+site,152,120,554850.0,2878650.0,26.025744,87.548189
814,confluence_813,gauge,30,90,545850.0,2915250.0,26.356531,87.459537
814,confluence_813,gauge+site,30,90,545850.0,2915250.0,26.356531,87.459537
815,confluence_814,gauge,42,132,558450.0,2911650.0,26.323566,87.585654
815,confluence_814,gauge+site,42,132,558450.0,2911650.0,26.323566,87.585654
816,confluence_815,gauge,35,44,532050.0,2913750.0,26.343364,87.32119
816,confluence_815,gauge+site,35,44,532050.0,2913750.0,26.343364,87.32119
817,confluence_816,gauge,35,145,562350.0,2913750.0,26.342362,87.624831
817,confluence_816,gauge+site,35,145,562350.0,2913750.0,26.342362,87.624831
818,confluence_817,gauge,149,117,553950.0,2879550.0,26.033905,87.539231
818,confluence_817,gauge+site,149,117,553950.0,2879550.0,26.033905,87.539231
819,confluence_818,gauge,101,118,554250.0,2893950.0,26.163916,87.54283
819,confluence_818,gauge+site,101,118,554250.0,2893950.0,26.163916,87.54283
820,confluence_819,gauge,49,74,541050.0,2909550.0,26.305211,87.411248
820,confluence_819,gauge+site,49,74,541050.0,2909550.0,26.305211,87.411248
821,confluence_820,gauge,75,40,530850.0,2901750.0,26.235038,87.308877
821,confluence_820,gauge+site,75,40,530850.0,2901750.0,26.235038,87.308877
822,confluence_821,gauge,80,122,555450.0,2900250.0,26.220754,87.555106
822,confluence_821,gauge+site,80,122,555450.0,2900250.0,26.220754,87.555106
823,confluence_822,gauge,3,93,546750.0,2923350.0,26.429637,87.468853
823,confluence_822,gauge+site,3,93,546750.0,2923350.0,26.429637,87.468853
824,confluence_823,gauge,24,151,564150.0,2917050.0,26.372077,87.643033
824,confluence_823,gauge+site,24,151,564150.0,2917050.0,26.372077,87.643033
825,confluence_824,gauge,66,73,540750.0,2904450.0,26.25917,87.408081
825,confluence_824,gauge+site,66,73,540750.0,2904450.0,26.25917,87.408081
826,confluence_825,gauge,55,27,526950.0,2907750.0,26.289293,87.269955
826,confluence_825,gauge+site,55,27,526950.0,2907750.0,26.289293,87.269955
827,confluence_826,gauge,54,129,557550.0,2908050.0,26.291098,87.576476
827,confluence_826,gauge+site,54,129,557550.0,2908050.0,26.291098,87.576476
828,confluence_827,gauge,166,142,561450.0,2874450.0,25.987556,87.613951
828,confluence_827,gauge+site,166,142,561450.0,2874450.0,25.987556,87.613951
829,confluence_828,gauge,146,155,565350.0,2880450.0,26.041561,87.653214
829,confluence_828,gauge+site,146,155,565350.0,2880450.0,26.041561,87.653214
830,confluence_829,gauge,23,60,536850.0,2917350.0,26.375753,87.369396
830,confluence_829,gauge+site,23,60,536850.0,2917350.0,26.375753,87.369396
831,confluence_830,gauge,22,107,550950.0,2917650.0,26.378028,87.510746
831,confluence_830,gauge+site,22,107,550950.0,2917650.0,26.378028,87.510746
832,confluence_831,gauge,140,149,563550.0,2882250.0,26.057894,87.63531
832,confluence_831,gauge+site,140,149,563550.0,2882250.0,26.057894,87.63531
833,confluence_832,gauge,52,113,552750.0,2908650.0,26.296701,87.528421
833,confluence_832,gauge+site,52,113,552750.0,2908650.0,26.296701,87.528421
834,confluence_833,gauge,129,119,554550.0,2885550.0,26.088058,87.545479
834,confluence_833,gauge+site,129,119,554550.0,2885550.0,26.088058,87.545479
835,confluence_834,gauge,22,101,549150.0,2917650.0,26.378091,87.492703
835,confluence_834,gauge+site,22,101,549150.0,2917650.0,26.378091,87.492703
836,confluence_835,gauge,64,105,550350.0,2905050.0,26.264282,87.504239
836,confluence_835,gauge+site,64,105,550350.0,2905050.0,26.264282,87.504239
837,confluence_836,gauge,48,69,539550.0,2909850.0,26.307962,87.39623
837,confluence_836,gauge+site,48,69,539550.0,2909850.0,26.307962,87.39623
838,confluence_837,gauge,139,158,566250.0,2882550.0,26.060481,87.662316
838,confluence_837,gauge+site,139,158,566250.0,2882550.0,26.060481,87.662316
839,confluence_838,gauge,85,85,544350.0,2898750.0,26.207596,87.443936
839,confluence_838,gauge+site,85,85,544350.0,2898750.0,26.207596,87.443936
840,confluence_839,gauge,40,90,545850.0,2912250.0,26.329444,87.45943
840,confluence_839,gauge+site,40,90,545850.0,2912250.0,26.329444,87.45943
841,confluence_840,gauge,17,123,555750.0,2919150.0,26.391391,87.558927
841,confluence_840,gauge+site,17,123,555750.0,2919150.0,26.391391,87.558927
842,confluence_841,gauge,123,110,551850.0,2887350.0,26.104411,87.518552
842,confluence_841,gauge+site,123,110,551850.0,2887350.0,26.104411,87.518552
843,confluence_842,gauge,21,64,538050.0,2917950.0,26.381139,87.381442
843,confluence_842,gauge+site,21,64,538050.0,2917950.0,26.381139,87.381442
844,confluence_843,gauge,20,132,558450.0,2918250.0,26.383157,87.585954
844,confluence_843,gauge+site,20,132,558450.0,2918250.0,26.383157,87.585954
845,confluence_844,gauge,13,90,545850.0,2920350.0,26.402579,87.459719
845,confluence_844,gauge+site,13,90,545850.0,2920350.0,26.402579,87.459719
846,confluence_845,gauge,139,144,562050.0,2882550.0,26.060668,87.62033
846,confluence_845,gauge+site,139,144,562050.0,2882550.0,26.060668,87.62033
847,confluence_846,gauge,89,102,549450.0,2897550.0,26.196594,87.494939
847,confluence_846,gauge+site,89,102,549450.0,2897550.0,26.196594,87.494939
848,confluence_847,gauge,133,159,566550.0,2884350.0,26.07672,87.665407
848,confluence_847,gauge+site,133,159,566550.0,2884350.0,26.07672,87.665407
849,confluence_848,gauge,135,132,558450.0,2883750.0,26.071653,87.584395
849,confluence_848,gauge+site,135,132,558450.0,2883750.0,26.071653,87.584395
850,confluence_849,gauge,42,41,531150.0,2911650.0,26.324422,87.31212
850,confluence_849,gauge+site,42,41,531150.0,2911650.0,26.324422,87.31212
851,confluence_850,gauge,43,125,556350.0,2911350.0,26.320942,87.5646
851,confluence_850,gauge+site,43,125,556350.0,2911350.0,26.320942,87.5646
852,confluence_851,gauge,46,39,530550.0,2910450.0,26.3136,87.306079
852,confluence_851,gauge+site,46,39,530550.0,2910450.0,26.3136,87.306079
853,confluence_852,gauge,46,42,531450.0,2910450.0,26.313581,87.315096
853,confluence_852,gauge+site,46,42,531450.0,2910450.0,26.313581,87.315096
854,confluence_853,gauge,149,149,563550.0,2879550.0,26.033515,87.635179
854,confluence_853,gauge+site,149,149,563550.0,2879550.0,26.033515,87.635179
855,confluence_854,gauge,78,51,534150.0,2900850.0,26.226837,87.341893
855,confluence_854,gauge+site,78,51,534150.0,2900850.0,26.226837,87.341893
856,confluence_855,gauge,146,149,563550.0,2880450.0,26.041641,87.635223
856,confluence_855,gauge+site,146,149,563550.0,2880450.0,26.041641,87.635223
857,confluence_856,gauge,147,131,558150.0,2880150.0,26.03916,87.581235
857,confluence_856,gauge+site,147,131,558150.0,2880150.0,26.03916,87.581235
858,confluence_857,gauge,60,65,538350.0,2906250.0,26.275489,87.384101
858,confluence_857,gauge+site,60,65,538350.0,2906250.0,26.275489,87.384101
859,confluence_858,gauge,69,127,556950.0,2903550.0,26.250491,87.570267
859,confluence_858,gauge+site,69,127,556950.0,2903550.0,26.250491,87.570267
860,confluence_859,gauge,46,113,552750.0,2910450.0,26.312953,87.528494
860,confluence_859,gauge+site,46,113,552750.0,2910450.0,26.312953,87.528494
861,confluence_860,gauge,154,116,553650.0,2878050.0,26.020372,87.536171
861,confluence_860,gauge+site,154,116,553650.0,2878050.0,26.020372,87.536171
862,confluence_861,gauge,59,29,527550.0,2906550.0,26.278447,87.275939
862,confluence_861,gauge+site,59,29,527550.0,2906550.0,26.278447,87.275939
863,confluence_862,gauge,31,37,529950.0,2914950.0,26.354245,87.300173
863,confluence_862,gauge+site,31,37,529950.0,2914950.0,26.354245,87.300173
864,confluence_863,gauge,75,65,538350.0,2901750.0,26.234857,87.383967
864,confluence_863,gauge+site,75,65,538350.0,2901750.0,26.234857,87.383967
865,confluence_864,gauge,77,56,535650.0,2901150.0,26.229509,87.356918
865,confluence_864,gauge+site,77,56,535650.0,2901150.0,26.229509,87.356918
866,confluence_865,gauge,100,68,539250.0,2894250.0,26.167112,87.392751
866,confluence_865,gauge+site,100,68,539250.0,2894250.0,26.167112,87.392751
867,confluence_866,gauge,98,79,542550.0,2894850.0,26.172436,87.425791
867,confluence_866,gauge+site,98,79,542550.0,2894850.0,26.172436,87.425791
868,confluence_867,gauge,12,7,520950.0,2920650.0,26.405873,87.210064
868,confluence_867,gauge+site,12,7,520950.0,2920650.0,26.405873,87.210064
869,confluence_868,gauge,113,101,549150.0,2890350.0,26.131593,87.491664
869,confluence_868,gauge+site,113,101,549150.0,2890350.0,26.131593,87.491664
870,confluence_869,gauge,93,131,558150.0,2896350.0,26.185433,87.581959
870,confluence_869,gauge+site,93,131,558150.0,2896350.0,26.185433,87.581959
871,confluence_870,gauge,51,48,533250.0,2908950.0,26.299996,87.333091
871,confluence_870,gauge+site,51,48,533250.0,2908950.0,26.299996,87.333091
872,confluence_871,gauge,173,153,564750.0,2872350.0,25.968451,87.646816
872,confluence_871,gauge+site,173,153,564750.0,2872350.0,25.968451,87.646816
873,confluence_872,gauge,35,85,544350.0,2913750.0,26.343035,87.444452
873,confluence_872,gauge+site,35,85,544350.0,2913750.0,26.343035,87.444452
874,confluence_873,gauge,94,130,557850.0,2896050.0,26.182737,87.578944
874,confluence_873,gauge+site,94,130,557850.0,2896050.0,26.182737,87.578944
875,confluence_874,gauge,34,101,549150.0,2914050.0,26.345586,87.492565
875,confluence_874,gauge+site,34,101,549150.0,2914050.0,26.345586,87.492565
876,confluence_875,gauge,35,24,526050.0,2913750.0,26.343486,87.261061
876,confluence_875,gauge+site,35,24,526050.0,2913750.0,26.343486,87.261061
877,confluence_876,gauge,98,71,540150.0,2894850.0,26.172505,87.401775
877,confluence_876,gauge+site,98,71,540150.0,2894850.0,26.172505,87.401775
878,confluence_877,gauge,93,134,559050.0,2896350.0,26.185397,87.590966
878,confluence_877,gauge+site,93,134,559050.0,2896350.0,26.185397,87.590966
879,confluence_878,gauge,25,65,538350.0,2916750.0,26.370296,87.384414
879,confluence_878,gauge+site,25,65,538350.0,2916750.0,26.370296,87.384414
880,confluence_879,gauge,150,116,553650.0,2879250.0,26.031207,87.536221
880,confluence_879,gauge+site,150,116,553650.0,2879250.0,26.031207,87.536221
881,confluence_880,gauge,23,152,564450.0,2917350.0,26.374772,87.646055
881,confluence_880,gauge+site,23,152,564450.0,2917350.0,26.374772,87.646055
882,confluence_881,gauge,72,46,532650.0,2902650.0,26.243125,87.326921
882,confluence_881,gauge+site,72,46,532650.0,2902650.0,26.243125,87.326921
883,confluence_882,gauge,90,138,560250.0,2897250.0,26.193473,87.603017
883,confluence_882,gauge+site,90,138,560250.0,2897250.0,26.193473,87.603017
884,confluence_883,gauge,167,147,562950.0,2874150.0,25.984783,87.628923
884,confluence_883,gauge+site,167,147,562950.0,2874150.0,25.984783,87.628923
885,confluence_884,gauge,131,162,567450.0,2884950.0,26.082096,87.674436
885,confluence_884,gauge+site,131,162,567450.0,2884950.0,26.082096,87.674436
886,confluence_885,gauge,105,138,560250.0,2892750.0,26.152842,87.602808
886,confluence_885,gauge+site,105,138,560250.0,2892750.0,26.152842,87.602808
887,confluence_886,gauge,73,110,551850.0,2902350.0,26.23985,87.519152
887,confluence_886,gauge+site,73,110,551850.0,2902350.0,26.23985,87.519152
888,confluence_887,gauge,134,136,559650.0,2884050.0,26.074313,87.596406
888,confluence_887,gauge+site,134,136,559650.0,2884050.0,26.074313,87.596406
889,confluence_888,gauge,87,80,542850.0,2898150.0,26.202224,87.428902
889,confluence_888,gauge+site,87,80,542850.0,2898150.0,26.202224,87.428902
890,confluence_889,gauge,159,117,553950.0,2876550.0,26.006816,87.539107
890,confluence_889,gauge+site,159,117,553950.0,2876550.0,26.006816,87.539107
891,confluence_890,gauge,38,63,537750.0,2912850.0,26.335098,87.378285
891,confluence_890,gauge+site,38,63,537750.0,2912850.0,26.335098,87.378285
892,confluence_891,gauge,16,69,539550.0,2919450.0,26.394642,87.396525
892,confluence_891,gauge+site,16,69,539550.0,2919450.0,26.394642,87.396525
893,confluence_892,gauge,162,126,556650.0,2875650.0,25.998587,87.566048
893,confluence_892,gauge+site,162,126,556650.0,2875650.0,25.998587,87.566048
894,confluence_893,gauge,83,62,537450.0,2899350.0,26.21321,87.374887
894,confluence_893,gauge+site,83,62,537450.0,2899350.0,26.21321,87.374887
895,confluence_894,gauge,96,136,559650.0,2895450.0,26.177246,87.596929
895,confluence_894,gauge+site,96,136,559650.0,2895450.0,26.177246,87.596929
896,confluence_895,gauge,72,116,553650.0,2902650.0,26.242492,87.537186
896,confluence_895,gauge+site,72,116,553650.0,2902650.0,26.242492,87.537186
897,confluence_896,gauge,47,62,537450.0,2910150.0,26.310727,87.3752
897,confluence_896,gauge+site,47,62,537450.0,2910150.0,26.310727,87.3752
898,confluence_897,gauge,132,145,562350.0,2884650.0,26.079616,87.623429
898,confluence_897,gauge+site,132,145,562350.0,2884650.0,26.079616,87.623429
899,confluence_898,gauge,38,45,532350.0,2912850.0,26.335231,87.324173
899,confluence_898,gauge+site,38,45,532350.0,2912850.0,26.335231,87.324173
900,confluence_899,gauge,54,33,528750.0,2908050.0,26.291967,87.287992
900,confluence_899,gauge+site,54,33,528750.0,2908050.0,26.291967,87.287992
901,confluence_900,gauge,121,143,561750.0,2887950.0,26.109438,87.617587
901,confluence_900,gauge+site,121,143,561750.0,2887950.0,26.109438,87.617587
902,confluence_901,gauge,113,155,565350.0,2890350.0,26.13095,87.653711
902,confluence_901,gauge+site,113,155,565350.0,2890350.0,26.13095,87.653711
903,confluence_902,gauge,54,41,531150.0,2908050.0,26.291917,87.312033
903,confluence_902,gauge+site,54,41,531150.0,2908050.0,26.291917,87.312033
904,confluence_903,gauge,141,107,550950.0,2881950.0,26.055684,87.509341
904,confluence_903,gauge+site,141,107,550950.0,2881950.0,26.055684,87.509341
905,confluence_904,gauge,48,96,547650.0,2909850.0,26.307715,87.477377
905,confluence_904,gauge+site,48,96,547650.0,2909850.0,26.307715,87.477377
906,confluence_905,gauge,51,37,529950.0,2908950.0,26.300069,87.300033
906,confluence_905,gauge+site,51,37,529950.0,2908950.0,26.300069,87.300033
907,confluence_906,gauge,55,79,542550.0,2907750.0,26.288914,87.426215
907,confluence_906,gauge+site,55,79,542550.0,2907750.0,26.288914,87.426215
908,confluence_907,gauge,27,137,559950.0,2916150.0,26.364134,87.600893
908,confluence_907,gauge+site,27,137,559950.0,2916150.0,26.364134,87.600893
909,confluence_908,gauge,62,40,530850.0,2905650.0,26.270253,87.30897
909,confluence_908,gauge+site,62,40,530850.0,2905650.0,26.270253,87.30897
910,confluence_909,gauge,29,115,553350.0,2915550.0,26.358979,87.534717
910,confluence_909,gauge+site,29,115,553350.0,2915550.0,26.358979,87.534717
911,confluence_910,gauge,78,90,545850.0,2900850.0,26.22651,87.459025
911,confluence_910,gauge+site,78,90,545850.0,2900850.0,26.22651,87.459025
912,confluence_911,gauge,160,130,557850.0,2876250.0,26.003957,87.578064
912,confluence_911,gauge+site,160,130,557850.0,2876250.0,26.003957,87.578064
913,confluence_912,gauge,37,95,547350.0,2913150.0,26.337521,87.474493
913,confluence_912,gauge+site,37,95,547350.0,2913150.0,26.337521,87.474493
914,confluence_913,gauge,15,114,553050.0,2919750.0,26.396912,87.531884
914,confluence_913,gauge+site,15,114,553050.0,2919750.0,26.396912,87.531884
915,confluence_914,gauge,133,157,565950.0,2884350.0,26.076747,87.659408
915,confluence_914,gauge+site,133,157,565950.0,2884350.0,26.076747,87.659408
916,confluence_915,gauge,79,101,549150.0,2900550.0,26.223692,87.49205
916,confluence_915,gauge+site,79,101,549150.0,2900550.0,26.223692,87.49205
917,confluence_916,gauge,98,85,544350.0,2894850.0,26.172382,87.443803
917,confluence_916,gauge+site,98,85,544350.0,2894850.0,26.172382,87.443803
918,confluence_917,gauge,103,111,552150.0,2893350.0,26.158576,87.521793
918,confluence_917,gauge+site,103,111,552150.0,2893350.0,26.158576,87.521793
919,confluence_918,gauge,139,148,563250.0,2882550.0,26.060616,87.632326
919,confluence_918,gauge+site,139,148,563250.0,2882550.0,26.060616,87.632326
920,confluence_919,gauge,40,70,539850.0,2912250.0,26.329624,87.39931
920,confluence_919,gauge+site,40,70,539850.0,2912250.0,26.329624,87.39931
921,confluence_920,gauge,34,30,527850.0,2914050.0,26.346161,87.279106
921,confluence_920,gauge+site,34,30,527850.0,2914050.0,26.346161,87.279106
922,confluence_921,gauge,166,162,567450.0,2874450.0,25.987289,87.673894
922,confluence_921,gauge+site,166,162,567450.0,2874450.0,25.987289,87.673894
923,confluence_922,gauge,94,54,535050.0,2896050.0,26.183474,87.350773
923,confluence_922,gauge+site,94,54,535050.0,2896050.0,26.183474,87.350773
924,confluence_923,gauge,92,132,558450.0,2896650.0,26.18813,87.584975
924,confluence_923,gauge+site,92,132,558450.0,2896650.0,26.18813,87.584975
925,confluence_924,gauge,2,101,549150.0,2923650.0,26.432265,87.492933
925,confluence_924,gauge+site,2,101,549150.0,2923650.0,26.432265,87.492933
926,confluence_925,gauge,48,80,542850.0,2909850.0,26.307867,87.42929
926,confluence_925,gauge+site,48,80,542850.0,2909850.0,26.307867,87.42929
927,confluence_926,gauge,41,26,526650.0,2911950.0,26.327222,87.267037
927,confluence_926,gauge+site,41,26,526650.0,2911950.0,26.327222,87.267037
928,confluence_927,gauge,120,99,548550.0,2888250.0,26.112652,87.485584
928,confluence_927,gauge+site,120,99,548550.0,2888250.0,26.112652,87.485584
929,confluence_928,gauge,19,93,546750.0,2918550.0,26.386298,87.468677
929,confluence_928,gauge+site,19,93,546750.0,2918550.0,26.386298,87.468677
930,confluence_929,gauge,31,121,555150.0,2914950.0,26.353493,87.552732
930,confluence_929,gauge+site,31,121,555150.0,2914950.0,26.353493,87.552732
931,confluence_930,gauge,104,98,548250.0,2893050.0,26.156003,87.482761
931,confluence_930,gauge+site,104,98,548250.0,2893050.0,26.156003,87.482761
932,confluence_931,gauge,146,112,552450.0,2880450.0,26.042086,87.524275
932,confluence_931,gauge+site,146,112,552450.0,2880450.0,26.042086,87.524275
933,confluence_932,gauge,63,114,553050.0,2905350.0,26.266893,87.53129
933,confluence_932,gauge+site,63,114,553050.0,2905350.0,26.266893,87.53129
934,confluence_933,gauge,65,87,544950.0,2904750.0,26.261753,87.450151
934,confluence_933,gauge+site,65,87,544950.0,2904750.0,26.261753,87.450151
935,confluence_934,gauge,66,32,528450.0,2904450.0,26.259467,87.284907
935,confluence_934,gauge+site,66,32,528450.0,2904450.0,26.259467,87.284907
936,confluence_935,gauge,66,78,542250.0,2904450.0,26.259127,87.423102
936,confluence_935,gauge+site,66,78,542250.0,2904450.0,26.259127,87.423102
937,confluence_936,gauge,66,128,557250.0,2904450.0,26.258605,87.573311
937,confluence_936,gauge+site,66,128,557250.0,2904450.0,26.258605,87.573311
938,confluence_937,gauge,67,64,538050.0,2904150.0,26.256535,87.381034
938,confluence_937,gauge+site,67,64,538050.0,2904150.0,26.256535,87.381034
939,confluence_938,gauge,28,98,548250.0,2915850.0,26.361869,87.483613
939,confluence_938,gauge+site,28,98,548250.0,2915850.0,26.361869,87.483613
940,confluence_939,gauge,60,47,532950.0,2906250.0,26.275624,87.330017
940,confluence_939,gauge+site,60,47,532950.0,2906250.0,26.275624,87.330017
941,confluence_940,gauge,29,66,538650.0,2915550.0,26.359453,87.387385
941,confluence_940,gauge+site,29,66,538650.0,2915550.0,26.359453,87.387385
942,confluence_941,gauge,37,137,559950.0,2913150.0,26.337047,87.600753
942,confluence_941,gauge+site,37,137,559950.0,2913150.0,26.337047,87.600753
943,confluence_942,gauge,59,36,529650.0,2906550.0,26.278405,87.296973
943,confluence_942,gauge+site,59,36,529650.0,2906550.0,26.278405,87.296973
944,confluence_943,gauge,154,137,559950.0,2878050.0,26.020124,87.59913
944,confluence_943,gauge+site,154,137,559950.0,2878050.0,26.020124,87.59913
945,confluence_944,gauge,151,119,554550.0,2878950.0,26.028464,87.545203
945,confluence_944,gauge+site,151,119,554550.0,2878950.0,26.028464,87.545203
946,confluence_945,gauge,57,90,545850.0,2907150.0,26.283395,87.459249
946,confluence_945,gauge+site,57,90,545850.0,2907150.0,26.283395,87.459249
947,confluence_946,gauge,39,39,530550.0,2912550.0,26.332562,87.306129
947,confluence_946,gauge+site,39,39,530550.0,2912550.0,26.332562,87.306129
948,confluence_947,gauge,118,123,555750.0,2888850.0,26.117809,87.557619
948,confluence_947,gauge+site,118,123,555750.0,2888850.0,26.117809,87.557619
949,confluence_948,gauge,81,72,540450.0,2899950.0,26.218547,87.404936
949,confluence_948,gauge+site,81,72,540450.0,2899950.0,26.218547,87.404936
950,confluence_949,gauge,113,89,545550.0,2890350.0,26.131712,87.455653
950,confluence_949,gauge+site,113,89,545550.0,2890350.0,26.131712,87.455653
951,confluence_950,gauge,47,95,547350.0,2910150.0,26.310433,87.474383
951,confluence_950,gauge+site,47,95,547350.0,2910150.0,26.310433,87.474383
952,confluence_951,gauge,126,104,550050.0,2886450.0,26.096348,87.500517
952,confluence_951,gauge+site,126,104,550050.0,2886450.0,26.096348,87.500517
953,confluence_952,gauge,55,55,535350.0,2907750.0,26.28911,87.354096
953,confluence_952,gauge+site,55,55,535350.0,2907750.0,26.28911,87.354096
954,confluence_953,gauge,76,73,540750.0,2901450.0,26.232082,87.407987
954,confluence_953,gauge+site,76,73,540750.0,2901450.0,26.232082,87.407987
955,confluence_954,gauge,64,87,544950.0,2905050.0,26.264462,87.450161
955,confluence_954,gauge+site,64,87,544950.0,2905050.0,26.264462,87.450161
956,confluence_955,gauge,76,96,547650.0,2901450.0,26.231869,87.477067
956,confluence_955,gauge+site,76,96,547650.0,2901450.0,26.231869,87.477067
957,confluence_956,gauge,74,73,540750.0,2902050.0,26.2375,87.408006
957,confluence_956,gauge+site,74,73,540750.0,2902050.0,26.2375,87.408006
958,confluence_957,gauge,125,99,548550.0,2886750.0,26.099108,87.485528
958,confluence_957,gauge+site,125,99,548550.0,2886750.0,26.099108,87.485528
959,confluence_958,gauge,123,124,556050.0,2887350.0,26.104254,87.560555
959,confluence_958,gauge+site,123,124,556050.0,2887350.0,26.104254,87.560555
960,confluence_959,gauge,74,60,536850.0,2902050.0,26.237605,87.368958
960,confluence_959,gauge+site,74,60,536850.0,2902050.0,26.237605,87.368958
961,confluence_960,gauge,119,138,560250.0,2888550.0,26.114919,87.602613
961,confluence_960,gauge+site,119,138,560250.0,2888550.0,26.114919,87.602613
962,confluence_961,gauge,100,143,561750.0,2894250.0,26.166322,87.617886
962,confluence_961,gauge+site,100,143,561750.0,2894250.0,26.166322,87.617886
963,confluence_962,gauge,132,104,550050.0,2884650.0,26.080095,87.500447
963,confluence_962,gauge+site,132,104,550050.0,2884650.0,26.080095,87.500447
964,confluence_963,gauge,51,120,554850.0,2908950.0,26.29933,87.549469
964,confluence_963,gauge+site,51,120,554850.0,2908950.0,26.29933,87.549469
965,confluence_964,gauge,97,61,537150.0,2895150.0,26.175295,87.371764
965,confluence_964,gauge+site,97,61,537150.0,2895150.0,26.175295,87.371764
966,confluence_965,gauge,69,28,527250.0,2903550.0,26.251364,87.272871
966,confluence_965,gauge+site,69,28,527250.0,2903550.0,26.251364,87.272871
967,confluence_966,gauge,55,76,541650.0,2907750.0,26.288941,87.4172
967,confluence_966,gauge+site,55,76,541650.0,2907750.0,26.288941,87.4172
968,confluence_967,gauge,73,31,528150.0,2902350.0,26.240511,87.281857
968,confluence_967,gauge+site,73,31,528150.0,2902350.0,26.240511,87.281857
969,confluence_968,gauge,99,65,538350.0,2894550.0,26.169845,87.383754
969,confluence_968,gauge+site,99,65,538350.0,2894550.0,26.169845,87.383754
970,confluence_969,gauge,130,135,559350.0,2885250.0,26.08516,87.593461
970,confluence_969,gauge+site,130,135,559350.0,2885250.0,26.08516,87.593461
971,confluence_970,gauge,108,84,544050.0,2891850.0,26.145303,87.440699
971,confluence_970,gauge+site,108,84,544050.0,2891850.0,26.145303,87.440699
972,confluence_971,gauge,74,57,535950.0,2902050.0,26.237628,87.359947
972,confluence_971,gauge+site,74,57,535950.0,2902050.0,26.237628,87.359947
973,confluence_972,gauge,121,109,551550.0,2887950.0,26.109839,87.515576
973,confluence_972,gauge+site,121,109,551550.0,2887950.0,26.109839,87.515576
974,confluence_973,gauge,48,73,540750.0,2909850.0,26.307928,87.408252
974,confluence_973,gauge+site,48,73,540750.0,2909850.0,26.307928,87.408252
975,confluence_974,gauge,160,133,558750.0,2876250.0,26.003921,87.587057
975,confluence_974,gauge+site,160,133,558750.0,2876250.0,26.003921,87.587057
976,confluence_975,gauge,27,74,541050.0,2916150.0,26.364804,87.411458
976,confluence_975,gauge+site,27,74,541050.0,2916150.0,26.364804,87.411458
977,confluence_976,gauge,16,117,553950.0,2919450.0,26.394169,87.540894
977,confluence_976,gauge+site,16,117,553950.0,2919450.0,26.394169,87.540894
978,confluence_977,gauge,40,130,557850.0,2912250.0,26.329008,87.579669
978,confluence_977,gauge+site,40,130,557850.0,2912250.0,26.329008,87.579669
979,confluence_978,gauge,18,108,551250.0,2918850.0,26.388852,87.513801
979,confluence_978,gauge+site,18,108,551250.0,2918850.0,26.388852,87.513801
980,confluence_979,gauge,7,81,543150.0,2922150.0,26.418916,87.432709
980,confluence_979,gauge+site,7,81,543150.0,2922150.0,26.418916,87.432709
981,confluence_980,gauge,25,14,523050.0,2916750.0,26.370626,87.231051
981,confluence_980,gauge+site,25,14,523050.0,2916750.0,26.370626,87.231051
982,confluence_981,gauge,32,17,523950.0,2914650.0,26.351649,87.240033
982,confluence_981,gauge+site,32,17,523950.0,2914650.0,26.351649,87.240033
983,confluence_982,gauge,30,133,558750.0,2915250.0,26.356058,87.588824
983,confluence_982,gauge+site,30,133,558750.0,2915250.0,26.356058,87.588824
984,confluence_983,gauge,25,122,555450.0,2916750.0,26.369734,87.555816
984,confluence_983,gauge+site,25,122,555450.0,2916750.0,26.369734,87.555816
985,confluence_984,gauge,166,146,562650.0,2874450.0,25.987505,87.62594
985,confluence_984,gauge+site,166,146,562650.0,2874450.0,25.987505,87.62594
986,confluence_985,gauge,24,102,549450.0,2917050.0,26.372663,87.495687
986,confluence_985,gauge+site,24,102,549450.0,2917050.0,26.372663,87.495687
987,confluence_986,gauge,159,155,565350.0,2876550.0,26.006347,87.653019
987,confluence_986,gauge+site,159,155,565350.0,2876550.0,26.006347,87.653019
988,confluence_987,gauge,96,130,557850.0,2895450.0,26.177319,87.578917
988,confluence_987,gauge+site,96,130,557850.0,2895450.0,26.177319,87.578917
989,confluence_988,gauge,127,162,567450.0,2886150.0,26.092931,87.674499
989,confluence_988,gauge+site,127,162,567450.0,2886150.0,26.092931,87.674499
990,confluence_989,gauge,56,50,533850.0,2907450.0,26.286438,87.339063
990,confluence_989,gauge+site,56,50,533850.0,2907450.0,26.286438,87.339063
991,confluence_990,gauge,40,50,533850.0,2912250.0,26.329779,87.339189
991,confluence_990,gauge+site,40,50,533850.0,2912250.0,26.329779,87.339189
992,confluence_991,gauge,145,154,565050.0,2880750.0,26.044283,87.650231
992,confluence_991,gauge+site,145,154,565050.0,2880750.0,26.044283,87.650231
993,confluence_992,gauge,101,87,544950.0,2893950.0,26.164237,87.449776
993,confluence_992,gauge+site,101,87,544950.0,2893950.0,26.164237,87.449776
994,confluence_993,gauge,87,46,532650.0,2898150.0,26.202492,87.326808
994,confluence_993,gauge+site,87,46,532650.0,2898150.0,26.202492,87.326808
995,confluence_994,gauge,101,74,541050.0,2893950.0,26.164353,87.410753
995,confluence_994,gauge+site,101,74,541050.0,2893950.0,26.164353,87.410753
996,confluence_995,gauge,160,147,562950.0,2876250.0,26.003744,87.629024
996,confluence_995,gauge+site,160,147,562950.0,2876250.0,26.003744,87.629024
997,confluence_996,gauge,160,160,566850.0,2876250.0,26.00357,87.667992
997,confluence_996,gauge+site,160,160,566850.0,2876250.0,26.00357,87.667992
998,confluence_997,gauge,48,32,528450.0,2909850.0,26.308226,87.285026
998,confluence_997,gauge+site,48,32,528450.0,2909850.0,26.308226,87.285026
999,confluence_998,gauge,163,144,562050.0,2875350.0,25.995657,87.619988
999,confluence_998,gauge+site,163,144,562050.0,2875350.0,25.995657,87.619988
1000,confluence_999,gauge,45,91,546150.0,2910750.0,26.31589,87.462382
1000,confluence_999,gauge+site,45,91,546150.0,2910750.0,26.31589,87.462382
1001,confluence_1000,gauge,55,114,553050.0,2907750.0,26.288563,87.531389
1001,confluence_1000,gauge+site,55,114,553050.0,2907750.0,26.288563,87.531389
1002,confluence_1001,gauge,38,99,548550.0,2912850.0,26.334772,87.486507
1002,confluence_1001,gauge+site,38,99,548550.0,2912850.0,26.334772,87.486507
1003,confluence_1002,gauge,162,154,565050.0,2875650.0,25.998234,87.649977
1003,confluence_1002,gauge+site,162,154,565050.0,2875650.0,25.998234,87.649977
1004,confluence_1003,gauge,157,115,553350.0,2877150.0,26.012256,87.533137
1004,confluence_1003,gauge+site,157,115,553350.0,2877150.0,26.012256,87.533137
1005,confluence_1004,gauge,19,147,562950.0,2918550.0,26.385674,87.631079
1005,confluence_1004,gauge+site,19,147,562950.0,2918550.0,26.385674,87.631079
1006,confluence_1005,gauge,21,8,521250.0,2917950.0,26.381489,87.213028
1006,confluence_1005,gauge+site,21,8,521250.0,2917950.0,26.381489,87.213028
1007,confluence_1006,gauge,100,82,543450.0,2894250.0,26.166991,87.434777
1007,confluence_1006,gauge+site,100,82,543450.0,2894250.0,26.166991,87.434777
1008,confluence_1007,gauge,115,156,565650.0,2889750.0,26.125518,87.656681
1008,confluence_1007,gauge+site,115,156,565650.0,2889750.0,26.125518,87.656681
1009,confluence_1008,gauge,39,35,529350.0,2912550.0,26.332587,87.294105
1009,confluence_1008,gauge+site,39,35,529350.0,2912550.0,26.332587,87.294105
1010,confluence_1009,gauge,15,63,537750.0,2919750.0,26.3974,87.378488
1010,confluence_1009,gauge+site,15,63,537750.0,2919750.0,26.3974,87.378488
1011,confluence_1010,gauge,88,103,549750.0,2897850.0,26.199293,87.497953
1011,confluence_1010,gauge+site,88,103,549750.0,2897850.0,26.199293,87.497953
1012,confluence_1011,gauge,50,88,545250.0,2909250.0,26.302375,87.453313
1012,confluence_1011,gauge+site,50,88,545250.0,2909250.0,26.302375,87.453313
1013,confluence_1012,gauge,93,80,542850.0,2896350.0,26.185971,87.428842
1013,confluence_1012,gauge+site,93,80,542850.0,2896350.0,26.185971,87.428842
1014,confluence_1013,gauge,64,73,540750.0,2905050.0,26.264588,87.4081
1014,confluence_1013,gauge+site,64,73,540750.0,2905050.0,26.264588,87.4081
1015,confluence_1014,gauge,157,158,566250.0,2877150.0,26.011723,87.662042
1015,confluence_1014,gauge+site,157,158,566250.0,2877150.0,26.011723,87.662042
1016,confluence_1015,gauge,57,75,541350.0,2907150.0,26.283532,87.414176
1016,confluence_1015,gauge+site,57,75,541350.0,2907150.0,26.283532,87.414176
1017,confluence_1016,gauge,112,89,545550.0,2890650.0,26.134421,87.455663
1017,confluence_1016,gauge+site,112,89,545550.0,2890650.0,26.134421,87.455663
1018,confluence_1017,gauge,92,100,548850.0,2896650.0,26.188488,87.4889
1018,confluence_1017,gauge+site,92,100,548850.0,2896650.0,26.188488,87.4889
1019,confluence_1018,gauge,26,77,541950.0,2916450.0,26.367486,87.420489
1019,confluence_1018,gauge+site,26,77,541950.0,2916450.0,26.367486,87.420489
1020,confluence_1019,gauge,94,74,541050.0,2896050.0,26.183315,87.410819
1020,confluence_1019,gauge+site,94,74,541050.0,2896050.0,26.183315,87.410819
1021,confluence_1020,gauge,94,89,545550.0,2896050.0,26.183179,87.455853
1021,confluence_1020,gauge+site,94,89,545550.0,2896050.0,26.183179,87.455853
1022,confluence_1021,gauge,51,84,544050.0,2908950.0,26.299704,87.441281
1022,confluence_1021,gauge+site,51,84,544050.0,2908950.0,26.299704,87.441281
1023,confluence_1022,gauge,88,93,546750.0,2897850.0,26.199394,87.467927
1023,confluence_1022,gauge+site,88,93,546750.0,2897850.0,26.199394,87.467927
1024,confluence_1023,gauge,111,105,550350.0,2890950.0,26.13697,87.503691
1024,confluence_1023,gauge+site,111,105,550350.0,2890950.0,26.13697,87.503691
1025,confluence_1024,gauge,17,57,535950.0,2919150.0,26.392029,87.360424
1025,confluence_1024,gauge+site,17,57,535950.0,2919150.0,26.392029,87.360424
1026,confluence_1025,gauge,169,163,567750.0,2873550.0,25.979149,87.676845
1026,confluence_1025,gauge+site,169,163,567750.0,2873550.0,25.979149,87.676845
1027,confluence_1026,gauge,124,131,558150.0,2887050.0,26.101462,87.581543
1027,confluence_1026,gauge+site,124,131,558150.0,2887050.0,26.101462,87.581543
1028,confluence_1027,gauge,19,11,522150.0,2918550.0,26.386893,87.22206
1028,confluence_1027,gauge+site,19,11,522150.0,2918550.0,26.386893,87.22206
1029,confluence_1028,gauge,25,83,543750.0,2916750.0,26.370141,87.438541
1029,confluence_1028,gauge+site,25,83,543750.0,2916750.0,26.370141,87.438541
1030,confluence_1029,gauge,51,100,548850.0,2908950.0,26.299548,87.489365
1030,confluence_1029,gauge+site,51,100,548850.0,2908950.0,26.299548,87.489365
1031,confluence_1030,gauge,44,54,535050.0,2911050.0,26.318914,87.35118
1031,confluence_1030,gauge+site,44,54,535050.0,2911050.0,26.318914,87.35118
1032,confluence_1031,gauge,7,102,549450.0,2922150.0,26.418711,87.495884
1032,confluence_1031,gauge+site,7,102,549450.0,2922150.0,26.418711,87.495884
1033,confluence_1032,gauge,61,122,555450.0,2905950.0,26.27222,87.555351
1033,confluence_1032,gauge+site,61,122,555450.0,2905950.0,26.27222,87.555351
1034,confluence_1033,gauge,51,112,552450.0,2908950.0,26.29942,87.525428
1034,confluence_1033,gauge+site,51,112,552450.0,2908950.0,26.29942,87.525428
1035,confluence_1034,gauge,101,133,558750.0,2893950.0,26.163739,87.587855
1035,confluence_1034,gauge+site,101,133,558750.0,2893950.0,26.163739,87.587855
1036,confluence_1035,gauge,88,125,556350.0,2897850.0,26.199049,87.564011
1036,confluence_1035,gauge+site,88,125,556350.0,2897850.0,26.199049,87.564011
1037,confluence_1036,gauge,128,153,564750.0,2885850.0,26.090345,87.647485
1037,confluence_1036,gauge+site,128,153,564750.0,2885850.0,26.090345,87.647485
1038,confluence_1037,gauge,74,64,538050.0,2902050.0,26.237574,87.380973
1038,confluence_1037,gauge+site,74,64,538050.0,2902050.0,26.237574,87.380973
1039,confluence_1038,gauge,103,116,553650.0,2893350.0,26.158521,87.536801
1039,confluence_1038,gauge+site,103,116,553650.0,2893350.0,26.158521,87.536801
1040,confluence_1039,gauge,75,102,549450.0,2901750.0,26.234517,87.4951
1040,confluence_1039,gauge+site,75,102,549450.0,2901750.0,26.234517,87.4951
1041,confluence_1040,gauge,44,133,558750.0,2911050.0,26.318136,87.588632
1041,confluence_1040,gauge+site,44,133,558750.0,2911050.0,26.318136,87.588632
1042,confluence_1041,gauge,115,155,565350.0,2889750.0,26.125532,87.65368
1042,confluence_1041,gauge+site,115,155,565350.0,2889750.0,26.125532,87.65368
1043,confluence_1042,gauge,18,125,556350.0,2918850.0,26.388659,87.564929
1043,confluence_1042,gauge+site,18,125,556350.0,2918850.0,26.388659,87.564929
1044,confluence_1043,gauge,157,136,559650.0,2877150.0,26.01201,87.596091
1044,confluence_1043,gauge+site,157,136,559650.0,2877150.0,26.01201,87.596091
1045,confluence_1044,gauge,19,112,552450.0,2918550.0,26.386099,87.525819
1045,confluence_1044,gauge+site,19,112,552450.0,2918550.0,26.386099,87.525819
1046,confluence_1045,gauge,176,156,565650.0,2871450.0,25.960284,87.655761
1046,confluence_1045,gauge+site,176,156,565650.0,2871450.0,25.960284,87.655761
1047,confluence_1046,gauge,151,152,564450.0,2878950.0,26.028057,87.644145
1047,confluence_1046,gauge+site,151,152,564450.0,2878950.0,26.028057,87.644145
1048,confluence_1047,gauge,105,143,561750.0,2892750.0,26.152778,87.617815
1048,confluence_1047,gauge+site,105,143,561750.0,2892750.0,26.152778,87.617815
1049,confluence_1048,gauge,62,127,556950.0,2905650.0,26.269452,87.57036
1049,confluence_1048,gauge+site,62,127,556950.0,2905650.0,26.269452,87.57036
1050,confluence_1049,gauge,147,161,567150.0,2880150.0,26.03877,87.67119
1050,confluence_1049,gauge+site,147,161,567150.0,2880150.0,26.03877,87.67119
1051,confluence_1050,gauge,27,97,547950.0,2916150.0,26.364588,87.480618
1051,confluence_1050,gauge+site,27,97,547950.0,2916150.0,26.364588,87.480618
1052,confluence_1051,gauge,27,103,549750.0,2916150.0,26.364526,87.498659
1052,confluence_1051,gauge+site,27,103,549750.0,2916150.0,26.364526,87.498659
1053,confluence_1052,gauge,28,15,523350.0,2915850.0,26.362495,87.234041
1053,confluence_1052,gauge+site,28,15,523350.0,2915850.0,26.362495,87.234041
1054,confluence_1053,gauge,62,33,528750.0,2905650.0,26.270296,87.287938
1054,confluence_1053,gauge+site,62,33,528750.0,2905650.0,26.270296,87.287938
1055,confluence_1054,gauge,47,102,549450.0,2910150.0,26.310362,87.495422
1055,confluence_1054,gauge+site,47,102,549450.0,2910150.0,26.310362,87.495422
1056,confluence_1055,gauge,66,88,545250.0,2904450.0,26.259035,87.453144
1056,confluence_1055,gauge+site,66,88,545250.0,2904450.0,26.259035,87.453144
1057,confluence_1056,gauge,111,78,542250.0,2890950.0,26.13723,87.422662
1057,confluence_1056,gauge+site,111,78,542250.0,2890950.0,26.13723,87.422662
1058,confluence_1057,gauge,113,130,557850.0,2890350.0,26.13127,87.57869
1058,confluence_1057,gauge+site,113,130,557850.0,2890350.0,26.13127,87.57869
1059,confluence_1058,gauge,110,123,555750.0,2891250.0,26.139479,87.557722
1059,confluence_1058,gauge+site,110,123,555750.0,2891250.0,26.139479,87.557722
1060,confluence_1059,gauge,46,61,537150.0,2910450.0,26.313444,87.372203
1060,confluence_1059,gauge+site,46,61,537150.0,2910450.0,26.313444,87.372203
1061,confluence_1060,gauge,110,99,548550.0,2891250.0,26.13974,87.485696
1061,confluence_1060,gauge+site,110,99,548550.0,2891250.0,26.13974,87.485696
1062,confluence_1061,gauge,109,137,559950.0,2891550.0,26.142019,87.599751
1062,confluence_1061,gauge+site,109,137,559950.0,2891550.0,26.142019,87.599751
1063,confluence_1062,gauge,68,83,543750.0,2903850.0,26.253664,87.438103
1063,confluence_1062,gauge+site,68,83,543750.0,2903850.0,26.253664,87.438103
1064,confluence_1063,gauge,109,87,544950.0,2891550.0,26.142566,87.449692
1064,confluence_1063,gauge+site,109,87,544950.0,2891550.0,26.142566,87.449692
1065,confluence_1064,gauge,150,125,556350.0,2879250.0,26.031104,87.563205
1065,confluence_1064,gauge+site,150,125,556350.0,2879250.0,26.031104,87.563205
1066,confluence_1065,gauge,151,142,561450.0,2878950.0,26.028188,87.614162
1066,confluence_1065,gauge+site,151,142,561450.0,2878950.0,26.028188,87.614162
1067,confluence_1066,gauge,70,63,537750.0,2903250.0,26.248417,87.378004
1067,confluence_1066,gauge+site,70,63,537750.0,2903250.0,26.248417,87.378004
1068,confluence_1067,gauge,77,40,530850.0,2901150.0,26.22962,87.308863
1068,confluence_1067,gauge+site,77,40,530850.0,2901150.0,26.22962,87.308863
1069,confluence_1068,gauge,60,122,555450.0,2906250.0,26.274929,87.555363
1069,confluence_1068,gauge+site,60,122,555450.0,2906250.0,26.274929,87.555363
1070,confluence_1069,gauge,128,104,550050.0,2885850.0,26.09093,87.500494
1070,confluence_1069,gauge+site,128,104,550050.0,2885850.0,26.09093,87.500494
1071,confluence_1070,gauge,28,120,554850.0,2915850.0,26.361631,87.549763
1071,confluence_1070,gauge+site,28,120,554850.0,2915850.0,26.361631,87.549763
1072,confluence_1071,gauge,21,118,554250.0,2917950.0,26.380614,87.543838
1072,confluence_1071,gauge+site,21,118,554250.0,2917950.0,26.380614,87.543838
1073,confluence_1072,gauge,114,124,556050.0,2890050.0,26.128633,87.560672
1073,confluence_1072,gauge+site,114,124,556050.0,2890050.0,26.128633,87.560672
1074,confluence_1073,gauge,29,80,542850.0,2915550.0,26.359333,87.42948
1074,confluence_1073,gauge+site,29,80,542850.0,2915550.0,26.359333,87.42948
1075,confluence_1074,gauge,59,82,543450.0,2906550.0,26.278052,87.43519
1075,confluence_1074,gauge+site,59,82,543450.0,2906550.0,26.278052,87.43519
1076,confluence_1075,gauge,30,44,532050.0,2915250.0,26.356908,87.321227
1076,confluence_1075,gauge+site,30,44,532050.0,2915250.0,26.356908,87.321227
1077,confluence_1076,gauge,21,71,540150.0,2917950.0,26.381082,87.402494
1077,confluence_1076,gauge+site,21,71,540150.0,2917950.0,26.381082,87.402494
1078,confluence_1077,gauge,138,147,562950.0,2882850.0,26.063337,87.629342
1078,confluence_1077,gauge+site,138,147,562950.0,2882850.0,26.063337,87.629342
1079,confluence_1078,gauge,116,118,554250.0,2889450.0,26.123284,87.542642
1079,confluence_1078,gauge+site,116,118,554250.0,2889450.0,26.123284,87.542642
1080,confluence_1079,gauge,56,117,553950.0,2907450.0,26.285821,87.540391
1080,confluence_1079,gauge+site,56,117,553950.0,2907450.0,26.285821,87.540391
1081,confluence_1080,gauge,102,133,558750.0,2893650.0,26.16103,87.587841
1081,confluence_1080,gauge+site,102,133,558750.0,2893650.0,26.16103,87.587841
1082,confluence_1081,gauge,84,105,550350.0,2899050.0,26.210107,87.504005
1082,confluence_1081,gauge+site,84,105,550350.0,2899050.0,26.210107,87.504005
1083,confluence_1082,gauge,97,126,556650.0,2895150.0,26.174658,87.566896
1083,confluence_1082,gauge+site,97,126,556650.0,2895150.0,26.174658,87.566896
1084,confluence_1083,gauge,86,67,538950.0,2898450.0,26.205044,87.389875
1084,confluence_1083,gauge+site,86,67,538950.0,2898450.0,26.205044,87.389875
1085,confluence_1084,gauge,11,6,520650.0,2920950.0,26.408586,87.207061
1085,confluence_1084,gauge+site,11,6,520650.0,2920950.0,26.408586,87.207061
1086,confluence_1085,gauge,42,69,539550.0,2911650.0,26.324214,87.396285
1086,confluence_1085,gauge+site,42,69,539550.0,2911650.0,26.324214,87.396285
1087,confluence_1086,gauge,166,169,569550.0,2874450.0,25.98719,87.694874
1087,confluence_1086,gauge+site,166,169,569550.0,2874450.0,25.98719,87.694874
1088,confluence_1087,gauge,120,142,561450.0,2888250.0,26.11216,87.614601
1088,confluence_1087,gauge+site,120,142,561450.0,2888250.0,26.11216,87.614601
1089,confluence_1088,gauge,96,77,541950.0,2895450.0,26.177871,87.419806
1089,confluence_1088,gauge+site,96,77,541950.0,2895450.0,26.177871,87.419806
1090,confluence_1089,gauge,53,29,527550.0,2908350.0,26.294699,87.275978
1090,confluence_1089,gauge+site,53,29,527550.0,2908350.0,26.294699,87.275978
1091,confluence_1090,gauge,52,97,547950.0,2908650.0,26.29687,87.480338
1091,confluence_1090,gauge+site,52,97,547950.0,2908650.0,26.29687,87.480338
1092,confluence_1091,gauge,42,34,529050.0,2911650.0,26.324467,87.291078
1092,confluence_1091,gauge+site,42,34,529050.0,2911650.0,26.324467,87.291078
1093,confluence_1092,gauge,139,168,569250.0,2882550.0,26.06034,87.692306
1093,confluence_1092,gauge+site,139,168,569250.0,2882550.0,26.06034,87.692306
1094,confluence_1093,gauge,84,78,542250.0,2899050.0,26.210368,87.422926
1094,confluence_1093,gauge+site,84,78,542250.0,2899050.0,26.210368,87.422926
1095,confluence_1094,gauge,133,135,559350.0,2884350.0,26.077034,87.59342
1095,confluence_1094,gauge+site,133,135,559350.0,2884350.0,26.077034,87.59342
1096,confluence_1095,gauge,89,117,553950.0,2897550.0,26.196432,87.539978
1096,confluence_1095,gauge+site,89,117,553950.0,2897550.0,26.196432,87.539978
1097,confluence_1096,gauge,95,108,551250.0,2895750.0,26.180279,87.512883
1097,confluence_1096,gauge+site,95,108,551250.0,2895750.0,26.180279,87.512883
1098,confluence_1097,gauge,90,97,547950.0,2897250.0,26.193936,87.479915
1098,confluence_1097,gauge+site,90,97,547950.0,2897250.0,26.193936,87.479915
1099,confluence_1098,gauge,95,64,538050.0,2895750.0,26.180689,87.380787
1099,confluence_1098,gauge+site,95,64,538050.0,2895750.0,26.180689,87.380787
1100,confluence_1099,gauge,91,92,546450.0,2896950.0,26.191277,87.464892
1100,confluence_1099,gauge+site,91,92,546450.0,2896950.0,26.191277,87.464892
1101,confluence_1100,gauge,171,145,562350.0,2872950.0,25.973973,87.622871
1101,confluence_1100,gauge+site,171,145,562350.0,2872950.0,25.973973,87.622871
1102,confluence_1101,gauge,94,62,537450.0,2896050.0,26.183413,87.374792
1102,confluence_1101,gauge+site,94,62,537450.0,2896050.0,26.183413,87.374792
1103,confluence_1102,gauge,92,114,553050.0,2896650.0,26.18834,87.530933
1103,confluence_1102,gauge+site,92,114,553050.0,2896650.0,26.18834,87.530933
1104,confluence_1103,gauge,92,129,557550.0,2896650.0,26.188166,87.575968
1104,confluence_1103,gauge+site,92,129,557550.0,2896650.0,26.188166,87.575968
1105,confluence_1104,gauge,123,119,554550.0,2887350.0,26.104311,87.545554
1105,confluence_1104,gauge+site,123,119,554550.0,2887350.0,26.104311,87.545554
1106,confluence_1105,gauge,123,120,554850.0,2887350.0,26.1043,87.548554
1106,confluence_1105,gauge+site,123,120,554850.0,2887350.0,26.1043,87.548554
1107,confluence_1106,gauge,174,158,566250.0,2872050.0,25.965674,87.661785
1107,confluence_1106,gauge+site,174,158,566250.0,2872050.0,25.965674,87.661785
1108,confluence_1107,gauge,88,131,558150.0,2897850.0,26.198977,87.582027
1108,confluence_1107,gauge+site,88,131,558150.0,2897850.0,26.198977,87.582027
1109,confluence_1108,gauge,84,57,535950.0,2899050.0,26.21054,87.359863
1109,confluence_1108,gauge+site,84,57,535950.0,2899050.0,26.21054,87.359863
1110,confluence_1109,gauge,120,103,549750.0,2888250.0,26.112611,87.497585
1110,confluence_1109,gauge+site,120,103,549750.0,2888250.0,26.112611,87.497585
1111,confluence_1110,gauge,55,60,536850.0,2907750.0,26.289072,87.369121
1111,confluence_1110,gauge+site,55,60,536850.0,2907750.0,26.289072,87.369121
1112,confluence_1111,gauge,79,115,553350.0,2900550.0,26.223542,87.534096
1112,confluence_1111,gauge+site,79,115,553350.0,2900550.0,26.223542,87.534096
1113,confluence_1112,gauge,80,53,534750.0,2900250.0,26.221405,87.347884
1113,confluence_1112,gauge+site,80,53,534750.0,2900250.0,26.221405,87.347884
1114,confluence_1113,gauge,44,60,536850.0,2911050.0,26.318869,87.369215
1114,confluence_1113,gauge+site,44,60,536850.0,2911050.0,26.318869,87.369215
1115,confluence_1114,gauge,142,125,556350.0,2881650.0,26.052775,87.563309
1115,confluence_1114,gauge+site,142,125,556350.0,2881650.0,26.052775,87.563309
1116,confluence_1115,gauge,55,127,556950.0,2907750.0,26.288413,87.570452
1116,confluence_1115,gauge+site,55,127,556950.0,2907750.0,26.288413,87.570452
1117,confluence_1116,gauge,15,106,550650.0,2919750.0,26.396999,87.507822
1117,confluence_1116,gauge+site,15,106,550650.0,2919750.0,26.396999,87.507822
1118,confluence_1117,gauge,78,69,539550.0,2900850.0,26.226698,87.395954
1118,confluence_1117,gauge+site,78,69,539550.0,2900850.0,26.226698,87.395954
1119,confluence_1118,gauge,15,75,541350.0,2919750.0,26.3973,87.414581
1119,confluence_1118,gauge+site,15,75,541350.0,2919750.0,26.3973,87.414581
1120,confluence_1119,gauge,31,73,540750.0,2914950.0,26.353977,87.408413
1120,confluence_1119,gauge+site,31,73,540750.0,2914950.0,26.353977,87.408413
1121,confluence_1120,gauge,77,117,553950.0,2901150.0,26.228937,87.540128
1121,confluence_1120,gauge+site,77,117,553950.0,2901150.0,26.228937,87.540128
1122,confluence_1121,gauge,15,68,539250.0,2919750.0,26.397359,87.393527
1122,confluence_1121,gauge+site,15,68,539250.0,2919750.0,26.397359,87.393527
1123,confluence_1122,gauge,63,63,537750.0,2905350.0,26.267379,87.378065
1123,confluence_1122,gauge+site,63,63,537750.0,2905350.0,26.267379,87.378065
1124,confluence_1123,gauge,143,121,555150.0,2881350.0,26.050112,87.551301
1124,confluence_1123,gauge+site,143,121,555150.0,2881350.0,26.050112,87.551301
1125,confluence_1124,gauge,39,69,539550.0,2912550.0,26.332341,87.396313
1125,confluence_1124,gauge+site,39,69,539550.0,2912550.0,26.332341,87.396313
1126,confluence_1125,gauge,17,113,552750.0,2919150.0,26.391506,87.528851
1126,confluence_1125,gauge+site,17,113,552750.0,2919150.0,26.391506,87.528851
1127,confluence_1126,gauge,35,55,535350.0,2913750.0,26.343286,87.35426
1127,confluence_1126,gauge+site,35,55,535350.0,2913750.0,26.343286,87.35426
1128,confluence_1127,gauge,83,36,529650.0,2899350.0,26.213393,87.296807
1128,confluence_1127,gauge+site,83,36,529650.0,2899350.0,26.213393,87.296807
1129,confluence_1128,gauge,135,161,567150.0,2883750.0,26.071275,87.671375
1129,confluence_1128,gauge+site,135,161,567150.0,2883750.0,26.071275,87.671375
1130,confluence_1129,gauge,58,28,527250.0,2906850.0,26.281161,87.272941
1130,confluence_1129,gauge+site,58,28,527250.0,2906850.0,26.281161,87.272941
1131,confluence_1130,gauge,62,61,537150.0,2905650.0,26.270103,87.372065
1131,confluence_1130,gauge+site,62,61,537150.0,2905650.0,26.270103,87.372065
1132,confluence_1131,gauge,58,36,529650.0,2906850.0,26.281113,87.296979
1132,confluence_1131,gauge+site,58,36,529650.0,2906850.0,26.281113,87.296979
1133,confluence_1132,gauge,51,72,540450.0,2908950.0,26.29981,87.405218
1133,confluence_1132,gauge+site,51,72,540450.0,2908950.0,26.29981,87.405218
1134,confluence_1133,gauge,34,100,548850.0,2914050.0,26.345596,87.489559
1134,confluence_1133,gauge+site,34,100,548850.0,2914050.0,26.345596,87.489559
1135,confluence_1134,gauge,51,55,535350.0,2908950.0,26.299945,87.354128
1135,confluence_1134,gauge+site,51,55,535350.0,2908950.0,26.299945,87.354128
1136,confluence_1135,gauge,122,137,559950.0,2887650.0,26.106806,87.599571
1136,confluence_1135,gauge+site,122,137,559950.0,2887650.0,26.106806,87.599571
1137,confluence_1136,gauge,143,164,568050.0,2881350.0,26.049563,87.680248
1137,confluence_1136,gauge+site,143,164,568050.0,2881350.0,26.049563,87.680248
1138,confluence_1137,gauge,113,103,549750.0,2890350.0,26.131573,87.497666
1138,confluence_1137,gauge+site,113,103,549750.0,2890350.0,26.131573,87.497666
1139,confluence_1138,gauge,30,101,549150.0,2915250.0,26.356421,87.492611
1139,confluence_1138,gauge+site,30,101,549150.0,2915250.0,26.356421,87.492611
1140,confluence_1139,gauge,139,134,559050.0,2882550.0,26.060793,87.590339
1140,confluence_1139,gauge+site,139,134,559050.0,2882550.0,26.060793,87.590339
1141,confluence_1140,gauge,28,36,529650.0,2915850.0,26.362377,87.297187
1141,confluence_1140,gauge+site,28,36,529650.0,2915850.0,26.362377,87.297187
1142,confluence_1141,gauge,60,74,541050.0,2906250.0,26.275414,87.411143
1142,confluence_1141,gauge+site,60,74,541050.0,2906250.0,26.275414,87.411143
1143,confluence_1142,gauge,32,105,550350.0,2914650.0,26.350962,87.504614
1143,confluence_1142,gauge+site,32,105,550350.0,2914650.0,26.350962,87.504614
1144,confluence_1143,gauge,119,154,565050.0,2888550.0,26.114711,87.65062
1144,confluence_1143,gauge+site,119,154,565050.0,2888550.0,26.114711,87.65062
1145,confluence_1144,gauge,30,120,554850.0,2915250.0,26.356213,87.549738
1145,confluence_1144,gauge+site,30,120,554850.0,2915250.0,26.356213,87.549738
1146,confluence_1145,gauge,115,131,558150.0,2889750.0,26.125841,87.581664
1146,confluence_1145,gauge+site,115,131,558150.0,2889750.0,26.125841,87.581664
1147,confluence_1146,gauge,55,94,547050.0,2907750.0,26.288773,87.47129
1147,confluence_1146,gauge+site,55,94,547050.0,2907750.0,26.288773,87.47129
1148,confluence_1147,gauge,56,54,535050.0,2907450.0,26.286409,87.351082
1148,confluence_1147,gauge+site,56,54,535050.0,2907450.0,26.286409,87.351082
1149,confluence_1148,gauge,143,135,559350.0,2881350.0,26.049946,87.593284
1149,confluence_1148,gauge+site,143,135,559350.0,2881350.0,26.049946,87.593284
1150,confluence_1149,gauge,53,69,539550.0,2908350.0,26.294418,87.396184
1150,confluence_1149,gauge+site,53,69,539550.0,2908350.0,26.294418,87.396184
1151,confluence_1150,gauge,146,121,555150.0,2880450.0,26.041986,87.551263
1151,confluence_1150,gauge+site,146,121,555150.0,2880450.0,26.041986,87.551263
1152,confluence_1151,gauge,115,145,562350.0,2889750.0,26.125665,87.623674
1152,confluence_1151,gauge+site,115,145,562350.0,2889750.0,26.125665,87.623674
1153,confluence_1152,gauge,61,71,540150.0,2905950.0,26.272731,87.402119
1153,confluence_1152,gauge+site,61,71,540150.0,2905950.0,26.272731,87.402119
1154,confluence_1153,gauge,55,111,552150.0,2907750.0,26.288596,87.522374
1154,confluence_1153,gauge+site,55,111,552150.0,2907750.0,26.288596,87.522374
1155,confluence_1154,gauge,33,121,555150.0,2914350.0,26.348076,87.552706
1155,confluence_1154,gauge+site,33,121,555150.0,2914350.0,26.348076,87.552706
1156,confluence_1155,gauge,120,115,553350.0,2888250.0,26.112482,87.53359
1156,confluence_1155,gauge+site,120,115,553350.0,2888250.0,26.112482,87.53359
1157,confluence_1156,gauge,63,32,528450.0,2905350.0,26.267594,87.284927
1157,confluence_1156,gauge+site,63,32,528450.0,2905350.0,26.267594,87.284927
1158,confluence_1157,gauge,105,122,555450.0,2892750.0,26.153035,87.554785
1158,confluence_1157,gauge+site,105,122,555450.0,2892750.0,26.153035,87.554785
1159,confluence_1158,gauge,27,68,539250.0,2916150.0,26.364854,87.393417
1159,confluence_1158,gauge+site,27,68,539250.0,2916150.0,26.364854,87.393417
1160,confluence_1159,gauge,96,113,552750.0,2895450.0,26.177515,87.527882
1160,confluence_1159,gauge+site,96,113,552750.0,2895450.0,26.177515,87.527882
1161,confluence_1160,gauge,86,99,548550.0,2898450.0,26.204751,87.485965
1161,confluence_1160,gauge+site,86,99,548550.0,2898450.0,26.204751,87.485965
1162,confluence_1161,gauge,165,141,561150.0,2874750.0,25.990277,87.610968
1162,confluence_1161,gauge+site,165,141,561150.0,2874750.0,25.990277,87.610968
1163,confluence_1162,gauge,86,36,529650.0,2898450.0,26.205266,87.296787
1163,confluence_1162,gauge+site,86,36,529650.0,2898450.0,26.205266,87.296787
1164,confluence_1163,gauge,84,122,555450.0,2899050.0,26.209919,87.555055
1164,confluence_1163,gauge+site,84,122,555450.0,2899050.0,26.209919,87.555055
1165,confluence_1164,gauge,13,110,551850.0,2920350.0,26.402373,87.519877
1165,confluence_1164,gauge+site,13,110,551850.0,2920350.0,26.402373,87.519877
1166,confluence_1165,gauge,87,108,551250.0,2898150.0,26.201949,87.512978
1166,confluence_1165,gauge+site,87,108,551250.0,2898150.0,26.201949,87.512978
1167,confluence_1166,gauge,98,138,560250.0,2894850.0,26.171803,87.602905
1167,confluence_1166,gauge+site,98,138,560250.0,2894850.0,26.171803,87.602905
1168,confluence_1167,gauge,99,99,548550.0,2894550.0,26.169537,87.485819
1168,confluence_1167,gauge+site,99,99,548550.0,2894550.0,26.169537,87.485819
1169,confluence_1168,gauge,14,96,547650.0,2920050.0,26.399812,87.477756
1169,confluence_1168,gauge+site,14,96,547650.0,2920050.0,26.399812,87.477756
1170,confluence_1169,gauge,15,3,519750.0,2919750.0,26.397763,87.198018
1170,confluence_1169,gauge+site,15,3,519750.0,2919750.0,26.397763,87.198018
1171,confluence_1170,gauge,100,87,544950.0,2894250.0,26.166945,87.449786
1171,confluence_1170,gauge+site,100,87,544950.0,2894250.0,26.166945,87.449786
1172,confluence_1171,gauge,81,117,553950.0,2899950.0,26.218102,87.540078
1172,confluence_1171,gauge+site,81,117,553950.0,2899950.0,26.218102,87.540078
1173,confluence_1172,gauge,161,131,558150.0,2875950.0,26.001236,87.581049
1173,confluence_1172,gauge+site,161,131,558150.0,2875950.0,26.001236,87.581049
1174,confluence_1173,gauge,99,84,544050.0,2894550.0,26.169682,87.440791
1174,confluence_1173,gauge+site,99,84,544050.0,2894550.0,26.169682,87.440791
1175,confluence_1174,gauge,101,81,543150.0,2893950.0,26.164292,87.431765
1175,confluence_1174,gauge+site,101,81,543150.0,2893950.0,26.164292,87.431765
1176,confluence_1175,gauge,87,119,554550.0,2898150.0,26.201827,87.546008
1176,confluence_1175,gauge+site,87,119,554550.0,2898150.0,26.201827,87.546008
1177,confluence_1176,gauge,88,83,543750.0,2897850.0,26.199488,87.4379
1177,confluence_1176,gauge+site,88,83,543750.0,2897850.0,26.199488,87.4379
1178,confluence_1177,gauge,93,99,548550.0,2896350.0,26.18579,87.485886
1178,confluence_1177,gauge+site,93,99,548550.0,2896350.0,26.18579,87.485886
1179,confluence_1178,gauge,93,87,544950.0,2896350.0,26.185907,87.449859
1179,confluence_1178,gauge+site,93,87,544950.0,2896350.0,26.185907,87.449859
1180,confluence_1179,gauge,2,87,544950.0,2923650.0,26.432404,87.450812
1180,confluence_1179,gauge+site,2,87,544950.0,2923650.0,26.432404,87.450812
1181,confluence_1180,gauge,93,53,534750.0,2896350.0,26.18619,87.347779
1181,confluence_1180,gauge+site,93,53,534750.0,2896350.0,26.18619,87.347779
1182,confluence_1181,gauge,2,104,550050.0,2923650.0,26.432234,87.501959
1182,confluence_1181,gauge+site,2,104,550050.0,2923650.0,26.432234,87.501959
1183,confluence_1182,gauge,172,151,564150.0,2872650.0,25.971186,87.640838
1183,confluence_1182,gauge+site,172,151,564150.0,2872650.0,25.971186,87.640838
1184,confluence_1183,gauge,88,69,539550.0,2897850.0,26.19961,87.395863
1184,confluence_1183,gauge+site,88,69,539550.0,2897850.0,26.19961,87.395863
1185,confluence_1184,gauge,5,82,543450.0,2922750.0,26.424324,87.435738
1185,confluence_1184,gauge+site,5,82,543450.0,2922750.0,26.424324,87.435738
1186,confluence_1185,gauge,90,126,556650.0,2897250.0,26.19362,87.566987
1186,confluence_1185,gauge+site,90,126,556650.0,2897250.0,26.19362,87.566987
1187,confluence_1186,gauge,169,152,564450.0,2873550.0,25.979299,87.643879
1187,confluence_1186,gauge+site,169,152,564450.0,2873550.0,25.979299,87.643879
1188,confluence_1187,gauge,168,158,566250.0,2873850.0,25.981927,87.661875
1188,confluence_1187,gauge+site,168,158,566250.0,2873850.0,25.981927,87.661875
1189,confluence_1188,gauge,9,18,524250.0,2921550.0,26.413946,87.24317
1189,confluence_1188,gauge+site,9,18,524250.0,2921550.0,26.413946,87.24317
1190,confluence_1189,gauge,168,143,561750.0,2873850.0,25.982126,87.61692
1190,confluence_1189,gauge+site,168,143,561750.0,2873850.0,25.982126,87.61692
1191,confluence_1190,gauge,9,86,544650.0,2921550.0,26.413452,87.44773
1191,confluence_1190,gauge+site,9,86,544650.0,2921550.0,26.413452,87.44773
1192,confluence_1191,gauge,95,75,541350.0,2895750.0,26.180597,87.413812
1192,confluence_1191,gauge+site,95,75,541350.0,2895750.0,26.180597,87.413812
1193,confluence_1192,gauge,160,121,555150.0,2876250.0,26.004062,87.551086
1193,confluence_1192,gauge+site,160,121,555150.0,2876250.0,26.004062,87.551086
1194,confluence_1193,gauge,16,99,548550.0,2919450.0,26.394364,87.486756
1194,confluence_1193,gauge+site,16,99,548550.0,2919450.0,26.394364,87.486756
1195,confluence_1194,gauge,79,31,528150.0,2900550.0,26.224258,87.281818
1195,confluence_1194,gauge+site,79,31,528150.0,2900550.0,26.224258,87.281818
1196,confluence_1195,gauge,22,137,559950.0,2917650.0,26.377677,87.600963
1196,confluence_1195,gauge+site,22,137,559950.0,2917650.0,26.377677,87.600963
1197,confluence_1196,gauge,150,130,557850.0,2879250.0,26.031045,87.578197
1197,confluence_1196,gauge+site,150,130,557850.0,2879250.0,26.031045,87.578197
1198,confluence_1197,gauge,25,18,524250.0,2916750.0,26.370606,87.243079
1198,confluence_1197,gauge+site,25,18,524250.0,2916750.0,26.370606,87.243079
1199,confluence_1198,gauge,67,108,551250.0,2904150.0,26.256124,87.513216
1199,confluence_1198,gauge+site,67,108,551250.0,2904150.0,26.256124,87.513216
1200,confluence_1199,gauge,25,86,544650.0,2916750.0,26.370113,87.447562
1200,confluence_1199,gauge+site,25,86,544650.0,2916750.0,26.370113,87.447562
1201,confluence_1200,gauge,66,107,550950.0,2904450.0,26.258843,87.510224
1201,confluence_1200,gauge+site,66,107,550950.0,2904450.0,26.258843,87.510224
1202,confluence_1201,gauge,153,135,559350.0,2878350.0,26.022858,87.593148
1202,confluence_1201,gauge+site,153,135,559350.0,2878350.0,26.022858,87.593148
1203,confluence_1202,gauge,111,81,543150.0,2890950.0,26.137203,87.431665
1203,confluence_1202,gauge+site,111,81,543150.0,2890950.0,26.137203,87.431665
1204,confluence_1203,gauge,111,114,553050.0,2890950.0,26.136873,87.5307
1204,confluence_1203,gauge+site,111,114,553050.0,2890950.0,26.136873,87.5307
1205,confluence_1204,gauge,65,122,555450.0,2904750.0,26.261385,87.555299
1205,confluence_1204,gauge+site,65,122,555450.0,2904750.0,26.261385,87.555299
1206,confluence_1205,gauge,65,91,546150.0,2904750.0,26.261715,87.462168
1206,confluence_1205,gauge+site,65,91,546150.0,2904750.0,26.261715,87.462168
1207,confluence_1206,gauge,26,104,550050.0,2916450.0,26.367225,87.501678
1207,confluence_1206,gauge+site,26,104,550050.0,2916450.0,26.367225,87.501678
1208,confluence_1207,gauge,112,95,547350.0,2890650.0,26.134363,87.473669
1208,confluence_1207,gauge+site,112,95,547350.0,2890650.0,26.134363,87.473669
1209,confluence_1208,gauge,26,142,561450.0,2916450.0,26.366779,87.615941
1209,confluence_1208,gauge+site,26,142,561450.0,2916450.0,26.366779,87.615941
1210,confluence_1209,gauge,26,13,522750.0,2916450.0,26.367922,87.228038
1210,confluence_1209,gauge+site,26,13,522750.0,2916450.0,26.367922,87.228038
1211,confluence_1210,gauge,154,124,556050.0,2878050.0,26.020281,87.560156
1211,confluence_1210,gauge+site,154,124,556050.0,2878050.0,26.020281,87.560156
1212,confluence_1211,gauge,106,128,557250.0,2892450.0,26.150256,87.57278
1212,confluence_1211,gauge+site,106,128,557250.0,2892450.0,26.150256,87.57278
1213,confluence_1212,gauge,106,90,545850.0,2892450.0,26.150664,87.458728
1213,confluence_1212,gauge+site,106,90,545850.0,2892450.0,26.150664,87.458728
1214,confluence_1213,gauge,159,132,558450.0,2876550.0,26.006642,87.584073
1214,confluence_1213,gauge+site,159,132,558450.0,2876550.0,26.006642,87.584073
1215,confluence_1214,gauge,77,127,556950.0,2901150.0,26.228821,87.570161
1215,confluence_1214,gauge+site,77,127,556950.0,2901150.0,26.228821,87.570161
1216,confluence_1215,gauge,17,108,551250.0,2919150.0,26.39156,87.513813
1216,confluence_1215,gauge+site,17,108,551250.0,2919150.0,26.39156,87.513813
1217,confluence_1216,gauge,158,116,553650.0,2876850.0,26.009536,87.536122
1217,confluence_1216,gauge+site,158,116,553650.0,2876850.0,26.009536,87.536122
1218,confluence_1217,gauge,158,114,553050.0,2876850.0,26.009558,87.530127
1218,confluence_1217,gauge+site,158,114,553050.0,2876850.0,26.009558,87.530127
1219,confluence_1218,gauge,157,163,567750.0,2877150.0,26.011654,87.677031
1219,confluence_1218,gauge+site,157,163,567750.0,2877150.0,26.011654,87.677031
1220,confluence_1219,gauge,76,114,553050.0,2901450.0,26.23168,87.53113
1220,confluence_1219,gauge+site,76,114,553050.0,2901450.0,26.23168,87.53113
1221,confluence_1220,gauge,157,155,565350.0,2877150.0,26.011764,87.653049
1221,confluence_1220,gauge+site,157,155,565350.0,2877150.0,26.011764,87.653049
1222,confluence_1221,gauge,75,125,556350.0,2901750.0,26.234263,87.564181
1222,confluence_1221,gauge+site,75,125,556350.0,2901750.0,26.234263,87.564181
1223,confluence_1222,gauge,104,87,544950.0,2893050.0,26.15611,87.449744
1223,confluence_1222,gauge+site,104,87,544950.0,2893050.0,26.15611,87.449744
1224,confluence_1223,gauge,19,105,550350.0,2918550.0,26.386175,87.504767
1224,confluence_1223,gauge+site,19,105,550350.0,2918550.0,26.386175,87.504767
1225,confluence_1224,gauge,73,60,536850.0,2902350.0,26.240314,87.368966
1225,confluence_1224,gauge+site,73,60,536850.0,2902350.0,26.240314,87.368966
1226,confluence_1225,gauge,72,127,556950.0,2902650.0,26.242365,87.570227
1226,confluence_1225,gauge+site,72,127,556950.0,2902650.0,26.242365,87.570227
1227,confluence_1226,gauge,21,106,550650.0,2917950.0,26.380747,87.507751
1227,confluence_1226,gauge+site,21,106,550650.0,2917950.0,26.380747,87.507751
1228,confluence_1227,gauge,72,107,550950.0,2902650.0,26.242591,87.510153
1228,confluence_1227,gauge+site,72,107,550950.0,2902650.0,26.242591,87.510153
1229,confluence_1228,gauge,63,35,529350.0,2905350.0,26.267575,87.293941
1229,confluence_1228,gauge+site,63,35,529350.0,2905350.0,26.267575,87.293941
1230,confluence_1229,gauge,138,144,562050.0,2882850.0,26.063376,87.620344
1230,confluence_1229,gauge+site,138,144,562050.0,2882850.0,26.063376,87.620344
1231,confluence_1230,gauge,40,129,557550.0,2912250.0,26.32902,87.576663
1231,confluence_1230,gauge+site,40,129,557550.0,2912250.0,26.32902,87.576663
1232,confluence_1231,gauge,46,135,559350.0,2910450.0,26.312694,87.594616
1232,confluence_1231,gauge+site,46,135,559350.0,2910450.0,26.312694,87.594616
1233,confluence_1232,gauge,47,112,552450.0,2910150.0,26.310255,87.525476
1233,confluence_1232,gauge+site,47,112,552450.0,2910150.0,26.310255,87.525476
1234,confluence_1233,gauge,135,118,554250.0,2883750.0,26.071817,87.542404
1234,confluence_1233,gauge+site,135,118,554250.0,2883750.0,26.071817,87.542404
1235,confluence_1234,gauge,37,44,532050.0,2913150.0,26.337946,87.321175
1235,confluence_1234,gauge+site,37,44,532050.0,2913150.0,26.337946,87.321175
1236,confluence_1235,gauge,35,41,531150.0,2913750.0,26.343384,87.31217
1236,confluence_1235,gauge+site,35,41,531150.0,2913750.0,26.343384,87.31217
1237,confluence_1236,gauge,42,57,535950.0,2911650.0,26.32431,87.360214
1237,confluence_1236,gauge+site,42,57,535950.0,2911650.0,26.32431,87.360214
1238,confluence_1237,gauge,49,123,555750.0,2909550.0,26.304713,87.558511
1238,confluence_1237,gauge+site,49,123,555750.0,2909550.0,26.304713,87.558511
1239,confluence_1238,gauge,124,116,553650.0,2887050.0,26.101636,87.536541
1239,confluence_1238,gauge+site,124,116,553650.0,2887050.0,26.101636,87.536541
1240,confluence_1239,gauge,135,168,569250.0,2883750.0,26.071175,87.69237
1240,confluence_1239,gauge+site,135,168,569250.0,2883750.0,26.071175,87.69237
1241,confluence_1240,gauge,133,116,553650.0,2884350.0,26.077257,87.53643
1241,confluence_1240,gauge+site,133,116,553650.0,2884350.0,26.077257,87.53643
1242,confluence_1241,gauge,35,50,533850.0,2913750.0,26.343322,87.339228
1242,confluence_1241,gauge+site,35,50,533850.0,2913750.0,26.343322,87.339228
1243,confluence_1242,gauge,38,38,530250.0,2912850.0,26.335277,87.30313
1243,confluence_1242,gauge+site,38,38,530250.0,2912850.0,26.335277,87.30313
1244,confluence_1243,gauge,137,134,559050.0,2883150.0,26.066211,87.590367
1244,confluence_1243,gauge+site,137,134,559050.0,2883150.0,26.066211,87.590367
1245,confluence_1244,gauge,38,115,553350.0,2912850.0,26.3346,87.534605
1245,confluence_1244,gauge+site,38,115,553350.0,2912850.0,26.3346,87.534605
1246,confluence_1245,gauge,135,125,556350.0,2883750.0,26.071736,87.5634
1246,confluence_1245,gauge+site,135,125,556350.0,2883750.0,26.071736,87.5634
1247,confluence_1246,gauge,45,71,540150.0,2910750.0,26.316071,87.402269
1247,confluence_1246,gauge+site,45,71,540150.0,2910750.0,26.316071,87.402269
1248,confluence_1247,gauge,128,124,556050.0,2885850.0,26.09071,87.560491
1248,confluence_1247,gauge+site,128,124,556050.0,2885850.0,26.09071,87.560491
1249,confluence_1248,gauge,40,100,548850.0,2912250.0,26.329344,87.48949
1249,confluence_1248,gauge+site,40,100,548850.0,2912250.0,26.329344,87.48949
1250,confluence_1249,gauge,132,156,565650.0,2884650.0,26.07947,87.656424
1250,confluence_1249,gauge+site,132,156,565650.0,2884650.0,26.07947,87.656424
1251,confluence_1250,gauge,42,127,556950.0,2911650.0,26.323627,87.570625
1251,confluence_1250,gauge+site,42,127,556950.0,2911650.0,26.323627,87.570625
1252,confluence_1251,gauge,35,106,550650.0,2913750.0,26.342825,87.507585
1252,confluence_1251,gauge+site,35,106,550650.0,2913750.0,26.342825,87.507585
1253,confluence_1252,gauge,39,120,554850.0,2912550.0,26.331835,87.549623
1253,confluence_1252,gauge+site,39,120,554850.0,2912550.0,26.331835,87.549623
1254,confluence_1253,gauge,130,116,553650.0,2885250.0,26.085383,87.536467
1254,confluence_1253,gauge+site,130,116,553650.0,2885250.0,26.085383,87.536467
1255,confluence_1254,gauge,108,125,556350.0,2891850.0,26.144874,87.56375
1255,confluence_1254,gauge+site,108,125,556350.0,2891850.0,26.144874,87.56375
1256,confluence_1255,gauge,69,80,542850.0,2903550.0,26.250982,87.429081
1256,confluence_1255,gauge+site,69,80,542850.0,2903550.0,26.250982,87.429081
1257,confluence_1256,gauge,25,21,525150.0,2916750.0,26.37059,87.252101
1257,confluence_1256,gauge+site,25,21,525150.0,2916750.0,26.37059,87.252101
1258,confluence_1257,gauge,69,32,528450.0,2903550.0,26.251341,87.284887
1258,confluence_1257,gauge+site,69,32,528450.0,2903550.0,26.251341,87.284887
1259,confluence_1258,gauge,109,93,546750.0,2891550.0,26.142509,87.4677
1259,confluence_1258,gauge+site,109,93,546750.0,2891550.0,26.142509,87.4677
1260,confluence_1259,gauge,109,148,563250.0,2891550.0,26.141878,87.632763
1260,confluence_1259,gauge+site,109,148,563250.0,2891550.0,26.141878,87.632763
1261,confluence_1260,gauge,68,40,530850.0,2903850.0,26.254,87.308927
1261,confluence_1260,gauge+site,68,40,530850.0,2903850.0,26.254,87.308927
1262,confluence_1261,gauge,67,112,552450.0,2904150.0,26.256081,87.525232
1262,confluence_1261,gauge+site,67,112,552450.0,2904150.0,26.256081,87.525232
1263,confluence_1262,gauge,127,135,559350.0,2886150.0,26.093287,87.593502
1263,confluence_1262,gauge+site,127,135,559350.0,2886150.0,26.093287,87.593502
1264,confluence_1263,gauge,25,88,545250.0,2916750.0,26.370094,87.453577
1264,confluence_1263,gauge+site,25,88,545250.0,2916750.0,26.370094,87.453577
1265,confluence_1264,gauge,67,52,534450.0,2904150.0,26.256627,87.344984
1265,confluence_1264,gauge+site,67,52,534450.0,2904150.0,26.256627,87.344984
1266,confluence_1265,gauge,108,140,560850.0,2891850.0,26.14469,87.608768
1266,confluence_1265,gauge+site,108,140,560850.0,2891850.0,26.14469,87.608768
1267,confluence_1266,gauge,108,122,555450.0,2891850.0,26.144909,87.554747
1267,confluence_1266,gauge+site,108,122,555450.0,2891850.0,26.144909,87.554747
1268,confluence_1267,gauge,23,147,562950.0,2917350.0,26.374839,87.63102
1268,confluence_1267,gauge+site,23,147,562950.0,2917350.0,26.374839,87.63102
1269,confluence_1268,gauge,151,131,558150.0,2878950.0,26.028324,87.581182
1269,confluence_1268,gauge+site,151,131,558150.0,2878950.0,26.028324,87.581182
1270,confluence_1269,gauge,74,45,532350.0,2902050.0,26.237714,87.323903
1270,confluence_1269,gauge+site,74,45,532350.0,2902050.0,26.237714,87.323903
1271,confluence_1270,gauge,45,55,535350.0,2910750.0,26.316198,87.354178
1271,confluence_1270,gauge+site,45,55,535350.0,2910750.0,26.316198,87.354178
1272,confluence_1271,gauge,106,78,542250.0,2892450.0,26.150774,87.422711
1272,confluence_1271,gauge+site,106,78,542250.0,2892450.0,26.150774,87.422711
1273,confluence_1272,gauge,136,114,553050.0,2883450.0,26.069153,87.530395
1273,confluence_1272,gauge+site,136,114,553050.0,2883450.0,26.069153,87.530395
1274,confluence_1273,gauge,45,80,542850.0,2910750.0,26.315993,87.42932
1274,confluence_1273,gauge+site,45,80,542850.0,2910750.0,26.315993,87.42932
1275,confluence_1274,gauge,72,60,536850.0,2902650.0,26.243023,87.368975
1275,confluence_1274,gauge+site,72,60,536850.0,2902650.0,26.243023,87.368975
1276,confluence_1275,gauge,37,62,537450.0,2913150.0,26.337815,87.375288
1276,confluence_1275,gauge+site,37,62,537450.0,2913150.0,26.337815,87.375288
1277,confluence_1276,gauge,22,85,544350.0,2917650.0,26.378248,87.444587
1277,confluence_1276,gauge+site,22,85,544350.0,2917650.0,26.378248,87.444587
1278,confluence_1277,gauge,72,30,527850.0,2902650.0,26.243226,87.27886
1278,confluence_1277,gauge+site,72,30,527850.0,2902650.0,26.243226,87.27886
1279,confluence_1278,gauge,106,139,560550.0,2892450.0,26.150121,87.605795
1279,confluence_1278,gauge+site,106,139,560550.0,2892450.0,26.150121,87.605795
1280,confluence_1279,gauge,71,110,551850.0,2902950.0,26.245267,87.519176
1280,confluence_1279,gauge+site,71,110,551850.0,2902950.0,26.245267,87.519176
1281,confluence_1280,gauge,107,79,542550.0,2892150.0,26.148057,87.425702
1281,confluence_1280,gauge+site,107,79,542550.0,2892150.0,26.148057,87.425702
1282,confluence_1281,gauge,152,144,562050.0,2878650.0,26.025453,87.620145
1282,confluence_1281,gauge+site,152,144,562050.0,2878650.0,26.025453,87.620145
1283,confluence_1282,gauge,70,96,547650.0,2903250.0,26.248122,87.477134
1283,confluence_1282,gauge+site,70,96,547650.0,2903250.0,26.248122,87.477134
1284,confluence_1283,gauge,70,86,544650.0,2903250.0,26.248219,87.447094
1284,confluence_1283,gauge+site,70,86,544650.0,2903250.0,26.248219,87.447094
1285,confluence_1284,gauge,25,153,564750.0,2916750.0,26.369341,87.649032
1285,confluence_1284,gauge+site,25,153,564750.0,2916750.0,26.369341,87.649032
1286,confluence_1285,gauge,70,46,532650.0,2903250.0,26.248542,87.326937
1286,confluence_1285,gauge+site,70,46,532650.0,2903250.0,26.248542,87.326937
1287,confluence_1286,gauge,24,67,538950.0,2917050.0,26.372989,87.390437
1287,confluence_1286,gauge+site,24,67,538950.0,2917050.0,26.372989,87.390437
1288,confluence_1287,gauge,66,59,536550.0,2904450.0,26.259283,87.366022
1288,confluence_1287,gauge+site,66,59,536550.0,2904450.0,26.259283,87.366022
1289,confluence_1288,gauge,34,108,551250.0,2914050.0,26.345512,87.51361
1289,confluence_1288,gauge+site,34,108,551250.0,2914050.0,26.345512,87.51361
1290,confluence_1289,gauge,65,31,528150.0,2904750.0,26.262182,87.28191
1290,confluence_1289,gauge+site,65,31,528150.0,2904750.0,26.262182,87.28191
1291,confluence_1290,gauge,61,51,534150.0,2905950.0,26.272887,87.342028
1291,confluence_1290,gauge+site,61,51,534150.0,2905950.0,26.272887,87.342028
1292,confluence_1291,gauge,114,91,546150.0,2890050.0,26.128984,87.461644
1292,confluence_1291,gauge+site,114,91,546150.0,2890050.0,26.128984,87.461644
1293,confluence_1292,gauge,60,109,551550.0,2906250.0,26.275074,87.516304
1293,confluence_1292,gauge+site,60,109,551550.0,2906250.0,26.275074,87.516304
1294,confluence_1293,gauge,60,58,536250.0,2906250.0,26.275544,87.363068
1294,confluence_1293,gauge+site,60,58,536250.0,2906250.0,26.275544,87.363068
1295,confluence_1294,gauge,29,59,536550.0,2915550.0,26.359508,87.366337
1295,confluence_1294,gauge+site,29,59,536550.0,2915550.0,26.359508,87.366337
1296,confluence_1295,gauge,115,93,546750.0,2889750.0,26.126256,87.467635
1296,confluence_1295,gauge+site,115,93,546750.0,2889750.0,26.126256,87.467635
1297,confluence_1296,gauge,29,93,546750.0,2915550.0,26.359211,87.468568
1297,confluence_1296,gauge+site,29,93,546750.0,2915550.0,26.359211,87.468568
1298,confluence_1297,gauge,29,105,550350.0,2915550.0,26.359088,87.504649
1298,confluence_1297,gauge+site,29,105,550350.0,2915550.0,26.359088,87.504649
1299,confluence_1298,gauge,137,144,562050.0,2883150.0,26.066085,87.620358
1299,confluence_1298,gauge+site,137,144,562050.0,2883150.0,26.066085,87.620358
1300,confluence_1299,gauge,61,90,545850.0,2905950.0,26.27256,87.459206
1300,confluence_1299,gauge+site,61,90,545850.0,2905950.0,26.27256,87.459206
1301,confluence_1300,gauge,145,119,554550.0,2880750.0,26.044717,87.545278
1301,confluence_1300,gauge+site,145,119,554550.0,2880750.0,26.044717,87.545278
1302,confluence_1301,gauge,145,111,552150.0,2880750.0,26.044806,87.521289
1302,confluence_1301,gauge+site,145,111,552150.0,2880750.0,26.044806,87.521289
1303,confluence_1302,gauge,59,56,535650.0,2906550.0,26.278268,87.357067
1303,confluence_1302,gauge+site,59,56,535650.0,2906550.0,26.278268,87.357067
1304,confluence_1303,gauge,30,36,529650.0,2915250.0,26.35696,87.297173
1304,confluence_1303,gauge+site,30,36,529650.0,2915250.0,26.35696,87.297173
1305,confluence_1304,gauge,58,104,550050.0,2906850.0,26.280545,87.501304
1305,confluence_1304,gauge+site,58,104,550050.0,2906850.0,26.280545,87.501304
1306,confluence_1305,gauge,30,60,536850.0,2915250.0,26.356792,87.369335
1306,confluence_1305,gauge+site,30,60,536850.0,2915250.0,26.356792,87.369335
1307,confluence_1306,gauge,115,138,560250.0,2889750.0,26.125754,87.602669
1307,confluence_1306,gauge+site,115,138,560250.0,2889750.0,26.125754,87.602669
1308,confluence_1307,gauge,30,82,543450.0,2915250.0,26.356606,87.435483
1308,confluence_1307,gauge+site,30,82,543450.0,2915250.0,26.356606,87.435483
1309,confluence_1308,gauge,144,132,558450.0,2881050.0,26.047274,87.584274
1309,confluence_1308,gauge+site,144,132,558450.0,2881050.0,26.047274,87.584274
1310,confluence_1309,gauge,58,55,535350.0,2906850.0,26.280984,87.354071
1310,confluence_1309,gauge+site,58,55,535350.0,2906850.0,26.280984,87.354071
1311,confluence_1310,gauge,30,16,523650.0,2915250.0,26.357072,87.237037
1311,confluence_1310,gauge+site,30,16,523650.0,2915250.0,26.357072,87.237037
1312,confluence_1311,gauge,65,102,549450.0,2904750.0,26.261605,87.495214
1312,confluence_1311,gauge+site,65,102,549450.0,2904750.0,26.261605,87.495214
1313,confluence_1312,gauge,146,143,561750.0,2880450.0,26.041719,87.617232
1313,confluence_1312,gauge+site,146,143,561750.0,2880450.0,26.041719,87.617232
1314,confluence_1313,gauge,28,23,525750.0,2915850.0,26.362453,87.258097
1314,confluence_1313,gauge+site,28,23,525750.0,2915850.0,26.362453,87.258097
1315,confluence_1314,gauge,64,104,550050.0,2905050.0,26.264293,87.501235
1315,confluence_1314,gauge+site,64,104,550050.0,2905050.0,26.264293,87.501235
1316,confluence_1315,gauge,26,136,559650.0,2916450.0,26.366855,87.5979
1316,confluence_1315,gauge+site,26,136,559650.0,2916450.0,26.366855,87.5979
1317,confluence_1316,gauge,156,120,554850.0,2877450.0,26.014909,87.548138
1317,confluence_1316,gauge+site,156,120,554850.0,2877450.0,26.014909,87.548138
1318,confluence_1317,gauge,148,120,554850.0,2879850.0,26.03658,87.548239
1318,confluence_1317,gauge+site,148,120,554850.0,2879850.0,26.03658,87.548239
1319,confluence_1318,gauge,112,108,551250.0,2890650.0,26.134229,87.512682
1319,confluence_1318,gauge+site,112,108,551250.0,2890650.0,26.134229,87.512682
1320,confluence_1319,gauge,112,112,552450.0,2890650.0,26.134186,87.524686
1320,confluence_1319,gauge+site,112,112,552450.0,2890650.0,26.134186,87.524686
1321,confluence_1320,gauge,64,57,535950.0,2905050.0,26.264716,87.36003
1321,confluence_1320,gauge+site,64,57,535950.0,2905050.0,26.264716,87.36003
1322,confluence_1321,gauge,27,34,529050.0,2916150.0,26.365099,87.29118
1322,confluence_1321,gauge+site,27,34,529050.0,2916150.0,26.365099,87.29118
1323,confluence_1322,gauge,63,120,554850.0,2905350.0,26.266826,87.549316
1323,confluence_1322,gauge+site,63,120,554850.0,2905350.0,26.266826,87.549316
1324,confluence_1323,gauge,61,113,552750.0,2905950.0,26.272322,87.52831
1324,confluence_1323,gauge+site,61,113,552750.0,2905950.0,26.272322,87.52831
1325,confluence_1324,gauge,126,144,562050.0,2886450.0,26.095882,87.620516
1325,confluence_1324,gauge+site,126,144,562050.0,2886450.0,26.095882,87.620516
1326,confluence_1325,gauge,36,78,542250.0,2913450.0,26.34039,87.423397
1326,confluence_1325,gauge+site,36,78,542250.0,2913450.0,26.34039,87.423397
1327,confluence_1326,gauge,36,60,536850.0,2913450.0,26.340539,87.369284
1327,confluence_1326,gauge+site,36,60,536850.0,2913450.0,26.340539,87.369284
1328,confluence_1327,gauge,62,122,555450.0,2905650.0,26.269511,87.555338
1328,confluence_1327,gauge+site,62,122,555450.0,2905650.0,26.269511,87.555338
1329,confluence_1328,gauge,62,95,547350.0,2905650.0,26.269802,87.474218
1329,confluence_1328,gauge+site,62,95,547350.0,2905650.0,26.269802,87.474218
1330,confluence_1329,gauge,62,66,538650.0,2905650.0,26.270063,87.387088
1330,confluence_1329,gauge+site,62,66,538650.0,2905650.0,26.270063,87.387088
1331,confluence_1330,gauge,36,56,535650.0,2913450.0,26.34057,87.357258
1331,confluence_1330,gauge+site,36,56,535650.0,2913450.0,26.34057,87.357258
1332,confluence_1331,gauge,62,54,535050.0,2905650.0,26.270156,87.351033
1332,confluence_1331,gauge+site,62,54,535050.0,2905650.0,26.270156,87.351033
1333,confluence_1332,gauge,62,48,533250.0,2905650.0,26.270199,87.333006
1333,confluence_1332,gauge+site,62,48,533250.0,2905650.0,26.270199,87.333006
1334,confluence_1333,gauge,126,127,556950.0,2886450.0,26.096092,87.569516
1334,confluence_1333,gauge+site,126,127,556950.0,2886450.0,26.096092,87.569516
1335,confluence_1334,gauge,63,50,533850.0,2905350.0,26.267476,87.339007
1335,confluence_1334,gauge+site,63,50,533850.0,2905350.0,26.267476,87.339007
1336,confluence_1335,gauge,156,133,558750.0,2877450.0,26.014756,87.587111
1336,confluence_1335,gauge+site,156,133,558750.0,2877450.0,26.014756,87.587111
1337,confluence_1336,gauge,75,77,541950.0,2901750.0,26.234756,87.42001
1337,confluence_1336,gauge+site,75,77,541950.0,2901750.0,26.234756,87.42001
1338,confluence_1337,gauge,19,148,563250.0,2918550.0,26.385661,87.634086
1338,confluence_1337,gauge+site,19,148,563250.0,2918550.0,26.385661,87.634086
1339,confluence_1338,gauge,166,156,565650.0,2874450.0,25.987372,87.655912
1339,confluence_1338,gauge+site,166,156,565650.0,2874450.0,25.987372,87.655912
1340,confluence_1339,gauge,87,42,531450.0,2898150.0,26.202519,87.314797
1340,confluence_1339,gauge+site,87,42,531450.0,2898150.0,26.202519,87.314797
1341,confluence_1340,gauge,166,121,555150.0,2874450.0,25.987809,87.55101
1341,confluence_1340,gauge+site,166,121,555150.0,2874450.0,25.987809,87.55101
1342,confluence_1341,gauge,11,82,543450.0,2920950.0,26.408072,87.435676
1342,confluence_1341,gauge+site,11,82,543450.0,2920950.0,26.408072,87.435676
1343,confluence_1342,gauge,86,117,553950.0,2898450.0,26.204559,87.540015
1343,confluence_1342,gauge+site,86,117,553950.0,2898450.0,26.204559,87.540015
1344,confluence_1343,gauge,165,158,566250.0,2874750.0,25.990053,87.661921
1344,confluence_1343,gauge+site,165,158,566250.0,2874750.0,25.990053,87.661921
1345,confluence_1344,gauge,86,73,540750.0,2898450.0,26.204994,87.407892
1345,confluence_1344,gauge+site,86,73,540750.0,2898450.0,26.204994,87.407892
1346,confluence_1345,gauge,131,112,552450.0,2884950.0,26.082719,87.524456
1346,confluence_1345,gauge+site,131,112,552450.0,2884950.0,26.082719,87.524456
1347,confluence_1346,gauge,96,120,554850.0,2895450.0,26.177437,87.548896
1347,confluence_1346,gauge+site,96,120,554850.0,2895450.0,26.177437,87.548896
1348,confluence_1347,gauge,97,98,548250.0,2895150.0,26.174965,87.48284
1348,confluence_1347,gauge+site,97,98,548250.0,2895150.0,26.174965,87.48284
1349,confluence_1348,gauge,86,34,529050.0,2898450.0,26.205278,87.290781
1349,confluence_1348,gauge+site,86,34,529050.0,2898450.0,26.205278,87.290781
1350,confluence_1349,gauge,85,80,542850.0,2898750.0,26.207642,87.428922
1350,confluence_1349,gauge+site,85,80,542850.0,2898750.0,26.207642,87.428922
1351,confluence_1350,gauge,13,8,521250.0,2920350.0,26.403159,87.213067
1351,confluence_1350,gauge+site,13,8,521250.0,2920350.0,26.403159,87.213067
1352,confluence_1351,gauge,13,15,523350.0,2920350.0,26.403126,87.234123
1352,confluence_1351,gauge+site,13,15,523350.0,2920350.0,26.403126,87.234123
1353,confluence_1352,gauge,163,155,565350.0,2875350.0,25.995512,87.652959
1353,confluence_1352,gauge+site,163,155,565350.0,2875350.0,25.995512,87.652959
1354,confluence_1353,gauge,84,102,549450.0,2899050.0,26.210138,87.494996
1354,confluence_1353,gauge+site,84,102,549450.0,2899050.0,26.210138,87.494996
1355,confluence_1354,gauge,98,115,553350.0,2894850.0,26.172076,87.533861
1355,confluence_1354,gauge+site,98,115,553350.0,2894850.0,26.172076,87.533861
1356,confluence_1355,gauge,83,93,546750.0,2899350.0,26.212937,87.467981
1356,confluence_1355,gauge+site,83,93,546750.0,2899350.0,26.212937,87.467981
1357,confluence_1356,gauge,42,87,544950.0,2911650.0,26.324055,87.450391
1357,confluence_1356,gauge+site,42,87,544950.0,2911650.0,26.324055,87.450391
1358,confluence_1357,gauge,96,79,542550.0,2895450.0,26.177854,87.425811
1358,confluence_1357,gauge+site,96,79,542550.0,2895450.0,26.177854,87.425811
1359,confluence_1358,gauge,96,74,541050.0,2895450.0,26.177897,87.4108
1359,confluence_1358,gauge+site,96,74,541050.0,2895450.0,26.177897,87.4108
1360,confluence_1359,gauge,88,50,533850.0,2897850.0,26.199756,87.338811
1360,confluence_1359,gauge+site,88,50,533850.0,2897850.0,26.199756,87.338811
1361,confluence_1360,gauge,174,163,567750.0,2872050.0,25.965605,87.676767
1361,confluence_1360,gauge+site,174,163,567750.0,2872050.0,25.965605,87.676767
1362,confluence_1361,gauge,3,84,544050.0,2923350.0,26.429723,87.441775
1362,confluence_1361,gauge+site,3,84,544050.0,2923350.0,26.429723,87.441775
1363,confluence_1362,gauge,172,161,567150.0,2872650.0,25.97105,87.670805
1363,confluence_1362,gauge+site,172,161,567150.0,2872650.0,25.97105,87.670805
1364,confluence_1363,gauge,92,77,541950.0,2896650.0,26.188707,87.419845
1364,confluence_1363,gauge+site,92,77,541950.0,2896650.0,26.188707,87.419845
1365,confluence_1364,gauge,40,87,544950.0,2912250.0,26.329472,87.450412
1365,confluence_1364,gauge+site,40,87,544950.0,2912250.0,26.329472,87.450412
1366,confluence_1365,gauge,4,106,550650.0,2923050.0,26.426795,87.507952
1366,confluence_1365,gauge+site,4,106,550650.0,2923050.0,26.426795,87.507952
1367,confluence_1366,gauge,91,127,556950.0,2896950.0,26.190899,87.569977
1367,confluence_1366,gauge+site,91,127,556950.0,2896950.0,26.190899,87.569977
1368,confluence_1367,gauge,91,98,548250.0,2896950.0,26.191218,87.482907
1368,confluence_1367,gauge+site,91,98,548250.0,2896950.0,26.191218,87.482907
1369,confluence_1368,gauge,95,60,536850.0,2895750.0,26.18072,87.368779
1369,confluence_1368,gauge+site,95,60,536850.0,2895750.0,26.18072,87.368779
1370,confluence_1369,gauge,91,58,536250.0,2896950.0,26.191571,87.362808
1370,confluence_1369,gauge+site,91,58,536250.0,2896950.0,26.191571,87.362808
1371,confluence_1370,gauge,95,95,547350.0,2895750.0,26.180412,87.473855
1371,confluence_1370,gauge+site,95,95,547350.0,2895750.0,26.180412,87.473855
1372,confluence_1371,gauge,90,90,545850.0,2897250.0,26.194005,87.458898
1372,confluence_1371,gauge+site,90,90,545850.0,2897250.0,26.194005,87.458898
1373,confluence_1372,gauge,90,64,538050.0,2897250.0,26.194233,87.380831
1373,confluence_1372,gauge+site,90,64,538050.0,2897250.0,26.194233,87.380831
1374,confluence_1373,gauge,89,88,545250.0,2897550.0,26.196733,87.452903
1374,confluence_1373,gauge+site,89,88,545250.0,2897550.0,26.196733,87.452903
1375,confluence_1374,gauge,8,85,544350.0,2921850.0,26.416171,87.444732
1375,confluence_1374,gauge+site,8,85,544350.0,2921850.0,26.416171,87.444732
1376,confluence_1375,gauge,8,99,548550.0,2921850.0,26.416033,87.486847
1376,confluence_1375,gauge+site,8,99,548550.0,2921850.0,26.416033,87.486847
1377,confluence_1376,gauge,42,31,528150.0,2911650.0,26.324485,87.28206
1377,confluence_1376,gauge+site,42,31,528150.0,2911650.0,26.324485,87.28206
1378,confluence_1377,gauge,9,92,546450.0,2921550.0,26.413395,87.465779
1378,confluence_1377,gauge+site,9,92,546450.0,2921550.0,26.413395,87.465779
1379,confluence_1378,gauge,131,142,561450.0,2884950.0,26.082364,87.614445
1379,confluence_1378,gauge+site,131,142,561450.0,2884950.0,26.082364,87.614445
1380,confluence_1379,gauge,163,118,554250.0,2875350.0,25.99597,87.542055
1380,confluence_1379,gauge+site,163,118,554250.0,2875350.0,25.99597,87.542055
1381,confluence_1380,gauge,83,75,541350.0,2899350.0,26.213103,87.413927
1381,confluence_1380,gauge+site,83,75,541350.0,2899350.0,26.213103,87.413927
1382,confluence_1381,gauge,14,23,525750.0,2920050.0,26.400376,87.258181
1382,confluence_1381,gauge+site,14,23,525750.0,2920050.0,26.400376,87.258181
1383,confluence_1382,gauge,83,68,539250.0,2899350.0,26.213162,87.392905
1383,confluence_1382,gauge+site,83,68,539250.0,2899350.0,26.213162,87.392905
1384,confluence_1383,gauge,78,111,552150.0,2900850.0,26.226295,87.522095
1384,confluence_1383,gauge+site,78,111,552150.0,2900850.0,26.226295,87.522095
1385,confluence_1384,gauge,17,66,538650.0,2919150.0,26.391958,87.387493
1385,confluence_1384,gauge+site,17,66,538650.0,2919150.0,26.391958,87.387493
1386,confluence_1385,gauge,17,74,541050.0,2919150.0,26.391891,87.411554
1386,confluence_1385,gauge+site,17,74,541050.0,2919150.0,26.391891,87.411554
1387,confluence_1386,gauge,77,130,557850.0,2901150.0,26.228785,87.579171
1387,confluence_1386,gauge+site,77,130,557850.0,2901150.0,26.228785,87.579171
1388,confluence_1387,gauge,17,104,550050.0,2919150.0,26.391603,87.501783
1388,confluence_1387,gauge+site,17,104,550050.0,2919150.0,26.391603,87.501783
1389,confluence_1388,gauge,129,138,560250.0,2885550.0,26.087832,87.602474
1389,confluence_1388,gauge+site,129,138,560250.0,2885550.0,26.087832,87.602474
1390,confluence_1389,gauge,158,151,564150.0,2876850.0,26.009109,87.641043
1390,confluence_1389,gauge+site,158,151,564150.0,2876850.0,26.009109,87.641043
1391,confluence_1390,gauge,44,86,544650.0,2911050.0,26.318647,87.447365
1391,confluence_1390,gauge+site,44,86,544650.0,2911050.0,26.318647,87.447365
1392,confluence_1391,gauge,103,68,539250.0,2893350.0,26.158986,87.392724
1392,confluence_1391,gauge+site,103,68,539250.0,2893350.0,26.158986,87.392724
1393,confluence_1392,gauge,37,131,558150.0,2913150.0,26.337122,87.582716
1393,confluence_1392,gauge+site,37,131,558150.0,2913150.0,26.337122,87.582716
1394,confluence_1393,gauge,75,129,557550.0,2901750.0,26.234215,87.576195
1394,confluence_1393,gauge+site,75,129,557550.0,2901750.0,26.234215,87.576195
1395,confluence_1394,gauge,19,19,524550.0,2918550.0,26.386853,87.246121
1395,confluence_1394,gauge+site,19,19,524550.0,2918550.0,26.386853,87.246121
1396,confluence_1395,gauge,75,99,548550.0,2901750.0,26.234548,87.486089
1396,confluence_1395,gauge+site,75,99,548550.0,2901750.0,26.234548,87.486089
1397,confluence_1396,gauge,30,116,553650.0,2915250.0,26.356259,87.537711
1397,confluence_1396,gauge+site,30,116,553650.0,2915250.0,26.356259,87.537711
1398,confluence_1397,gauge,19,101,549150.0,2918550.0,26.386217,87.492737
1398,confluence_1397,gauge+site,19,101,549150.0,2918550.0,26.386217,87.492737
1399,confluence_1398,gauge,75,51,534150.0,2901750.0,26.234963,87.341917
1399,confluence_1398,gauge+site,75,51,534150.0,2901750.0,26.234963,87.341917
1400,confluence_1399,gauge,128,144,562050.0,2885850.0,26.090464,87.620487
1400,confluence_1399,gauge+site,128,144,562050.0,2885850.0,26.090464,87.620487
1401,confluence_1400,gauge,156,157,565950.0,2877450.0,26.014446,87.65906
1401,confluence_1400,gauge+site,156,157,565950.0,2877450.0,26.014446,87.65906
1402,confluence_1401,gauge,156,148,563250.0,2877450.0,26.014566,87.632079
1402,confluence_1401,gauge+site,156,148,563250.0,2877450.0,26.014566,87.632079
1403,confluence_1402,gauge,79,66,538650.0,2900550.0,26.224014,87.386935
1403,confluence_1402,gauge+site,79,66,538650.0,2900550.0,26.224014,87.386935
1404,confluence_1403,gauge,20,12,522450.0,2918250.0,26.384179,87.225063
1404,confluence_1403,gauge+site,20,12,522450.0,2918250.0,26.384179,87.225063
1405,confluence_1404,gauge,101,109,551550.0,2893950.0,26.164015,87.515814
1405,confluence_1404,gauge+site,101,109,551550.0,2893950.0,26.164015,87.515814
1406,confluence_1405,gauge,79,127,556950.0,2900550.0,26.223404,87.570135
1406,confluence_1405,gauge+site,79,127,556950.0,2900550.0,26.223404,87.570135
1407,confluence_1406,gauge,162,159,566550.0,2875650.0,25.998166,87.664964
1407,confluence_1406,gauge+site,162,159,566550.0,2875650.0,25.998166,87.664964
1408,confluence_1407,gauge,99,101,549150.0,2894550.0,26.169517,87.491823
1408,confluence_1407,gauge+site,99,101,549150.0,2894550.0,26.169517,87.491823
1409,confluence_1408,gauge,39,49,533550.0,2912550.0,26.332494,87.33619
1409,confluence_1408,gauge+site,39,49,533550.0,2912550.0,26.332494,87.33619
1410,confluence_1409,gauge,162,137,559950.0,2875650.0,25.998454,87.59902
1410,confluence_1409,gauge+site,162,137,559950.0,2875650.0,25.998454,87.59902
1411,confluence_1410,gauge,162,131,558150.0,2875650.0,25.998527,87.581035
1411,confluence_1410,gauge+site,162,131,558150.0,2875650.0,25.998527,87.581035
1412,confluence_1411,gauge,82,83,543750.0,2899650.0,26.215741,87.437961
1412,confluence_1411,gauge+site,82,83,543750.0,2899650.0,26.215741,87.437961
1413,confluence_1412,gauge,82,81,543150.0,2899650.0,26.215759,87.431955
1413,confluence_1412,gauge+site,82,81,543150.0,2899650.0,26.215759,87.431955
1414,confluence_1413,gauge,134,145,562350.0,2884050.0,26.074199,87.623401
1414,confluence_1413,gauge+site,134,145,562350.0,2884050.0,26.074199,87.623401
1415,confluence_1414,gauge,135,113,552750.0,2883750.0,26.071872,87.527407
1415,confluence_1414,gauge+site,135,113,552750.0,2883750.0,26.071872,87.527407
1416,confluence_1415,gauge,81,60,536850.0,2899950.0,26.218643,87.368898
1416,confluence_1415,gauge+site,81,60,536850.0,2899950.0,26.218643,87.368898
1417,confluence_1416,gauge,81,56,535650.0,2899950.0,26.218674,87.356885
1417,confluence_1416,gauge+site,81,56,535650.0,2899950.0,26.218674,87.356885
1418,confluence_1417,gauge,100,126,556650.0,2894250.0,26.166532,87.566856
1418,confluence_1417,gauge+site,100,126,556650.0,2894250.0,26.166532,87.566856
1419,confluence_1418,gauge,80,132,558450.0,2900250.0,26.220635,87.585138
1419,confluence_1418,gauge+site,80,132,558450.0,2900250.0,26.220635,87.585138
1420,confluence_1419,gauge,15,107,550950.0,2919750.0,26.396989,87.51083
1420,confluence_1419,gauge+site,15,107,550950.0,2919750.0,26.396989,87.51083
1421,confluence_1420,gauge,135,117,553950.0,2883750.0,26.071828,87.539405
1421,confluence_1420,gauge+site,135,117,553950.0,2883750.0,26.071828,87.539405
1422,confluence_1421,gauge,80,87,544950.0,2900250.0,26.221121,87.449994
1422,confluence_1421,gauge+site,80,87,544950.0,2900250.0,26.221121,87.449994
1423,confluence_1422,gauge,15,128,557250.0,2919750.0,26.396749,87.573992
1423,confluence_1422,gauge+site,15,128,557250.0,2919750.0,26.396749,87.573992
1424,confluence_1423,gauge,80,43,531750.0,2900250.0,26.221474,87.317851
1424,confluence_1423,gauge+site,80,43,531750.0,2900250.0,26.221474,87.317851
1425,confluence_1424,gauge,80,36,529650.0,2900250.0,26.221519,87.296828
1425,confluence_1424,gauge+site,80,36,529650.0,2900250.0,26.221519,87.296828
1426,confluence_1425,gauge,16,80,542850.0,2919450.0,26.394547,87.42961
1426,confluence_1425,gauge+site,16,80,542850.0,2919450.0,26.394547,87.42961
1427,confluence_1426,gauge,57,107,550950.0,2907150.0,26.283222,87.51033
1427,confluence_1426,gauge+site,57,107,550950.0,2907150.0,26.283222,87.51033
1428,confluence_1427,gauge,22,112,552450.0,2917650.0,26.377973,87.525782
1428,confluence_1427,gauge+site,22,112,552450.0,2917650.0,26.377973,87.525782
1429,confluence_1428,gauge,117,145,562350.0,2889150.0,26.120248,87.623645
1429,confluence_1428,gauge+site,117,145,562350.0,2889150.0,26.120248,87.623645
1430,confluence_1429,gauge,117,114,553050.0,2889150.0,26.12062,87.530627
1430,confluence_1429,gauge+site,117,114,553050.0,2889150.0,26.12062,87.530627
1431,confluence_1430,gauge,122,112,552450.0,2887650.0,26.107098,87.524565
1431,confluence_1430,gauge+site,122,112,552450.0,2887650.0,26.107098,87.524565
1432,confluence_1431,gauge,57,49,533550.0,2907150.0,26.283736,87.33605
1432,confluence_1431,gauge+site,57,49,533550.0,2907150.0,26.283736,87.33605
1433,confluence_1432,gauge,121,139,560550.0,2887950.0,26.109489,87.605586
1433,confluence_1432,gauge+site,121,139,560550.0,2887950.0,26.109489,87.605586
1434,confluence_1433,gauge,48,99,548550.0,2909850.0,26.307684,87.486394
1434,confluence_1433,gauge+site,48,99,548550.0,2909850.0,26.307684,87.486394
1435,confluence_1434,gauge,123,143,561750.0,2887350.0,26.104021,87.617558
1435,confluence_1434,gauge+site,123,143,561750.0,2887350.0,26.104021,87.617558
1436,confluence_1435,gauge,35,76,541650.0,2913750.0,26.343116,87.417395
1436,confluence_1435,gauge+site,35,76,541650.0,2913750.0,26.343116,87.417395
1437,confluence_1436,gauge,142,140,560850.0,2881650.0,26.052592,87.608292
1437,confluence_1436,gauge+site,142,140,560850.0,2881650.0,26.052592,87.608292
1438,confluence_1437,gauge,56,46,532650.0,2907450.0,26.286466,87.327043
1438,confluence_1437,gauge+site,56,46,532650.0,2907450.0,26.286466,87.327043
1439,confluence_1438,gauge,57,41,531150.0,2907150.0,26.28379,87.312011
1439,confluence_1438,gauge+site,57,41,531150.0,2907150.0,26.28379,87.312011
1440,confluence_1439,gauge,141,135,559350.0,2881950.0,26.055364,87.593311
1440,confluence_1439,gauge+site,141,135,559350.0,2881950.0,26.055364,87.593311
1441,confluence_1440,gauge,143,152,564450.0,2881350.0,26.049728,87.644263
1441,confluence_1440,gauge+site,143,152,564450.0,2881350.0,26.049728,87.644263
1442,confluence_1441,gauge,54,126,556650.0,2908050.0,26.291134,87.567461
1442,confluence_1441,gauge+site,54,126,556650.0,2908050.0,26.291134,87.567461
1443,confluence_1442,gauge,34,125,556350.0,2914050.0,26.34532,87.564718
1443,confluence_1442,gauge+site,34,125,556350.0,2914050.0,26.34532,87.564718
1444,confluence_1443,gauge,51,26,526650.0,2908950.0,26.300134,87.266975
1444,confluence_1443,gauge+site,51,26,526650.0,2908950.0,26.300134,87.266975
1445,confluence_1444,gauge,54,88,545250.0,2908050.0,26.29154,87.453271
1445,confluence_1444,gauge+site,54,88,545250.0,2908050.0,26.29154,87.453271
1446,confluence_1445,gauge,31,54,535050.0,2914950.0,26.354129,87.351287
1446,confluence_1445,gauge+site,31,54,535050.0,2914950.0,26.354129,87.351287
1447,confluence_1446,gauge,121,118,554250.0,2887950.0,26.10974,87.542579
1447,confluence_1446,gauge+site,121,118,554250.0,2887950.0,26.10974,87.542579
1448,confluence_1447,gauge,32,106,550650.0,2914650.0,26.350951,87.507621
1448,confluence_1447,gauge+site,32,106,550650.0,2914650.0,26.350951,87.507621
1449,confluence_1448,gauge,49,67,538950.0,2909550.0,26.30527,87.39021
1449,confluence_1448,gauge+site,49,67,538950.0,2909550.0,26.30527,87.39021
1450,confluence_1449,gauge,50,132,558450.0,2909250.0,26.301896,87.585545
1450,confluence_1449,gauge+site,50,132,558450.0,2909250.0,26.301896,87.585545
1451,confluence_1450,gauge,31,47,532950.0,2914950.0,26.354179,87.33024
1451,confluence_1450,gauge+site,31,47,532950.0,2914950.0,26.354179,87.33024
1452,confluence_1451,gauge,54,56,535650.0,2908050.0,26.291812,87.357109
1452,confluence_1451,gauge+site,54,56,535650.0,2908050.0,26.291812,87.357109
1453,confluence_1452,gauge,34,114,553050.0,2914050.0,26.345447,87.531648
1453,confluence_1452,gauge+site,34,114,553050.0,2914050.0,26.345447,87.531648
1454,confluence_1453,gauge,124,147,562950.0,2887050.0,26.10126,87.629544
1454,confluence_1453,gauge+site,124,147,562950.0,2887050.0,26.10126,87.629544
1455,confluence_1454,gauge,140,143,561750.0,2882250.0,26.057972,87.617317
1455,confluence_1454,gauge+site,140,143,561750.0,2882250.0,26.057972,87.617317
1456,confluence_1455,gauge,31,86,544650.0,2914950.0,26.35386,87.4475
1456,confluence_1455,gauge+site,31,86,544650.0,2914950.0,26.35386,87.4475
1457,confluence_1456,gauge,141,161,567150.0,2881950.0,26.055022,87.671282
1457,confluence_1456,gauge+site,141,161,567150.0,2881950.0,26.055022,87.671282
1458,confluence_1457,gauge,33,24,526050.0,2914350.0,26.348904,87.261073
1458,confluence_1457,gauge+site,33,24,526050.0,2914350.0,26.348904,87.261073
1459,confluence_1458,gauge,57,71,540150.0,2907150.0,26.283566,87.402157
1459,confluence_1458,gauge+site,57,71,540150.0,2907150.0,26.283566,87.402157
1460,confluence_1459,gauge,138,142,561450.0,2882850.0,26.063402,87.614346
1460,confluence_1459,gauge+site,138,142,561450.0,2882850.0,26.063402,87.614346
1461,confluence_1460,gauge,125,103,549750.0,2886750.0,26.099067,87.497528
1461,confluence_1460,gauge+site,125,103,549750.0,2886750.0,26.099067,87.497528
1462,confluence_1461,gauge,33,49,533550.0,2914350.0,26.348747,87.336237
1462,confluence_1461,gauge+site,33,49,533550.0,2914350.0,26.348747,87.336237
1463,confluence_1462,gauge,50,45,532350.0,2909250.0,26.302725,87.324083
1463,confluence_1462,gauge+site,50,45,532350.0,2909250.0,26.302725,87.324083
1464,confluence_1463,gauge,33,131,558150.0,2914350.0,26.347956,87.58277
1464,confluence_1463,gauge+site,33,131,558150.0,2914350.0,26.347956,87.58277
1465,confluence_1464,gauge,143,122,555450.0,2881350.0,26.050101,87.5543
1465,confluence_1464,gauge+site,143,122,555450.0,2881350.0,26.050101,87.5543
1466,confluence_1465,gauge,119,98,548250.0,2888550.0,26.115371,87.482594
1466,confluence_1465,gauge+site,119,98,548250.0,2888550.0,26.115371,87.482594
1467,confluence_1466,gauge,83,114,553050.0,2899350.0,26.212718,87.531044
1467,confluence_1466,gauge+site,83,114,553050.0,2899350.0,26.212718,87.531044
1468,confluence_1467,gauge,71,108,551250.0,2902950.0,26.245289,87.513168
1468,confluence_1467,gauge+site,71,108,551250.0,2902950.0,26.245289,87.513168
1469,confluence_1468,gauge,85,35,529350.0,2898750.0,26.207981,87.293791
1469,confluence_1468,gauge+site,85,35,529350.0,2898750.0,26.207981,87.293791
1470,confluence_1469,gauge,150,164,568050.0,2879250.0,26.030601,87.680138
1470,confluence_1469,gauge+site,150,164,568050.0,2879250.0,26.030601,87.680138
1471,confluence_1470,gauge,22,131,558150.0,2917650.0,26.377752,87.58292
1471,confluence_1470,gauge+site,22,131,558150.0,2917650.0,26.377752,87.58292
1472,confluence_1471,gauge,85,46,532650.0,2898750.0,26.20791,87.326823
1472,confluence_1471,gauge+site,85,46,532650.0,2898750.0,26.20791,87.326823
1473,confluence_1472,gauge,139,122,555450.0,2882550.0,26.060936,87.554351
1473,confluence_1472,gauge+site,139,122,555450.0,2882550.0,26.060936,87.554351
1474,confluence_1473,gauge,119,115,553350.0,2888550.0,26.115191,87.533603
1474,confluence_1473,gauge+site,119,115,553350.0,2888550.0,26.115191,87.533603
1475,confluence_1474,gauge,22,119,554550.0,2917650.0,26.377894,87.546833
1475,confluence_1474,gauge+site,22,119,554550.0,2917650.0,26.377894,87.546833
1476,confluence_1475,gauge,163,164,568050.0,2875350.0,25.995387,87.679935
1476,confluence_1475,gauge+site,163,164,568050.0,2875350.0,25.995387,87.679935
1477,confluence_1476,gauge,45,114,553050.0,2910750.0,26.315651,87.531512
1477,confluence_1476,gauge+site,45,114,553050.0,2910750.0,26.315651,87.531512
1478,confluence_1477,gauge,71,91,546150.0,2902950.0,26.245462,87.462103
1478,confluence_1477,gauge+site,71,91,546150.0,2902950.0,26.245462,87.462103
1479,confluence_1478,gauge,13,100,548850.0,2920350.0,26.40248,87.489798
1479,confluence_1478,gauge+site,13,100,548850.0,2920350.0,26.40248,87.489798
1480,confluence_1479,gauge,130,162,567450.0,2885250.0,26.084804,87.674452
1480,confluence_1479,gauge+site,130,162,567450.0,2885250.0,26.084804,87.674452
1481,confluence_1480,gauge,152,137,559950.0,2878650.0,26.025542,87.599158
1481,confluence_1480,gauge+site,152,137,559950.0,2878650.0,26.025542,87.599158
1482,confluence_1481,gauge,152,131,558150.0,2878650.0,26.025615,87.581169
1482,confluence_1481,gauge+site,152,131,558150.0,2878650.0,26.025615,87.581169
1483,confluence_1482,gauge,152,127,556950.0,2878650.0,26.025663,87.569176
1483,confluence_1482,gauge+site,152,127,556950.0,2878650.0,26.025663,87.569176
1484,confluence_1483,gauge,84,107,550950.0,2899050.0,26.210086,87.510011
1484,confluence_1483,gauge+site,84,107,550950.0,2899050.0,26.210086,87.510011
1485,confluence_1484,gauge,22,143,561750.0,2917650.0,26.3776,87.619006
1485,confluence_1484,gauge+site,22,143,561750.0,2917650.0,26.3776,87.619006
1486,confluence_1485,gauge,23,129,557550.0,2917350.0,26.375068,87.576892
1486,confluence_1485,gauge+site,23,129,557550.0,2917350.0,26.375068,87.576892
1487,confluence_1486,gauge,131,103,549750.0,2884950.0,26.082814,87.497459
1487,confluence_1486,gauge+site,131,103,549750.0,2884950.0,26.082814,87.497459
1488,confluence_1487,gauge,84,47,532950.0,2899050.0,26.210612,87.329834
1488,confluence_1487,gauge+site,84,47,532950.0,2899050.0,26.210612,87.329834
1489,confluence_1488,gauge,134,123,555750.0,2884050.0,26.074469,87.557414
1489,confluence_1488,gauge+site,134,123,555750.0,2884050.0,26.074469,87.557414
1490,confluence_1489,gauge,70,60,536850.0,2903250.0,26.24844,87.368992
1490,confluence_1489,gauge+site,70,60,536850.0,2903250.0,26.24844,87.368992
1491,confluence_1490,gauge,37,47,532950.0,2913150.0,26.337926,87.330194
1491,confluence_1490,gauge+site,37,47,532950.0,2913150.0,26.337926,87.330194
1492,confluence_1491,gauge,134,117,553950.0,2884050.0,26.074537,87.539417
1492,confluence_1491,gauge+site,134,117,553950.0,2884050.0,26.074537,87.539417
1493,confluence_1492,gauge,83,116,553650.0,2899350.0,26.212696,87.53705
1493,confluence_1492,gauge+site,83,116,553650.0,2899350.0,26.212696,87.53705
1494,confluence_1493,gauge,108,91,546150.0,2891850.0,26.145237,87.461708
1494,confluence_1493,gauge+site,108,91,546150.0,2891850.0,26.145237,87.461708
1495,confluence_1494,gauge,118,156,565650.0,2888850.0,26.117392,87.656636
1495,confluence_1494,gauge+site,118,156,565650.0,2888850.0,26.117392,87.656636
1496,confluence_1495,gauge,12,74,541050.0,2920650.0,26.405435,87.411602
1496,confluence_1495,gauge+site,12,74,541050.0,2920650.0,26.405435,87.411602
1497,confluence_1496,gauge,69,104,550050.0,2903550.0,26.250749,87.501176
1497,confluence_1496,gauge+site,69,104,550050.0,2903550.0,26.250749,87.501176
1498,confluence_1497,gauge,67,122,555450.0,2904150.0,26.255968,87.555273
1498,confluence_1497,gauge+site,67,122,555450.0,2904150.0,26.255968,87.555273
1499,confluence_1498,gauge,118,133,558750.0,2888850.0,26.11769,87.587624
1499,confluence_1498,gauge+site,118,133,558750.0,2888850.0,26.11769,87.587624
1500,confluence_1499,gauge,131,113,552750.0,2884950.0,26.082708,87.527456
1500,confluence_1499,gauge+site,131,113,552750.0,2884950.0,26.082708,87.527456
1501,confluence_1500,gauge,110,118,554250.0,2891250.0,26.139537,87.542717
1501,confluence_1500,gauge+site,110,118,554250.0,2891250.0,26.139537,87.542717
1502,confluence_1501,gauge,86,100,548850.0,2898450.0,26.204741,87.488968
1502,confluence_1501,gauge+site,86,100,548850.0,2898450.0,26.204741,87.488968
1503,confluence_1502,gauge,86,110,551850.0,2898450.0,26.204636,87.518996
1503,confluence_1502,gauge+site,86,110,551850.0,2898450.0,26.204636,87.518996
1504,confluence_1503,gauge,11,84,544050.0,2920950.0,26.408054,87.441693
1504,confluence_1503,gauge+site,11,84,544050.0,2920950.0,26.408054,87.441693
1505,confluence_1504,gauge,46,75,541350.0,2910450.0,26.313328,87.414282
1505,confluence_1504,gauge+site,46,75,541350.0,2910450.0,26.313328,87.414282
1506,confluence_1505,gauge,118,130,557850.0,2888850.0,26.117726,87.578623
1506,confluence_1505,gauge+site,118,130,557850.0,2888850.0,26.117726,87.578623
1507,confluence_1506,gauge,67,32,528450.0,2904150.0,26.256758,87.284901
1507,confluence_1506,gauge+site,67,32,528450.0,2904150.0,26.256758,87.284901
1508,confluence_1507,gauge,122,154,565050.0,2887650.0,26.106584,87.650575
1508,confluence_1507,gauge+site,122,154,565050.0,2887650.0,26.106584,87.650575
1509,confluence_1508,gauge,111,79,542550.0,2890950.0,26.137221,87.425663
1509,confluence_1508,gauge+site,111,79,542550.0,2890950.0,26.137221,87.425663
1510,confluence_1509,gauge,46,81,543150.0,2910450.0,26.313275,87.432316
1510,confluence_1509,gauge+site,46,81,543150.0,2910450.0,26.313275,87.432316
1511,confluence_1510,gauge,66,97,547950.0,2904450.0,26.258947,87.480182
1511,confluence_1510,gauge+site,66,97,547950.0,2904450.0,26.258947,87.480182
1512,confluence_1511,gauge,149,136,559650.0,2879550.0,26.033681,87.596201
1512,confluence_1511,gauge+site,149,136,559650.0,2879550.0,26.033681,87.596201
1513,confluence_1512,gauge,66,85,544350.0,2904450.0,26.259063,87.444132
1513,confluence_1512,gauge+site,66,85,544350.0,2904450.0,26.259063,87.444132
1514,confluence_1513,gauge,149,124,556050.0,2879550.0,26.033825,87.56022
1514,confluence_1513,gauge+site,149,124,556050.0,2879550.0,26.033825,87.56022
1515,confluence_1514,gauge,66,63,537750.0,2904450.0,26.259252,87.378039
1515,confluence_1514,gauge+site,66,63,537750.0,2904450.0,26.259252,87.378039
1516,confluence_1515,gauge,26,31,528150.0,2916450.0,26.367825,87.282165
1516,confluence_1515,gauge+site,26,31,528150.0,2916450.0,26.367825,87.282165
1517,confluence_1516,gauge,25,59,536550.0,2916750.0,26.370344,87.366371
1517,confluence_1516,gauge+site,25,59,536550.0,2916750.0,26.370344,87.366371
1518,confluence_1517,gauge,34,140,560850.0,2914050.0,26.345135,87.609814
1518,confluence_1517,gauge+site,34,140,560850.0,2914050.0,26.345135,87.609814
1519,confluence_1518,gauge,68,33,528750.0,2903850.0,26.254044,87.287898
1519,confluence_1518,gauge+site,68,33,528750.0,2903850.0,26.254044,87.287898
1520,confluence_1519,gauge,68,48,533250.0,2903850.0,26.253946,87.33296
1520,confluence_1519,gauge+site,68,48,533250.0,2903850.0,26.253946,87.33296
1521,confluence_1520,gauge,55,26,526650.0,2907750.0,26.289299,87.26695
1521,confluence_1520,gauge+site,55,26,526650.0,2907750.0,26.289299,87.26695
1522,confluence_1521,gauge,24,69,539550.0,2917050.0,26.372972,87.396451
1522,confluence_1521,gauge+site,24,69,539550.0,2917050.0,26.372972,87.396451
1523,confluence_1522,gauge,85,71,540150.0,2898750.0,26.20772,87.401896
1523,confluence_1522,gauge+site,85,71,540150.0,2898750.0,26.20772,87.401896
1524,confluence_1523,gauge,150,151,564150.0,2879250.0,26.030779,87.641161
1524,confluence_1523,gauge+site,150,151,564150.0,2879250.0,26.030779,87.641161
1525,confluence_1524,gauge,69,71,540150.0,2903550.0,26.251061,87.402045
1525,confluence_1524,gauge+site,69,71,540150.0,2903550.0,26.251061,87.402045
1526,confluence_1525,gauge,85,75,541350.0,2898750.0,26.207686,87.413907
1526,confluence_1525,gauge+site,85,75,541350.0,2898750.0,26.207686,87.413907
1527,confluence_1526,gauge,85,79,542550.0,2898750.0,26.207651,87.425919
1527,confluence_1526,gauge+site,85,79,542550.0,2898750.0,26.207651,87.425919
1528,confluence_1527,gauge,34,23,525750.0,2914050.0,26.3462,87.258061
1528,confluence_1527,gauge+site,34,23,525750.0,2914050.0,26.3462,87.258061
1529,confluence_1528,gauge,150,136,559650.0,2879250.0,26.030972,87.596187
1529,confluence_1528,gauge+site,150,136,559650.0,2879250.0,26.030972,87.596187
1530,confluence_1529,gauge,24,119,554550.0,2917050.0,26.372477,87.546808
1530,confluence_1529,gauge+site,24,119,554550.0,2917050.0,26.372477,87.546808
1531,confluence_1530,gauge,85,93,546750.0,2898750.0,26.20752,87.467959
1531,confluence_1530,gauge+site,85,93,546750.0,2898750.0,26.20752,87.467959
1532,confluence_1531,gauge,69,41,531150.0,2903550.0,26.251285,87.311924
1532,confluence_1531,gauge+site,69,41,531150.0,2903550.0,26.251285,87.311924
1533,confluence_1532,gauge,108,146,562650.0,2891850.0,26.144613,87.626775
1533,confluence_1532,gauge+site,108,146,562650.0,2891850.0,26.144613,87.626775
1534,confluence_1533,gauge,85,101,549150.0,2898750.0,26.20744,87.491982
1534,confluence_1533,gauge+site,85,101,549150.0,2898750.0,26.20744,87.491982
1535,confluence_1534,gauge,143,110,551850.0,2881350.0,26.050234,87.518314
1535,confluence_1534,gauge+site,143,110,551850.0,2881350.0,26.050234,87.518314
1536,confluence_1535,gauge,37,43,531750.0,2913150.0,26.337953,87.318168
1536,confluence_1535,gauge+site,37,43,531750.0,2913150.0,26.337953,87.318168
1537,confluence_1536,gauge,68,104,550050.0,2903850.0,26.253458,87.501188
1537,confluence_1536,gauge+site,68,104,550050.0,2903850.0,26.253458,87.501188
1538,confluence_1537,gauge,51,96,547650.0,2908950.0,26.299588,87.477344
1538,confluence_1537,gauge+site,51,96,547650.0,2908950.0,26.299588,87.477344
1539,confluence_1538,gauge,25,33,528750.0,2916750.0,26.370522,87.288186
1539,confluence_1538,gauge+site,25,33,528750.0,2916750.0,26.370522,87.288186
1540,confluence_1539,gauge,110,93,546750.0,2891250.0,26.1398,87.467689
1540,confluence_1539,gauge+site,110,93,546750.0,2891250.0,26.1398,87.467689
1541,confluence_1540,gauge,69,83,543750.0,2903550.0,26.250955,87.438093
1541,confluence_1540,gauge+site,69,83,543750.0,2903550.0,26.250955,87.438093
1542,confluence_1541,gauge,14,74,541050.0,2920050.0,26.400017,87.411583
1542,confluence_1541,gauge+site,14,74,541050.0,2920050.0,26.400017,87.411583
1543,confluence_1542,gauge,21,152,564450.0,2917950.0,26.38019,87.646085
1543,confluence_1542,gauge+site,21,152,564450.0,2917950.0,26.38019,87.646085
1544,confluence_1543,gauge,77,50,533850.0,2901150.0,26.229553,87.338897
1544,confluence_1543,gauge+site,77,50,533850.0,2901150.0,26.229553,87.338897
1545,confluence_1544,gauge,18,80,542850.0,2918850.0,26.389129,87.42959
1545,confluence_1544,gauge+site,18,80,542850.0,2918850.0,26.389129,87.42959
1546,confluence_1545,gauge,103,97,547950.0,2893350.0,26.158722,87.479771
1546,confluence_1545,gauge+site,103,97,547950.0,2893350.0,26.158722,87.479771
1547,confluence_1546,gauge,140,129,557550.0,2882250.0,26.058145,87.575331
1547,confluence_1546,gauge+site,140,129,557550.0,2882250.0,26.058145,87.575331
1548,confluence_1547,gauge,44,108,551250.0,2911050.0,26.318425,87.51349
1548,confluence_1547,gauge+site,44,108,551250.0,2911050.0,26.318425,87.51349
1549,confluence_1548,gauge,76,128,557250.0,2901450.0,26.231518,87.573178
1549,confluence_1548,gauge+site,76,128,557250.0,2901450.0,26.231518,87.573178
1550,confluence_1549,gauge,76,125,556350.0,2901450.0,26.231554,87.564168
1550,confluence_1549,gauge+site,76,125,556350.0,2901450.0,26.231554,87.564168
1551,confluence_1550,gauge,76,121,555150.0,2901450.0,26.2316,87.552154
1551,confluence_1550,gauge+site,76,121,555150.0,2901450.0,26.2316,87.552154
1552,confluence_1551,gauge,80,59,536550.0,2900250.0,26.22136,87.365903
1552,confluence_1551,gauge+site,80,59,536550.0,2900250.0,26.22136,87.365903
1553,confluence_1552,gauge,49,70,539850.0,2909550.0,26.305245,87.399226
1553,confluence_1552,gauge+site,49,70,539850.0,2909550.0,26.305245,87.399226
1554,confluence_1553,gauge,80,98,548250.0,2900250.0,26.221014,87.483029
1554,confluence_1553,gauge+site,80,98,548250.0,2900250.0,26.221014,87.483029
1555,confluence_1554,gauge,52,107,550950.0,2908650.0,26.296766,87.51039
1555,confluence_1554,gauge+site,52,107,550950.0,2908650.0,26.296766,87.51039
1556,confluence_1555,gauge,18,110,551850.0,2918850.0,26.38883,87.519816
1556,confluence_1555,gauge+site,18,110,551850.0,2918850.0,26.38883,87.519816
1557,confluence_1556,gauge,135,171,570150.0,2883750.0,26.071132,87.701368
1557,confluence_1556,gauge+site,135,171,570150.0,2883750.0,26.071132,87.701368
1558,confluence_1557,gauge,43,91,546150.0,2911350.0,26.321308,87.462404
1558,confluence_1557,gauge+site,43,91,546150.0,2911350.0,26.321308,87.462404
1559,confluence_1558,gauge,37,112,552450.0,2913150.0,26.337343,87.525599
1559,confluence_1558,gauge+site,37,112,552450.0,2913150.0,26.337343,87.525599
1560,confluence_1559,gauge,76,66,538650.0,2901450.0,26.23214,87.386962
1560,confluence_1559,gauge+site,76,66,538650.0,2901450.0,26.23214,87.386962
1561,confluence_1560,gauge,80,128,557250.0,2900250.0,26.220683,87.573125
1561,confluence_1560,gauge+site,80,128,557250.0,2900250.0,26.220683,87.573125
1562,confluence_1561,gauge,135,121,555150.0,2883750.0,26.071783,87.551402
1562,confluence_1561,gauge+site,135,121,555150.0,2883750.0,26.071783,87.551402
1563,confluence_1562,gauge,38,22,525450.0,2912850.0,26.335371,87.25503
1563,confluence_1562,gauge+site,38,22,525450.0,2912850.0,26.335371,87.25503
1564,confluence_1563,gauge,18,62,537450.0,2918850.0,26.389281,87.375454
1564,confluence_1563,gauge+site,18,62,537450.0,2918850.0,26.389281,87.375454
1565,confluence_1564,gauge,77,57,535950.0,2901150.0,26.229502,87.359922
1565,confluence_1564,gauge+site,77,57,535950.0,2901150.0,26.229502,87.359922
1566,confluence_1565,gauge,44,38,530250.0,2911050.0,26.319024,87.303088
1566,confluence_1565,gauge+site,44,38,530250.0,2911050.0,26.319024,87.303088
1567,confluence_1566,gauge,79,52,534450.0,2900550.0,26.224121,87.344888
1567,confluence_1566,gauge+site,79,52,534450.0,2900550.0,26.224121,87.344888
1568,confluence_1567,gauge,129,164,568050.0,2885550.0,26.087485,87.680467
1568,confluence_1567,gauge+site,129,164,568050.0,2885550.0,26.087485,87.680467
1569,confluence_1568,gauge,159,159,566550.0,2876550.0,26.006292,87.66501
1569,confluence_1568,gauge+site,159,159,566550.0,2876550.0,26.006292,87.66501
1570,confluence_1569,gauge,159,125,556350.0,2876550.0,26.006725,87.563089
1570,confluence_1569,gauge+site,159,125,556350.0,2876550.0,26.006725,87.563089
1571,confluence_1570,gauge,79,71,540150.0,2900550.0,26.223973,87.401952
1571,confluence_1570,gauge+site,79,71,540150.0,2900550.0,26.223973,87.401952
1572,confluence_1571,gauge,78,40,530850.0,2900850.0,26.226912,87.308855
1572,confluence_1571,gauge+site,78,40,530850.0,2900850.0,26.226912,87.308855
1573,confluence_1572,gauge,16,86,544650.0,2919450.0,26.394491,87.447656
1573,confluence_1572,gauge+site,16,86,544650.0,2919450.0,26.394491,87.447656
1574,confluence_1573,gauge,102,84,544050.0,2893650.0,26.161556,87.44076
1574,confluence_1573,gauge+site,102,84,544050.0,2893650.0,26.161556,87.44076
1575,confluence_1574,gauge,53,58,536250.0,2908350.0,26.294505,87.363127
1575,confluence_1574,gauge+site,53,58,536250.0,2908350.0,26.294505,87.363127
1576,confluence_1575,gauge,77,110,551850.0,2901150.0,26.229015,87.519104
1576,confluence_1575,gauge+site,77,110,551850.0,2901150.0,26.229015,87.519104
1577,confluence_1576,gauge,158,154,565050.0,2876850.0,26.009069,87.650036
1577,confluence_1576,gauge+site,158,154,565050.0,2876850.0,26.009069,87.650036
1578,confluence_1577,gauge,77,92,546450.0,2901150.0,26.2292,87.465043
1578,confluence_1577,gauge+site,77,92,546450.0,2901150.0,26.2292,87.465043
1579,confluence_1578,gauge,120,117,553950.0,2888250.0,26.11246,87.539591
1579,confluence_1578,gauge+site,120,117,553950.0,2888250.0,26.11246,87.539591
1580,confluence_1579,gauge,16,65,538350.0,2919450.0,26.394675,87.384495
1580,confluence_1579,gauge+site,16,65,538350.0,2919450.0,26.394675,87.384495
1581,confluence_1580,gauge,17,147,562950.0,2919150.0,26.391091,87.631108
1581,confluence_1580,gauge+site,17,147,562950.0,2919150.0,26.391091,87.631108
1582,confluence_1581,gauge,158,134,559050.0,2876850.0,26.009326,87.590082
1582,confluence_1581,gauge+site,158,134,559050.0,2876850.0,26.009326,87.590082
1583,confluence_1582,gauge,102,142,561450.0,2893650.0,26.160917,87.614856
1583,confluence_1582,gauge+site,102,142,561450.0,2893650.0,26.160917,87.614856
1584,confluence_1583,gauge,38,72,540450.0,2912850.0,26.335024,87.405341
1584,confluence_1583,gauge+site,38,72,540450.0,2912850.0,26.335024,87.405341
1585,confluence_1584,gauge,32,141,561150.0,2914650.0,26.35054,87.612849
1585,confluence_1584,gauge+site,32,141,561150.0,2914650.0,26.35054,87.612849
1586,confluence_1585,gauge,136,108,551250.0,2883450.0,26.069218,87.512399
1586,confluence_1585,gauge+site,136,108,551250.0,2883450.0,26.069218,87.512399
1587,confluence_1586,gauge,75,121,555150.0,2901750.0,26.234309,87.552167
1587,confluence_1586,gauge+site,75,121,555150.0,2901750.0,26.234309,87.552167
1588,confluence_1587,gauge,160,166,568650.0,2876250.0,26.003485,87.685977
1588,confluence_1587,gauge+site,160,166,568650.0,2876250.0,26.003485,87.685977
1589,confluence_1588,gauge,105,128,557250.0,2892750.0,26.152964,87.572794
1589,confluence_1588,gauge+site,105,128,557250.0,2892750.0,26.152964,87.572794
1590,confluence_1589,gauge,14,114,553050.0,2920050.0,26.399621,87.531896
1590,confluence_1589,gauge+site,14,114,553050.0,2920050.0,26.399621,87.531896
1591,confluence_1590,gauge,155,126,556650.0,2877750.0,26.017549,87.566139
1591,confluence_1590,gauge+site,155,126,556650.0,2877750.0,26.017549,87.566139
1592,confluence_1591,gauge,73,68,539250.0,2902350.0,26.24025,87.392996
1592,confluence_1591,gauge+site,73,68,539250.0,2902350.0,26.24025,87.392996
1593,confluence_1592,gauge,14,112,552450.0,2920050.0,26.399643,87.525881
1593,confluence_1592,gauge+site,14,112,552450.0,2920050.0,26.399643,87.525881
1594,confluence_1593,gauge,21,85,544350.0,2917950.0,26.380957,87.444597
1594,confluence_1593,gauge+site,21,85,544350.0,2917950.0,26.380957,87.444597
1595,confluence_1594,gauge,21,91,546150.0,2917950.0,26.3809,87.462641
1595,confluence_1594,gauge+site,21,91,546150.0,2917950.0,26.3809,87.462641
1596,confluence_1595,gauge,21,92,546450.0,2917950.0,26.38089,87.465648
1596,confluence_1595,gauge+site,21,92,546450.0,2917950.0,26.38089,87.465648
1597,confluence_1596,gauge,128,116,553650.0,2885850.0,26.090801,87.536492
1597,confluence_1596,gauge+site,128,116,553650.0,2885850.0,26.090801,87.536492
1598,confluence_1597,gauge,21,97,547950.0,2917950.0,26.38084,87.480685
1598,confluence_1597,gauge+site,21,97,547950.0,2917950.0,26.38084,87.480685
1599,confluence_1598,gauge,45,75,541350.0,2910750.0,26.316037,87.414292
1599,confluence_1598,gauge+site,45,75,541350.0,2910750.0,26.316037,87.414292
1600,confluence_1599,gauge,134,140,560850.0,2884050.0,26.074263,87.608404
1600,confluence_1599,gauge+site,134,140,560850.0,2884050.0,26.074263,87.608404
1601,confluence_1600,gauge,66,28,527250.0,2904450.0,26.259491,87.27289
1601,confluence_1600,gauge+site,66,28,527250.0,2904450.0,26.259491,87.27289
1602,confluence_1601,gauge,39,61,537150.0,2912550.0,26.332405,87.372264
1602,confluence_1601,gauge+site,39,61,537150.0,2912550.0,26.332405,87.372264
1603,confluence_1602,gauge,119,126,556650.0,2888550.0,26.115065,87.566608
1603,confluence_1602,gauge+site,119,126,556650.0,2888550.0,26.115065,87.566608
1604,confluence_1603,gauge,45,86,544650.0,2910750.0,26.315938,87.447354
1604,confluence_1603,gauge+site,45,86,544650.0,2910750.0,26.315938,87.447354
1605,confluence_1604,gauge,83,44,532050.0,2899350.0,26.213341,87.320832
1605,confluence_1604,gauge+site,83,44,532050.0,2899350.0,26.213341,87.320832
1606,confluence_1605,gauge,52,32,528450.0,2908650.0,26.297391,87.285
1606,confluence_1605,gauge+site,52,32,528450.0,2908650.0,26.297391,87.285
1607,confluence_1606,gauge,14,67,538950.0,2920050.0,26.400076,87.390528
1607,confluence_1606,gauge+site,14,67,538950.0,2920050.0,26.400076,87.390528
1608,confluence_1607,gauge,155,146,562650.0,2877750.0,26.017301,87.626098
1608,confluence_1607,gauge+site,155,146,562650.0,2877750.0,26.017301,87.626098
1609,confluence_1608,gauge,83,63,537750.0,2899350.0,26.213202,87.37789
1609,confluence_1608,gauge+site,83,63,537750.0,2899350.0,26.213202,87.37789
1610,confluence_1609,gauge,20,102,549450.0,2918250.0,26.383498,87.495733
1610,confluence_1609,gauge+site,20,102,549450.0,2918250.0,26.383498,87.495733
1611,confluence_1610,gauge,74,39,530550.0,2902050.0,26.237753,87.30588
1611,confluence_1610,gauge+site,74,39,530550.0,2902050.0,26.237753,87.30588
1612,confluence_1611,gauge,53,94,547050.0,2908350.0,26.294191,87.471312
1612,confluence_1611,gauge+site,53,94,547050.0,2908350.0,26.294191,87.471312
1613,confluence_1612,gauge,103,142,561450.0,2893350.0,26.158209,87.614842
1613,confluence_1612,gauge+site,103,142,561450.0,2893350.0,26.158209,87.614842
1614,confluence_1613,gauge,37,88,545250.0,2913150.0,26.337589,87.45345
1614,confluence_1613,gauge+site,37,88,545250.0,2913150.0,26.337589,87.45345
1615,confluence_1614,gauge,104,86,544650.0,2893050.0,26.156119,87.446743
1615,confluence_1614,gauge+site,104,86,544650.0,2893050.0,26.156119,87.446743
1616,confluence_1615,gauge,37,83,543750.0,2913150.0,26.337636,87.438419
1616,confluence_1615,gauge+site,37,83,543750.0,2913150.0,26.337636,87.438419
1617,confluence_1616,gauge,81,83,543750.0,2899950.0,26.21845,87.437971
1617,confluence_1616,gauge+site,81,83,543750.0,2899950.0,26.21845,87.437971
1618,confluence_1617,gauge,75,33,528750.0,2901750.0,26.235082,87.287851
1618,confluence_1617,gauge+site,75,33,528750.0,2901750.0,26.235082,87.287851
1619,confluence_1618,gauge,74,121,555150.0,2902050.0,26.237018,87.55218
1619,confluence_1618,gauge+site,74,121,555150.0,2902050.0,26.237018,87.55218
1620,confluence_1619,gauge,74,109,551550.0,2902050.0,26.237152,87.516136
1620,confluence_1619,gauge+site,74,109,551550.0,2902050.0,26.237152,87.516136
1621,confluence_1620,gauge,104,128,557250.0,2893050.0,26.155673,87.572807
1621,confluence_1620,gauge+site,104,128,557250.0,2893050.0,26.155673,87.572807
1622,confluence_1621,gauge,128,137,559950.0,2885850.0,26.090553,87.599488
1622,confluence_1621,gauge+site,128,137,559950.0,2885850.0,26.090553,87.599488
1623,confluence_1622,gauge,38,103,549750.0,2912850.0,26.33473,87.498531
1623,confluence_1622,gauge+site,38,103,549750.0,2912850.0,26.33473,87.498531
1624,confluence_1623,gauge,81,128,557250.0,2899950.0,26.217975,87.573112
1624,confluence_1623,gauge+site,81,128,557250.0,2899950.0,26.217975,87.573112
1625,confluence_1624,gauge,52,76,541650.0,2908650.0,26.297067,87.417229
1625,confluence_1624,gauge+site,52,76,541650.0,2908650.0,26.297067,87.417229
1626,confluence_1625,gauge,82,32,528450.0,2899650.0,26.216126,87.284802
1626,confluence_1625,gauge+site,82,32,528450.0,2899650.0,26.216126,87.284802
1627,confluence_1626,gauge,32,98,548250.0,2914650.0,26.351034,87.483568
1627,confluence_1626,gauge+site,32,98,548250.0,2914650.0,26.351034,87.483568
1628,confluence_1627,gauge,20,79,542550.0,2918250.0,26.383721,87.426563
1628,confluence_1627,gauge+site,20,79,542550.0,2918250.0,26.383721,87.426563
1629,confluence_1628,gauge,15,71,540150.0,2919750.0,26.397334,87.40255
1629,confluence_1628,gauge+site,15,71,540150.0,2919750.0,26.397334,87.40255
1630,confluence_1629,gauge,100,80,542850.0,2894250.0,26.167009,87.428773
1630,confluence_1629,gauge+site,100,80,542850.0,2894250.0,26.167009,87.428773
1631,confluence_1630,gauge,33,87,544950.0,2914350.0,26.348433,87.450486
1631,confluence_1630,gauge+site,33,87,544950.0,2914350.0,26.348433,87.450486
1632,confluence_1631,gauge,46,101,549150.0,2910450.0,26.313081,87.492427
1632,confluence_1631,gauge+site,46,101,549150.0,2910450.0,26.313081,87.492427
1633,confluence_1632,gauge,78,128,557250.0,2900850.0,26.226101,87.573151
1633,confluence_1632,gauge+site,78,128,557250.0,2900850.0,26.226101,87.573151
1634,confluence_1633,gauge,50,34,529050.0,2909250.0,26.302796,87.291024
1634,confluence_1633,gauge+site,50,34,529050.0,2909250.0,26.302796,87.291024
1635,confluence_1634,gauge,63,80,542850.0,2905350.0,26.267235,87.429141
1635,confluence_1634,gauge+site,63,80,542850.0,2905350.0,26.267235,87.429141
1636,confluence_1635,gauge,89,47,532950.0,2897550.0,26.197068,87.329795
1636,confluence_1635,gauge+site,89,47,532950.0,2897550.0,26.197068,87.329795
1637,confluence_1636,gauge,63,102,549450.0,2905350.0,26.267022,87.495237
1637,confluence_1636,gauge+site,63,102,549450.0,2905350.0,26.267022,87.495237
1638,confluence_1637,gauge,47,44,532050.0,2910150.0,26.310858,87.3211
1638,confluence_1637,gauge+site,47,44,532050.0,2910150.0,26.310858,87.3211
1639,confluence_1638,gauge,31,69,539550.0,2914950.0,26.354011,87.396387
1639,confluence_1638,gauge+site,31,69,539550.0,2914950.0,26.354011,87.396387
1640,confluence_1639,gauge,63,124,556050.0,2905350.0,26.266779,87.561333
1640,confluence_1639,gauge+site,63,124,556050.0,2905350.0,26.266779,87.561333
1641,confluence_1640,gauge,170,141,561150.0,2873250.0,25.976733,87.610898
1641,confluence_1640,gauge+site,170,141,561150.0,2873250.0,25.976733,87.610898
1642,confluence_1641,gauge,94,82,543450.0,2896050.0,26.183244,87.434837
1642,confluence_1641,gauge+site,94,82,543450.0,2896050.0,26.183244,87.434837
1643,confluence_1642,gauge,133,131,558150.0,2884350.0,26.077083,87.581423
1643,confluence_1642,gauge+site,133,131,558150.0,2884350.0,26.077083,87.581423
1644,confluence_1643,gauge,41,135,559350.0,2911950.0,26.326238,87.594685
1644,confluence_1643,gauge+site,41,135,559350.0,2911950.0,26.326238,87.594685
1645,confluence_1644,gauge,92,76,541650.0,2896650.0,26.188715,87.416843
1645,confluence_1644,gauge+site,92,76,541650.0,2896650.0,26.188715,87.416843
1646,confluence_1645,gauge,30,149,563550.0,2915250.0,26.355852,87.63693
1646,confluence_1645,gauge+site,30,149,563550.0,2915250.0,26.355852,87.63693
1647,confluence_1646,gauge,27,72,540450.0,2916150.0,26.364821,87.405445
1647,confluence_1646,gauge+site,27,72,540450.0,2916150.0,26.364821,87.405445
1648,confluence_1647,gauge,3,107,550950.0,2923350.0,26.429493,87.510973
1648,confluence_1647,gauge+site,3,107,550950.0,2923350.0,26.429493,87.510973
1649,confluence_1648,gauge,131,144,562050.0,2884950.0,26.082338,87.620444
1649,confluence_1648,gauge+site,131,144,562050.0,2884950.0,26.082338,87.620444
1650,confluence_1649,gauge,59,46,532650.0,2906550.0,26.278339,87.32702
1650,confluence_1649,gauge+site,59,46,532650.0,2906550.0,26.278339,87.32702
1651,confluence_1650,gauge,118,120,554850.0,2888850.0,26.117844,87.548618
1651,confluence_1650,gauge+site,118,120,554850.0,2888850.0,26.117844,87.548618
1652,confluence_1651,gauge,88,98,548250.0,2897850.0,26.199344,87.48294
1652,confluence_1651,gauge+site,88,98,548250.0,2897850.0,26.199344,87.48294
1653,confluence_1652,gauge,42,26,526650.0,2911650.0,26.324513,87.267031
1653,confluence_1652,gauge+site,42,26,526650.0,2911650.0,26.324513,87.267031
1654,confluence_1653,gauge,59,38,530250.0,2906550.0,26.278392,87.302982
1654,confluence_1653,gauge+site,59,38,530250.0,2906550.0,26.278392,87.302982
1655,confluence_1654,gauge,144,158,566250.0,2881050.0,26.046937,87.66224
1655,confluence_1654,gauge+site,144,158,566250.0,2881050.0,26.046937,87.66224
1656,confluence_1655,gauge,64,80,542850.0,2905050.0,26.264526,87.429131
1656,confluence_1655,gauge+site,64,80,542850.0,2905050.0,26.264526,87.429131
1657,confluence_1656,gauge,132,128,557250.0,2884650.0,26.079827,87.572437
1657,confluence_1656,gauge+site,132,128,557250.0,2884650.0,26.079827,87.572437
1658,confluence_1657,gauge,48,118,554250.0,2909850.0,26.307479,87.543497
1658,confluence_1657,gauge+site,48,118,554250.0,2909850.0,26.307479,87.543497
1659,confluence_1658,gauge,58,100,548850.0,2906850.0,26.280587,87.489285
1659,confluence_1658,gauge+site,58,100,548850.0,2906850.0,26.280587,87.489285
1660,confluence_1659,gauge,94,57,535950.0,2896050.0,26.183452,87.35978
1660,confluence_1659,gauge+site,94,57,535950.0,2896050.0,26.183452,87.35978
1661,confluence_1660,gauge,64,62,537450.0,2905050.0,26.264678,87.375052
1661,confluence_1660,gauge+site,64,62,537450.0,2905050.0,26.264678,87.375052
1662,confluence_1661,gauge,47,55,535350.0,2910150.0,26.310781,87.354161
1662,confluence_1661,gauge+site,47,55,535350.0,2910150.0,26.310781,87.354161
1663,confluence_1662,gauge,94,101,549150.0,2896050.0,26.183061,87.49188
1663,confluence_1662,gauge+site,94,101,549150.0,2896050.0,26.183061,87.49188
1664,confluence_1663,gauge,89,71,540150.0,2897550.0,26.196884,87.401859
1664,confluence_1663,gauge+site,89,71,540150.0,2897550.0,26.196884,87.401859
1665,confluence_1664,gauge,50,100,548850.0,2909250.0,26.302257,87.489376
1665,confluence_1664,gauge+site,50,100,548850.0,2909250.0,26.302257,87.489376
1666,confluence_1665,gauge,6,101,549150.0,2922450.0,26.42143,87.492887
1666,confluence_1665,gauge+site,6,101,549150.0,2922450.0,26.42143,87.492887
1667,confluence_1666,gauge,146,129,557550.0,2880450.0,26.041892,87.575252
1667,confluence_1666,gauge+site,146,129,557550.0,2880450.0,26.041892,87.575252
1668,confluence_1667,gauge,91,66,538650.0,2896950.0,26.191508,87.386828
1668,confluence_1667,gauge+site,91,66,538650.0,2896950.0,26.191508,87.386828
1669,confluence_1668,gauge,146,130,557850.0,2880450.0,26.04188,87.57825
1669,confluence_1668,gauge+site,146,130,557850.0,2880450.0,26.04188,87.57825
1670,confluence_1669,gauge,36,29,527550.0,2913450.0,26.340749,87.276087
1670,confluence_1669,gauge+site,36,29,527550.0,2913450.0,26.340749,87.276087
1671,confluence_1670,gauge,6,83,543750.0,2922450.0,26.421607,87.438736
1671,confluence_1670,gauge+site,6,83,543750.0,2922450.0,26.421607,87.438736
1672,confluence_1671,gauge,113,124,556050.0,2890350.0,26.131341,87.560684
1672,confluence_1671,gauge+site,113,124,556050.0,2890350.0,26.131341,87.560684
1673,confluence_1672,gauge,60,119,554550.0,2906250.0,26.274963,87.54635
1673,confluence_1672,gauge+site,60,119,554550.0,2906250.0,26.274963,87.54635
1674,confluence_1673,gauge,137,137,559950.0,2883150.0,26.066174,87.599364
1674,confluence_1673,gauge+site,137,137,559950.0,2883150.0,26.066174,87.599364
1675,confluence_1674,gauge,41,61,537150.0,2911950.0,26.326988,87.372247
1675,confluence_1674,gauge+site,41,61,537150.0,2911950.0,26.326988,87.372247
1676,confluence_1675,gauge,113,112,552450.0,2890350.0,26.131477,87.524674
1676,confluence_1675,gauge+site,113,112,552450.0,2890350.0,26.131477,87.524674
1677,confluence_1676,gauge,47,93,546750.0,2910150.0,26.310453,87.468372
1677,confluence_1676,gauge+site,47,93,546750.0,2910150.0,26.310453,87.468372
1678,confluence_1677,gauge,138,155,565350.0,2882850.0,26.063231,87.653334
1678,confluence_1677,gauge+site,138,155,565350.0,2882850.0,26.063231,87.653334
1679,confluence_1678,gauge,91,106,550650.0,2896950.0,26.191135,87.506926
1679,confluence_1678,gauge+site,91,106,550650.0,2896950.0,26.191135,87.506926
1680,confluence_1679,gauge,62,34,529050.0,2905650.0,26.27029,87.290943
1680,confluence_1679,gauge+site,62,34,529050.0,2905650.0,26.27029,87.290943
1681,confluence_1680,gauge,62,52,534450.0,2905650.0,26.270171,87.345024
1681,confluence_1680,gauge+site,62,52,534450.0,2905650.0,26.270171,87.345024
1682,confluence_1681,gauge,48,35,529350.0,2909850.0,26.308208,87.294043
1682,confluence_1681,gauge+site,48,35,529350.0,2909850.0,26.308208,87.294043
1683,confluence_1682,gauge,145,139,560550.0,2880750.0,26.044479,87.605251
1683,confluence_1682,gauge+site,145,139,560550.0,2880750.0,26.044479,87.605251
1684,confluence_1683,gauge,60,37,529950.0,2906250.0,26.27569,87.29997
1684,confluence_1683,gauge+site,60,37,529950.0,2906250.0,26.27569,87.29997
1685,confluence_1684,gauge,90,53,534750.0,2897250.0,26.194316,87.347803
1685,confluence_1684,gauge+site,90,53,534750.0,2897250.0,26.194316,87.347803
1686,confluence_1685,gauge,89,120,554850.0,2897550.0,26.196398,87.548985
1686,confluence_1685,gauge+site,89,120,554850.0,2897550.0,26.196398,87.548985
1687,confluence_1686,gauge,56,122,555450.0,2907450.0,26.285764,87.555415
1687,confluence_1686,gauge+site,56,122,555450.0,2907450.0,26.285764,87.555415
1688,confluence_1687,gauge,62,110,551850.0,2905650.0,26.269646,87.519284
1688,confluence_1687,gauge+site,62,110,551850.0,2905650.0,26.269646,87.519284
1689,confluence_1688,gauge,56,123,555750.0,2907450.0,26.285752,87.55842
1689,confluence_1688,gauge+site,56,123,555750.0,2907450.0,26.285752,87.55842
1690,confluence_1689,gauge,137,124,556050.0,2883150.0,26.066331,87.560375
1690,confluence_1689,gauge+site,137,124,556050.0,2883150.0,26.066331,87.560375
1691,confluence_1690,gauge,29,109,551550.0,2915550.0,26.359045,87.516676
1691,confluence_1690,gauge+site,29,109,551550.0,2915550.0,26.359045,87.516676
1692,confluence_1691,gauge,64,93,546750.0,2905050.0,26.264404,87.468187
1692,confluence_1691,gauge+site,64,93,546750.0,2905050.0,26.264404,87.468187
1693,confluence_1692,gauge,58,84,544050.0,2906850.0,26.280743,87.441209
1693,confluence_1692,gauge+site,58,84,544050.0,2906850.0,26.280743,87.441209
1694,confluence_1693,gauge,94,88,545250.0,2896050.0,26.183189,87.452851
1694,confluence_1693,gauge+site,94,88,545250.0,2896050.0,26.183189,87.452851
1695,confluence_1694,gauge,118,121,555150.0,2888850.0,26.117832,87.551618
1695,confluence_1694,gauge+site,118,121,555150.0,2888850.0,26.117832,87.551618
1696,confluence_1695,gauge,26,123,555750.0,2916450.0,26.367013,87.55881
1696,confluence_1695,gauge+site,26,123,555750.0,2916450.0,26.367013,87.55881
1697,confluence_1696,gauge,93,60,536850.0,2896350.0,26.186138,87.368796
1697,confluence_1696,gauge+site,93,60,536850.0,2896350.0,26.186138,87.368796
1698,confluence_1697,gauge,112,79,542550.0,2890650.0,26.134512,87.425653
1698,confluence_1697,gauge+site,112,79,542550.0,2890650.0,26.134512,87.425653
1699,confluence_1698,gauge,148,136,559650.0,2879850.0,26.03639,87.596214
1699,confluence_1698,gauge+site,148,136,559650.0,2879850.0,26.03639,87.596214
1700,confluence_1699,gauge,96,67,538950.0,2895450.0,26.177956,87.389785
1700,confluence_1699,gauge+site,96,67,538950.0,2895450.0,26.177956,87.389785
1701,confluence_1700,gauge,65,37,529950.0,2904750.0,26.262145,87.299936
1701,confluence_1700,gauge+site,65,37,529950.0,2904750.0,26.262145,87.299936
1702,confluence_1701,gauge,40,118,554250.0,2912250.0,26.329149,87.543598
1702,confluence_1701,gauge+site,40,118,554250.0,2912250.0,26.329149,87.543598
1703,confluence_1702,gauge,41,33,528750.0,2911950.0,26.327182,87.288079
1703,confluence_1702,gauge+site,41,33,528750.0,2911950.0,26.327182,87.288079
1704,confluence_1703,gauge,132,146,562650.0,2884650.0,26.079603,87.626429
1704,confluence_1703,gauge+site,132,146,562650.0,2884650.0,26.079603,87.626429
1705,confluence_1704,gauge,42,53,534750.0,2911650.0,26.324339,87.348191
1705,confluence_1704,gauge+site,42,53,534750.0,2911650.0,26.324339,87.348191
1706,confluence_1705,gauge,41,22,525450.0,2911950.0,26.327244,87.255013
1706,confluence_1705,gauge+site,41,22,525450.0,2911950.0,26.327244,87.255013
1707,confluence_1706,gauge,10,82,543450.0,2921250.0,26.410781,87.435687
1707,confluence_1706,gauge+site,10,82,543450.0,2921250.0,26.410781,87.435687
1708,confluence_1707,gauge,144,111,552150.0,2881050.0,26.047515,87.521301
1708,confluence_1707,gauge+site,144,111,552150.0,2881050.0,26.047515,87.521301
1709,confluence_1708,gauge,30,124,556050.0,2915250.0,26.356167,87.561764
1709,confluence_1708,gauge+site,30,124,556050.0,2915250.0,26.356167,87.561764
1710,confluence_1709,gauge,1,100,548850.0,2923950.0,26.434984,87.489936
1710,confluence_1709,gauge+site,1,100,548850.0,2923950.0,26.434984,87.489936
1711,confluence_1710,gauge,126,99,548550.0,2886450.0,26.096399,87.485517
1711,confluence_1710,gauge+site,126,99,548550.0,2886450.0,26.096399,87.485517
1712,confluence_1711,gauge,91,51,534150.0,2896950.0,26.191622,87.34179
1712,confluence_1711,gauge+site,91,51,534150.0,2896950.0,26.191622,87.34179
1713,confluence_1712,gauge,64,102,549450.0,2905050.0,26.264314,87.495226
1713,confluence_1712,gauge+site,64,102,549450.0,2905050.0,26.264314,87.495226
1714,confluence_1713,gauge,92,116,553650.0,2896650.0,26.188317,87.536938
1714,confluence_1713,gauge+site,92,116,553650.0,2896650.0,26.188317,87.536938
1715,confluence_1714,gauge,30,135,559350.0,2915250.0,26.356033,87.594837
1715,confluence_1714,gauge+site,30,135,559350.0,2915250.0,26.356033,87.594837
1716,confluence_1715,gauge,93,139,560550.0,2896350.0,26.185334,87.605977
1716,confluence_1715,gauge+site,93,139,560550.0,2896350.0,26.185334,87.605977
1717,confluence_1716,gauge,144,147,562950.0,2881050.0,26.047085,87.629255
1717,confluence_1716,gauge+site,144,147,562950.0,2881050.0,26.047085,87.629255
1718,confluence_1717,gauge,130,115,553350.0,2885250.0,26.085394,87.533467
1718,confluence_1717,gauge+site,130,115,553350.0,2885250.0,26.085394,87.533467
1719,confluence_1718,gauge,134,160,566850.0,2884050.0,26.073997,87.668391
1719,confluence_1718,gauge+site,134,160,566850.0,2884050.0,26.073997,87.668391
1720,confluence_1719,gauge,94,147,562950.0,2896050.0,26.182522,87.62998
1720,confluence_1719,gauge+site,94,147,562950.0,2896050.0,26.182522,87.62998
1721,confluence_1720,gauge,140,145,562350.0,2882250.0,26.057946,87.623315
1721,confluence_1720,gauge+site,140,145,562350.0,2882250.0,26.057946,87.623315
1722,confluence_1721,gauge,159,164,568050.0,2876550.0,26.006222,87.679998
1722,confluence_1721,gauge+site,159,164,568050.0,2876550.0,26.006222,87.679998
1723,confluence_1722,gauge,93,140,560850.0,2896350.0,26.185322,87.608979
1723,confluence_1722,gauge+site,93,140,560850.0,2896350.0,26.185322,87.608979
1724,confluence_1723,gauge,138,139,560550.0,2882850.0,26.06344,87.605349
1724,confluence_1723,gauge+site,138,139,560550.0,2882850.0,26.06344,87.605349
1725,confluence_1724,gauge,100,84,544050.0,2894250.0,26.166973,87.44078
1725,confluence_1724,gauge+site,100,84,544050.0,2894250.0,26.166973,87.44078
1726,confluence_1725,gauge,161,157,565950.0,2875950.0,26.000902,87.658984
1726,confluence_1725,gauge+site,161,157,565950.0,2875950.0,26.000902,87.658984
1727,confluence_1726,gauge,100,86,544650.0,2894250.0,26.166955,87.446784
1727,confluence_1726,gauge+site,100,86,544650.0,2894250.0,26.166955,87.446784
1728,confluence_1727,gauge,101,79,542550.0,2893950.0,26.16431,87.425761
1728,confluence_1727,gauge+site,101,79,542550.0,2893950.0,26.16431,87.425761
1729,confluence_1728,gauge,94,142,561450.0,2896050.0,26.182587,87.61497
1729,confluence_1728,gauge+site,94,142,561450.0,2896050.0,26.182587,87.61497
1730,confluence_1729,gauge,171,154,565050.0,2872950.0,25.973855,87.649843
1730,confluence_1729,gauge+site,171,154,565050.0,2872950.0,25.973855,87.649843
1731,confluence_1730,gauge,121,101,549150.0,2887950.0,26.109923,87.491573
1731,confluence_1730,gauge+site,121,101,549150.0,2887950.0,26.109923,87.491573
1732,confluence_1731,gauge,100,90,545850.0,2894250.0,26.166917,87.458791
1732,confluence_1731,gauge+site,100,90,545850.0,2894250.0,26.166917,87.458791
1733,confluence_1732,gauge,171,160,566850.0,2872950.0,25.973773,87.667824
1733,confluence_1732,gauge+site,171,160,566850.0,2872950.0,25.973773,87.667824
1734,confluence_1733,gauge,132,113,552750.0,2884650.0,26.079999,87.527444
1734,confluence_1733,gauge+site,132,113,552750.0,2884650.0,26.079999,87.527444
1735,confluence_1734,gauge,100,91,546150.0,2894250.0,26.166907,87.461793
1735,confluence_1734,gauge+site,100,91,546150.0,2894250.0,26.166907,87.461793
1736,confluence_1735,gauge,130,127,556950.0,2885250.0,26.085257,87.569464
1736,confluence_1735,gauge+site,130,127,556950.0,2885250.0,26.085257,87.569464
1737,confluence_1736,gauge,135,140,560850.0,2883750.0,26.071554,87.60839
1737,confluence_1736,gauge+site,135,140,560850.0,2883750.0,26.071554,87.60839
1738,confluence_1737,gauge,100,98,548250.0,2894250.0,26.166838,87.482806
1738,confluence_1737,gauge+site,100,98,548250.0,2894250.0,26.166838,87.482806
1739,confluence_1738,gauge,132,143,561750.0,2884650.0,26.079642,87.61743
1739,confluence_1738,gauge+site,132,143,561750.0,2884650.0,26.079642,87.61743
1740,confluence_1739,gauge,120,151,564150.0,2888250.0,26.112042,87.641604
1740,confluence_1739,gauge+site,120,151,564150.0,2888250.0,26.112042,87.641604
1741,confluence_1740,gauge,171,162,567450.0,2872950.0,25.973745,87.673817
1741,confluence_1740,gauge+site,171,162,567450.0,2872950.0,25.973745,87.673817
1742,confluence_1741,gauge,171,150,563850.0,2872950.0,25.973908,87.637855
1742,confluence_1741,gauge+site,171,150,563850.0,2872950.0,25.973908,87.637855
1743,confluence_1742,gauge,121,122,555450.0,2887950.0,26.109694,87.55458
1743,confluence_1742,gauge+site,121,122,555450.0,2887950.0,26.109694,87.55458
1744,confluence_1743,gauge,174,159,566550.0,2872050.0,25.96566,87.664781
1744,confluence_1743,gauge+site,174,159,566550.0,2872050.0,25.96566,87.664781
1745,confluence_1744,gauge,94,121,555150.0,2896050.0,26.182843,87.551924
1745,confluence_1744,gauge+site,94,121,555150.0,2896050.0,26.182843,87.551924
1746,confluence_1745,gauge,140,135,559350.0,2882250.0,26.058072,87.593325
1746,confluence_1745,gauge+site,140,135,559350.0,2882250.0,26.058072,87.593325
1747,confluence_1746,gauge,101,126,556650.0,2893950.0,26.163823,87.566843
1747,confluence_1746,gauge+site,101,126,556650.0,2893950.0,26.163823,87.566843
1748,confluence_1747,gauge,162,141,561150.0,2875650.0,25.998404,87.61101
1748,confluence_1747,gauge+site,162,141,561150.0,2875650.0,25.998404,87.61101
1749,confluence_1748,gauge,130,143,561750.0,2885250.0,26.085059,87.617459
1749,confluence_1748,gauge+site,130,143,561750.0,2885250.0,26.085059,87.617459
1750,confluence_1749,gauge,124,110,551850.0,2887050.0,26.101702,87.518541
1750,confluence_1749,gauge+site,124,110,551850.0,2887050.0,26.101702,87.518541
1751,confluence_1750,gauge,162,140,560850.0,2875650.0,25.998416,87.608013
1751,confluence_1750,gauge+site,162,140,560850.0,2875650.0,25.998416,87.608013
1752,confluence_1751,gauge,101,123,555750.0,2893950.0,26.163858,87.557838
1752,confluence_1751,gauge+site,101,123,555750.0,2893950.0,26.163858,87.557838
1753,confluence_1752,gauge,175,156,565650.0,2871750.0,25.962993,87.655776
1753,confluence_1752,gauge+site,175,156,565650.0,2871750.0,25.962993,87.655776
1754,confluence_1753,gauge,159,158,566250.0,2876550.0,26.006306,87.662012
1754,confluence_1753,gauge+site,159,158,566250.0,2876550.0,26.006306,87.662012
1755,confluence_1754,gauge,130,102,549450.0,2885250.0,26.085533,87.494471
1755,confluence_1754,gauge+site,130,102,549450.0,2885250.0,26.085533,87.494471
1756,confluence_1755,gauge,101,116,553650.0,2893950.0,26.163938,87.536826
1756,confluence_1755,gauge+site,101,116,553650.0,2893950.0,26.163938,87.536826
1757,confluence_1756,gauge,99,115,553350.0,2894550.0,26.169367,87.533849
1757,confluence_1756,gauge+site,99,115,553350.0,2894550.0,26.169367,87.533849
1758,confluence_1757,gauge,123,122,555450.0,2887350.0,26.104277,87.554555
1758,confluence_1757,gauge+site,123,122,555450.0,2887350.0,26.104277,87.554555
1759,confluence_1758,gauge,99,123,555750.0,2894550.0,26.169276,87.557864
1759,confluence_1758,gauge+site,99,123,555750.0,2894550.0,26.169276,87.557864
1760,confluence_1759,gauge,170,168,569250.0,2873250.0,25.976369,87.691814
1760,confluence_1759,gauge+site,170,168,569250.0,2873250.0,25.976369,87.691814
1761,confluence_1760,gauge,99,141,561150.0,2894550.0,26.169056,87.611897
1761,confluence_1760,gauge+site,99,141,561150.0,2894550.0,26.169056,87.611897
1762,confluence_1761,gauge,93,123,555750.0,2896350.0,26.185529,87.557941
1762,confluence_1761,gauge+site,93,123,555750.0,2896350.0,26.185529,87.557941
1763,confluence_1762,gauge,132,107,550950.0,2884650.0,26.080064,87.509446
1763,confluence_1762,gauge+site,132,107,550950.0,2884650.0,26.080064,87.509446
1764,confluence_1763,gauge,160,140,560850.0,2876250.0,26.003834,87.60804
1764,confluence_1763,gauge+site,160,140,560850.0,2876250.0,26.003834,87.60804
1765,confluence_1764,gauge,139,150,563850.0,2882550.0,26.060589,87.638324
1765,confluence_1764,gauge+site,139,150,563850.0,2882550.0,26.060589,87.638324
1766,confluence_1765,gauge,101,115,553350.0,2893950.0,26.163949,87.533824
1766,confluence_1765,gauge+site,101,115,553350.0,2893950.0,26.163949,87.533824
1767,confluence_1766,gauge,162,132,558450.0,2875650.0,25.998515,87.584033
1767,confluence_1766,gauge+site,162,132,558450.0,2875650.0,25.998515,87.584033
1768,confluence_1767,gauge,139,164,568050.0,2882550.0,26.060398,87.68031
1768,confluence_1767,gauge+site,139,164,568050.0,2882550.0,26.060398,87.68031
1769,confluence_1768,gauge,100,72,540450.0,2894250.0,26.167079,87.404758
1769,confluence_1768,gauge+site,100,72,540450.0,2894250.0,26.167079,87.404758
1770,confluence_1769,gauge,121,130,557850.0,2887950.0,26.1096,87.578583
1770,confluence_1769,gauge+site,121,130,557850.0,2887950.0,26.1096,87.578583
1771,confluence_1770,gauge,123,153,564750.0,2887350.0,26.103889,87.64756
1771,confluence_1770,gauge+site,123,153,564750.0,2887350.0,26.103889,87.64756
1772,confluence_1771,gauge,123,121,555150.0,2887350.0,26.104288,87.551555
1772,confluence_1771,gauge+site,123,121,555150.0,2887350.0,26.104288,87.551555
1773,confluence_1772,gauge,161,154,565050.0,2875950.0,26.000943,87.649992
1773,confluence_1772,gauge+site,161,154,565050.0,2875950.0,26.000943,87.649992
1774,confluence_1773,gauge,94,119,554550.0,2896050.0,26.182866,87.54592
1774,confluence_1773,gauge+site,94,119,554550.0,2896050.0,26.182866,87.54592
1775,confluence_1774,gauge,160,146,562650.0,2876250.0,26.003757,87.626026
1775,confluence_1774,gauge+site,160,146,562650.0,2876250.0,26.003757,87.626026
1776,confluence_1775,gauge,123,146,562650.0,2887350.0,26.103982,87.626559
1776,confluence_1775,gauge+site,123,146,562650.0,2887350.0,26.103982,87.626559
1777,confluence_1776,gauge,132,116,553650.0,2884650.0,26.079966,87.536443
1777,confluence_1776,gauge+site,132,116,553650.0,2884650.0,26.079966,87.536443
1778,confluence_1777,gauge,160,164,568050.0,2876250.0,26.003514,87.679982
1778,confluence_1777,gauge+site,160,164,568050.0,2876250.0,26.003514,87.679982
1779,confluence_1778,gauge,100,145,562350.0,2894250.0,26.166296,87.62389
1779,confluence_1778,gauge+site,100,145,562350.0,2894250.0,26.166296,87.62389
1780,confluence_1779,gauge,101,88,545250.0,2893950.0,26.164227,87.452777
1780,confluence_1779,gauge+site,101,88,545250.0,2893950.0,26.164227,87.452777
1781,confluence_1780,gauge,173,157,565950.0,2872350.0,25.968397,87.658803
1781,confluence_1780,gauge+site,173,157,565950.0,2872350.0,25.968397,87.658803
1782,confluence_1781,gauge,123,130,557850.0,2887350.0,26.104183,87.578556
1782,confluence_1781,gauge+site,123,130,557850.0,2887350.0,26.104183,87.578556
1783,confluence_1782,gauge,93,136,559650.0,2896350.0,26.185372,87.59697
1783,confluence_1782,gauge+site,93,136,559650.0,2896350.0,26.185372,87.59697
1784,confluence_1783,gauge,132,163,567750.0,2884650.0,26.079373,87.67742
1784,confluence_1783,gauge+site,132,163,567750.0,2884650.0,26.079373,87.67742
1785,confluence_1784,gauge,93,137,559950.0,2896350.0,26.185359,87.599973
1785,confluence_1784,gauge+site,93,137,559950.0,2896350.0,26.185359,87.599973
1786,confluence_1785,gauge,101,64,538050.0,2893950.0,26.164436,87.380735
1786,confluence_1785,gauge+site,101,64,538050.0,2893950.0,26.164436,87.380735
1787,confluence_1786,gauge,121,104,550050.0,2887950.0,26.109892,87.500574
1787,confluence_1786,gauge+site,121,104,550050.0,2887950.0,26.109892,87.500574
1788,confluence_1787,gauge,172,152,564450.0,2872650.0,25.971173,87.643834
1788,confluence_1787,gauge+site,172,152,564450.0,2872650.0,25.971173,87.643834
1789,confluence_1788,gauge,173,149,563550.0,2872350.0,25.968504,87.63483
1789,confluence_1788,gauge+site,173,149,563550.0,2872350.0,25.968504,87.63483
1790,confluence_1789,gauge,123,139,560550.0,2887350.0,26.104072,87.605558
1790,confluence_1789,gauge+site,123,139,560550.0,2887350.0,26.104072,87.605558
1791,confluence_1790,gauge,160,141,561150.0,2876250.0,26.003821,87.611038
1791,confluence_1790,gauge+site,160,141,561150.0,2876250.0,26.003821,87.611038
1792,confluence_1791,gauge,132,132,558450.0,2884650.0,26.079779,87.584435
1792,confluence_1791,gauge+site,132,132,558450.0,2884650.0,26.079779,87.584435
1793,confluence_1792,gauge,120,159,566550.0,2888250.0,26.111933,87.665606
1793,confluence_1792,gauge+site,120,159,566550.0,2888250.0,26.111933,87.665606
1794,confluence_1793,gauge,132,134,559050.0,2884650.0,26.079755,87.590435
1794,confluence_1793,gauge+site,132,134,559050.0,2884650.0,26.079755,87.590435
1795,confluence_1794,gauge,120,160,566850.0,2888250.0,26.11192,87.668607
1795,confluence_1794,gauge+site,120,160,566850.0,2888250.0,26.11192,87.668607
1796,confluence_1795,gauge,123,160,566850.0,2887350.0,26.103793,87.66856
1796,confluence_1795,gauge+site,123,160,566850.0,2887350.0,26.103793,87.66856
1797,confluence_1796,gauge,138,136,559650.0,2882850.0,26.063478,87.596351
1797,confluence_1796,gauge+site,138,136,559650.0,2882850.0,26.063478,87.596351
1798,confluence_1797,gauge,121,102,549450.0,2887950.0,26.109913,87.494574
1798,confluence_1797,gauge+site,121,102,549450.0,2887950.0,26.109913,87.494574
1799,confluence_1798,gauge,101,86,544650.0,2893950.0,26.164246,87.446774
1799,confluence_1798,gauge+site,101,86,544650.0,2893950.0,26.164246,87.446774
1800,confluence_1799,gauge,94,78,542250.0,2896050.0,26.18328,87.422828
1800,confluence_1799,gauge+site,94,78,542250.0,2896050.0,26.18328,87.422828
1801,confluence_1800,gauge,172,146,562650.0,2872650.0,25.971252,87.625854
1801,confluence_1800,gauge+site,172,146,562650.0,2872650.0,25.971252,87.625854
1802,confluence_1801,gauge,93,133,558750.0,2896350.0,26.185409,87.587964
1802,confluence_1801,gauge+site,93,133,558750.0,2896350.0,26.185409,87.587964
1803,confluence_1802,gauge,94,100,548850.0,2896050.0,26.183071,87.488877
1803,confluence_1802,gauge+site,94,100,548850.0,2896050.0,26.183071,87.488877
1804,confluence_1803,gauge,160,122,555450.0,2876250.0,26.004051,87.554083
1804,confluence_1803,gauge+site,160,122,555450.0,2876250.0,26.004051,87.554083
1805,confluence_1804,gauge,100,104,550050.0,2894250.0,26.166777,87.500817
1805,confluence_1804,gauge+site,100,104,550050.0,2894250.0,26.166777,87.500817
1806,confluence_1805,gauge,100,108,551250.0,2894250.0,26.166735,87.512824
1806,confluence_1805,gauge+site,100,108,551250.0,2894250.0,26.166735,87.512824
1807,confluence_1806,gauge,100,109,551550.0,2894250.0,26.166724,87.515826
1807,confluence_1806,gauge+site,100,109,551550.0,2894250.0,26.166724,87.515826
1808,confluence_1807,gauge,171,164,568050.0,2872950.0,25.973717,87.679811
1808,confluence_1807,gauge+site,171,164,568050.0,2872950.0,25.973717,87.679811
1809,confluence_1808,gauge,94,110,551850.0,2896050.0,26.182966,87.5189
1809,confluence_1808,gauge+site,94,110,551850.0,2896050.0,26.182966,87.5189
1810,confluence_1809,gauge,100,110,551850.0,2894250.0,26.166713,87.518828
1810,confluence_1809,gauge+site,100,110,551850.0,2894250.0,26.166713,87.518828
1811,confluence_1810,gauge,94,107,550950.0,2896050.0,26.182998,87.509893
1811,confluence_1810,gauge+site,94,107,550950.0,2896050.0,26.182998,87.509893
1812,confluence_1811,gauge,173,159,566550.0,2872350.0,25.968369,87.664796
1812,confluence_1811,gauge+site,173,159,566550.0,2872350.0,25.968369,87.664796
1813,confluence_1812,gauge,173,146,562650.0,2872350.0,25.968543,87.625839
1813,confluence_1812,gauge+site,173,146,562650.0,2872350.0,25.968543,87.625839
1814,confluence_1813,gauge,161,153,564750.0,2875950.0,26.000956,87.646994
1814,confluence_1813,gauge+site,161,153,564750.0,2875950.0,26.000956,87.646994
1815,confluence_1814,gauge,161,141,561150.0,2875950.0,26.001113,87.611024
1815,confluence_1814,gauge+site,161,141,561150.0,2875950.0,26.001113,87.611024
1816,confluence_1815,gauge,172,140,560850.0,2872650.0,25.971328,87.607873
1816,confluence_1815,gauge+site,172,140,560850.0,2872650.0,25.971328,87.607873
1817,confluence_1816,gauge,161,137,559950.0,2875950.0,26.001163,87.599034
1817,confluence_1816,gauge+site,161,137,559950.0,2875950.0,26.001163,87.599034
1818,confluence_1817,gauge,130,120,554850.0,2885250.0,26.085338,87.548466
1818,confluence_1817,gauge+site,130,120,554850.0,2885250.0,26.085338,87.548466
1819,confluence_1818,gauge,124,146,562650.0,2887050.0,26.101273,87.626544
1819,confluence_1818,gauge+site,124,146,562650.0,2887050.0,26.101273,87.626544
1820,confluence_1819,gauge,140,114,553050.0,2882250.0,26.058317,87.530346
1820,confluence_1819,gauge+site,140,114,553050.0,2882250.0,26.058317,87.530346
1821,confluence_1820,gauge,160,120,554850.0,2876250.0,26.004074,87.548088
1821,confluence_1820,gauge+site,160,120,554850.0,2876250.0,26.004074,87.548088
1822,confluence_1821,gauge,100,117,553950.0,2894250.0,26.166636,87.53984
1822,confluence_1821,gauge+site,100,117,553950.0,2894250.0,26.166636,87.53984
1823,confluence_1822,gauge,132,139,560550.0,2884650.0,26.079693,87.605432
1823,confluence_1822,gauge+site,132,139,560550.0,2884650.0,26.079693,87.605432
1824,confluence_1823,gauge,135,127,556950.0,2883750.0,26.071713,87.569398
1824,confluence_1823,gauge+site,135,127,556950.0,2883750.0,26.071713,87.569398
1825,confluence_1824,gauge,100,120,554850.0,2894250.0,26.166602,87.548846
1825,confluence_1824,gauge+site,100,120,554850.0,2894250.0,26.166602,87.548846
1826,confluence_1825,gauge,101,101,549150.0,2893950.0,26.164099,87.4918
1826,confluence_1825,gauge+site,101,101,549150.0,2893950.0,26.164099,87.4918
1827,confluence_1826,gauge,100,123,555750.0,2894250.0,26.166567,87.557851
1827,confluence_1826,gauge+site,100,123,555750.0,2894250.0,26.166567,87.557851
1828,confluence_1827,gauge,140,124,556050.0,2882250.0,26.058204,87.560336
1828,confluence_1827,gauge+site,140,124,556050.0,2882250.0,26.058204,87.560336
1829,confluence_1828,gauge,130,108,551250.0,2885250.0,26.085471,87.512469
1829,confluence_1828,gauge+site,130,108,551250.0,2885250.0,26.085471,87.512469
1830,confluence_1829,gauge,100,141,561150.0,2894250.0,26.166348,87.611883
1830,confluence_1829,gauge+site,100,141,561150.0,2894250.0,26.166348,87.611883
1831,confluence_1830,gauge,101,105,550350.0,2893950.0,26.164058,87.503807
1831,confluence_1830,gauge+site,101,105,550350.0,2893950.0,26.164058,87.503807
1832,confluence_1831,gauge,167,126,556650.0,2874150.0,25.985043,87.565983
1832,confluence_1831,gauge+site,167,126,556650.0,2874150.0,25.985043,87.565983
1833,confluence_1832,gauge,132,106,550650.0,2884650.0,26.080074,87.506447
1833,confluence_1832,gauge+site,132,106,550650.0,2884650.0,26.080074,87.506447
1834,confluence_1833,gauge,97,88,545250.0,2895150.0,26.175062,87.452819
1834,confluence_1833,gauge+site,97,88,545250.0,2895150.0,26.175062,87.452819
1835,confluence_1834,gauge,139,115,553350.0,2882550.0,26.061015,87.533357
1835,confluence_1834,gauge+site,139,115,553350.0,2882550.0,26.061015,87.533357
1836,confluence_1835,gauge,97,84,544050.0,2895150.0,26.1751,87.440811
1836,confluence_1835,gauge+site,97,84,544050.0,2895150.0,26.1751,87.440811
1837,confluence_1836,gauge,124,135,559350.0,2887050.0,26.101413,87.593543
1837,confluence_1836,gauge+site,124,135,559350.0,2887050.0,26.101413,87.593543
1838,confluence_1837,gauge,165,134,559050.0,2874750.0,25.990364,87.589987
1838,confluence_1837,gauge+site,165,134,559050.0,2874750.0,25.990364,87.589987
1839,confluence_1838,gauge,133,149,563550.0,2884350.0,26.076855,87.635413
1839,confluence_1838,gauge+site,133,149,563550.0,2884350.0,26.076855,87.635413
1840,confluence_1839,gauge,165,136,559650.0,2874750.0,25.99034,87.595982
1840,confluence_1839,gauge+site,165,136,559650.0,2874750.0,25.99034,87.595982
1841,confluence_1840,gauge,138,157,565950.0,2882850.0,26.063204,87.659332
1841,confluence_1840,gauge+site,138,157,565950.0,2882850.0,26.063204,87.659332
1842,confluence_1841,gauge,168,121,555150.0,2873850.0,25.982392,87.550985
1842,confluence_1841,gauge+site,168,121,555150.0,2873850.0,25.982392,87.550985
1843,confluence_1842,gauge,134,105,550350.0,2884050.0,26.074667,87.503424
1843,confluence_1842,gauge+site,134,105,550350.0,2884050.0,26.074667,87.503424
1844,confluence_1843,gauge,167,162,567450.0,2874150.0,25.98458,87.673879
1844,confluence_1843,gauge+site,167,162,567450.0,2874150.0,25.98458,87.673879
1845,confluence_1844,gauge,165,145,562350.0,2874750.0,25.990226,87.622957
1845,confluence_1844,gauge+site,165,145,562350.0,2874750.0,25.990226,87.622957
1846,confluence_1845,gauge,97,78,542250.0,2895150.0,26.175154,87.422799
1846,confluence_1845,gauge+site,97,78,542250.0,2895150.0,26.175154,87.422799
1847,confluence_1846,gauge,139,114,553050.0,2882550.0,26.061026,87.530358
1847,confluence_1846,gauge+site,139,114,553050.0,2882550.0,26.061026,87.530358
1848,confluence_1847,gauge,97,70,539850.0,2895150.0,26.175222,87.398782
1848,confluence_1847,gauge+site,97,70,539850.0,2895150.0,26.175222,87.398782
1849,confluence_1848,gauge,165,129,557550.0,2874750.0,25.990425,87.575001
1849,confluence_1848,gauge+site,165,129,557550.0,2874750.0,25.990425,87.575001
1850,confluence_1849,gauge,96,60,536850.0,2895450.0,26.178011,87.36877
1850,confluence_1849,gauge+site,96,60,536850.0,2895450.0,26.178011,87.36877
1851,confluence_1850,gauge,165,126,556650.0,2874750.0,25.99046,87.566009
1851,confluence_1850,gauge+site,165,126,556650.0,2874750.0,25.99046,87.566009
1852,confluence_1851,gauge,97,104,550050.0,2895150.0,26.174903,87.500852
1852,confluence_1851,gauge+site,97,104,550050.0,2895150.0,26.174903,87.500852
1853,confluence_1852,gauge,96,59,536550.0,2895450.0,26.178019,87.365768
1853,confluence_1852,gauge+site,96,59,536550.0,2895450.0,26.178019,87.365768
1854,confluence_1853,gauge,97,137,559950.0,2895150.0,26.174524,87.599917
1854,confluence_1853,gauge+site,97,137,559950.0,2895150.0,26.174524,87.599917
1855,confluence_1854,gauge,168,141,561150.0,2873850.0,25.982151,87.610926
1855,confluence_1854,gauge+site,168,141,561150.0,2873850.0,25.982151,87.610926
1856,confluence_1855,gauge,164,145,562350.0,2875050.0,25.992935,87.622971
1856,confluence_1855,gauge+site,164,145,562350.0,2875050.0,25.992935,87.622971
1857,confluence_1856,gauge,164,146,562650.0,2875050.0,25.992922,87.625969
1857,confluence_1856,gauge+site,164,146,562650.0,2875050.0,25.992922,87.625969
1858,confluence_1857,gauge,97,132,558450.0,2895150.0,26.174586,87.584907
1858,confluence_1857,gauge+site,97,132,558450.0,2895150.0,26.174586,87.584907
1859,confluence_1858,gauge,123,116,553650.0,2887350.0,26.104345,87.536554
1859,confluence_1858,gauge+site,123,116,553650.0,2887350.0,26.104345,87.536554
1860,confluence_1859,gauge,97,67,538950.0,2895150.0,26.175247,87.389776
1860,confluence_1859,gauge+site,97,67,538950.0,2895150.0,26.175247,87.389776
1861,confluence_1860,gauge,97,130,557850.0,2895150.0,26.174611,87.578903
1861,confluence_1860,gauge+site,97,130,557850.0,2895150.0,26.174611,87.578903
1862,confluence_1861,gauge,134,106,550650.0,2884050.0,26.074656,87.506423
1862,confluence_1861,gauge+site,134,106,550650.0,2884050.0,26.074656,87.506423
1863,confluence_1862,gauge,165,123,555750.0,2874750.0,25.990495,87.557017
1863,confluence_1862,gauge+site,165,123,555750.0,2874750.0,25.990495,87.557017
1864,confluence_1863,gauge,101,127,556950.0,2893950.0,26.163811,87.569845
1864,confluence_1863,gauge+site,101,127,556950.0,2893950.0,26.163811,87.569845
1865,confluence_1864,gauge,165,124,556050.0,2874750.0,25.990484,87.560014
1865,confluence_1864,gauge+site,165,124,556050.0,2874750.0,25.990484,87.560014
1866,confluence_1865,gauge,97,118,554250.0,2895150.0,26.174751,87.54288
1866,confluence_1865,gauge+site,97,118,554250.0,2895150.0,26.174751,87.54288
1867,confluence_1866,gauge,97,106,550650.0,2895150.0,26.174882,87.506856
1867,confluence_1866,gauge+site,97,106,550650.0,2895150.0,26.174882,87.506856
1868,confluence_1867,gauge,124,136,559650.0,2887050.0,26.1014,87.596543
1868,confluence_1867,gauge+site,124,136,559650.0,2887050.0,26.1014,87.596543
1869,confluence_1868,gauge,165,120,554850.0,2874750.0,25.99053,87.548025
1869,confluence_1868,gauge+site,165,120,554850.0,2874750.0,25.99053,87.548025
1870,confluence_1869,gauge,164,140,560850.0,2875050.0,25.992999,87.607985
1870,confluence_1869,gauge+site,164,140,560850.0,2875050.0,25.992999,87.607985
1871,confluence_1870,gauge,138,167,568950.0,2882850.0,26.063064,87.689323
1871,confluence_1870,gauge+site,138,167,568950.0,2882850.0,26.063064,87.689323
1872,confluence_1871,gauge,165,161,567150.0,2874750.0,25.990012,87.670913
1872,confluence_1871,gauge+site,165,161,567150.0,2874750.0,25.990012,87.670913
1873,confluence_1872,gauge,96,132,558450.0,2895450.0,26.177295,87.584921
1873,confluence_1872,gauge+site,96,132,558450.0,2895450.0,26.177295,87.584921
1874,confluence_1873,gauge,133,163,567750.0,2884350.0,26.076664,87.677405
1874,confluence_1873,gauge+site,133,163,567750.0,2884350.0,26.076664,87.677405
1875,confluence_1874,gauge,131,127,556950.0,2884950.0,26.082548,87.569451
1875,confluence_1874,gauge+site,131,127,556950.0,2884950.0,26.082548,87.569451
1876,confluence_1875,gauge,96,88,545250.0,2895450.0,26.177771,87.45283
1876,confluence_1875,gauge+site,96,88,545250.0,2895450.0,26.177771,87.45283
1877,confluence_1876,gauge,131,137,559950.0,2884950.0,26.082427,87.599447
1877,confluence_1876,gauge+site,131,137,559950.0,2884950.0,26.082427,87.599447
1878,confluence_1877,gauge,96,125,556350.0,2895450.0,26.177379,87.563907
1878,confluence_1877,gauge+site,96,125,556350.0,2895450.0,26.177379,87.563907
1879,confluence_1878,gauge,133,155,565350.0,2884350.0,26.076775,87.653409
1879,confluence_1878,gauge+site,133,155,565350.0,2884350.0,26.076775,87.653409
1880,confluence_1879,gauge,123,96,547650.0,2887350.0,26.104556,87.476549
1880,confluence_1879,gauge+site,123,96,547650.0,2887350.0,26.104556,87.476549
1881,confluence_1880,gauge,166,159,566550.0,2874450.0,25.987331,87.664903
1881,confluence_1880,gauge+site,166,159,566550.0,2874450.0,25.987331,87.664903
1882,confluence_1881,gauge,131,141,561150.0,2884950.0,26.082376,87.611445
1882,confluence_1881,gauge+site,131,141,561150.0,2884950.0,26.082376,87.611445
1883,confluence_1882,gauge,138,143,561750.0,2882850.0,26.063389,87.617345
1883,confluence_1882,gauge+site,138,143,561750.0,2882850.0,26.063389,87.617345
1884,confluence_1883,gauge,96,92,546450.0,2895450.0,26.177733,87.464838
1884,confluence_1883,gauge+site,96,92,546450.0,2895450.0,26.177733,87.464838
1885,confluence_1884,gauge,167,127,556950.0,2874150.0,25.985031,87.56898
1885,confluence_1884,gauge+site,167,127,556950.0,2874150.0,25.985031,87.56898
1886,confluence_1885,gauge,139,105,550350.0,2882550.0,26.061123,87.503366
1886,confluence_1885,gauge+site,139,105,550350.0,2882550.0,26.061123,87.503366
1887,confluence_1886,gauge,96,110,551850.0,2895450.0,26.177548,87.518876
1887,confluence_1886,gauge+site,96,110,551850.0,2895450.0,26.177548,87.518876
1888,confluence_1887,gauge,166,138,560250.0,2874450.0,25.987606,87.601962
1888,confluence_1887,gauge+site,166,138,560250.0,2874450.0,25.987606,87.601962
1889,confluence_1888,gauge,96,86,544650.0,2895450.0,26.17779,87.446825
1889,confluence_1888,gauge+site,96,86,544650.0,2895450.0,26.17779,87.446825
1890,confluence_1889,gauge,96,138,560250.0,2895450.0,26.177221,87.602933
1890,confluence_1889,gauge+site,96,138,560250.0,2895450.0,26.177221,87.602933
1891,confluence_1890,gauge,96,84,544050.0,2895450.0,26.177808,87.440821
1891,confluence_1890,gauge+site,96,84,544050.0,2895450.0,26.177808,87.440821
1892,confluence_1891,gauge,165,163,567750.0,2874750.0,25.989984,87.676907
1892,confluence_1891,gauge+site,165,163,567750.0,2874750.0,25.989984,87.676907
1893,confluence_1892,gauge,122,148,563250.0,2887650.0,26.106665,87.632574
1893,confluence_1892,gauge+site,122,148,563250.0,2887650.0,26.106665,87.632574
1894,confluence_1893,gauge,165,168,569250.0,2874750.0,25.989913,87.691893
1894,confluence_1893,gauge+site,165,168,569250.0,2874750.0,25.989913,87.691893
1895,confluence_1894,gauge,167,157,565950.0,2874150.0,25.984649,87.658894
1895,confluence_1894,gauge+site,167,157,565950.0,2874150.0,25.984649,87.658894
1896,confluence_1895,gauge,123,106,550650.0,2887350.0,26.104453,87.506552
1896,confluence_1895,gauge+site,123,106,550650.0,2887350.0,26.104453,87.506552
1897,confluence_1896,gauge,139,112,552450.0,2882550.0,26.061048,87.52436
1897,confluence_1896,gauge+site,139,112,552450.0,2882550.0,26.061048,87.52436
1898,confluence_1897,gauge,96,147,562950.0,2895450.0,26.177105,87.629951
1898,confluence_1897,gauge+site,96,147,562950.0,2895450.0,26.177105,87.629951
1899,confluence_1898,gauge,96,64,538050.0,2895450.0,26.17798,87.380779
1899,confluence_1898,gauge+site,96,64,538050.0,2895450.0,26.17798,87.380779
1900,confluence_1899,gauge,138,170,569850.0,2882850.0,26.06302,87.69832
1900,confluence_1899,gauge+site,138,170,569850.0,2882850.0,26.06302,87.69832
1901,confluence_1900,gauge,133,154,565050.0,2884350.0,26.076788,87.65041
1901,confluence_1900,gauge+site,133,154,565050.0,2884350.0,26.076788,87.65041
1902,confluence_1901,gauge,122,160,566850.0,2887650.0,26.106502,87.668576
1902,confluence_1901,gauge+site,122,160,566850.0,2887650.0,26.106502,87.668576
1903,confluence_1902,gauge,167,144,562050.0,2874150.0,25.984822,87.619931
1903,confluence_1902,gauge+site,167,144,562050.0,2874150.0,25.984822,87.619931
1904,confluence_1903,gauge,139,104,550050.0,2882550.0,26.061133,87.500367
1904,confluence_1903,gauge+site,139,104,550050.0,2882550.0,26.061133,87.500367
1905,confluence_1904,gauge,166,128,557250.0,2874450.0,25.987728,87.57199
1905,confluence_1904,gauge+site,166,128,557250.0,2874450.0,25.987728,87.57199
1906,confluence_1905,gauge,166,129,557550.0,2874450.0,25.987716,87.574988
1906,confluence_1905,gauge+site,166,129,557550.0,2874450.0,25.987716,87.574988
1907,confluence_1906,gauge,167,138,560250.0,2874150.0,25.984897,87.601949
1907,confluence_1906,gauge+site,167,138,560250.0,2874150.0,25.984897,87.601949
1908,confluence_1907,gauge,124,129,557550.0,2887050.0,26.101486,87.575543
1908,confluence_1907,gauge+site,124,129,557550.0,2887050.0,26.101486,87.575543
1909,confluence_1908,gauge,131,155,565350.0,2884950.0,26.082192,87.653439
1909,confluence_1908,gauge+site,131,155,565350.0,2884950.0,26.082192,87.653439
1910,confluence_1909,gauge,168,151,564150.0,2873850.0,25.982021,87.640896
1910,confluence_1909,gauge+site,168,151,564150.0,2873850.0,25.982021,87.640896
1911,confluence_1910,gauge,164,135,559350.0,2875050.0,25.993061,87.592998
1911,confluence_1910,gauge+site,164,135,559350.0,2875050.0,25.993061,87.592998
1912,confluence_1911,gauge,139,128,557250.0,2882550.0,26.060866,87.572345
1912,confluence_1911,gauge+site,139,128,557250.0,2882550.0,26.060866,87.572345
1913,confluence_1912,gauge,131,164,568050.0,2884950.0,26.082067,87.680435
1913,confluence_1912,gauge+site,131,164,568050.0,2884950.0,26.082067,87.680435
1914,confluence_1913,gauge,169,153,564750.0,2873550.0,25.979286,87.646876
1914,confluence_1913,gauge+site,169,153,564750.0,2873550.0,25.979286,87.646876
1915,confluence_1914,gauge,95,103,549750.0,2895750.0,26.180331,87.497873
1915,confluence_1914,gauge+site,95,103,549750.0,2895750.0,26.180331,87.497873
1916,confluence_1915,gauge,163,124,556050.0,2875350.0,25.995901,87.56004
1916,confluence_1915,gauge+site,163,124,556050.0,2875350.0,25.995901,87.56004
1917,confluence_1916,gauge,98,142,561450.0,2894850.0,26.171752,87.614913
1917,confluence_1916,gauge+site,98,142,561450.0,2894850.0,26.171752,87.614913
1918,confluence_1917,gauge,133,123,555750.0,2884350.0,26.077177,87.557427
1918,confluence_1917,gauge+site,133,123,555750.0,2884350.0,26.077177,87.557427
1919,confluence_1918,gauge,95,110,551850.0,2895750.0,26.180257,87.518888
1919,confluence_1918,gauge+site,95,110,551850.0,2895750.0,26.180257,87.518888
1920,confluence_1919,gauge,163,127,556950.0,2875350.0,25.995866,87.569032
1920,confluence_1919,gauge+site,163,127,556950.0,2875350.0,25.995866,87.569032
1921,confluence_1920,gauge,98,141,561150.0,2894850.0,26.171765,87.611911
1921,confluence_1920,gauge+site,98,141,561150.0,2894850.0,26.171765,87.611911
1922,confluence_1921,gauge,131,159,566550.0,2884950.0,26.082137,87.665438
1922,confluence_1921,gauge+site,131,159,566550.0,2884950.0,26.082137,87.665438
1923,confluence_1922,gauge,98,135,559350.0,2894850.0,26.171841,87.5939
1923,confluence_1922,gauge+site,98,135,559350.0,2894850.0,26.171841,87.5939
1924,confluence_1923,gauge,163,132,558450.0,2875350.0,25.995806,87.584019
1924,confluence_1923,gauge+site,163,132,558450.0,2875350.0,25.995806,87.584019
1925,confluence_1924,gauge,163,140,560850.0,2875350.0,25.995708,87.607999
1925,confluence_1924,gauge+site,163,140,560850.0,2875350.0,25.995708,87.607999
1926,confluence_1925,gauge,130,149,563550.0,2885250.0,26.084981,87.635457
1926,confluence_1925,gauge+site,130,149,563550.0,2885250.0,26.084981,87.635457
1927,confluence_1926,gauge,162,161,567150.0,2875650.0,25.998138,87.670959
1927,confluence_1926,gauge+site,162,161,567150.0,2875650.0,25.998138,87.670959
1928,confluence_1927,gauge,121,158,566250.0,2887950.0,26.109239,87.662591
1928,confluence_1927,gauge+site,121,158,566250.0,2887950.0,26.109239,87.662591
1929,confluence_1928,gauge,162,160,566850.0,2875650.0,25.998152,87.667961
1929,confluence_1928,gauge+site,162,160,566850.0,2875650.0,25.998152,87.667961
1930,confluence_1929,gauge,124,137,559950.0,2887050.0,26.101388,87.599544
1930,confluence_1929,gauge+site,124,137,559950.0,2887050.0,26.101388,87.599544
1931,confluence_1930,gauge,139,142,561450.0,2882550.0,26.060693,87.614332
1931,confluence_1930,gauge+site,139,142,561450.0,2882550.0,26.060693,87.614332
1932,confluence_1931,gauge,95,69,539550.0,2895750.0,26.180648,87.395798
1932,confluence_1931,gauge+site,95,69,539550.0,2895750.0,26.180648,87.395798
1933,confluence_1932,gauge,133,119,554550.0,2884350.0,26.077223,87.545429
1933,confluence_1932,gauge+site,133,119,554550.0,2884350.0,26.077223,87.545429
1934,confluence_1933,gauge,132,105,550350.0,2884650.0,26.080085,87.503447
1934,confluence_1933,gauge+site,132,105,550350.0,2884650.0,26.080085,87.503447
1935,confluence_1934,gauge,133,122,555450.0,2884350.0,26.077189,87.554427
1935,confluence_1934,gauge+site,133,122,555450.0,2884350.0,26.077189,87.554427
1936,confluence_1935,gauge,162,146,562650.0,2875650.0,25.99834,87.625997
1936,confluence_1935,gauge+site,162,146,562650.0,2875650.0,25.99834,87.625997
1937,confluence_1936,gauge,95,78,542250.0,2895750.0,26.180571,87.422818
1937,confluence_1936,gauge+site,95,78,542250.0,2895750.0,26.180571,87.422818
1938,confluence_1937,gauge,138,156,565650.0,2882850.0,26.063217,87.656333
1938,confluence_1937,gauge+site,138,156,565650.0,2882850.0,26.063217,87.656333
1939,confluence_1938,gauge,95,80,542850.0,2895750.0,26.180554,87.428823
1939,confluence_1938,gauge+site,95,80,542850.0,2895750.0,26.180554,87.428823
1940,confluence_1939,gauge,130,146,562650.0,2885250.0,26.085021,87.626458
1940,confluence_1939,gauge+site,130,146,562650.0,2885250.0,26.085021,87.626458
1941,confluence_1940,gauge,95,94,547050.0,2895750.0,26.180422,87.470853
1941,confluence_1940,gauge+site,95,94,547050.0,2895750.0,26.180422,87.470853
1942,confluence_1941,gauge,162,156,565650.0,2875650.0,25.998207,87.655972
1942,confluence_1941,gauge+site,162,156,565650.0,2875650.0,25.998207,87.655972
1943,confluence_1942,gauge,162,158,566250.0,2875650.0,25.99818,87.661967
1943,confluence_1942,gauge+site,162,158,566250.0,2875650.0,25.99818,87.661967
1944,confluence_1943,gauge,96,102,549450.0,2895450.0,26.177633,87.494859
1944,confluence_1943,gauge+site,96,102,549450.0,2895450.0,26.177633,87.494859
1945,confluence_1944,gauge,169,155,565350.0,2873550.0,25.979259,87.652869
1945,confluence_1944,gauge+site,169,155,565350.0,2873550.0,25.979259,87.652869
1946,confluence_1945,gauge,121,148,563250.0,2887950.0,26.109373,87.632588
1946,confluence_1945,gauge+site,121,148,563250.0,2887950.0,26.109373,87.632588
1947,confluence_1946,gauge,95,87,544950.0,2895750.0,26.180489,87.449838
1947,confluence_1946,gauge+site,95,87,544950.0,2895750.0,26.180489,87.449838
1948,confluence_1947,gauge,95,112,552450.0,2895750.0,26.180235,87.524892
1948,confluence_1947,gauge+site,95,112,552450.0,2895750.0,26.180235,87.524892
1949,confluence_1948,gauge,98,130,557850.0,2894850.0,26.171902,87.57889
1949,confluence_1948,gauge+site,98,130,557850.0,2894850.0,26.171902,87.57889
1950,confluence_1949,gauge,169,140,560850.0,2873550.0,25.979455,87.607915
1950,confluence_1949,gauge+site,169,140,560850.0,2873550.0,25.979455,87.607915
1951,confluence_1950,gauge,122,109,551550.0,2887650.0,26.10713,87.515564
1951,confluence_1950,gauge+site,122,109,551550.0,2887650.0,26.10713,87.515564
1952,confluence_1951,gauge,98,87,544950.0,2894850.0,26.172363,87.449807
1952,confluence_1951,gauge+site,98,87,544950.0,2894850.0,26.172363,87.449807
1953,confluence_1952,gauge,123,117,553950.0,2887350.0,26.104334,87.539554
1953,confluence_1952,gauge+site,123,117,553950.0,2887350.0,26.104334,87.539554
1954,confluence_1953,gauge,95,125,556350.0,2895750.0,26.180088,87.56392
1954,confluence_1953,gauge+site,95,125,556350.0,2895750.0,26.180088,87.56392
1955,confluence_1954,gauge,98,83,543750.0,2894850.0,26.1724,87.437799
1955,confluence_1954,gauge+site,98,83,543750.0,2894850.0,26.1724,87.437799
1956,confluence_1955,gauge,164,124,556050.0,2875050.0,25.993192,87.560027
1956,confluence_1955,gauge+site,164,124,556050.0,2875050.0,25.993192,87.560027
1957,confluence_1956,gauge,133,126,556650.0,2884350.0,26.077142,87.566425
1957,confluence_1956,gauge+site,133,126,556650.0,2884350.0,26.077142,87.566425
1958,confluence_1957,gauge,168,160,566850.0,2873850.0,25.981899,87.667869
1958,confluence_1957,gauge+site,168,160,566850.0,2873850.0,25.981899,87.667869
1959,confluence_1958,gauge,164,126,556650.0,2875050.0,25.993169,87.566022
1959,confluence_1958,gauge+site,164,126,556650.0,2875050.0,25.993169,87.566022
1960,confluence_1959,gauge,168,157,565950.0,2873850.0,25.981941,87.658878
1960,confluence_1959,gauge+site,168,157,565950.0,2873850.0,25.981941,87.658878
1961,confluence_1960,gauge,168,152,564450.0,2873850.0,25.982008,87.643893
1961,confluence_1960,gauge+site,168,152,564450.0,2873850.0,25.982008,87.643893
1962,confluence_1961,gauge,98,67,538950.0,2894850.0,26.172538,87.389767
1962,confluence_1961,gauge+site,98,67,538950.0,2894850.0,26.172538,87.389767
1963,confluence_1962,gauge,98,60,536850.0,2894850.0,26.172593,87.368753
1963,confluence_1962,gauge+site,98,60,536850.0,2894850.0,26.172593,87.368753
1964,confluence_1963,gauge,98,59,536550.0,2894850.0,26.172601,87.365751
1964,confluence_1963,gauge+site,98,59,536550.0,2894850.0,26.172601,87.365751
1965,confluence_1964,gauge,95,138,560250.0,2895750.0,26.179929,87.602947
1965,confluence_1964,gauge+site,95,138,560250.0,2895750.0,26.179929,87.602947
1966,confluence_1965,gauge,133,128,557250.0,2884350.0,26.077119,87.572424
1966,confluence_1965,gauge+site,133,128,557250.0,2884350.0,26.077119,87.572424
1967,confluence_1966,gauge,164,129,557550.0,2875050.0,25.993134,87.575014
1967,confluence_1966,gauge+site,164,129,557550.0,2875050.0,25.993134,87.575014
1968,confluence_1967,gauge,99,105,550350.0,2894550.0,26.169475,87.50383
1968,confluence_1967,gauge+site,99,105,550350.0,2894550.0,26.169475,87.50383
1969,confluence_1968,gauge,95,121,555150.0,2895750.0,26.180134,87.551911
1969,confluence_1968,gauge+site,95,121,555150.0,2895750.0,26.180134,87.551911
1970,confluence_1969,gauge,98,90,545850.0,2894850.0,26.172335,87.458813
1970,confluence_1969,gauge+site,98,90,545850.0,2894850.0,26.172335,87.458813
1971,confluence_1970,gauge,98,117,553950.0,2894850.0,26.172053,87.539865
1971,confluence_1970,gauge+site,98,117,553950.0,2894850.0,26.172053,87.539865
1972,confluence_1971,gauge,139,126,556650.0,2882550.0,26.060889,87.566347
1972,confluence_1971,gauge+site,139,126,556650.0,2882550.0,26.060889,87.566347
1973,confluence_1972,gauge,98,112,552450.0,2894850.0,26.172109,87.524856
1973,confluence_1972,gauge+site,98,112,552450.0,2894850.0,26.172109,87.524856
1974,confluence_1973,gauge,168,169,569550.0,2873850.0,25.981772,87.694842
1974,confluence_1973,gauge+site,168,169,569550.0,2873850.0,25.981772,87.694842
1975,confluence_1974,gauge,98,109,551550.0,2894850.0,26.172141,87.51585
1975,confluence_1974,gauge+site,98,109,551550.0,2894850.0,26.172141,87.51585
1976,confluence_1975,gauge,98,106,550650.0,2894850.0,26.172173,87.506844
1976,confluence_1975,gauge+site,98,106,550650.0,2894850.0,26.172173,87.506844
1977,confluence_1976,gauge,131,102,549450.0,2884950.0,26.082825,87.49446
1977,confluence_1976,gauge+site,131,102,549450.0,2884950.0,26.082825,87.49446
1978,confluence_1977,gauge,163,151,564150.0,2875350.0,25.995565,87.64097
1978,confluence_1977,gauge+site,163,151,564150.0,2875350.0,25.995565,87.64097
1979,confluence_1978,gauge,131,158,566250.0,2884950.0,26.082151,87.662438
1979,confluence_1978,gauge+site,131,158,566250.0,2884950.0,26.082151,87.662438
1980,confluence_1979,gauge,163,146,562650.0,2875350.0,25.995631,87.625983
1980,confluence_1979,gauge+site,163,146,562650.0,2875350.0,25.995631,87.625983
1981,confluence_1980,gauge,122,103,549750.0,2887650.0,26.107194,87.497562
1981,confluence_1980,gauge+site,122,103,549750.0,2887650.0,26.107194,87.497562
1982,confluence_1981,gauge,95,113,552750.0,2895750.0,26.180224,87.527894
1982,confluence_1981,gauge+site,95,113,552750.0,2895750.0,26.180224,87.527894
1983,confluence_1982,gauge,131,156,565650.0,2884950.0,26.082179,87.656439
1983,confluence_1982,gauge+site,131,156,565650.0,2884950.0,26.082179,87.656439
1984,confluence_1983,gauge,168,162,567450.0,2873850.0,25.981872,87.673864
1984,confluence_1983,gauge+site,168,162,567450.0,2873850.0,25.981872,87.673864
1985,confluence_1984,gauge,134,108,551250.0,2884050.0,26.074635,87.512422
1985,confluence_1984,gauge+site,134,108,551250.0,2884050.0,26.074635,87.512422
1986,confluence_1985,gauge,98,98,548250.0,2894850.0,26.172256,87.482828
1986,confluence_1985,gauge+site,98,98,548250.0,2894850.0,26.172256,87.482828
1987,confluence_1986,gauge,98,101,549150.0,2894850.0,26.172226,87.491834
1987,confluence_1986,gauge+site,98,101,549150.0,2894850.0,26.172226,87.491834
1988,confluence_1987,gauge,116,138,560250.0,2889450.0,26.123046,87.602655
1988,confluence_1987,gauge+site,116,138,560250.0,2889450.0,26.123046,87.602655
1989,confluence_1988,gauge,157,144,562050.0,2877150.0,26.01191,87.620073
1989,confluence_1988,gauge+site,157,144,562050.0,2877150.0,26.01191,87.620073
1990,confluence_1989,gauge,159,152,564450.0,2876550.0,26.006387,87.644026
1990,confluence_1989,gauge+site,159,152,564450.0,2876550.0,26.006387,87.644026
1991,confluence_1990,gauge,148,119,554550.0,2879850.0,26.036591,87.545241
1991,confluence_1990,gauge+site,148,119,554550.0,2879850.0,26.036591,87.545241
1992,confluence_1991,gauge,138,107,550950.0,2882850.0,26.063811,87.509376
1992,confluence_1991,gauge+site,138,107,550950.0,2882850.0,26.063811,87.509376
1993,confluence_1992,gauge,126,146,562650.0,2886450.0,26.095856,87.626515
1993,confluence_1992,gauge+site,126,146,562650.0,2886450.0,26.095856,87.626515
1994,confluence_1993,gauge,112,91,546150.0,2890650.0,26.134402,87.461665
1994,confluence_1993,gauge+site,112,91,546150.0,2890650.0,26.134402,87.461665
1995,confluence_1994,gauge,125,118,554250.0,2886750.0,26.098905,87.542529
1995,confluence_1994,gauge+site,125,118,554250.0,2886750.0,26.098905,87.542529
1996,confluence_1995,gauge,148,127,556950.0,2879850.0,26.036498,87.569228
1996,confluence_1995,gauge+site,148,127,556950.0,2879850.0,26.036498,87.569228
1997,confluence_1996,gauge,126,147,562950.0,2886450.0,26.095843,87.629515
1997,confluence_1996,gauge+site,126,147,562950.0,2886450.0,26.095843,87.629515
1998,confluence_1997,gauge,148,131,558150.0,2879850.0,26.036451,87.581222
1998,confluence_1997,gauge+site,148,131,558150.0,2879850.0,26.036451,87.581222
1999,confluence_1998,gauge,112,88,545250.0,2890650.0,26.13443,87.452662
1999,confluence_1998,gauge+site,112,88,545250.0,2890650.0,26.13443,87.452662
2000,confluence_1999,gauge,137,112,552450.0,2883150.0,26.066466,87.524384
2000,confluence_1999,gauge+site,137,112,552450.0,2883150.0,26.066466,87.524384
2001,confluence_2000,gauge,125,114,553050.0,2886750.0,26.09895,87.530529
2001,confluence_2000,gauge+site,125,114,553050.0,2886750.0,26.09895,87.530529
2002,confluence_2001,gauge,148,141,561150.0,2879850.0,26.036327,87.611206
2002,confluence_2001,gauge+site,148,141,561150.0,2879850.0,26.036327,87.611206
2003,confluence_2002,gauge,111,142,561450.0,2890950.0,26.136539,87.614728
2003,confluence_2002,gauge+site,111,142,561450.0,2890950.0,26.136539,87.614728
2004,confluence_2003,gauge,111,137,559950.0,2890950.0,26.136602,87.599723
2004,confluence_2003,gauge+site,111,137,559950.0,2890950.0,26.136602,87.599723
2005,confluence_2004,gauge,148,142,561450.0,2879850.0,26.036314,87.614205
2005,confluence_2004,gauge+site,148,142,561450.0,2879850.0,26.036314,87.614205
2006,confluence_2005,gauge,148,145,562350.0,2879850.0,26.036276,87.6232
2006,confluence_2005,gauge+site,148,145,562350.0,2879850.0,26.036276,87.6232
2007,confluence_2006,gauge,111,133,558750.0,2890950.0,26.136651,87.587719
2007,confluence_2006,gauge+site,111,133,558750.0,2890950.0,26.136651,87.587719
2008,confluence_2007,gauge,137,110,551850.0,2883150.0,26.066487,87.518385
2008,confluence_2007,gauge+site,137,110,551850.0,2883150.0,26.066487,87.518385
2009,confluence_2008,gauge,148,148,563250.0,2879850.0,26.036237,87.632195
2009,confluence_2008,gauge+site,148,148,563250.0,2879850.0,26.036237,87.632195
2010,confluence_2009,gauge,126,145,562350.0,2886450.0,26.095869,87.623515
2010,confluence_2009,gauge+site,126,145,562350.0,2886450.0,26.095869,87.623515
2011,confluence_2010,gauge,118,119,554550.0,2888850.0,26.117855,87.545617
2011,confluence_2010,gauge+site,118,119,554550.0,2888850.0,26.117855,87.545617
2012,confluence_2011,gauge,118,115,553350.0,2888850.0,26.1179,87.533615
2012,confluence_2011,gauge+site,118,115,553350.0,2888850.0,26.1179,87.533615
2013,confluence_2012,gauge,112,115,553350.0,2890650.0,26.134153,87.533689
2013,confluence_2012,gauge+site,112,115,553350.0,2890650.0,26.134153,87.533689
2014,confluence_2013,gauge,147,123,555750.0,2880150.0,26.039254,87.557247
2014,confluence_2013,gauge+site,147,123,555750.0,2880150.0,26.039254,87.557247
2015,confluence_2014,gauge,147,127,556950.0,2880150.0,26.039207,87.569241
2015,confluence_2014,gauge+site,147,127,556950.0,2880150.0,26.039207,87.569241
2016,confluence_2015,gauge,126,133,558750.0,2886450.0,26.09602,87.587516
2016,confluence_2015,gauge+site,126,133,558750.0,2886450.0,26.09602,87.587516
2017,confluence_2016,gauge,113,85,544350.0,2890350.0,26.131749,87.443649
2017,confluence_2016,gauge+site,113,85,544350.0,2890350.0,26.131749,87.443649
2018,confluence_2017,gauge,126,134,559050.0,2886450.0,26.096008,87.590516
2018,confluence_2017,gauge+site,126,134,559050.0,2886450.0,26.096008,87.590516
2019,confluence_2018,gauge,147,137,559950.0,2880150.0,26.039086,87.599226
2019,confluence_2018,gauge+site,147,137,559950.0,2880150.0,26.039086,87.599226
2020,confluence_2019,gauge,112,152,564450.0,2890650.0,26.133699,87.644723
2020,confluence_2019,gauge+site,112,152,564450.0,2890650.0,26.133699,87.644723
2021,confluence_2020,gauge,118,109,551550.0,2888850.0,26.117966,87.515612
2021,confluence_2020,gauge+site,118,109,551550.0,2888850.0,26.117966,87.515612
2022,confluence_2021,gauge,147,152,564450.0,2880150.0,26.038892,87.644204
2022,confluence_2021,gauge+site,147,152,564450.0,2880150.0,26.038892,87.644204
2023,confluence_2022,gauge,111,131,558150.0,2890950.0,26.136676,87.581717
2023,confluence_2022,gauge+site,111,131,558150.0,2890950.0,26.136676,87.581717
2024,confluence_2023,gauge,112,143,561750.0,2890650.0,26.133817,87.617715
2024,confluence_2023,gauge+site,112,143,561750.0,2890650.0,26.133817,87.617715
2025,confluence_2024,gauge,112,139,560550.0,2890650.0,26.133868,87.605711
2025,confluence_2024,gauge+site,112,139,560550.0,2890650.0,26.133868,87.605711
2026,confluence_2025,gauge,112,133,558750.0,2890650.0,26.133943,87.587706
2026,confluence_2025,gauge+site,112,133,558750.0,2890650.0,26.133943,87.587706
2027,confluence_2026,gauge,137,116,553650.0,2883150.0,26.066422,87.536381
2027,confluence_2026,gauge+site,137,116,553650.0,2883150.0,26.066422,87.536381
2028,confluence_2027,gauge,148,107,550950.0,2879850.0,26.036722,87.509259
2028,confluence_2027,gauge+site,148,107,550950.0,2879850.0,26.036722,87.509259
2029,confluence_2028,gauge,112,129,557550.0,2890650.0,26.133991,87.575702
2029,confluence_2028,gauge+site,112,129,557550.0,2890650.0,26.133991,87.575702
2030,confluence_2029,gauge,112,124,556050.0,2890650.0,26.13405,87.560697
2030,confluence_2029,gauge+site,112,124,556050.0,2890650.0,26.13405,87.560697
2031,confluence_2030,gauge,112,122,555450.0,2890650.0,26.134073,87.554695
2031,confluence_2030,gauge+site,112,122,555450.0,2890650.0,26.134073,87.554695
2032,confluence_2031,gauge,112,118,554250.0,2890650.0,26.134119,87.542692
2032,confluence_2031,gauge+site,112,118,554250.0,2890650.0,26.134119,87.542692
2033,confluence_2032,gauge,125,131,558150.0,2886750.0,26.098753,87.58153
2033,confluence_2032,gauge+site,125,131,558150.0,2886750.0,26.098753,87.58153
2034,confluence_2033,gauge,112,141,561150.0,2890650.0,26.133843,87.611713
2034,confluence_2033,gauge+site,112,141,561150.0,2890650.0,26.133843,87.611713
2035,confluence_2034,gauge,137,108,551250.0,2883150.0,26.066509,87.512387
2035,confluence_2034,gauge+site,137,108,551250.0,2883150.0,26.066509,87.512387
2036,confluence_2035,gauge,148,149,563550.0,2879850.0,26.036224,87.635194
2036,confluence_2035,gauge+site,148,149,563550.0,2879850.0,26.036224,87.635194
2037,confluence_2036,gauge,148,152,564450.0,2879850.0,26.036184,87.644189
2037,confluence_2036,gauge+site,148,152,564450.0,2879850.0,26.036184,87.644189
2038,confluence_2037,gauge,110,139,560550.0,2891250.0,26.139286,87.605739
2038,confluence_2037,gauge+site,110,139,560550.0,2891250.0,26.139286,87.605739
2039,confluence_2038,gauge,110,138,560250.0,2891250.0,26.139298,87.602738
2039,confluence_2038,gauge+site,110,138,560250.0,2891250.0,26.139298,87.602738
2040,confluence_2039,gauge,110,129,557550.0,2891250.0,26.139409,87.575729
2040,confluence_2039,gauge+site,110,129,557550.0,2891250.0,26.139409,87.575729
2041,confluence_2040,gauge,127,143,561750.0,2886150.0,26.093186,87.617501
2041,confluence_2040,gauge+site,127,143,561750.0,2886150.0,26.093186,87.617501
2042,confluence_2041,gauge,110,125,556350.0,2891250.0,26.139456,87.563724
2042,confluence_2041,gauge+site,110,125,556350.0,2891250.0,26.139456,87.563724
2043,confluence_2042,gauge,149,156,565650.0,2879550.0,26.033421,87.656167
2043,confluence_2042,gauge+site,149,156,565650.0,2879550.0,26.033421,87.656167
2044,confluence_2043,gauge,136,143,561750.0,2883450.0,26.068807,87.617373
2044,confluence_2043,gauge+site,136,143,561750.0,2883450.0,26.068807,87.617373
2045,confluence_2044,gauge,110,111,552150.0,2891250.0,26.139614,87.521709
2045,confluence_2044,gauge+site,110,111,552150.0,2891250.0,26.139614,87.521709
2046,confluence_2045,gauge,110,104,550050.0,2891250.0,26.139689,87.500701
2046,confluence_2045,gauge+site,110,104,550050.0,2891250.0,26.139689,87.500701
2047,confluence_2046,gauge,110,144,562050.0,2891250.0,26.139222,87.620744
2047,confluence_2046,gauge+site,110,144,562050.0,2891250.0,26.139222,87.620744
2048,confluence_2047,gauge,149,158,566250.0,2879550.0,26.033394,87.662164
2048,confluence_2047,gauge+site,149,158,566250.0,2879550.0,26.033394,87.662164
2049,confluence_2048,gauge,127,150,563850.0,2886150.0,26.093094,87.6385
2049,confluence_2048,gauge+site,127,150,563850.0,2886150.0,26.093094,87.6385
2050,confluence_2049,gauge,127,152,564450.0,2886150.0,26.093068,87.6445
2050,confluence_2049,gauge+site,127,152,564450.0,2886150.0,26.093068,87.6445
2051,confluence_2050,gauge,110,97,547950.0,2891250.0,26.13976,87.479693
2051,confluence_2050,gauge+site,110,97,547950.0,2891250.0,26.13976,87.479693
2052,confluence_2051,gauge,110,94,547050.0,2891250.0,26.13979,87.47069
2052,confluence_2051,gauge+site,110,94,547050.0,2891250.0,26.13979,87.47069
2053,confluence_2052,gauge,118,134,559050.0,2888850.0,26.117678,87.590625
2053,confluence_2052,gauge+site,118,134,559050.0,2888850.0,26.117678,87.590625
2054,confluence_2053,gauge,110,88,545250.0,2891250.0,26.139848,87.452683
2054,confluence_2053,gauge+site,110,88,545250.0,2891250.0,26.139848,87.452683
2055,confluence_2054,gauge,110,83,543750.0,2891250.0,26.139894,87.437678
2055,confluence_2054,gauge+site,110,83,543750.0,2891250.0,26.139894,87.437678
2056,confluence_2055,gauge,110,81,543150.0,2891250.0,26.139912,87.431675
2056,confluence_2055,gauge+site,110,81,543150.0,2891250.0,26.139912,87.431675
2057,confluence_2056,gauge,118,140,560850.0,2888850.0,26.117603,87.608628
2057,confluence_2056,gauge+site,118,140,560850.0,2888850.0,26.117603,87.608628
2058,confluence_2057,gauge,149,161,567150.0,2879550.0,26.033352,87.671159
2058,confluence_2057,gauge+site,149,161,567150.0,2879550.0,26.033352,87.671159
2059,confluence_2058,gauge,113,96,547650.0,2890350.0,26.131644,87.476659
2059,confluence_2058,gauge+site,113,96,547650.0,2890350.0,26.131644,87.476659
2060,confluence_2059,gauge,149,154,565050.0,2879550.0,26.033448,87.650171
2060,confluence_2059,gauge+site,149,154,565050.0,2879550.0,26.033448,87.650171
2061,confluence_2060,gauge,110,152,564450.0,2891250.0,26.139116,87.644753
2061,confluence_2060,gauge+site,110,152,564450.0,2891250.0,26.139116,87.644753
2062,confluence_2061,gauge,125,107,550950.0,2886750.0,26.099025,87.509528
2062,confluence_2061,gauge+site,125,107,550950.0,2886750.0,26.099025,87.509528
2063,confluence_2062,gauge,111,128,557250.0,2890950.0,26.136712,87.572714
2063,confluence_2062,gauge+site,111,128,557250.0,2890950.0,26.136712,87.572714
2064,confluence_2063,gauge,111,124,556050.0,2890950.0,26.136759,87.56071
2064,confluence_2063,gauge+site,111,124,556050.0,2890950.0,26.136759,87.56071
2065,confluence_2064,gauge,148,154,565050.0,2879850.0,26.036157,87.650186
2065,confluence_2064,gauge+site,148,154,565050.0,2879850.0,26.036157,87.650186
2066,confluence_2065,gauge,148,158,566250.0,2879850.0,26.036102,87.662179
2066,confluence_2065,gauge+site,148,158,566250.0,2879850.0,26.036102,87.662179
2067,confluence_2066,gauge,126,157,565950.0,2886450.0,26.095709,87.659515
2067,confluence_2066,gauge+site,126,157,565950.0,2886450.0,26.095709,87.659515
2068,confluence_2067,gauge,148,161,567150.0,2879850.0,26.036061,87.671174
2068,confluence_2067,gauge+site,148,161,567150.0,2879850.0,26.036061,87.671174
2069,confluence_2068,gauge,149,114,553050.0,2879550.0,26.033938,87.530236
2069,confluence_2068,gauge+site,149,114,553050.0,2879550.0,26.033938,87.530236
2070,confluence_2069,gauge,136,172,570450.0,2883450.0,26.068409,87.704351
2070,confluence_2069,gauge+site,136,172,570450.0,2883450.0,26.068409,87.704351
2071,confluence_2070,gauge,149,146,562650.0,2879550.0,26.033554,87.626184
2071,confluence_2070,gauge+site,149,146,562650.0,2879550.0,26.033554,87.626184
2072,confluence_2071,gauge,149,115,553350.0,2879550.0,26.033927,87.533234
2072,confluence_2071,gauge+site,149,115,553350.0,2879550.0,26.033927,87.533234
2073,confluence_2072,gauge,111,85,544350.0,2890950.0,26.137167,87.44367
2073,confluence_2072,gauge+site,111,85,544350.0,2890950.0,26.137167,87.44367
2074,confluence_2073,gauge,127,104,550050.0,2886150.0,26.093639,87.500505
2074,confluence_2073,gauge+site,127,104,550050.0,2886150.0,26.093639,87.500505
2075,confluence_2074,gauge,118,126,556650.0,2888850.0,26.117774,87.566621
2075,confluence_2074,gauge+site,118,126,556650.0,2888850.0,26.117774,87.566621
2076,confluence_2075,gauge,149,126,556650.0,2879550.0,26.033801,87.566217
2076,confluence_2075,gauge+site,149,126,556650.0,2879550.0,26.033801,87.566217
2077,confluence_2076,gauge,127,108,551250.0,2886150.0,26.093597,87.512505
2077,confluence_2076,gauge+site,127,108,551250.0,2886150.0,26.093597,87.512505
2078,confluence_2077,gauge,136,171,570150.0,2883450.0,26.068423,87.701352
2078,confluence_2077,gauge+site,136,171,570150.0,2883450.0,26.068423,87.701352
2079,confluence_2078,gauge,149,140,560850.0,2879550.0,26.033631,87.608194
2079,confluence_2078,gauge+site,149,140,560850.0,2879550.0,26.033631,87.608194
2080,confluence_2079,gauge,136,170,569850.0,2883450.0,26.068438,87.698352
2080,confluence_2079,gauge+site,136,170,569850.0,2883450.0,26.068438,87.698352
2081,confluence_2080,gauge,136,169,569550.0,2883450.0,26.068452,87.695353
2081,confluence_2080,gauge+site,136,169,569550.0,2883450.0,26.068452,87.695353
2082,confluence_2081,gauge,111,88,545250.0,2890950.0,26.137139,87.452673
2082,confluence_2081,gauge+site,111,88,545250.0,2890950.0,26.137139,87.452673
2083,confluence_2082,gauge,113,98,548250.0,2890350.0,26.131624,87.482661
2083,confluence_2082,gauge+site,113,98,548250.0,2890350.0,26.131624,87.482661
2084,confluence_2083,gauge,147,119,554550.0,2880150.0,26.0393,87.545253
2084,confluence_2083,gauge+site,147,119,554550.0,2880150.0,26.0393,87.545253
2085,confluence_2084,gauge,146,160,566850.0,2880450.0,26.041492,87.668207
2085,confluence_2084,gauge+site,146,160,566850.0,2880450.0,26.041492,87.668207
2086,confluence_2085,gauge,143,157,565950.0,2881350.0,26.04966,87.659257
2086,confluence_2085,gauge+site,143,157,565950.0,2881350.0,26.04966,87.659257
2087,confluence_2086,gauge,144,148,563250.0,2881050.0,26.047072,87.632253
2087,confluence_2086,gauge+site,144,148,563250.0,2881050.0,26.047072,87.632253
2088,confluence_2087,gauge,116,155,565350.0,2889450.0,26.122823,87.653665
2088,confluence_2087,gauge+site,116,155,565350.0,2889450.0,26.122823,87.653665
2089,confluence_2088,gauge,137,157,565950.0,2883150.0,26.065912,87.659348
2089,confluence_2088,gauge+site,137,157,565950.0,2883150.0,26.065912,87.659348
2090,confluence_2089,gauge,137,146,562650.0,2883150.0,26.066059,87.626357
2090,confluence_2089,gauge+site,137,146,562650.0,2883150.0,26.066059,87.626357
2091,confluence_2090,gauge,115,126,556650.0,2889750.0,26.1259,87.56666
2091,confluence_2090,gauge+site,115,126,556650.0,2889750.0,26.1259,87.56666
2092,confluence_2091,gauge,144,153,564750.0,2881050.0,26.047005,87.647247
2092,confluence_2091,gauge+site,144,153,564750.0,2881050.0,26.047005,87.647247
2093,confluence_2092,gauge,143,156,565650.0,2881350.0,26.049674,87.656258
2093,confluence_2092,gauge+site,143,156,565650.0,2881350.0,26.049674,87.656258
2094,confluence_2093,gauge,115,117,553950.0,2889750.0,26.126004,87.539653
2094,confluence_2093,gauge+site,115,117,553950.0,2889750.0,26.126004,87.539653
2095,confluence_2094,gauge,115,142,561450.0,2889750.0,26.125704,87.614671
2095,confluence_2094,gauge+site,115,142,561450.0,2889750.0,26.125704,87.614671
2096,confluence_2095,gauge,117,97,547950.0,2889150.0,26.120799,87.479616
2096,confluence_2095,gauge+site,117,97,547950.0,2889150.0,26.120799,87.479616
2097,confluence_2096,gauge,117,101,549150.0,2889150.0,26.120758,87.491619
2097,confluence_2096,gauge+site,117,101,549150.0,2889150.0,26.120758,87.491619
2098,confluence_2097,gauge,115,113,552750.0,2889750.0,26.126049,87.52765
2098,confluence_2097,gauge+site,115,113,552750.0,2889750.0,26.126049,87.52765
2099,confluence_2098,gauge,145,120,554850.0,2880750.0,26.044706,87.548277
2099,confluence_2098,gauge+site,145,120,554850.0,2880750.0,26.044706,87.548277
2100,confluence_2099,gauge,115,112,552450.0,2889750.0,26.12606,87.52465
2100,confluence_2099,gauge+site,115,112,552450.0,2889750.0,26.12606,87.52465
2101,confluence_2100,gauge,145,121,555150.0,2880750.0,26.044695,87.551276
2101,confluence_2100,gauge+site,145,121,555150.0,2880750.0,26.044695,87.551276
2102,confluence_2101,gauge,143,155,565350.0,2881350.0,26.049687,87.653259
2102,confluence_2101,gauge+site,143,155,565350.0,2881350.0,26.049687,87.653259
2103,confluence_2102,gauge,115,110,551850.0,2889750.0,26.126081,87.518648
2103,confluence_2102,gauge+site,115,110,551850.0,2889750.0,26.126081,87.518648
2104,confluence_2103,gauge,145,122,555450.0,2880750.0,26.044683,87.554274
2104,confluence_2103,gauge+site,145,122,555450.0,2880750.0,26.044683,87.554274
2105,confluence_2104,gauge,115,103,549750.0,2889750.0,26.126155,87.497643
2105,confluence_2104,gauge+site,115,103,549750.0,2889750.0,26.126155,87.497643
2106,confluence_2105,gauge,145,114,553050.0,2880750.0,26.044773,87.530285
2106,confluence_2105,gauge+site,145,114,553050.0,2880750.0,26.044773,87.530285
2107,confluence_2106,gauge,145,123,555750.0,2880750.0,26.044672,87.557273
2107,confluence_2106,gauge+site,145,123,555750.0,2880750.0,26.044672,87.557273
2108,confluence_2107,gauge,115,144,562050.0,2889750.0,26.125678,87.620673
2108,confluence_2107,gauge+site,115,144,562050.0,2889750.0,26.125678,87.620673
2109,confluence_2108,gauge,116,148,563250.0,2889450.0,26.122917,87.632661
2109,confluence_2108,gauge+site,116,148,563250.0,2889450.0,26.122917,87.632661
2110,confluence_2109,gauge,116,137,559950.0,2889450.0,26.123058,87.599654
2110,confluence_2109,gauge+site,116,137,559950.0,2889450.0,26.123058,87.599654
2111,confluence_2110,gauge,116,135,559350.0,2889450.0,26.123083,87.593653
2111,confluence_2110,gauge+site,116,135,559350.0,2889450.0,26.123083,87.593653
2112,confluence_2111,gauge,116,134,559050.0,2889450.0,26.123095,87.590652
2112,confluence_2111,gauge+site,116,134,559050.0,2889450.0,26.123095,87.590652
2113,confluence_2112,gauge,116,133,558750.0,2889450.0,26.123108,87.587652
2113,confluence_2112,gauge+site,116,133,558750.0,2889450.0,26.123108,87.587652
2114,confluence_2113,gauge,116,139,560550.0,2889450.0,26.123033,87.605655
2114,confluence_2113,gauge+site,116,139,560550.0,2889450.0,26.123033,87.605655
2115,confluence_2114,gauge,116,125,556350.0,2889450.0,26.123203,87.563646
2115,confluence_2114,gauge+site,116,125,556350.0,2889450.0,26.123203,87.563646
2116,confluence_2115,gauge,125,152,564450.0,2886750.0,26.098485,87.64453
2116,confluence_2115,gauge+site,125,152,564450.0,2886750.0,26.098485,87.64453
2117,confluence_2116,gauge,125,142,561450.0,2886750.0,26.098616,87.61453
2117,confluence_2116,gauge+site,125,142,561450.0,2886750.0,26.098616,87.61453
2118,confluence_2117,gauge,144,114,553050.0,2881050.0,26.047482,87.530297
2118,confluence_2117,gauge+site,144,114,553050.0,2881050.0,26.047482,87.530297
2119,confluence_2118,gauge,126,102,549450.0,2886450.0,26.096369,87.494517
2119,confluence_2118,gauge+site,126,102,549450.0,2886450.0,26.096369,87.494517
2120,confluence_2119,gauge,137,162,567450.0,2883150.0,26.065843,87.674343
2120,confluence_2119,gauge+site,137,162,567450.0,2883150.0,26.065843,87.674343
2121,confluence_2120,gauge,144,122,555450.0,2881050.0,26.047392,87.554287
2121,confluence_2120,gauge+site,144,122,555450.0,2881050.0,26.047392,87.554287
2122,confluence_2121,gauge,116,102,549450.0,2889450.0,26.123457,87.494631
2122,confluence_2121,gauge+site,116,102,549450.0,2889450.0,26.123457,87.494631
2123,confluence_2122,gauge,125,153,564750.0,2886750.0,26.098472,87.64753
2123,confluence_2122,gauge+site,125,153,564750.0,2886750.0,26.098472,87.64753
2124,confluence_2123,gauge,137,159,566550.0,2883150.0,26.065885,87.665346
2124,confluence_2123,gauge+site,137,159,566550.0,2883150.0,26.065885,87.665346
2125,confluence_2124,gauge,116,95,547350.0,2889450.0,26.123527,87.473626
2125,confluence_2124,gauge+site,116,95,547350.0,2889450.0,26.123527,87.473626
2126,confluence_2125,gauge,137,163,567750.0,2883150.0,26.065829,87.677342
2126,confluence_2125,gauge+site,137,163,567750.0,2883150.0,26.065829,87.677342
2127,confluence_2126,gauge,144,123,555750.0,2881050.0,26.04738,87.557286
2127,confluence_2126,gauge+site,144,123,555750.0,2881050.0,26.04738,87.557286
2128,confluence_2127,gauge,125,159,566550.0,2886750.0,26.09839,87.66553
2128,confluence_2127,gauge+site,125,159,566550.0,2886750.0,26.09839,87.66553
2129,confluence_2128,gauge,115,149,563550.0,2889750.0,26.125613,87.635676
2129,confluence_2128,gauge+site,115,149,563550.0,2889750.0,26.125613,87.635676
2130,confluence_2129,gauge,116,115,553350.0,2889450.0,26.123318,87.53364
2130,confluence_2129,gauge+site,116,115,553350.0,2889450.0,26.123318,87.53364
2131,confluence_2130,gauge,150,118,554250.0,2879250.0,26.031185,87.542217
2131,confluence_2130,gauge+site,150,118,554250.0,2879250.0,26.031185,87.542217
2132,confluence_2131,gauge,137,142,561450.0,2883150.0,26.066111,87.61436
2132,confluence_2131,gauge+site,137,142,561450.0,2883150.0,26.066111,87.61436
2133,confluence_2132,gauge,114,155,565350.0,2890050.0,26.128241,87.653695
2133,confluence_2132,gauge+site,114,155,565350.0,2890050.0,26.128241,87.653695
2134,confluence_2133,gauge,117,128,557250.0,2889150.0,26.120459,87.572635
2134,confluence_2133,gauge+site,117,128,557250.0,2889150.0,26.120459,87.572635
2135,confluence_2134,gauge,113,143,561750.0,2890350.0,26.131108,87.617701
2135,confluence_2134,gauge+site,113,143,561750.0,2890350.0,26.131108,87.617701
2136,confluence_2135,gauge,113,141,561150.0,2890350.0,26.131134,87.611699
2136,confluence_2135,gauge+site,113,141,561150.0,2890350.0,26.131134,87.611699
2137,confluence_2136,gauge,137,136,559650.0,2883150.0,26.066186,87.596365
2137,confluence_2136,gauge+site,137,136,559650.0,2883150.0,26.066186,87.596365
2138,confluence_2137,gauge,113,137,559950.0,2890350.0,26.131184,87.599696
2138,confluence_2137,gauge+site,113,137,559950.0,2890350.0,26.131184,87.599696
2139,confluence_2138,gauge,146,134,559050.0,2880450.0,26.041832,87.590244
2139,confluence_2138,gauge+site,146,134,559050.0,2880450.0,26.041832,87.590244
2140,confluence_2139,gauge,117,129,557550.0,2889150.0,26.120447,87.575636
2140,confluence_2139,gauge+site,117,129,557550.0,2889150.0,26.120447,87.575636
2141,confluence_2140,gauge,117,132,558450.0,2889150.0,26.120411,87.584637
2141,confluence_2140,gauge+site,117,132,558450.0,2889150.0,26.120411,87.584637
2142,confluence_2141,gauge,146,139,560550.0,2880450.0,26.04177,87.605237
2142,confluence_2141,gauge+site,146,139,560550.0,2880450.0,26.04177,87.605237
2143,confluence_2142,gauge,113,145,562350.0,2890350.0,26.131083,87.623702
2143,confluence_2142,gauge+site,113,145,562350.0,2890350.0,26.131083,87.623702
2144,confluence_2143,gauge,117,133,558750.0,2889150.0,26.120399,87.587638
2144,confluence_2143,gauge+site,117,133,558750.0,2889150.0,26.120399,87.587638
2145,confluence_2144,gauge,113,105,550350.0,2890350.0,26.131552,87.503668
2145,confluence_2144,gauge+site,113,105,550350.0,2890350.0,26.131552,87.503668
2146,confluence_2145,gauge,137,130,557850.0,2883150.0,26.06626,87.57837
2146,confluence_2145,gauge+site,137,130,557850.0,2883150.0,26.06626,87.57837
2147,confluence_2146,gauge,117,155,565350.0,2889150.0,26.120115,87.65365
2147,confluence_2146,gauge+site,117,155,565350.0,2889150.0,26.120115,87.65365
2148,confluence_2147,gauge,126,126,556650.0,2886450.0,26.096104,87.566516
2148,confluence_2147,gauge+site,126,126,556650.0,2886450.0,26.096104,87.566516
2149,confluence_2148,gauge,143,143,561750.0,2881350.0,26.049845,87.617274
2149,confluence_2148,gauge+site,143,143,561750.0,2881350.0,26.049845,87.617274
2150,confluence_2149,gauge,143,142,561450.0,2881350.0,26.049858,87.614275
2150,confluence_2149,gauge+site,143,142,561450.0,2881350.0,26.049858,87.614275
2151,confluence_2150,gauge,118,99,548550.0,2888850.0,26.11807,87.485606
2151,confluence_2150,gauge+site,118,99,548550.0,2888850.0,26.11807,87.485606
2152,confluence_2151,gauge,143,140,560850.0,2881350.0,26.049884,87.608278
2152,confluence_2151,gauge+site,143,140,560850.0,2881350.0,26.049884,87.608278
2153,confluence_2152,gauge,118,107,550950.0,2888850.0,26.117987,87.509611
2153,confluence_2152,gauge+site,118,107,550950.0,2888850.0,26.117987,87.509611
2154,confluence_2153,gauge,117,146,562650.0,2889150.0,26.120235,87.626645
2154,confluence_2153,gauge+site,117,146,562650.0,2889150.0,26.120235,87.626645
2155,confluence_2154,gauge,137,169,569550.0,2883150.0,26.065744,87.695337
2155,confluence_2154,gauge+site,137,169,569550.0,2883150.0,26.065744,87.695337
2156,confluence_2155,gauge,126,123,555750.0,2886450.0,26.096139,87.557516
2156,confluence_2155,gauge+site,126,123,555750.0,2886450.0,26.096139,87.557516
2157,confluence_2156,gauge,146,109,551550.0,2880450.0,26.042119,87.51528
2157,confluence_2156,gauge+site,146,109,551550.0,2880450.0,26.042119,87.51528
2158,confluence_2157,gauge,145,128,557250.0,2880750.0,26.044613,87.572266
2158,confluence_2157,gauge+site,145,128,557250.0,2880750.0,26.044613,87.572266
2159,confluence_2158,gauge,145,135,559350.0,2880750.0,26.044528,87.593257
2159,confluence_2158,gauge+site,145,135,559350.0,2880750.0,26.044528,87.593257
2160,confluence_2159,gauge,114,147,562950.0,2890050.0,26.128348,87.629689
2160,confluence_2159,gauge+site,114,147,562950.0,2890050.0,26.128348,87.629689
2161,confluence_2160,gauge,145,142,561450.0,2880750.0,26.044441,87.614247
2161,confluence_2160,gauge+site,145,142,561450.0,2880750.0,26.044441,87.614247
2162,confluence_2161,gauge,145,146,562650.0,2880750.0,26.044389,87.626242
2162,confluence_2161,gauge+site,145,146,562650.0,2880750.0,26.044389,87.626242
2163,confluence_2162,gauge,145,147,562950.0,2880750.0,26.044376,87.62924
2163,confluence_2162,gauge+site,145,147,562950.0,2880750.0,26.044376,87.62924
2164,confluence_2163,gauge,114,117,553950.0,2890050.0,26.128713,87.539666
2164,confluence_2163,gauge+site,114,117,553950.0,2890050.0,26.128713,87.539666
2165,confluence_2164,gauge,126,109,551550.0,2886450.0,26.096295,87.515517
2165,confluence_2164,gauge+site,126,109,551550.0,2886450.0,26.096295,87.515517
2166,confluence_2165,gauge,145,148,563250.0,2880750.0,26.044363,87.632239
2166,confluence_2165,gauge+site,145,148,563250.0,2880750.0,26.044363,87.632239
2167,confluence_2166,gauge,146,120,554850.0,2880450.0,26.041997,87.548264
2167,confluence_2166,gauge+site,146,120,554850.0,2880450.0,26.041997,87.548264
2168,confluence_2167,gauge,145,149,563550.0,2880750.0,26.04435,87.635237
2168,confluence_2167,gauge+site,145,149,563550.0,2880750.0,26.04435,87.635237
2169,confluence_2168,gauge,117,121,555150.0,2889150.0,26.120541,87.551631
2169,confluence_2168,gauge+site,117,121,555150.0,2889150.0,26.120541,87.551631
2170,confluence_2169,gauge,114,101,549150.0,2890050.0,26.128885,87.491653
2170,confluence_2169,gauge+site,114,101,549150.0,2890050.0,26.128885,87.491653
2171,confluence_2170,gauge,114,100,548850.0,2890050.0,26.128895,87.488652
2171,confluence_2170,gauge+site,114,100,548850.0,2890050.0,26.128895,87.488652
2172,confluence_2171,gauge,126,115,553350.0,2886450.0,26.09623,87.533517
2172,confluence_2171,gauge+site,126,115,553350.0,2886450.0,26.09623,87.533517
2173,confluence_2172,gauge,145,151,564150.0,2880750.0,26.044323,87.641235
2173,confluence_2172,gauge+site,145,151,564150.0,2880750.0,26.044323,87.641235
2174,confluence_2173,gauge,143,148,563250.0,2881350.0,26.049781,87.632268
2174,confluence_2173,gauge+site,143,148,563250.0,2881350.0,26.049781,87.632268
2175,confluence_2174,gauge,145,162,567450.0,2880750.0,26.044173,87.674219
2175,confluence_2174,gauge+site,145,162,567450.0,2880750.0,26.044173,87.674219
2176,confluence_2175,gauge,145,164,568050.0,2880750.0,26.044145,87.680216
2176,confluence_2175,gauge+site,145,164,568050.0,2880750.0,26.044145,87.680216
2177,confluence_2176,gauge,146,108,551250.0,2880450.0,26.042129,87.512281
2177,confluence_2176,gauge+site,146,108,551250.0,2880450.0,26.042129,87.512281
2178,confluence_2177,gauge,114,104,550050.0,2890050.0,26.128854,87.500655
2178,confluence_2177,gauge+site,114,104,550050.0,2890050.0,26.128854,87.500655
2179,confluence_2178,gauge,140,154,565050.0,2882250.0,26.057827,87.650305
2179,confluence_2178,gauge+site,140,154,565050.0,2882250.0,26.057827,87.650305
2180,confluence_2179,gauge,143,120,554850.0,2881350.0,26.050124,87.548302
2180,confluence_2179,gauge+site,143,120,554850.0,2881350.0,26.050124,87.548302
2181,confluence_2180,gauge,109,134,559050.0,2891550.0,26.142057,87.590748
2181,confluence_2180,gauge+site,109,134,559050.0,2891550.0,26.142057,87.590748
2182,confluence_2181,gauge,104,121,555150.0,2893050.0,26.155755,87.551796
2182,confluence_2181,gauge+site,104,121,555150.0,2893050.0,26.155755,87.551796
2183,confluence_2182,gauge,124,160,566850.0,2887050.0,26.101085,87.668545
2183,confluence_2182,gauge+site,124,160,566850.0,2887050.0,26.101085,87.668545
2184,confluence_2183,gauge,156,154,565050.0,2877450.0,26.014487,87.650066
2184,confluence_2183,gauge+site,156,154,565050.0,2877450.0,26.014487,87.650066
2185,confluence_2184,gauge,157,113,552750.0,2877150.0,26.012278,87.527141
2185,confluence_2184,gauge+site,157,113,552750.0,2877150.0,26.012278,87.527141
2186,confluence_2185,gauge,157,114,553050.0,2877150.0,26.012267,87.530139
2186,confluence_2185,gauge+site,157,114,553050.0,2877150.0,26.012267,87.530139
2187,confluence_2186,gauge,104,103,549750.0,2893050.0,26.155952,87.497769
2187,confluence_2186,gauge+site,104,103,549750.0,2893050.0,26.155952,87.497769
2188,confluence_2187,gauge,119,162,567450.0,2888550.0,26.1146,87.674623
2188,confluence_2187,gauge+site,119,162,567450.0,2888550.0,26.1146,87.674623
2189,confluence_2188,gauge,128,147,562950.0,2885850.0,26.090425,87.629486
2189,confluence_2188,gauge+site,128,147,562950.0,2885850.0,26.090425,87.629486
2190,confluence_2189,gauge,141,131,558150.0,2881950.0,26.055412,87.581316
2190,confluence_2189,gauge+site,141,131,558150.0,2881950.0,26.055412,87.581316
2191,confluence_2190,gauge,157,126,556650.0,2877150.0,26.012131,87.566113
2191,confluence_2190,gauge+site,157,126,556650.0,2877150.0,26.012131,87.566113
2192,confluence_2191,gauge,128,148,563250.0,2885850.0,26.090412,87.632486
2192,confluence_2191,gauge+site,128,148,563250.0,2885850.0,26.090412,87.632486
2193,confluence_2192,gauge,141,126,556650.0,2881950.0,26.055472,87.566321
2193,confluence_2192,gauge+site,141,126,556650.0,2881950.0,26.055472,87.566321
2194,confluence_2193,gauge,157,130,557850.0,2877150.0,26.012083,87.578104
2194,confluence_2193,gauge+site,157,130,557850.0,2877150.0,26.012083,87.578104
2195,confluence_2194,gauge,125,151,564150.0,2886750.0,26.098499,87.64153
2195,confluence_2194,gauge+site,125,151,564150.0,2886750.0,26.098499,87.64153
2196,confluence_2195,gauge,104,69,539550.0,2893050.0,26.156269,87.395716
2196,confluence_2195,gauge+site,104,69,539550.0,2893050.0,26.156269,87.395716
2197,confluence_2196,gauge,103,149,563550.0,2893350.0,26.158117,87.635852
2197,confluence_2196,gauge+site,103,149,563550.0,2893350.0,26.158117,87.635852
2198,confluence_2197,gauge,136,111,552150.0,2883450.0,26.069185,87.521397
2198,confluence_2197,gauge+site,136,111,552150.0,2883450.0,26.069185,87.521397
2199,confluence_2198,gauge,157,149,563550.0,2877150.0,26.011844,87.635062
2199,confluence_2198,gauge+site,157,149,563550.0,2877150.0,26.011844,87.635062
2200,confluence_2199,gauge,141,124,556050.0,2881950.0,26.055495,87.560323
2200,confluence_2199,gauge+site,141,124,556050.0,2881950.0,26.055495,87.560323
2201,confluence_2200,gauge,104,126,556650.0,2893050.0,26.155697,87.566804
2201,confluence_2200,gauge+site,104,126,556650.0,2893050.0,26.155697,87.566804
2202,confluence_2201,gauge,104,130,557850.0,2893050.0,26.155649,87.57881
2202,confluence_2201,gauge+site,104,130,557850.0,2893050.0,26.155649,87.57881
2203,confluence_2202,gauge,119,141,561150.0,2888550.0,26.114881,87.611614
2203,confluence_2202,gauge+site,119,141,561150.0,2888550.0,26.114881,87.611614
2204,confluence_2203,gauge,104,148,563250.0,2893050.0,26.155422,87.632836
2204,confluence_2203,gauge+site,104,148,563250.0,2893050.0,26.155422,87.632836
2205,confluence_2204,gauge,155,156,565650.0,2877750.0,26.017168,87.656077
2205,confluence_2204,gauge+site,155,156,565650.0,2877750.0,26.017168,87.656077
2206,confluence_2205,gauge,155,160,566850.0,2877750.0,26.017113,87.668069
2206,confluence_2205,gauge+site,155,160,566850.0,2877750.0,26.017113,87.668069
2207,confluence_2206,gauge,155,161,567150.0,2877750.0,26.0171,87.671067
2207,confluence_2206,gauge+site,155,161,567150.0,2877750.0,26.0171,87.671067
2208,confluence_2207,gauge,105,101,549150.0,2892750.0,26.153264,87.491755
2208,confluence_2207,gauge+site,105,101,549150.0,2892750.0,26.153264,87.491755
2209,confluence_2208,gauge,105,95,547350.0,2892750.0,26.153324,87.473746
2209,confluence_2208,gauge+site,105,95,547350.0,2892750.0,26.153324,87.473746
2210,confluence_2209,gauge,155,163,567750.0,2877750.0,26.017072,87.677062
2210,confluence_2209,gauge+site,155,163,567750.0,2877750.0,26.017072,87.677062
2211,confluence_2210,gauge,105,94,547050.0,2892750.0,26.153334,87.470744
2211,confluence_2210,gauge+site,105,94,547050.0,2892750.0,26.153334,87.470744
2212,confluence_2211,gauge,156,114,553050.0,2877450.0,26.014976,87.530151
2212,confluence_2211,gauge+site,156,114,553050.0,2877450.0,26.014976,87.530151
2213,confluence_2212,gauge,141,142,561450.0,2881950.0,26.055276,87.614304
2213,confluence_2212,gauge+site,141,142,561450.0,2881950.0,26.055276,87.614304
2214,confluence_2213,gauge,157,153,564750.0,2877150.0,26.011791,87.647054
2214,confluence_2213,gauge+site,157,153,564750.0,2877150.0,26.011791,87.647054
2215,confluence_2214,gauge,105,93,546750.0,2892750.0,26.153344,87.467743
2215,confluence_2214,gauge+site,105,93,546750.0,2892750.0,26.153344,87.467743
2216,confluence_2215,gauge,105,83,543750.0,2892750.0,26.153438,87.437728
2216,confluence_2215,gauge+site,105,83,543750.0,2892750.0,26.153438,87.437728
2217,confluence_2216,gauge,105,82,543450.0,2892750.0,26.153447,87.434727
2217,confluence_2216,gauge+site,105,82,543450.0,2892750.0,26.153447,87.434727
2218,confluence_2217,gauge,141,139,560550.0,2881950.0,26.055314,87.605307
2218,confluence_2217,gauge+site,141,139,560550.0,2881950.0,26.055314,87.605307
2219,confluence_2218,gauge,156,131,558150.0,2877450.0,26.01478,87.581115
2219,confluence_2218,gauge+site,156,131,558150.0,2877450.0,26.01478,87.581115
2220,confluence_2219,gauge,156,135,559350.0,2877450.0,26.014732,87.593107
2220,confluence_2219,gauge+site,156,135,559350.0,2877450.0,26.014732,87.593107
2221,confluence_2220,gauge,128,134,559050.0,2885850.0,26.09059,87.590489
2221,confluence_2220,gauge+site,128,134,559050.0,2885850.0,26.09059,87.590489
2222,confluence_2221,gauge,105,76,541650.0,2892750.0,26.153501,87.416718
2222,confluence_2221,gauge+site,105,76,541650.0,2892750.0,26.153501,87.416718
2223,confluence_2222,gauge,105,74,541050.0,2892750.0,26.153518,87.410715
2223,confluence_2222,gauge+site,105,74,541050.0,2892750.0,26.153518,87.410715
2224,confluence_2223,gauge,156,136,559650.0,2877450.0,26.014719,87.596105
2224,confluence_2223,gauge+site,156,136,559650.0,2877450.0,26.014719,87.596105
2225,confluence_2224,gauge,156,119,554550.0,2877450.0,26.01492,87.54514
2225,confluence_2224,gauge+site,156,119,554550.0,2877450.0,26.01492,87.54514
2226,confluence_2225,gauge,128,160,566850.0,2885850.0,26.09025,87.668483
2226,confluence_2225,gauge+site,128,160,566850.0,2885850.0,26.09025,87.668483
2227,confluence_2226,gauge,103,141,561150.0,2893350.0,26.158221,87.61184
2227,confluence_2226,gauge+site,103,141,561150.0,2893350.0,26.158221,87.61184
2228,confluence_2227,gauge,129,102,549450.0,2885550.0,26.088242,87.494482
2228,confluence_2227,gauge+site,129,102,549450.0,2885550.0,26.088242,87.494482
2229,confluence_2228,gauge,140,164,568050.0,2882250.0,26.057689,87.680295
2229,confluence_2228,gauge+site,140,164,568050.0,2882250.0,26.057689,87.680295
2230,confluence_2229,gauge,158,164,568050.0,2876850.0,26.008931,87.680013
2230,confluence_2229,gauge+site,158,164,568050.0,2876850.0,26.008931,87.680013
2231,confluence_2230,gauge,158,168,569250.0,2876850.0,26.008874,87.692004
2231,confluence_2230,gauge+site,158,168,569250.0,2876850.0,26.008874,87.692004
2232,confluence_2231,gauge,159,116,553650.0,2876550.0,26.006827,87.53611
2232,confluence_2231,gauge+site,159,116,553650.0,2876550.0,26.006827,87.53611
2233,confluence_2232,gauge,135,160,566850.0,2883750.0,26.071289,87.668376
2233,confluence_2232,gauge+site,135,160,566850.0,2883750.0,26.071289,87.668376
2234,confluence_2233,gauge,120,135,559350.0,2888250.0,26.112248,87.593598
2234,confluence_2233,gauge+site,120,135,559350.0,2888250.0,26.112248,87.593598
2235,confluence_2234,gauge,102,79,542550.0,2893650.0,26.161601,87.425752
2235,confluence_2234,gauge+site,102,79,542550.0,2893650.0,26.161601,87.425752
2236,confluence_2235,gauge,159,120,554850.0,2876550.0,26.006783,87.548101
2236,confluence_2235,gauge+site,159,120,554850.0,2876550.0,26.006783,87.548101
2237,confluence_2236,gauge,159,124,556050.0,2876550.0,26.006737,87.560091
2237,confluence_2236,gauge+site,159,124,556050.0,2876550.0,26.006737,87.560091
2238,confluence_2237,gauge,129,136,559650.0,2885550.0,26.087857,87.596475
2238,confluence_2237,gauge+site,129,136,559650.0,2885550.0,26.087857,87.596475
2239,confluence_2238,gauge,129,157,565950.0,2885550.0,26.087582,87.659469
2239,confluence_2238,gauge+site,129,157,565950.0,2885550.0,26.087582,87.659469
2240,confluence_2239,gauge,101,144,562050.0,2893950.0,26.1636,87.620873
2240,confluence_2239,gauge+site,101,144,562050.0,2893950.0,26.1636,87.620873
2241,confluence_2240,gauge,159,126,556650.0,2876550.0,26.006713,87.566087
2241,confluence_2240,gauge+site,159,126,556650.0,2876550.0,26.006713,87.566087
2242,confluence_2241,gauge,159,130,557850.0,2876550.0,26.006666,87.578078
2242,confluence_2241,gauge+site,159,130,557850.0,2876550.0,26.006666,87.578078
2243,confluence_2242,gauge,135,152,564450.0,2883750.0,26.071398,87.644381
2243,confluence_2242,gauge+site,135,152,564450.0,2883750.0,26.071398,87.644381
2244,confluence_2243,gauge,159,146,562650.0,2876550.0,26.006466,87.62604
2244,confluence_2243,gauge+site,159,146,562650.0,2876550.0,26.006466,87.62604
2245,confluence_2244,gauge,101,137,559950.0,2893950.0,26.163689,87.599862
2245,confluence_2244,gauge+site,101,137,559950.0,2893950.0,26.163689,87.599862
2246,confluence_2245,gauge,101,136,559650.0,2893950.0,26.163702,87.59686
2246,confluence_2245,gauge+site,101,136,559650.0,2893950.0,26.163702,87.59686
2247,confluence_2246,gauge,129,165,568350.0,2885550.0,26.087471,87.683466
2247,confluence_2246,gauge+site,129,165,568350.0,2885550.0,26.087471,87.683466
2248,confluence_2247,gauge,159,149,563550.0,2876550.0,26.006427,87.635033
2248,confluence_2247,gauge+site,159,149,563550.0,2876550.0,26.006427,87.635033
2249,confluence_2248,gauge,120,141,561150.0,2888250.0,26.112173,87.6116
2249,confluence_2248,gauge+site,120,141,561150.0,2888250.0,26.112173,87.6116
2250,confluence_2249,gauge,128,132,558450.0,2885850.0,26.090614,87.584489
2250,confluence_2249,gauge+site,128,132,558450.0,2885850.0,26.090614,87.584489
2251,confluence_2250,gauge,102,111,552150.0,2893650.0,26.161285,87.521805
2251,confluence_2250,gauge+site,102,111,552150.0,2893650.0,26.161285,87.521805
2252,confluence_2251,gauge,102,126,556650.0,2893650.0,26.161114,87.56683
2252,confluence_2251,gauge+site,102,126,556650.0,2893650.0,26.161114,87.56683
2253,confluence_2252,gauge,103,139,560550.0,2893350.0,26.158247,87.605837
2253,confluence_2252,gauge+site,103,139,560550.0,2893350.0,26.158247,87.605837
2254,confluence_2253,gauge,103,134,559050.0,2893350.0,26.158309,87.590829
2254,confluence_2253,gauge+site,103,134,559050.0,2893350.0,26.158309,87.590829
2255,confluence_2254,gauge,103,124,556050.0,2893350.0,26.158429,87.560814
2255,confluence_2254,gauge+site,103,124,556050.0,2893350.0,26.158429,87.560814
2256,confluence_2255,gauge,135,169,569550.0,2883750.0,26.071161,87.695369
2256,confluence_2255,gauge+site,135,169,569550.0,2883750.0,26.071161,87.695369
2257,confluence_2256,gauge,103,118,554250.0,2893350.0,26.158498,87.542804
2257,confluence_2256,gauge+site,103,118,554250.0,2893350.0,26.158498,87.542804
2258,confluence_2257,gauge,129,115,553350.0,2885550.0,26.088103,87.53348
2258,confluence_2257,gauge+site,129,115,553350.0,2885550.0,26.088103,87.53348
2259,confluence_2258,gauge,157,160,566850.0,2877150.0,26.011696,87.668038
2259,confluence_2258,gauge+site,157,160,566850.0,2877150.0,26.011696,87.668038
2260,confluence_2259,gauge,103,114,553050.0,2893350.0,26.158543,87.530798
2260,confluence_2259,gauge+site,103,114,553050.0,2893350.0,26.158543,87.530798
2261,confluence_2260,gauge,103,113,552750.0,2893350.0,26.158554,87.527797
2261,confluence_2260,gauge+site,103,113,552750.0,2893350.0,26.158554,87.527797
2262,confluence_2261,gauge,135,162,567450.0,2883750.0,26.071261,87.674374
2262,confluence_2261,gauge+site,135,162,567450.0,2883750.0,26.071261,87.674374
2263,confluence_2262,gauge,157,168,569250.0,2877150.0,26.011583,87.69202
2263,confluence_2262,gauge+site,157,168,569250.0,2877150.0,26.011583,87.69202
2264,confluence_2263,gauge,135,167,568950.0,2883750.0,26.07119,87.689371
2264,confluence_2263,gauge+site,135,167,568950.0,2883750.0,26.07119,87.689371
2265,confluence_2264,gauge,103,96,547650.0,2893350.0,26.158732,87.476769
2265,confluence_2264,gauge+site,103,96,547650.0,2893350.0,26.158732,87.476769
2266,confluence_2265,gauge,158,130,557850.0,2876850.0,26.009375,87.578091
2266,confluence_2265,gauge+site,158,130,557850.0,2876850.0,26.009375,87.578091
2267,confluence_2266,gauge,124,153,564750.0,2887050.0,26.10118,87.647545
2267,confluence_2266,gauge+site,124,153,564750.0,2887050.0,26.10118,87.647545
2268,confluence_2267,gauge,102,144,562050.0,2893650.0,26.160892,87.620859
2268,confluence_2267,gauge+site,102,144,562050.0,2893650.0,26.160892,87.620859
2269,confluence_2268,gauge,158,131,558150.0,2876850.0,26.009363,87.581089
2269,confluence_2268,gauge+site,158,131,558150.0,2876850.0,26.009363,87.581089
2270,confluence_2269,gauge,102,134,559050.0,2893650.0,26.161018,87.590843
2270,confluence_2269,gauge+site,102,134,559050.0,2893650.0,26.161018,87.590843
2271,confluence_2270,gauge,140,167,568950.0,2882250.0,26.057646,87.689291
2271,confluence_2270,gauge+site,140,167,568950.0,2882250.0,26.057646,87.689291
2272,confluence_2271,gauge,158,141,561150.0,2876850.0,26.009239,87.611066
2272,confluence_2271,gauge+site,158,141,561150.0,2876850.0,26.009239,87.611066
2273,confluence_2272,gauge,120,108,551250.0,2888250.0,26.112559,87.512588
2273,confluence_2272,gauge+site,120,108,551250.0,2888250.0,26.112559,87.512588
2274,confluence_2273,gauge,155,145,562350.0,2877750.0,26.017314,87.6231
2274,confluence_2273,gauge+site,155,145,562350.0,2877750.0,26.017314,87.6231
2275,confluence_2274,gauge,105,130,557850.0,2892750.0,26.15294,87.578797
2275,confluence_2274,gauge+site,105,130,557850.0,2892750.0,26.15294,87.578797
2276,confluence_2275,gauge,155,141,561150.0,2877750.0,26.017365,87.611108
2276,confluence_2275,gauge+site,155,141,561150.0,2877750.0,26.017365,87.611108
2277,confluence_2276,gauge,150,163,567750.0,2879250.0,26.030615,87.67714
2277,confluence_2276,gauge+site,150,163,567750.0,2879250.0,26.030615,87.67714
2278,confluence_2277,gauge,108,117,553950.0,2891850.0,26.144966,87.539741
2278,confluence_2277,gauge+site,108,117,553950.0,2891850.0,26.144966,87.539741
2279,confluence_2278,gauge,108,110,551850.0,2891850.0,26.145043,87.518732
2279,confluence_2278,gauge+site,108,110,551850.0,2891850.0,26.145043,87.518732
2280,confluence_2279,gauge,108,109,551550.0,2891850.0,26.145054,87.515731
2280,confluence_2279,gauge+site,108,109,551550.0,2891850.0,26.145054,87.515731
2281,confluence_2280,gauge,108,106,550650.0,2891850.0,26.145086,87.506727
2281,confluence_2280,gauge+site,108,106,550650.0,2891850.0,26.145086,87.506727
2282,confluence_2281,gauge,151,113,552750.0,2878950.0,26.028531,87.527213
2282,confluence_2281,gauge+site,151,113,552750.0,2878950.0,26.028531,87.527213
2283,confluence_2282,gauge,151,117,553950.0,2878950.0,26.028487,87.539206
2283,confluence_2282,gauge+site,151,117,553950.0,2878950.0,26.028487,87.539206
2284,confluence_2283,gauge,108,101,549150.0,2891850.0,26.145138,87.491721
2284,confluence_2283,gauge+site,108,101,549150.0,2891850.0,26.145138,87.491721
2285,confluence_2284,gauge,108,95,547350.0,2891850.0,26.145198,87.473713
2285,confluence_2284,gauge+site,108,95,547350.0,2891850.0,26.145198,87.473713
2286,confluence_2285,gauge,142,134,559050.0,2881650.0,26.052667,87.590299
2286,confluence_2285,gauge+site,142,134,559050.0,2881650.0,26.052667,87.590299
2287,confluence_2286,gauge,118,152,564450.0,2888850.0,26.117446,87.644634
2287,confluence_2286,gauge+site,118,152,564450.0,2888850.0,26.117446,87.644634
2288,confluence_2287,gauge,136,127,556950.0,2883450.0,26.069004,87.569385
2288,confluence_2287,gauge+site,136,127,556950.0,2883450.0,26.069004,87.569385
2289,confluence_2288,gauge,138,122,555450.0,2882850.0,26.063645,87.554363
2289,confluence_2288,gauge+site,138,122,555450.0,2882850.0,26.063645,87.554363
2290,confluence_2289,gauge,151,166,568650.0,2878950.0,26.027864,87.686119
2290,confluence_2289,gauge+site,151,166,568650.0,2878950.0,26.027864,87.686119
2291,confluence_2290,gauge,152,112,552450.0,2878650.0,26.025833,87.524203
2291,confluence_2290,gauge+site,152,112,552450.0,2878650.0,26.025833,87.524203
2292,confluence_2291,gauge,118,153,564750.0,2888850.0,26.117433,87.647634
2292,confluence_2291,gauge+site,118,153,564750.0,2888850.0,26.117433,87.647634
2293,confluence_2292,gauge,108,81,543150.0,2891850.0,26.14533,87.431695
2293,confluence_2292,gauge+site,108,81,543150.0,2891850.0,26.14533,87.431695
2294,confluence_2293,gauge,152,114,553050.0,2878650.0,26.025811,87.5302
2294,confluence_2293,gauge+site,152,114,553050.0,2878650.0,26.025811,87.5302
2295,confluence_2294,gauge,108,75,541350.0,2891850.0,26.145383,87.413687
2295,confluence_2294,gauge+site,108,75,541350.0,2891850.0,26.145383,87.413687
2296,confluence_2295,gauge,108,74,541050.0,2891850.0,26.145391,87.410686
2296,confluence_2295,gauge+site,108,74,541050.0,2891850.0,26.145391,87.410686
2297,confluence_2296,gauge,128,100,548850.0,2885850.0,26.090971,87.488494
2297,confluence_2296,gauge+site,128,100,548850.0,2885850.0,26.090971,87.488494
2298,confluence_2297,gauge,152,134,559050.0,2878650.0,26.025579,87.590163
2298,confluence_2297,gauge+site,152,134,559050.0,2878650.0,26.025579,87.590163
2299,confluence_2298,gauge,108,119,554550.0,2891850.0,26.144943,87.545743
2299,confluence_2298,gauge+site,108,119,554550.0,2891850.0,26.144943,87.545743
2300,confluence_2299,gauge,118,148,563250.0,2888850.0,26.1175,87.632632
2300,confluence_2299,gauge+site,118,148,563250.0,2888850.0,26.1175,87.632632
2301,confluence_2300,gauge,109,130,557850.0,2891550.0,26.142105,87.578743
2301,confluence_2300,gauge+site,109,130,557850.0,2891550.0,26.142105,87.578743
2302,confluence_2301,gauge,136,140,560850.0,2883450.0,26.068845,87.608376
2302,confluence_2301,gauge+site,136,140,560850.0,2883450.0,26.068845,87.608376
2303,confluence_2302,gauge,136,133,558750.0,2883450.0,26.068932,87.587381
2303,confluence_2302,gauge+site,136,133,558750.0,2883450.0,26.068932,87.587381
2304,confluence_2303,gauge,109,106,550650.0,2891550.0,26.142377,87.506715
2304,confluence_2303,gauge+site,109,106,550650.0,2891550.0,26.142377,87.506715
2305,confluence_2304,gauge,109,98,548250.0,2891550.0,26.142459,87.482706
2305,confluence_2304,gauge+site,109,98,548250.0,2891550.0,26.142459,87.482706
2306,confluence_2305,gauge,109,95,547350.0,2891550.0,26.142489,87.473702
2306,confluence_2305,gauge+site,109,95,547350.0,2891550.0,26.142489,87.473702
2307,confluence_2306,gauge,109,94,547050.0,2891550.0,26.142499,87.470701
2307,confluence_2306,gauge+site,109,94,547050.0,2891550.0,26.142499,87.470701
2308,confluence_2307,gauge,138,112,552450.0,2882850.0,26.063757,87.524372
2308,confluence_2307,gauge+site,138,112,552450.0,2882850.0,26.063757,87.524372
2309,confluence_2308,gauge,127,163,567750.0,2886150.0,26.092916,87.677498
2309,confluence_2308,gauge+site,127,163,567750.0,2886150.0,26.092916,87.677498
2310,confluence_2309,gauge,142,139,560550.0,2881650.0,26.052605,87.605293
2310,confluence_2309,gauge+site,142,139,560550.0,2881650.0,26.052605,87.605293
2311,confluence_2310,gauge,150,123,555750.0,2879250.0,26.031128,87.557209
2311,confluence_2310,gauge+site,150,123,555750.0,2879250.0,26.031128,87.557209
2312,confluence_2311,gauge,127,165,568350.0,2886150.0,26.092888,87.683498
2312,confluence_2311,gauge+site,127,165,568350.0,2886150.0,26.092888,87.683498
2313,confluence_2312,gauge,109,78,542250.0,2891550.0,26.142648,87.422682
2313,confluence_2312,gauge+site,109,78,542250.0,2891550.0,26.142648,87.422682
2314,confluence_2313,gauge,150,132,558450.0,2879250.0,26.031021,87.584194
2314,confluence_2313,gauge+site,150,132,558450.0,2879250.0,26.031021,87.584194
2315,confluence_2314,gauge,108,141,561150.0,2891850.0,26.144678,87.61177
2315,confluence_2314,gauge+site,108,141,561150.0,2891850.0,26.144678,87.61177
2316,confluence_2315,gauge,108,134,559050.0,2891850.0,26.144765,87.590761
2316,confluence_2315,gauge+site,108,134,559050.0,2891850.0,26.144765,87.590761
2317,confluence_2316,gauge,150,135,559350.0,2879250.0,26.030984,87.593189
2317,confluence_2316,gauge+site,150,135,559350.0,2879250.0,26.030984,87.593189
2318,confluence_2317,gauge,128,98,548250.0,2885850.0,26.090992,87.482494
2318,confluence_2317,gauge+site,128,98,548250.0,2885850.0,26.090992,87.482494
2319,confluence_2318,gauge,150,141,561150.0,2879250.0,26.030909,87.611178
2319,confluence_2318,gauge+site,150,141,561150.0,2879250.0,26.030909,87.611178
2320,confluence_2319,gauge,150,149,563550.0,2879250.0,26.030806,87.635165
2320,confluence_2319,gauge+site,150,149,563550.0,2879250.0,26.030806,87.635165
2321,confluence_2320,gauge,142,157,565950.0,2881650.0,26.052369,87.659272
2321,confluence_2320,gauge+site,142,157,565950.0,2881650.0,26.052369,87.659272
2322,confluence_2321,gauge,127,157,565950.0,2886150.0,26.093,87.659499
2322,confluence_2321,gauge+site,127,157,565950.0,2886150.0,26.093,87.659499
2323,confluence_2322,gauge,107,140,560850.0,2892150.0,26.147399,87.608782
2323,confluence_2322,gauge+site,107,140,560850.0,2892150.0,26.147399,87.608782
2324,confluence_2323,gauge,107,134,559050.0,2892150.0,26.147474,87.590775
2324,confluence_2323,gauge+site,107,134,559050.0,2892150.0,26.147474,87.590775
2325,confluence_2324,gauge,136,122,555450.0,2883450.0,26.069062,87.554389
2325,confluence_2324,gauge+site,136,122,555450.0,2883450.0,26.069062,87.554389
2326,confluence_2325,gauge,142,112,552450.0,2881650.0,26.052922,87.524324
2326,confluence_2325,gauge+site,142,112,552450.0,2881650.0,26.052922,87.524324
2327,confluence_2326,gauge,106,125,556350.0,2892450.0,26.150291,87.563776
2327,confluence_2326,gauge+site,106,125,556350.0,2892450.0,26.150291,87.563776
2328,confluence_2327,gauge,154,125,556350.0,2878050.0,26.020269,87.563154
2328,confluence_2327,gauge+site,154,125,556350.0,2878050.0,26.020269,87.563154
2329,confluence_2328,gauge,119,125,556350.0,2888550.0,26.115077,87.563607
2329,confluence_2328,gauge+site,119,125,556350.0,2888550.0,26.115077,87.563607
2330,confluence_2329,gauge,154,133,558750.0,2878050.0,26.020174,87.587138
2330,confluence_2329,gauge+site,154,133,558750.0,2878050.0,26.020174,87.587138
2331,confluence_2330,gauge,154,138,560250.0,2878050.0,26.020112,87.602128
2331,confluence_2330,gauge+site,154,138,560250.0,2878050.0,26.020112,87.602128
2332,confluence_2331,gauge,106,109,551550.0,2892450.0,26.150471,87.515754
2332,confluence_2331,gauge+site,106,109,551550.0,2892450.0,26.150471,87.515754
2333,confluence_2332,gauge,154,141,561150.0,2878050.0,26.020074,87.611122
2333,confluence_2332,gauge+site,154,141,561150.0,2878050.0,26.020074,87.611122
2334,confluence_2333,gauge,119,124,556050.0,2888550.0,26.115089,87.560607
2334,confluence_2333,gauge+site,119,124,556050.0,2888550.0,26.115089,87.560607
2335,confluence_2334,gauge,106,106,550650.0,2892450.0,26.150503,87.50675
2335,confluence_2334,gauge+site,106,106,550650.0,2892450.0,26.150503,87.50675
2336,confluence_2335,gauge,106,85,544350.0,2892450.0,26.150711,87.443721
2336,confluence_2335,gauge+site,106,85,544350.0,2892450.0,26.150711,87.443721
2337,confluence_2336,gauge,142,111,552150.0,2881650.0,26.052932,87.521325
2337,confluence_2336,gauge+site,142,111,552150.0,2881650.0,26.052932,87.521325
2338,confluence_2337,gauge,154,151,564150.0,2878050.0,26.019944,87.641102
2338,confluence_2337,gauge+site,154,151,564150.0,2878050.0,26.019944,87.641102
2339,confluence_2338,gauge,106,83,543750.0,2892450.0,26.150729,87.437718
2339,confluence_2338,gauge+site,106,83,543750.0,2892450.0,26.150729,87.437718
2340,confluence_2339,gauge,154,152,564450.0,2878050.0,26.019931,87.6441
2340,confluence_2339,gauge+site,154,152,564450.0,2878050.0,26.019931,87.6441
2341,confluence_2340,gauge,119,136,559650.0,2888550.0,26.114944,87.596612
2341,confluence_2340,gauge+site,119,136,559650.0,2888550.0,26.114944,87.596612
2342,confluence_2341,gauge,106,75,541350.0,2892450.0,26.1508,87.413707
2342,confluence_2341,gauge+site,106,75,541350.0,2892450.0,26.1508,87.413707
2343,confluence_2342,gauge,136,113,552750.0,2883450.0,26.069164,87.527395
2343,confluence_2342,gauge+site,136,113,552750.0,2883450.0,26.069164,87.527395
2344,confluence_2343,gauge,119,137,559950.0,2888550.0,26.114932,87.599613
2344,confluence_2343,gauge+site,119,137,559950.0,2888550.0,26.114932,87.599613
2345,confluence_2344,gauge,154,146,562650.0,2878050.0,26.02001,87.626112
2345,confluence_2344,gauge+site,154,146,562650.0,2878050.0,26.02001,87.626112
2346,confluence_2345,gauge,107,139,560550.0,2892150.0,26.147412,87.605781
2346,confluence_2345,gauge+site,107,139,560550.0,2892150.0,26.147412,87.605781
2347,confluence_2346,gauge,153,156,565650.0,2878350.0,26.022586,87.656107
2347,confluence_2346,gauge+site,153,156,565650.0,2878350.0,26.022586,87.656107
2348,confluence_2347,gauge,153,139,560550.0,2878350.0,26.022808,87.60514
2348,confluence_2347,gauge+site,153,139,560550.0,2878350.0,26.022808,87.60514
2349,confluence_2348,gauge,107,130,557850.0,2892150.0,26.147523,87.57877
2349,confluence_2348,gauge+site,107,130,557850.0,2892150.0,26.147523,87.57877
2350,confluence_2349,gauge,152,139,560550.0,2878650.0,26.025517,87.605154
2350,confluence_2349,gauge+site,152,139,560550.0,2878650.0,26.025517,87.605154
2351,confluence_2350,gauge,107,123,555750.0,2892150.0,26.147606,87.557761
2351,confluence_2350,gauge+site,107,123,555750.0,2892150.0,26.147606,87.557761
2352,confluence_2351,gauge,107,120,554850.0,2892150.0,26.14764,87.548757
2352,confluence_2351,gauge+site,107,120,554850.0,2892150.0,26.14764,87.548757
2353,confluence_2352,gauge,152,148,563250.0,2878650.0,26.025402,87.632137
2353,confluence_2352,gauge+site,152,148,563250.0,2878650.0,26.025402,87.632137
2354,confluence_2353,gauge,152,166,568650.0,2878650.0,26.025155,87.686103
2354,confluence_2353,gauge+site,152,166,568650.0,2878650.0,26.025155,87.686103
2355,confluence_2354,gauge,153,116,553650.0,2878350.0,26.02308,87.536184
2355,confluence_2354,gauge+site,153,116,553650.0,2878350.0,26.02308,87.536184
2356,confluence_2355,gauge,153,119,554550.0,2878350.0,26.023047,87.545178
2356,confluence_2355,gauge+site,153,119,554550.0,2878350.0,26.023047,87.545178
2357,confluence_2356,gauge,107,106,550650.0,2892150.0,26.147794,87.506739
2357,confluence_2356,gauge+site,107,106,550650.0,2892150.0,26.147794,87.506739
2358,confluence_2357,gauge,153,155,565350.0,2878350.0,26.022599,87.653109
2358,confluence_2357,gauge+site,153,155,565350.0,2878350.0,26.022599,87.653109
2359,confluence_2358,gauge,153,123,555750.0,2878350.0,26.023001,87.55717
2359,confluence_2358,gauge+site,153,123,555750.0,2878350.0,26.023001,87.55717
2360,confluence_2359,gauge,107,97,547950.0,2892150.0,26.147887,87.479727
2360,confluence_2359,gauge+site,107,97,547950.0,2892150.0,26.147887,87.479727
2361,confluence_2360,gauge,107,96,547650.0,2892150.0,26.147897,87.476725
2361,confluence_2360,gauge+site,107,96,547650.0,2892150.0,26.147897,87.476725
2362,confluence_2361,gauge,107,91,546150.0,2892150.0,26.147946,87.461719
2362,confluence_2361,gauge+site,107,91,546150.0,2892150.0,26.147946,87.461719
2363,confluence_2362,gauge,107,83,543750.0,2892150.0,26.148021,87.437708
2363,confluence_2362,gauge+site,107,83,543750.0,2892150.0,26.148021,87.437708
2364,confluence_2363,gauge,119,105,550350.0,2888550.0,26.115299,87.503598
2364,confluence_2363,gauge+site,119,105,550350.0,2888550.0,26.115299,87.503598
2365,confluence_2364,gauge,136,124,556050.0,2883450.0,26.069039,87.560387
2365,confluence_2364,gauge+site,136,124,556050.0,2883450.0,26.069039,87.560387
2366,confluence_2365,gauge,119,109,551550.0,2888550.0,26.115257,87.5156
2366,confluence_2365,gauge+site,119,109,551550.0,2888550.0,26.115257,87.5156
2367,confluence_2366,gauge,153,136,559650.0,2878350.0,26.022846,87.596146
2367,confluence_2366,gauge+site,153,136,559650.0,2878350.0,26.022846,87.596146
2368,confluence_2367,gauge,124,98,548250.0,2887050.0,26.101827,87.482539
2368,confluence_2367,gauge+site,124,98,548250.0,2887050.0,26.101827,87.482539
2369,confluence_2368,gauge,107,101,549150.0,2892150.0,26.147846,87.491732
2369,confluence_2368,gauge+site,107,101,549150.0,2892150.0,26.147846,87.491732
2370,confluence_2369,gauge,110,130,557850.0,2891250.0,26.139397,87.57873
2370,confluence_2369,gauge+site,110,130,557850.0,2891250.0,26.139397,87.57873
2371,confluence_2370,gauge,0,93,546750.0,2924250.0,26.437763,87.468885
2371,confluence_2370,gauge+site,0,93,546750.0,2924250.0,26.437763,87.468885
2372,confluence_2371,gauge,93,104,550050.0,2896350.0,26.185738,87.500898
2372,confluence_2371,gauge+site,93,104,550050.0,2896350.0,26.185738,87.500898
2373,confluence_2372,gauge,33,54,535050.0,2914350.0,26.348711,87.35127
2373,confluence_2372,gauge+site,33,54,535050.0,2914350.0,26.348711,87.35127
2374,confluence_2373,gauge,33,59,536550.0,2914350.0,26.348673,87.366303
2374,confluence_2373,gauge+site,33,59,536550.0,2914350.0,26.348673,87.366303
2375,confluence_2374,gauge,33,64,538050.0,2914350.0,26.348634,87.381336
2375,confluence_2374,gauge+site,33,64,538050.0,2914350.0,26.348634,87.381336
2376,confluence_2375,gauge,33,67,538950.0,2914350.0,26.34861,87.390355
2376,confluence_2375,gauge+site,33,67,538950.0,2914350.0,26.34861,87.390355
2377,confluence_2376,gauge,33,69,539550.0,2914350.0,26.348593,87.396368
2377,confluence_2376,gauge+site,33,69,539550.0,2914350.0,26.348593,87.396368
2378,confluence_2377,gauge,33,72,540450.0,2914350.0,26.348568,87.405388
2378,confluence_2377,gauge+site,33,72,540450.0,2914350.0,26.348568,87.405388
2379,confluence_2378,gauge,33,77,541950.0,2914350.0,26.348525,87.42042
2379,confluence_2378,gauge+site,33,77,541950.0,2914350.0,26.348525,87.42042
2380,confluence_2379,gauge,33,46,532650.0,2914350.0,26.348768,87.327218
2380,confluence_2379,gauge+site,33,46,532650.0,2914350.0,26.348768,87.327218
2381,confluence_2380,gauge,33,78,542250.0,2914350.0,26.348516,87.423427
2381,confluence_2380,gauge+site,33,78,542250.0,2914350.0,26.348516,87.423427
2382,confluence_2381,gauge,33,89,545550.0,2914350.0,26.348414,87.456499
2382,confluence_2381,gauge+site,33,89,545550.0,2914350.0,26.348414,87.456499
2383,confluence_2382,gauge,33,94,547050.0,2914350.0,26.348366,87.471531
2383,confluence_2382,gauge+site,33,94,547050.0,2914350.0,26.348366,87.471531
2384,confluence_2383,gauge,33,99,548550.0,2914350.0,26.348315,87.486563
2384,confluence_2383,gauge+site,33,99,548550.0,2914350.0,26.348315,87.486563
2385,confluence_2384,gauge,33,103,549750.0,2914350.0,26.348274,87.498589
2385,confluence_2384,gauge+site,33,103,549750.0,2914350.0,26.348274,87.498589
2386,confluence_2385,gauge,33,111,552150.0,2914350.0,26.348188,87.522641
2386,confluence_2385,gauge+site,33,111,552150.0,2914350.0,26.348188,87.522641
2387,confluence_2386,gauge,33,115,553350.0,2914350.0,26.348144,87.534667
2387,confluence_2386,gauge+site,33,115,553350.0,2914350.0,26.348144,87.534667
2388,confluence_2387,gauge,33,117,553950.0,2914350.0,26.348121,87.54068
2388,confluence_2387,gauge+site,33,117,553950.0,2914350.0,26.348121,87.54068
2389,confluence_2388,gauge,33,83,543750.0,2914350.0,26.348471,87.43846
2389,confluence_2388,gauge+site,33,83,543750.0,2914350.0,26.348471,87.43846
2390,confluence_2389,gauge,33,125,556350.0,2914350.0,26.348029,87.564732
2390,confluence_2389,gauge+site,33,125,556350.0,2914350.0,26.348029,87.564732
2391,confluence_2390,gauge,33,34,529050.0,2914350.0,26.348846,87.291139
2391,confluence_2390,gauge+site,33,34,529050.0,2914350.0,26.348846,87.291139
2392,confluence_2391,gauge,33,29,527550.0,2914350.0,26.348876,87.276106
2392,confluence_2391,gauge+site,33,29,527550.0,2914350.0,26.348876,87.276106
2393,confluence_2392,gauge,32,64,538050.0,2914650.0,26.351343,87.381344
2393,confluence_2392,gauge+site,32,64,538050.0,2914650.0,26.351343,87.381344
2394,confluence_2393,gauge,32,69,539550.0,2914650.0,26.351302,87.396378
2394,confluence_2393,gauge+site,32,69,539550.0,2914650.0,26.351302,87.396378
2395,confluence_2394,gauge,32,79,542550.0,2914650.0,26.351216,87.426443
2395,confluence_2394,gauge+site,32,79,542550.0,2914650.0,26.351216,87.426443
2396,confluence_2395,gauge,32,85,544350.0,2914650.0,26.351161,87.444483
2396,confluence_2395,gauge+site,32,85,544350.0,2914650.0,26.351161,87.444483
2397,confluence_2396,gauge,32,87,544950.0,2914650.0,26.351142,87.450496
2397,confluence_2396,gauge+site,32,87,544950.0,2914650.0,26.351142,87.450496
2398,confluence_2397,gauge,32,92,546450.0,2914650.0,26.351094,87.465529
2398,confluence_2397,gauge+site,32,92,546450.0,2914650.0,26.351094,87.465529
2399,confluence_2398,gauge,32,101,549150.0,2914650.0,26.351004,87.492588
2399,confluence_2398,gauge+site,32,101,549150.0,2914650.0,26.351004,87.492588
2400,confluence_2399,gauge,33,31,528150.0,2914350.0,26.348864,87.282119
2400,confluence_2399,gauge+site,33,31,528150.0,2914350.0,26.348864,87.282119
2401,confluence_2400,gauge,32,112,552450.0,2914650.0,26.350886,87.52566
2401,confluence_2400,gauge+site,32,112,552450.0,2914650.0,26.350886,87.52566
2402,confluence_2401,gauge,32,120,554850.0,2914650.0,26.350796,87.549712
2402,confluence_2401,gauge+site,32,120,554850.0,2914650.0,26.350796,87.549712
2403,confluence_2402,gauge,32,123,555750.0,2914650.0,26.350761,87.558732
2403,confluence_2402,gauge+site,32,123,555750.0,2914650.0,26.350761,87.558732
2404,confluence_2403,gauge,32,134,559050.0,2914650.0,26.350628,87.591803
2404,confluence_2403,gauge+site,32,134,559050.0,2914650.0,26.350628,87.591803
2405,confluence_2404,gauge,32,145,562350.0,2914650.0,26.350488,87.624874
2405,confluence_2404,gauge+site,32,145,562350.0,2914650.0,26.350488,87.624874
2406,confluence_2405,gauge,33,22,525450.0,2914350.0,26.348915,87.25506
2406,confluence_2405,gauge+site,33,22,525450.0,2914350.0,26.348915,87.25506
2407,confluence_2406,gauge,33,23,525750.0,2914350.0,26.348909,87.258067
2407,confluence_2406,gauge+site,33,23,525750.0,2914350.0,26.348909,87.258067
2408,confluence_2407,gauge,33,27,526950.0,2914350.0,26.348887,87.270093
2408,confluence_2407,gauge+site,33,27,526950.0,2914350.0,26.348887,87.270093
2409,confluence_2408,gauge,32,115,553350.0,2914650.0,26.350853,87.534679
2409,confluence_2408,gauge+site,32,115,553350.0,2914650.0,26.350853,87.534679
2410,confluence_2409,gauge,32,54,535050.0,2914650.0,26.35142,87.351278
2410,confluence_2409,gauge+site,32,54,535050.0,2914650.0,26.35142,87.351278
2411,confluence_2410,gauge,33,130,557850.0,2914350.0,26.347969,87.579764
2411,confluence_2410,gauge+site,33,130,557850.0,2914350.0,26.347969,87.579764
2412,confluence_2411,gauge,33,145,562350.0,2914350.0,26.347779,87.62486
2412,confluence_2411,gauge+site,33,145,562350.0,2914350.0,26.347779,87.62486
2413,confluence_2412,gauge,35,53,534750.0,2913750.0,26.343301,87.348247
2413,confluence_2412,gauge+site,35,53,534750.0,2913750.0,26.343301,87.348247
2414,confluence_2413,gauge,35,54,535050.0,2913750.0,26.343293,87.351254
2414,confluence_2413,gauge+site,35,54,535050.0,2913750.0,26.343293,87.351254
2415,confluence_2414,gauge,35,63,537750.0,2913750.0,26.343225,87.378311
2415,confluence_2414,gauge+site,35,63,537750.0,2913750.0,26.343225,87.378311
2416,confluence_2415,gauge,35,74,541050.0,2913750.0,26.343133,87.411382
2416,confluence_2415,gauge+site,35,74,541050.0,2913750.0,26.343133,87.411382
2417,confluence_2416,gauge,35,82,543450.0,2913750.0,26.343062,87.435433
2417,confluence_2416,gauge+site,35,82,543450.0,2913750.0,26.343062,87.435433
2418,confluence_2417,gauge,35,89,545550.0,2913750.0,26.342997,87.456477
2418,confluence_2417,gauge+site,35,89,545550.0,2913750.0,26.342997,87.456477
2419,confluence_2418,gauge,35,94,547050.0,2913750.0,26.342948,87.471509
2419,confluence_2418,gauge+site,35,94,547050.0,2913750.0,26.342948,87.471509
2420,confluence_2419,gauge,35,45,532350.0,2913750.0,26.343357,87.324196
2420,confluence_2419,gauge+site,35,45,532350.0,2913750.0,26.343357,87.324196
2421,confluence_2420,gauge,35,103,549750.0,2913750.0,26.342857,87.498566
2421,confluence_2420,gauge+site,35,103,549750.0,2913750.0,26.342857,87.498566
2422,confluence_2421,gauge,35,113,552750.0,2913750.0,26.342749,87.52863
2422,confluence_2421,gauge+site,35,113,552750.0,2913750.0,26.342749,87.52863
2423,confluence_2422,gauge,35,118,554250.0,2913750.0,26.342693,87.543661
2423,confluence_2422,gauge+site,35,118,554250.0,2913750.0,26.342693,87.543661
2424,confluence_2423,gauge,35,119,554550.0,2913750.0,26.342681,87.546667
2424,confluence_2423,gauge+site,35,119,554550.0,2913750.0,26.342681,87.546667
2425,confluence_2424,gauge,35,129,557550.0,2913750.0,26.342563,87.57673
2425,confluence_2424,gauge+site,35,129,557550.0,2913750.0,26.342563,87.57673
2426,confluence_2425,gauge,35,134,559050.0,2913750.0,26.342502,87.591762
2426,confluence_2425,gauge+site,35,134,559050.0,2913750.0,26.342502,87.591762
2427,confluence_2426,gauge,35,144,562050.0,2913750.0,26.342375,87.621825
2427,confluence_2426,gauge+site,35,144,562050.0,2913750.0,26.342375,87.621825
2428,confluence_2427,gauge,36,20,524850.0,2913450.0,26.340799,87.24903
2428,confluence_2427,gauge+site,36,20,524850.0,2913450.0,26.340799,87.24903
2429,confluence_2428,gauge,35,110,551850.0,2913750.0,26.342782,87.519611
2429,confluence_2428,gauge+site,35,110,551850.0,2913750.0,26.342782,87.519611
2430,confluence_2429,gauge,33,139,560550.0,2914350.0,26.347857,87.606821
2430,confluence_2429,gauge+site,33,139,560550.0,2914350.0,26.347857,87.606821
2431,confluence_2430,gauge,35,37,529950.0,2913750.0,26.34341,87.300145
2431,confluence_2430,gauge+site,35,37,529950.0,2913750.0,26.34341,87.300145
2432,confluence_2431,gauge,35,28,527250.0,2913750.0,26.343464,87.273087
2432,confluence_2431,gauge+site,35,28,527250.0,2913750.0,26.343464,87.273087
2433,confluence_2432,gauge,34,20,524850.0,2914050.0,26.346216,87.249041
2433,confluence_2432,gauge+site,34,20,524850.0,2914050.0,26.346216,87.249041
2434,confluence_2433,gauge,34,31,528150.0,2914050.0,26.346155,87.282113
2434,confluence_2433,gauge+site,34,31,528150.0,2914050.0,26.346155,87.282113
2435,confluence_2434,gauge,34,34,529050.0,2914050.0,26.346137,87.291132
2435,confluence_2434,gauge+site,34,34,529050.0,2914050.0,26.346137,87.291132
2436,confluence_2435,gauge,34,40,530850.0,2914050.0,26.346099,87.309171
2436,confluence_2435,gauge+site,34,40,530850.0,2914050.0,26.346099,87.309171
2437,confluence_2436,gauge,34,45,532350.0,2914050.0,26.346066,87.324204
2437,confluence_2436,gauge+site,34,45,532350.0,2914050.0,26.346066,87.324204
2438,confluence_2437,gauge,34,49,533550.0,2914050.0,26.346038,87.33623
2438,confluence_2437,gauge+site,34,49,533550.0,2914050.0,26.346038,87.33623
2439,confluence_2438,gauge,34,50,533850.0,2914050.0,26.346031,87.339236
2439,confluence_2438,gauge+site,34,50,533850.0,2914050.0,26.346031,87.339236
2440,confluence_2439,gauge,35,33,528750.0,2913750.0,26.343434,87.288119
2440,confluence_2439,gauge+site,35,33,528750.0,2913750.0,26.343434,87.288119
2441,confluence_2440,gauge,34,57,535950.0,2914050.0,26.34598,87.360281
2441,confluence_2440,gauge+site,34,57,535950.0,2914050.0,26.34598,87.360281
2442,confluence_2441,gauge,34,66,538650.0,2914050.0,26.345909,87.38734
2442,confluence_2441,gauge+site,34,66,538650.0,2914050.0,26.345909,87.38734
2443,confluence_2442,gauge,34,70,539850.0,2914050.0,26.345876,87.399366
2443,confluence_2442,gauge+site,34,70,539850.0,2914050.0,26.345876,87.399366
2444,confluence_2443,gauge,34,72,540450.0,2914050.0,26.345859,87.405378
2444,confluence_2443,gauge+site,34,72,540450.0,2914050.0,26.345859,87.405378
2445,confluence_2444,gauge,34,87,544950.0,2914050.0,26.345725,87.450475
2445,confluence_2444,gauge+site,34,87,544950.0,2914050.0,26.345725,87.450475
2446,confluence_2445,gauge,34,103,549750.0,2914050.0,26.345565,87.498578
2446,confluence_2445,gauge+site,34,103,549750.0,2914050.0,26.345565,87.498578
2447,confluence_2446,gauge,34,105,550350.0,2914050.0,26.345544,87.504591
2447,confluence_2446,gauge+site,34,105,550350.0,2914050.0,26.345544,87.504591
2448,confluence_2447,gauge,34,130,557850.0,2914050.0,26.34526,87.57975
2448,confluence_2447,gauge+site,34,130,557850.0,2914050.0,26.34526,87.57975
2449,confluence_2448,gauge,34,58,536250.0,2914050.0,26.345972,87.363288
2449,confluence_2448,gauge+site,34,58,536250.0,2914050.0,26.345972,87.363288
2450,confluence_2449,gauge,36,22,525450.0,2913450.0,26.340788,87.255042
2450,confluence_2449,gauge+site,36,22,525450.0,2913450.0,26.340788,87.255042
2451,confluence_2450,gauge,32,32,528450.0,2914650.0,26.351567,87.285133
2451,confluence_2450,gauge+site,32,32,528450.0,2914650.0,26.351567,87.285133
2452,confluence_2451,gauge,32,23,525750.0,2914650.0,26.351618,87.258073
2452,confluence_2451,gauge+site,32,23,525750.0,2914650.0,26.351618,87.258073
2453,confluence_2452,gauge,28,111,552150.0,2915850.0,26.361732,87.522702
2453,confluence_2452,gauge+site,28,111,552150.0,2915850.0,26.361732,87.522702
2454,confluence_2453,gauge,28,118,554250.0,2915850.0,26.361654,87.54375
2454,confluence_2453,gauge+site,28,118,554250.0,2915850.0,26.361654,87.54375
2455,confluence_2454,gauge,28,124,556050.0,2915850.0,26.361584,87.561791
2455,confluence_2454,gauge+site,28,124,556050.0,2915850.0,26.361584,87.561791
2456,confluence_2455,gauge,28,129,557550.0,2915850.0,26.361524,87.576824
2456,confluence_2455,gauge+site,28,129,557550.0,2915850.0,26.361524,87.576824
2457,confluence_2456,gauge,28,142,561450.0,2915850.0,26.361361,87.615912
2457,confluence_2456,gauge+site,28,142,561450.0,2915850.0,26.361361,87.615912
2458,confluence_2457,gauge,28,146,562650.0,2915850.0,26.361309,87.627939
2458,confluence_2457,gauge+site,28,146,562650.0,2915850.0,26.361309,87.627939
2459,confluence_2458,gauge,29,26,526650.0,2915550.0,26.359728,87.267111
2459,confluence_2458,gauge+site,29,26,526650.0,2915550.0,26.359728,87.267111
2460,confluence_2459,gauge,28,109,551550.0,2915850.0,26.361754,87.516688
2460,confluence_2459,gauge+site,28,109,551550.0,2915850.0,26.361754,87.516688
2461,confluence_2460,gauge,29,29,527550.0,2915550.0,26.359711,87.276132
2461,confluence_2460,gauge+site,29,29,527550.0,2915550.0,26.359711,87.276132
2462,confluence_2461,gauge,29,38,530250.0,2915550.0,26.359656,87.303194
2462,confluence_2461,gauge+site,29,38,530250.0,2915550.0,26.359656,87.303194
2463,confluence_2462,gauge,29,40,530850.0,2915550.0,26.359643,87.309207
2463,confluence_2462,gauge+site,29,40,530850.0,2915550.0,26.359643,87.309207
2464,confluence_2463,gauge,29,89,545550.0,2915550.0,26.359249,87.456541
2464,confluence_2463,gauge+site,29,89,545550.0,2915550.0,26.359249,87.456541
2465,confluence_2464,gauge,29,111,552150.0,2915550.0,26.359023,87.52269
2465,confluence_2464,gauge+site,29,111,552150.0,2915550.0,26.359023,87.52269
2466,confluence_2465,gauge,29,119,554550.0,2915550.0,26.358933,87.546744
2466,confluence_2465,gauge+site,29,119,554550.0,2915550.0,26.358933,87.546744
2467,confluence_2466,gauge,29,134,559050.0,2915550.0,26.358754,87.591845
2467,confluence_2466,gauge+site,29,134,559050.0,2915550.0,26.358754,87.591845
2468,confluence_2467,gauge,29,141,561150.0,2915550.0,26.358666,87.612891
2468,confluence_2467,gauge+site,29,141,561150.0,2915550.0,26.358666,87.612891
2469,confluence_2468,gauge,29,35,529350.0,2915550.0,26.359675,87.294173
2469,confluence_2468,gauge+site,29,35,529350.0,2915550.0,26.359675,87.294173
2470,confluence_2469,gauge,29,142,561450.0,2915550.0,26.358653,87.615898
2470,confluence_2469,gauge+site,29,142,561450.0,2915550.0,26.358653,87.615898
2471,confluence_2470,gauge,28,96,547650.0,2915850.0,26.361889,87.4776
2471,confluence_2470,gauge+site,28,96,547650.0,2915850.0,26.361889,87.4776
2472,confluence_2471,gauge,28,88,545250.0,2915850.0,26.361968,87.453545
2472,confluence_2471,gauge+site,28,88,545250.0,2915850.0,26.361968,87.453545
2473,confluence_2472,gauge,27,147,562950.0,2916150.0,26.364005,87.630961
2473,confluence_2472,gauge+site,27,147,562950.0,2916150.0,26.364005,87.630961
2474,confluence_2473,gauge,27,149,563550.0,2916150.0,26.363978,87.636975
2474,confluence_2473,gauge+site,27,149,563550.0,2916150.0,26.363978,87.636975
2475,confluence_2474,gauge,28,24,526050.0,2915850.0,26.362448,87.261104
2475,confluence_2474,gauge+site,28,24,526050.0,2915850.0,26.362448,87.261104
2476,confluence_2475,gauge,28,29,527550.0,2915850.0,26.36242,87.276138
2476,confluence_2475,gauge+site,28,29,527550.0,2915850.0,26.36242,87.276138
2477,confluence_2476,gauge,28,32,528450.0,2915850.0,26.362402,87.285159
2477,confluence_2476,gauge+site,28,32,528450.0,2915850.0,26.362402,87.285159
2478,confluence_2477,gauge,28,38,530250.0,2915850.0,26.362365,87.303201
2478,confluence_2477,gauge+site,28,38,530250.0,2915850.0,26.362365,87.303201
2479,confluence_2478,gauge,28,40,530850.0,2915850.0,26.362352,87.309214
2479,confluence_2478,gauge+site,28,40,530850.0,2915850.0,26.362352,87.309214
2480,confluence_2479,gauge,28,93,546750.0,2915850.0,26.361919,87.468579
2480,confluence_2479,gauge+site,28,93,546750.0,2915850.0,26.361919,87.468579
2481,confluence_2480,gauge,28,42,531450.0,2915850.0,26.362339,87.315228
2481,confluence_2480,gauge+site,28,42,531450.0,2915850.0,26.362339,87.315228
2482,confluence_2481,gauge,28,57,535950.0,2915850.0,26.362232,87.360332
2482,confluence_2481,gauge+site,28,57,535950.0,2915850.0,26.362232,87.360332
2483,confluence_2482,gauge,28,64,538050.0,2915850.0,26.362178,87.38138
2483,confluence_2482,gauge+site,28,64,538050.0,2915850.0,26.362178,87.38138
2484,confluence_2483,gauge,28,65,538350.0,2915850.0,26.36217,87.384387
2484,confluence_2483,gauge+site,28,65,538350.0,2915850.0,26.36217,87.384387
2485,confluence_2484,gauge,28,68,539250.0,2915850.0,26.362145,87.393408
2485,confluence_2484,gauge+site,28,68,539250.0,2915850.0,26.362145,87.393408
2486,confluence_2485,gauge,28,75,541350.0,2915850.0,26.362086,87.414456
2486,confluence_2485,gauge+site,28,75,541350.0,2915850.0,26.362086,87.414456
2487,confluence_2486,gauge,28,78,542250.0,2915850.0,26.36206,87.423476
2487,confluence_2486,gauge+site,28,78,542250.0,2915850.0,26.36206,87.423476
2488,confluence_2487,gauge,28,85,544350.0,2915850.0,26.361996,87.444524
2488,confluence_2487,gauge+site,28,85,544350.0,2915850.0,26.361996,87.444524
2489,confluence_2488,gauge,28,44,532050.0,2915850.0,26.362325,87.321242
2489,confluence_2488,gauge+site,28,44,532050.0,2915850.0,26.362325,87.321242
2490,confluence_2489,gauge,32,31,528150.0,2914650.0,26.351573,87.282126
2490,confluence_2489,gauge+site,32,31,528150.0,2914650.0,26.351573,87.282126
2491,confluence_2490,gauge,29,150,563850.0,2915550.0,26.358547,87.639952
2491,confluence_2490,gauge+site,29,150,563850.0,2915550.0,26.358547,87.639952
2492,confluence_2491,gauge,30,32,528450.0,2915250.0,26.356984,87.285146
2492,confluence_2491,gauge+site,30,32,528450.0,2915250.0,26.356984,87.285146
2493,confluence_2492,gauge,31,42,531450.0,2914950.0,26.354212,87.315206
2493,confluence_2492,gauge+site,31,42,531450.0,2914950.0,26.354212,87.315206
2494,confluence_2493,gauge,31,79,542550.0,2914950.0,26.353925,87.426453
2494,confluence_2493,gauge+site,31,79,542550.0,2914950.0,26.353925,87.426453
2495,confluence_2494,gauge,31,99,548550.0,2914950.0,26.353733,87.486586
2495,confluence_2494,gauge+site,31,99,548550.0,2914950.0,26.353733,87.486586
2496,confluence_2495,gauge,31,100,548850.0,2914950.0,26.353723,87.489593
2496,confluence_2495,gauge+site,31,100,548850.0,2914950.0,26.353723,87.489593
2497,confluence_2496,gauge,31,101,549150.0,2914950.0,26.353712,87.492599
2497,confluence_2496,gauge+site,31,101,549150.0,2914950.0,26.353712,87.492599
2498,confluence_2497,gauge,31,102,549450.0,2914950.0,26.353702,87.495606
2498,confluence_2497,gauge+site,31,102,549450.0,2914950.0,26.353702,87.495606
2499,confluence_2498,gauge,31,104,550050.0,2914950.0,26.353681,87.501619
2499,confluence_2498,gauge+site,31,104,550050.0,2914950.0,26.353681,87.501619
2500,confluence_2499,gauge,31,26,526650.0,2914950.0,26.35431,87.267099
2500,confluence_2499,gauge+site,31,26,526650.0,2914950.0,26.35431,87.267099
2501,confluence_2500,gauge,31,105,550350.0,2914950.0,26.353671,87.504626
2501,confluence_2500,gauge+site,31,105,550350.0,2914950.0,26.353671,87.504626
2502,confluence_2501,gauge,31,112,552450.0,2914950.0,26.353595,87.525672
2502,confluence_2501,gauge+site,31,112,552450.0,2914950.0,26.353595,87.525672
2503,confluence_2502,gauge,31,132,558450.0,2914950.0,26.353362,87.585804
2503,confluence_2502,gauge+site,31,132,558450.0,2914950.0,26.353362,87.585804
2504,confluence_2503,gauge,31,133,558750.0,2914950.0,26.353349,87.58881
2504,confluence_2503,gauge+site,31,133,558750.0,2914950.0,26.353349,87.58881
2505,confluence_2504,gauge,31,134,559050.0,2914950.0,26.353337,87.591817
2505,confluence_2504,gauge+site,31,134,559050.0,2914950.0,26.353337,87.591817
2506,confluence_2505,gauge,31,135,559350.0,2914950.0,26.353324,87.594824
2506,confluence_2505,gauge+site,31,135,559350.0,2914950.0,26.353324,87.594824
2507,confluence_2506,gauge,31,139,560550.0,2914950.0,26.353274,87.60685
2507,confluence_2506,gauge+site,31,139,560550.0,2914950.0,26.353274,87.60685
2508,confluence_2507,gauge,31,140,560850.0,2914950.0,26.353261,87.609856
2508,confluence_2507,gauge+site,31,140,560850.0,2914950.0,26.353261,87.609856
2509,confluence_2508,gauge,31,106,550650.0,2914950.0,26.35366,87.507632
2509,confluence_2508,gauge+site,31,106,550650.0,2914950.0,26.35366,87.507632
2510,confluence_2509,gauge,30,31,528150.0,2915250.0,26.35699,87.282139
2510,confluence_2509,gauge+site,30,31,528150.0,2915250.0,26.35699,87.282139
2511,confluence_2510,gauge,31,21,525150.0,2914950.0,26.354338,87.252065
2511,confluence_2510,gauge+site,31,21,525150.0,2914950.0,26.354338,87.252065
2512,confluence_2511,gauge,31,14,523050.0,2914950.0,26.354373,87.231018
2512,confluence_2511,gauge+site,31,14,523050.0,2914950.0,26.354373,87.231018
2513,confluence_2512,gauge,30,43,531750.0,2915250.0,26.356915,87.31822
2513,confluence_2512,gauge+site,30,43,531750.0,2915250.0,26.356915,87.31822
2514,confluence_2513,gauge,30,64,538050.0,2915250.0,26.35676,87.381362
2514,confluence_2513,gauge+site,30,64,538050.0,2915250.0,26.35676,87.381362
2515,confluence_2514,gauge,30,68,539250.0,2915250.0,26.356728,87.393389
2515,confluence_2514,gauge+site,30,68,539250.0,2915250.0,26.356728,87.393389
2516,confluence_2515,gauge,30,72,540450.0,2915250.0,26.356694,87.405416
2516,confluence_2515,gauge+site,30,72,540450.0,2915250.0,26.356694,87.405416
2517,confluence_2516,gauge,30,89,545550.0,2915250.0,26.356541,87.45653
2517,confluence_2516,gauge+site,30,89,545550.0,2915250.0,26.356541,87.45653
2518,confluence_2517,gauge,30,91,546150.0,2915250.0,26.356521,87.462544
2518,confluence_2517,gauge+site,30,91,546150.0,2915250.0,26.356521,87.462544
2519,confluence_2518,gauge,30,95,547350.0,2915250.0,26.356482,87.474571
2519,confluence_2518,gauge+site,30,95,547350.0,2915250.0,26.356482,87.474571
2520,confluence_2519,gauge,31,16,523650.0,2914950.0,26.354363,87.237032
2520,confluence_2519,gauge+site,31,16,523650.0,2914950.0,26.354363,87.237032
2521,confluence_2520,gauge,30,96,547650.0,2915250.0,26.356472,87.477577
2521,confluence_2520,gauge+site,30,96,547650.0,2915250.0,26.356472,87.477577
2522,confluence_2521,gauge,30,115,553350.0,2915250.0,26.35627,87.534704
2522,confluence_2521,gauge+site,30,115,553350.0,2915250.0,26.35627,87.534704
2523,confluence_2522,gauge,30,121,555150.0,2915250.0,26.356202,87.552744
2523,confluence_2522,gauge+site,30,121,555150.0,2915250.0,26.356202,87.552744
2524,confluence_2523,gauge,30,128,557250.0,2915250.0,26.356119,87.573791
2524,confluence_2523,gauge+site,30,128,557250.0,2915250.0,26.356119,87.573791
2525,confluence_2524,gauge,30,141,561150.0,2915250.0,26.355957,87.612877
2525,confluence_2524,gauge+site,30,141,561150.0,2915250.0,26.355957,87.612877
2526,confluence_2525,gauge,30,142,561450.0,2915250.0,26.355944,87.615884
2526,confluence_2525,gauge+site,30,142,561450.0,2915250.0,26.355944,87.615884
2527,confluence_2526,gauge,30,148,563250.0,2915250.0,26.355865,87.633923
2527,confluence_2526,gauge+site,30,148,563250.0,2915250.0,26.355865,87.633923
2528,confluence_2527,gauge,30,150,563850.0,2915250.0,26.355839,87.639937
2528,confluence_2527,gauge+site,30,150,563850.0,2915250.0,26.355839,87.639937
2529,confluence_2528,gauge,30,108,551250.0,2915250.0,26.356347,87.513658
2529,confluence_2528,gauge+site,30,108,551250.0,2915250.0,26.356347,87.513658
2530,confluence_2529,gauge,27,131,558150.0,2916150.0,26.364209,87.582852
2530,confluence_2529,gauge+site,27,131,558150.0,2916150.0,26.364209,87.582852
2531,confluence_2530,gauge,36,36,529650.0,2913450.0,26.340707,87.297131
2531,confluence_2530,gauge+site,36,36,529650.0,2913450.0,26.340707,87.297131
2532,confluence_2531,gauge,36,44,532050.0,2913450.0,26.340655,87.321182
2532,confluence_2531,gauge+site,36,44,532050.0,2913450.0,26.340655,87.321182
2533,confluence_2532,gauge,41,129,557550.0,2911950.0,26.326311,87.57665
2533,confluence_2532,gauge+site,41,129,557550.0,2911950.0,26.326311,87.57665
2534,confluence_2533,gauge,42,22,525450.0,2911650.0,26.324535,87.255007
2534,confluence_2533,gauge+site,42,22,525450.0,2911650.0,26.324535,87.255007
2535,confluence_2534,gauge,42,46,532650.0,2911650.0,26.324389,87.327149
2535,confluence_2534,gauge+site,42,46,532650.0,2911650.0,26.324389,87.327149
2536,confluence_2535,gauge,42,67,538950.0,2911650.0,26.324231,87.390273
2536,confluence_2535,gauge+site,42,67,538950.0,2911650.0,26.324231,87.390273
2537,confluence_2536,gauge,42,71,540150.0,2911650.0,26.324198,87.402297
2537,confluence_2536,gauge+site,42,71,540150.0,2911650.0,26.324198,87.402297
2538,confluence_2537,gauge,42,72,540450.0,2911650.0,26.324189,87.405303
2538,confluence_2537,gauge+site,42,72,540450.0,2911650.0,26.324189,87.405303
2539,confluence_2538,gauge,42,73,540750.0,2911650.0,26.324181,87.408309
2539,confluence_2538,gauge+site,42,73,540750.0,2911650.0,26.324181,87.408309
2540,confluence_2539,gauge,41,124,556050.0,2911950.0,26.326371,87.56162
2540,confluence_2539,gauge+site,41,124,556050.0,2911950.0,26.326371,87.56162
2541,confluence_2540,gauge,42,80,542850.0,2911650.0,26.324119,87.42935
2541,confluence_2540,gauge+site,42,80,542850.0,2911650.0,26.324119,87.42935
2542,confluence_2541,gauge,42,92,546450.0,2911650.0,26.324007,87.465421
2542,confluence_2541,gauge+site,42,92,546450.0,2911650.0,26.324007,87.465421
2543,confluence_2542,gauge,42,95,547350.0,2911650.0,26.323977,87.474438
2543,confluence_2542,gauge+site,42,95,547350.0,2911650.0,26.323977,87.474438
2544,confluence_2543,gauge,42,100,548850.0,2911650.0,26.323927,87.489467
2544,confluence_2543,gauge+site,42,100,548850.0,2911650.0,26.323927,87.489467
2545,confluence_2544,gauge,42,103,549750.0,2911650.0,26.323896,87.498485
2545,confluence_2544,gauge+site,42,103,549750.0,2911650.0,26.323896,87.498485
2546,confluence_2545,gauge,42,108,551250.0,2911650.0,26.323843,87.513514
2546,confluence_2545,gauge+site,42,108,551250.0,2911650.0,26.323843,87.513514
2547,confluence_2546,gauge,42,113,552750.0,2911650.0,26.323788,87.528543
2547,confluence_2546,gauge+site,42,113,552750.0,2911650.0,26.323788,87.528543
2548,confluence_2547,gauge,42,124,556050.0,2911650.0,26.323662,87.561607
2548,confluence_2547,gauge+site,42,124,556050.0,2911650.0,26.323662,87.561607
2549,confluence_2548,gauge,42,85,544350.0,2911650.0,26.324073,87.444379
2549,confluence_2548,gauge+site,42,85,544350.0,2911650.0,26.324073,87.444379
2550,confluence_2549,gauge,43,29,527550.0,2911350.0,26.321788,87.276042
2550,confluence_2549,gauge+site,43,29,527550.0,2911350.0,26.321788,87.276042
2551,confluence_2550,gauge,41,103,549750.0,2911950.0,26.326604,87.498497
2551,confluence_2550,gauge+site,41,103,549750.0,2911950.0,26.326604,87.498497
2552,confluence_2551,gauge,41,99,548550.0,2911950.0,26.326646,87.486473
2552,confluence_2551,gauge+site,41,99,548550.0,2911950.0,26.326646,87.486473
2553,confluence_2552,gauge,41,30,527850.0,2911950.0,26.327199,87.279061
2553,confluence_2552,gauge+site,41,30,527850.0,2911950.0,26.327199,87.279061
2554,confluence_2553,gauge,41,31,528150.0,2911950.0,26.327193,87.282067
2554,confluence_2553,gauge+site,41,31,528150.0,2911950.0,26.327193,87.282067
2555,confluence_2554,gauge,41,34,529050.0,2911950.0,26.327175,87.291085
2555,confluence_2554,gauge+site,41,34,529050.0,2911950.0,26.327175,87.291085
2556,confluence_2555,gauge,41,37,529950.0,2911950.0,26.327157,87.300103
2556,confluence_2555,gauge+site,41,37,529950.0,2911950.0,26.327157,87.300103
2557,confluence_2556,gauge,41,38,530250.0,2911950.0,26.327151,87.303109
2557,confluence_2556,gauge+site,41,38,530250.0,2911950.0,26.327151,87.303109
2558,confluence_2557,gauge,41,43,531750.0,2911950.0,26.327118,87.318139
2558,confluence_2557,gauge+site,41,43,531750.0,2911950.0,26.327118,87.318139
2559,confluence_2558,gauge,41,46,532650.0,2911950.0,26.327098,87.327157
2559,confluence_2558,gauge+site,41,46,532650.0,2911950.0,26.327098,87.327157
2560,confluence_2559,gauge,41,101,549150.0,2911950.0,26.326625,87.492485
2560,confluence_2559,gauge+site,41,101,549150.0,2911950.0,26.326625,87.492485
2561,confluence_2560,gauge,41,53,534750.0,2911950.0,26.327048,87.348199
2561,confluence_2560,gauge+site,41,53,534750.0,2911950.0,26.327048,87.348199
2562,confluence_2561,gauge,41,60,536850.0,2911950.0,26.326995,87.369241
2562,confluence_2561,gauge+site,41,60,536850.0,2911950.0,26.326995,87.369241
2563,confluence_2562,gauge,41,62,537450.0,2911950.0,26.32698,87.375253
2563,confluence_2562,gauge+site,41,62,537450.0,2911950.0,26.32698,87.375253
2564,confluence_2563,gauge,41,69,539550.0,2911950.0,26.326923,87.396294
2564,confluence_2563,gauge+site,41,69,539550.0,2911950.0,26.326923,87.396294
2565,confluence_2564,gauge,41,78,542250.0,2911950.0,26.326846,87.423348
2565,confluence_2564,gauge+site,41,78,542250.0,2911950.0,26.326846,87.423348
2566,confluence_2565,gauge,41,86,544650.0,2911950.0,26.326773,87.447396
2566,confluence_2565,gauge+site,41,86,544650.0,2911950.0,26.326773,87.447396
2567,confluence_2566,gauge,41,89,545550.0,2911950.0,26.326744,87.456414
2567,confluence_2566,gauge+site,41,89,545550.0,2911950.0,26.326744,87.456414
2568,confluence_2567,gauge,41,95,547350.0,2911950.0,26.326686,87.474449
2568,confluence_2567,gauge+site,41,95,547350.0,2911950.0,26.326686,87.474449
2569,confluence_2568,gauge,41,58,536250.0,2911950.0,26.327011,87.363229
2569,confluence_2568,gauge+site,41,58,536250.0,2911950.0,26.327011,87.363229
2570,confluence_2569,gauge,40,136,559650.0,2912250.0,26.328934,87.597705
2570,confluence_2569,gauge+site,40,136,559650.0,2912250.0,26.328934,87.597705
2571,confluence_2570,gauge,43,37,529950.0,2911350.0,26.321739,87.300089
2571,confluence_2570,gauge+site,43,37,529950.0,2911350.0,26.321739,87.300089
2572,confluence_2571,gauge,43,58,536250.0,2911350.0,26.321593,87.363212
2572,confluence_2571,gauge+site,43,58,536250.0,2911350.0,26.321593,87.363212
2573,confluence_2572,gauge,44,128,557250.0,2911050.0,26.318197,87.573604
2573,confluence_2572,gauge+site,44,128,557250.0,2911050.0,26.318197,87.573604
2574,confluence_2573,gauge,44,132,558450.0,2911050.0,26.318149,87.585627
2574,confluence_2573,gauge+site,44,132,558450.0,2911050.0,26.318149,87.585627
2575,confluence_2574,gauge,45,25,526350.0,2910750.0,26.316393,87.264006
2575,confluence_2574,gauge+site,45,25,526350.0,2910750.0,26.316393,87.264006
2576,confluence_2575,gauge,45,26,526650.0,2910750.0,26.316387,87.267012
2576,confluence_2575,gauge+site,45,26,526650.0,2910750.0,26.316387,87.267012
2577,confluence_2576,gauge,45,29,527550.0,2910750.0,26.31637,87.276029
2577,confluence_2576,gauge+site,45,29,527550.0,2910750.0,26.31637,87.276029
2578,confluence_2577,gauge,45,30,527850.0,2910750.0,26.316364,87.279035
2578,confluence_2577,gauge+site,45,30,527850.0,2910750.0,26.316364,87.279035
2579,confluence_2578,gauge,45,32,528450.0,2910750.0,26.316352,87.285046
2579,confluence_2578,gauge+site,45,32,528450.0,2910750.0,26.316352,87.285046
2580,confluence_2579,gauge,44,124,556050.0,2911050.0,26.318245,87.561581
2580,confluence_2579,gauge+site,44,124,556050.0,2911050.0,26.318245,87.561581
2581,confluence_2580,gauge,45,38,530250.0,2910750.0,26.316315,87.303081
2581,confluence_2580,gauge+site,45,38,530250.0,2910750.0,26.316315,87.303081
2582,confluence_2581,gauge,45,46,532650.0,2910750.0,26.316262,87.327126
2582,confluence_2581,gauge+site,45,46,532650.0,2910750.0,26.316262,87.327126
2583,confluence_2582,gauge,45,48,533250.0,2910750.0,26.316249,87.333138
2583,confluence_2582,gauge+site,45,48,533250.0,2910750.0,26.316249,87.333138
2584,confluence_2583,gauge,45,60,536850.0,2910750.0,26.31616,87.369206
2584,confluence_2583,gauge+site,45,60,536850.0,2910750.0,26.31616,87.369206
2585,confluence_2584,gauge,45,62,537450.0,2910750.0,26.316145,87.375218
2585,confluence_2584,gauge+site,45,62,537450.0,2910750.0,26.316145,87.375218
2586,confluence_2585,gauge,45,74,541050.0,2910750.0,26.316046,87.411286
2586,confluence_2585,gauge+site,45,74,541050.0,2910750.0,26.316046,87.411286
2587,confluence_2586,gauge,45,95,547350.0,2910750.0,26.315851,87.474405
2587,confluence_2586,gauge+site,45,95,547350.0,2910750.0,26.315851,87.474405
2588,confluence_2587,gauge,45,100,548850.0,2910750.0,26.3158,87.489433
2588,confluence_2587,gauge+site,45,100,548850.0,2910750.0,26.3158,87.489433
2589,confluence_2588,gauge,45,41,531150.0,2910750.0,26.316296,87.312098
2589,confluence_2588,gauge+site,45,41,531150.0,2910750.0,26.316296,87.312098
2590,confluence_2589,gauge,43,42,531450.0,2911350.0,26.321707,87.315118
2590,confluence_2589,gauge+site,43,42,531450.0,2911350.0,26.321707,87.315118
2591,confluence_2590,gauge,44,121,555150.0,2911050.0,26.31828,87.552564
2591,confluence_2590,gauge+site,44,121,555150.0,2911050.0,26.31828,87.552564
2592,confluence_2591,gauge,44,111,552150.0,2911050.0,26.318392,87.522507
2592,confluence_2591,gauge+site,44,111,552150.0,2911050.0,26.318392,87.522507
2593,confluence_2592,gauge,43,59,536550.0,2911350.0,26.321586,87.366218
2593,confluence_2592,gauge+site,43,59,536550.0,2911350.0,26.321586,87.366218
2594,confluence_2593,gauge,43,85,544350.0,2911350.0,26.321365,87.444369
2594,confluence_2593,gauge+site,43,85,544350.0,2911350.0,26.321365,87.444369
2595,confluence_2594,gauge,43,108,551250.0,2911350.0,26.321134,87.513502
2595,confluence_2594,gauge+site,43,108,551250.0,2911350.0,26.321134,87.513502
2596,confluence_2595,gauge,43,113,552750.0,2911350.0,26.321079,87.528531
2596,confluence_2595,gauge+site,43,113,552750.0,2911350.0,26.321079,87.528531
2597,confluence_2596,gauge,43,118,554250.0,2911350.0,26.321023,87.54356
2597,confluence_2596,gauge+site,43,118,554250.0,2911350.0,26.321023,87.54356
2598,confluence_2597,gauge,43,123,555750.0,2911350.0,26.320965,87.558589
2598,confluence_2597,gauge+site,43,123,555750.0,2911350.0,26.320965,87.558589
2599,confluence_2598,gauge,44,35,529350.0,2911050.0,26.319043,87.29407
2599,confluence_2598,gauge+site,44,35,529350.0,2911050.0,26.319043,87.29407
2600,confluence_2599,gauge,44,112,552450.0,2911050.0,26.318381,87.525513
2600,confluence_2599,gauge+site,44,112,552450.0,2911050.0,26.318381,87.525513
2601,confluence_2600,gauge,44,52,534450.0,2911050.0,26.318929,87.345169
2601,confluence_2600,gauge+site,44,52,534450.0,2911050.0,26.318929,87.345169
2602,confluence_2601,gauge,44,66,538650.0,2911050.0,26.318822,87.38725
2602,confluence_2601,gauge+site,44,66,538650.0,2911050.0,26.318822,87.38725
2603,confluence_2602,gauge,44,70,539850.0,2911050.0,26.318789,87.399273
2603,confluence_2602,gauge+site,44,70,539850.0,2911050.0,26.318789,87.399273
2604,confluence_2603,gauge,44,74,541050.0,2911050.0,26.318755,87.411296
2604,confluence_2603,gauge+site,44,74,541050.0,2911050.0,26.318755,87.411296
2605,confluence_2604,gauge,44,76,541650.0,2911050.0,26.318737,87.417307
2605,confluence_2604,gauge+site,44,76,541650.0,2911050.0,26.318737,87.417307
2606,confluence_2605,gauge,44,84,544050.0,2911050.0,26.318665,87.441353
2606,confluence_2605,gauge+site,44,84,544050.0,2911050.0,26.318665,87.441353
2607,confluence_2606,gauge,44,96,547650.0,2911050.0,26.31855,87.477422
2607,confluence_2606,gauge+site,44,96,547650.0,2911050.0,26.31855,87.477422
2608,confluence_2607,gauge,44,104,550050.0,2911050.0,26.318468,87.501468
2608,confluence_2607,gauge+site,44,104,550050.0,2911050.0,26.318468,87.501468
2609,confluence_2608,gauge,44,65,538350.0,2911050.0,26.31883,87.384244
2609,confluence_2608,gauge+site,44,65,538350.0,2911050.0,26.31883,87.384244
2610,confluence_2609,gauge,36,38,530250.0,2913450.0,26.340695,87.303144
2610,confluence_2609,gauge+site,36,38,530250.0,2913450.0,26.340695,87.303144
2611,confluence_2610,gauge,40,121,555150.0,2912250.0,26.329115,87.552616
2611,confluence_2610,gauge+site,40,121,555150.0,2912250.0,26.329115,87.552616
2612,confluence_2611,gauge,40,110,551850.0,2912250.0,26.329238,87.51955
2612,confluence_2611,gauge+site,40,110,551850.0,2912250.0,26.329238,87.51955
2613,confluence_2612,gauge,37,56,535650.0,2913150.0,26.337861,87.35725
2613,confluence_2612,gauge+site,37,56,535650.0,2913150.0,26.337861,87.35725
2614,confluence_2613,gauge,37,60,536850.0,2913150.0,26.337831,87.369275
2614,confluence_2613,gauge+site,37,60,536850.0,2913150.0,26.337831,87.369275
2615,confluence_2614,gauge,37,70,539850.0,2913150.0,26.33775,87.399338
2615,confluence_2614,gauge+site,37,70,539850.0,2913150.0,26.33775,87.399338
2616,confluence_2615,gauge,37,71,540150.0,2913150.0,26.337742,87.402344
2616,confluence_2615,gauge+site,37,71,540150.0,2913150.0,26.337742,87.402344
2617,confluence_2616,gauge,37,98,548250.0,2913150.0,26.337491,87.483512
2617,confluence_2616,gauge+site,37,98,548250.0,2913150.0,26.337491,87.483512
2618,confluence_2617,gauge,37,110,551850.0,2913150.0,26.337364,87.519586
2618,confluence_2617,gauge+site,37,110,551850.0,2913150.0,26.337364,87.519586
2619,confluence_2618,gauge,37,114,553050.0,2913150.0,26.33732,87.531611
2619,confluence_2618,gauge+site,37,114,553050.0,2913150.0,26.33732,87.531611
2620,confluence_2619,gauge,37,49,533550.0,2913150.0,26.337912,87.336206
2620,confluence_2619,gauge+site,37,49,533550.0,2913150.0,26.337912,87.336206
2621,confluence_2620,gauge,37,117,553950.0,2913150.0,26.337287,87.54063
2621,confluence_2620,gauge+site,37,117,553950.0,2913150.0,26.337287,87.54063
2622,confluence_2621,gauge,38,15,523350.0,2912850.0,26.335406,87.233987
2622,confluence_2621,gauge+site,38,15,523350.0,2912850.0,26.335406,87.233987
2623,confluence_2622,gauge,38,25,526350.0,2912850.0,26.335354,87.264049
2623,confluence_2622,gauge+site,38,25,526350.0,2912850.0,26.335354,87.264049
2624,confluence_2623,gauge,38,32,528450.0,2912850.0,26.335314,87.285093
2624,confluence_2623,gauge+site,38,32,528450.0,2912850.0,26.335314,87.285093
2625,confluence_2624,gauge,38,34,529050.0,2912850.0,26.335302,87.291105
2625,confluence_2624,gauge+site,38,34,529050.0,2912850.0,26.335302,87.291105
2626,confluence_2625,gauge,38,37,529950.0,2912850.0,26.335283,87.300124
2626,confluence_2625,gauge+site,38,37,529950.0,2912850.0,26.335283,87.300124
2627,confluence_2626,gauge,38,48,533250.0,2912850.0,26.33521,87.333192
2627,confluence_2626,gauge+site,38,48,533250.0,2912850.0,26.33521,87.333192
2628,confluence_2627,gauge,38,60,536850.0,2912850.0,26.335122,87.369266
2628,confluence_2627,gauge+site,38,60,536850.0,2912850.0,26.335122,87.369266
2629,confluence_2628,gauge,37,124,556050.0,2913150.0,26.337206,87.561673
2629,confluence_2628,gauge+site,37,124,556050.0,2913150.0,26.337206,87.561673
2630,confluence_2629,gauge,38,64,538050.0,2912850.0,26.33509,87.381291
2630,confluence_2629,gauge+site,38,64,538050.0,2912850.0,26.33509,87.381291
2631,confluence_2630,gauge,37,37,529950.0,2913150.0,26.337992,87.300131
2631,confluence_2630,gauge+site,37,37,529950.0,2913150.0,26.337992,87.300131
2632,confluence_2631,gauge,37,27,526950.0,2913150.0,26.338052,87.270068
2632,confluence_2631,gauge+site,37,27,526950.0,2913150.0,26.338052,87.270068
2633,confluence_2632,gauge,36,45,532350.0,2913450.0,26.340648,87.324189
2633,confluence_2632,gauge+site,36,45,532350.0,2913450.0,26.340648,87.324189
2634,confluence_2633,gauge,36,53,534750.0,2913450.0,26.340592,87.348239
2634,confluence_2633,gauge+site,36,53,534750.0,2913450.0,26.340592,87.348239
2635,confluence_2634,gauge,36,66,538650.0,2913450.0,26.340492,87.387322
2635,confluence_2634,gauge+site,36,66,538650.0,2913450.0,26.340492,87.387322
2636,confluence_2635,gauge,36,77,541950.0,2913450.0,26.340399,87.420391
2636,confluence_2635,gauge+site,36,77,541950.0,2913450.0,26.340399,87.420391
2637,confluence_2636,gauge,36,85,544350.0,2913450.0,26.340326,87.444442
2637,confluence_2636,gauge+site,36,85,544350.0,2913450.0,26.340326,87.444442
2638,confluence_2637,gauge,36,87,544950.0,2913450.0,26.340307,87.450454
2638,confluence_2637,gauge+site,36,87,544950.0,2913450.0,26.340307,87.450454
2639,confluence_2638,gauge,36,91,546150.0,2913450.0,26.340269,87.462479
2639,confluence_2638,gauge+site,36,91,546150.0,2913450.0,26.340269,87.462479
2640,confluence_2639,gauge,37,34,529050.0,2913150.0,26.338011,87.291112
2640,confluence_2639,gauge+site,37,34,529050.0,2913150.0,26.338011,87.291112
2641,confluence_2640,gauge,36,92,546450.0,2913450.0,26.340259,87.465486
2641,confluence_2640,gauge+site,36,92,546450.0,2913450.0,26.340259,87.465486
2642,confluence_2641,gauge,36,110,551850.0,2913450.0,26.340073,87.519598
2642,confluence_2641,gauge+site,36,110,551850.0,2913450.0,26.340073,87.519598
2643,confluence_2642,gauge,36,117,553950.0,2913450.0,26.339995,87.540642
2643,confluence_2642,gauge+site,36,117,553950.0,2913450.0,26.339995,87.540642
2644,confluence_2643,gauge,36,124,556050.0,2913450.0,26.339914,87.561686
2644,confluence_2643,gauge+site,36,124,556050.0,2913450.0,26.339914,87.561686
2645,confluence_2644,gauge,36,129,557550.0,2913450.0,26.339855,87.576717
2645,confluence_2644,gauge+site,36,129,557550.0,2913450.0,26.339855,87.576717
2646,confluence_2645,gauge,36,133,558750.0,2913450.0,26.339806,87.588742
2646,confluence_2645,gauge+site,36,133,558750.0,2913450.0,26.339806,87.588742
2647,confluence_2646,gauge,37,16,523650.0,2913150.0,26.33811,87.236999
2647,confluence_2646,gauge+site,37,16,523650.0,2913150.0,26.33811,87.236999
2648,confluence_2647,gauge,37,25,526350.0,2913150.0,26.338063,87.264055
2648,confluence_2647,gauge+site,37,25,526350.0,2913150.0,26.338063,87.264055
2649,confluence_2648,gauge,36,94,547050.0,2913450.0,26.34024,87.471498
2649,confluence_2648,gauge+site,36,94,547050.0,2913450.0,26.34024,87.471498
2650,confluence_2649,gauge,40,113,552750.0,2912250.0,26.329205,87.528568
2650,confluence_2649,gauge+site,40,113,552750.0,2912250.0,26.329205,87.528568
2651,confluence_2650,gauge,38,65,538350.0,2912850.0,26.335082,87.384297
2651,confluence_2650,gauge+site,38,65,538350.0,2912850.0,26.335082,87.384297
2652,confluence_2651,gauge,38,73,540750.0,2912850.0,26.335016,87.408347
2652,confluence_2651,gauge+site,38,73,540750.0,2912850.0,26.335016,87.408347
2653,confluence_2652,gauge,39,129,557550.0,2912550.0,26.331729,87.576677
2653,confluence_2652,gauge+site,39,129,557550.0,2912550.0,26.331729,87.576677
2654,confluence_2653,gauge,39,136,559650.0,2912550.0,26.331642,87.597719
2654,confluence_2653,gauge+site,39,136,559650.0,2912550.0,26.331642,87.597719
2655,confluence_2654,gauge,40,21,525150.0,2912250.0,26.329958,87.252013
2655,confluence_2654,gauge+site,40,21,525150.0,2912250.0,26.329958,87.252013
2656,confluence_2655,gauge,40,25,526350.0,2912250.0,26.329937,87.264037
2656,confluence_2655,gauge+site,40,25,526350.0,2912250.0,26.329937,87.264037
2657,confluence_2656,gauge,40,32,528450.0,2912250.0,26.329896,87.285079
2657,confluence_2656,gauge+site,40,32,528450.0,2912250.0,26.329896,87.285079
2658,confluence_2657,gauge,40,41,531150.0,2912250.0,26.32984,87.312134
2658,confluence_2657,gauge+site,40,41,531150.0,2912250.0,26.32984,87.312134
2659,confluence_2658,gauge,40,46,532650.0,2912250.0,26.329806,87.327164
2659,confluence_2658,gauge+site,40,46,532650.0,2912250.0,26.329806,87.327164
2660,confluence_2659,gauge,39,128,557250.0,2912550.0,26.331741,87.573671
2660,confluence_2659,gauge+site,39,128,557250.0,2912550.0,26.331741,87.573671
2661,confluence_2660,gauge,40,54,535050.0,2912250.0,26.32975,87.351213
2661,confluence_2660,gauge+site,40,54,535050.0,2912250.0,26.32975,87.351213
2662,confluence_2661,gauge,40,59,536550.0,2912250.0,26.329712,87.366243
2662,confluence_2661,gauge+site,40,59,536550.0,2912250.0,26.329712,87.366243
2663,confluence_2662,gauge,40,64,538050.0,2912250.0,26.329673,87.381273
2663,confluence_2662,gauge+site,40,64,538050.0,2912250.0,26.329673,87.381273
2664,confluence_2663,gauge,40,67,538950.0,2912250.0,26.329648,87.390292
2664,confluence_2663,gauge+site,40,67,538950.0,2912250.0,26.329648,87.390292
2665,confluence_2664,gauge,40,69,539550.0,2912250.0,26.329632,87.396304
2665,confluence_2664,gauge+site,40,69,539550.0,2912250.0,26.329632,87.396304
2666,confluence_2665,gauge,40,75,541350.0,2912250.0,26.329581,87.41434
2666,confluence_2665,gauge+site,40,75,541350.0,2912250.0,26.329581,87.41434
2667,confluence_2666,gauge,40,86,544650.0,2912250.0,26.329482,87.447406
2667,confluence_2666,gauge+site,40,86,544650.0,2912250.0,26.329482,87.447406
2668,confluence_2667,gauge,40,95,547350.0,2912250.0,26.329395,87.47446
2668,confluence_2667,gauge+site,40,95,547350.0,2912250.0,26.329395,87.47446
2669,confluence_2668,gauge,40,55,535350.0,2912250.0,26.329742,87.354219
2669,confluence_2668,gauge+site,40,55,535350.0,2912250.0,26.329742,87.354219
2670,confluence_2669,gauge,38,68,539250.0,2912850.0,26.335058,87.393316
2670,confluence_2669,gauge+site,38,68,539250.0,2912850.0,26.335058,87.393316
2671,confluence_2670,gauge,39,117,553950.0,2912550.0,26.331869,87.540604
2671,confluence_2670,gauge+site,39,117,553950.0,2912550.0,26.331869,87.540604
2672,confluence_2671,gauge,39,105,550350.0,2912550.0,26.332001,87.504532
2672,confluence_2671,gauge+site,39,105,550350.0,2912550.0,26.332001,87.504532
2673,confluence_2672,gauge,38,75,541350.0,2912850.0,26.334999,87.414359
2673,confluence_2672,gauge+site,38,75,541350.0,2912850.0,26.334999,87.414359
2674,confluence_2673,gauge,38,76,541650.0,2912850.0,26.33499,87.417365
2674,confluence_2673,gauge+site,38,76,541650.0,2912850.0,26.33499,87.417365
2675,confluence_2674,gauge,38,80,542850.0,2912850.0,26.334954,87.42939
2675,confluence_2674,gauge+site,38,80,542850.0,2912850.0,26.334954,87.42939
2676,confluence_2675,gauge,38,110,551850.0,2912850.0,26.334656,87.519574
2676,confluence_2675,gauge+site,38,110,551850.0,2912850.0,26.334656,87.519574
2677,confluence_2676,gauge,38,113,552750.0,2912850.0,26.334623,87.528593
2677,confluence_2676,gauge+site,38,113,552750.0,2912850.0,26.334623,87.528593
2678,confluence_2677,gauge,38,122,555450.0,2912850.0,26.33452,87.555648
2678,confluence_2677,gauge+site,38,122,555450.0,2912850.0,26.33452,87.555648
2679,confluence_2678,gauge,38,136,559650.0,2912850.0,26.334351,87.597733
2679,confluence_2678,gauge+site,38,136,559650.0,2912850.0,26.334351,87.597733
2680,confluence_2679,gauge,39,109,551550.0,2912550.0,26.331958,87.516556
2680,confluence_2679,gauge+site,39,109,551550.0,2912550.0,26.331958,87.516556
2681,confluence_2680,gauge,38,138,560250.0,2912850.0,26.334326,87.603745
2681,confluence_2680,gauge+site,38,138,560250.0,2912850.0,26.334326,87.603745
2682,confluence_2681,gauge,39,56,535650.0,2912550.0,26.332443,87.357233
2682,confluence_2681,gauge+site,39,56,535650.0,2912550.0,26.332443,87.357233
2683,confluence_2682,gauge,39,82,543450.0,2912550.0,26.332227,87.435392
2683,confluence_2682,gauge+site,39,82,543450.0,2912550.0,26.332227,87.435392
2684,confluence_2683,gauge,39,84,544050.0,2912550.0,26.332209,87.441404
2684,confluence_2683,gauge+site,39,84,544050.0,2912550.0,26.332209,87.441404
2685,confluence_2684,gauge,39,86,544650.0,2912550.0,26.33219,87.447417
2685,confluence_2684,gauge+site,39,86,544650.0,2912550.0,26.33219,87.447417
2686,confluence_2685,gauge,39,89,545550.0,2912550.0,26.332162,87.456435
2686,confluence_2685,gauge+site,39,89,545550.0,2912550.0,26.332162,87.456435
2687,confluence_2686,gauge,39,95,547350.0,2912550.0,26.332103,87.474471
2687,confluence_2686,gauge+site,39,95,547350.0,2912550.0,26.332103,87.474471
2688,confluence_2687,gauge,39,102,549450.0,2912550.0,26.332032,87.495514
2688,confluence_2687,gauge+site,39,102,549450.0,2912550.0,26.332032,87.495514
2689,confluence_2688,gauge,39,22,525450.0,2912550.0,26.332662,87.255025
2689,confluence_2688,gauge+site,39,22,525450.0,2912550.0,26.332662,87.255025
2690,confluence_2689,gauge,27,119,554550.0,2916150.0,26.364351,87.546769
2690,confluence_2689,gauge+site,27,119,554550.0,2916150.0,26.364351,87.546769
2691,confluence_2690,gauge,27,111,552150.0,2916150.0,26.364441,87.522714
2691,confluence_2690,gauge+site,27,111,552150.0,2916150.0,26.364441,87.522714
2692,confluence_2691,gauge,27,107,550950.0,2916150.0,26.364484,87.510687
2692,confluence_2691,gauge+site,27,107,550950.0,2916150.0,26.364484,87.510687
2693,confluence_2692,gauge,14,5,520350.0,2920050.0,26.400464,87.204039
2693,confluence_2692,gauge+site,14,5,520350.0,2920050.0,26.400464,87.204039
2694,confluence_2693,gauge,14,12,522450.0,2920050.0,26.400432,87.225094
2694,confluence_2693,gauge+site,14,12,522450.0,2920050.0,26.400432,87.225094
2695,confluence_2694,gauge,14,26,526650.0,2920050.0,26.40036,87.267205
2695,confluence_2694,gauge+site,14,26,526650.0,2920050.0,26.40036,87.267205
2696,confluence_2695,gauge,14,61,537150.0,2920050.0,26.400124,87.372481
2696,confluence_2695,gauge+site,14,61,537150.0,2920050.0,26.400124,87.372481
2697,confluence_2696,gauge,14,62,537450.0,2920050.0,26.400116,87.375489
2697,confluence_2696,gauge+site,14,62,537450.0,2920050.0,26.400116,87.375489
2698,confluence_2697,gauge,14,70,539850.0,2920050.0,26.400051,87.399552
2698,confluence_2697,gauge+site,14,70,539850.0,2920050.0,26.400051,87.399552
2699,confluence_2698,gauge,14,71,540150.0,2920050.0,26.400043,87.40256
2699,confluence_2698,gauge+site,14,71,540150.0,2920050.0,26.400043,87.40256
2700,confluence_2699,gauge,14,3,519750.0,2920050.0,26.400472,87.198023
2700,confluence_2699,gauge+site,14,3,519750.0,2920050.0,26.400472,87.198023
2701,confluence_2700,gauge,14,81,543150.0,2920050.0,26.399955,87.432638
2701,confluence_2700,gauge+site,14,81,543150.0,2920050.0,26.399955,87.432638
2702,confluence_2701,gauge,14,111,552150.0,2920050.0,26.399654,87.522873
2702,confluence_2701,gauge+site,14,111,552150.0,2920050.0,26.399654,87.522873
2703,confluence_2702,gauge,14,113,552750.0,2920050.0,26.399632,87.528888
2703,confluence_2702,gauge+site,14,113,552750.0,2920050.0,26.399632,87.528888
2704,confluence_2703,gauge,15,5,520350.0,2919750.0,26.397755,87.204034
2704,confluence_2703,gauge+site,15,5,520350.0,2919750.0,26.397755,87.204034
2705,confluence_2704,gauge,15,14,523050.0,2919750.0,26.397714,87.231104
2705,confluence_2704,gauge+site,15,14,523050.0,2919750.0,26.397714,87.231104
2706,confluence_2705,gauge,15,24,526050.0,2919750.0,26.397662,87.261183
2706,confluence_2705,gauge+site,15,24,526050.0,2919750.0,26.397662,87.261183
2707,confluence_2706,gauge,15,25,526350.0,2919750.0,26.397656,87.264191
2707,confluence_2706,gauge+site,15,25,526350.0,2919750.0,26.397656,87.264191
2708,confluence_2707,gauge,15,59,536550.0,2919750.0,26.397431,87.366457
2708,confluence_2707,gauge+site,15,59,536550.0,2919750.0,26.397431,87.366457
2709,confluence_2708,gauge,14,91,546150.0,2920050.0,26.399861,87.462717
2709,confluence_2708,gauge+site,14,91,546150.0,2920050.0,26.399861,87.462717
2710,confluence_2709,gauge,15,74,541050.0,2919750.0,26.397308,87.411574
2710,confluence_2709,gauge+site,15,74,541050.0,2919750.0,26.397308,87.411574
2711,confluence_2710,gauge,14,2,519450.0,2920050.0,26.400476,87.195015
2711,confluence_2710,gauge+site,14,2,519450.0,2920050.0,26.400476,87.195015
2712,confluence_2711,gauge,13,116,553650.0,2920350.0,26.402307,87.537924
2712,confluence_2711,gauge+site,13,116,553650.0,2920350.0,26.402307,87.537924
2713,confluence_2712,gauge,12,99,548550.0,2920650.0,26.405199,87.486802
2713,confluence_2712,gauge+site,12,99,548550.0,2920650.0,26.405199,87.486802
2714,confluence_2713,gauge,12,104,550050.0,2920650.0,26.405147,87.501842
2714,confluence_2713,gauge+site,12,104,550050.0,2920650.0,26.405147,87.501842
2715,confluence_2714,gauge,12,119,554550.0,2920650.0,26.404981,87.546961
2715,confluence_2714,gauge+site,12,119,554550.0,2920650.0,26.404981,87.546961
2716,confluence_2715,gauge,12,120,554850.0,2920650.0,26.40497,87.549969
2716,confluence_2715,gauge+site,12,120,554850.0,2920650.0,26.40497,87.549969
2717,confluence_2716,gauge,13,26,526650.0,2920350.0,26.403068,87.267211
2717,confluence_2716,gauge+site,13,26,526650.0,2920350.0,26.403068,87.267211
2718,confluence_2717,gauge,13,58,536250.0,2920350.0,26.402856,87.363466
2718,confluence_2717,gauge+site,13,58,536250.0,2920350.0,26.402856,87.363466
2719,confluence_2718,gauge,13,66,538650.0,2920350.0,26.402793,87.387529
2719,confluence_2718,gauge+site,13,66,538650.0,2920350.0,26.402793,87.387529
2720,confluence_2719,gauge,13,117,553950.0,2920350.0,26.402295,87.540932
2720,confluence_2719,gauge+site,13,117,553950.0,2920350.0,26.402295,87.540932
2721,confluence_2720,gauge,13,73,540750.0,2920350.0,26.402735,87.408585
2721,confluence_2720,gauge+site,13,73,540750.0,2920350.0,26.402735,87.408585
2722,confluence_2721,gauge,13,85,544350.0,2920350.0,26.402627,87.44468
2722,confluence_2721,gauge+site,13,85,544350.0,2920350.0,26.402627,87.44468
2723,confluence_2722,gauge,13,87,544950.0,2920350.0,26.402608,87.450696
2723,confluence_2722,gauge+site,13,87,544950.0,2920350.0,26.402608,87.450696
2724,confluence_2723,gauge,13,91,546150.0,2920350.0,26.40257,87.462727
2724,confluence_2723,gauge+site,13,91,546150.0,2920350.0,26.40257,87.462727
2725,confluence_2724,gauge,13,95,547350.0,2920350.0,26.40253,87.474759
2725,confluence_2724,gauge+site,13,95,547350.0,2920350.0,26.40253,87.474759
2726,confluence_2725,gauge,13,111,552150.0,2920350.0,26.402362,87.522885
2726,confluence_2725,gauge+site,13,111,552150.0,2920350.0,26.402362,87.522885
2727,confluence_2726,gauge,13,113,552750.0,2920350.0,26.40234,87.528901
2727,confluence_2726,gauge+site,13,113,552750.0,2920350.0,26.40234,87.528901
2728,confluence_2727,gauge,13,114,553050.0,2920350.0,26.402329,87.531909
2728,confluence_2727,gauge+site,13,114,553050.0,2920350.0,26.402329,87.531909
2729,confluence_2728,gauge,13,81,543150.0,2920350.0,26.402664,87.432648
2729,confluence_2728,gauge+site,13,81,543150.0,2920350.0,26.402664,87.432648
2730,confluence_2729,gauge,12,96,547650.0,2920650.0,26.405229,87.477778
2730,confluence_2729,gauge+site,12,96,547650.0,2920650.0,26.405229,87.477778
2731,confluence_2730,gauge,15,79,542550.0,2919750.0,26.397264,87.426612
2731,confluence_2730,gauge+site,15,79,542550.0,2919750.0,26.397264,87.426612
2732,confluence_2731,gauge,15,84,544050.0,2919750.0,26.397219,87.441651
2732,confluence_2731,gauge+site,15,84,544050.0,2919750.0,26.397219,87.441651
2733,confluence_2732,gauge,16,122,555450.0,2919450.0,26.394112,87.555932
2733,confluence_2732,gauge+site,16,122,555450.0,2919450.0,26.394112,87.555932
2734,confluence_2733,gauge,16,146,562650.0,2919450.0,26.393813,87.628115
2734,confluence_2733,gauge+site,16,146,562650.0,2919450.0,26.393813,87.628115
2735,confluence_2734,gauge,17,5,520350.0,2919150.0,26.392337,87.204024
2735,confluence_2734,gauge+site,17,5,520350.0,2919150.0,26.392337,87.204024
2736,confluence_2735,gauge,17,6,520650.0,2919150.0,26.392333,87.207032
2736,confluence_2735,gauge+site,17,6,520650.0,2919150.0,26.392333,87.207032
2737,confluence_2736,gauge,17,11,522150.0,2919150.0,26.39231,87.222071
2737,confluence_2736,gauge+site,17,11,522150.0,2919150.0,26.39231,87.222071
2738,confluence_2737,gauge,17,12,522450.0,2919150.0,26.392306,87.225078
2738,confluence_2737,gauge+site,17,12,522450.0,2919150.0,26.392306,87.225078
2739,confluence_2738,gauge,17,15,523350.0,2919150.0,26.392291,87.234101
2739,confluence_2738,gauge+site,17,15,523350.0,2919150.0,26.392291,87.234101
2740,confluence_2739,gauge,16,112,552450.0,2919450.0,26.394225,87.525856
2740,confluence_2739,gauge+site,16,112,552450.0,2919450.0,26.394225,87.525856
2741,confluence_2740,gauge,17,22,525450.0,2919150.0,26.392255,87.255155
2741,confluence_2740,gauge+site,17,22,525450.0,2919150.0,26.392255,87.255155
2742,confluence_2741,gauge,17,62,537450.0,2919150.0,26.39199,87.375463
2742,confluence_2741,gauge+site,17,62,537450.0,2919150.0,26.39199,87.375463
2743,confluence_2742,gauge,17,79,542550.0,2919150.0,26.391847,87.426593
2743,confluence_2742,gauge+site,17,79,542550.0,2919150.0,26.391847,87.426593
2744,confluence_2743,gauge,17,82,543450.0,2919150.0,26.39182,87.435615
2744,confluence_2743,gauge+site,17,82,543450.0,2919150.0,26.39182,87.435615
2745,confluence_2744,gauge,17,86,544650.0,2919150.0,26.391783,87.447646
2745,confluence_2744,gauge+site,17,86,544650.0,2919150.0,26.391783,87.447646
2746,confluence_2745,gauge,17,93,546750.0,2919150.0,26.391715,87.468699
2746,confluence_2745,gauge+site,17,93,546750.0,2919150.0,26.391715,87.468699
2747,confluence_2746,gauge,17,95,547350.0,2919150.0,26.391695,87.474715
2747,confluence_2746,gauge+site,17,95,547350.0,2919150.0,26.391695,87.474715
2748,confluence_2747,gauge,17,103,549750.0,2919150.0,26.391614,87.498775
2748,confluence_2747,gauge+site,17,103,549750.0,2919150.0,26.391614,87.498775
2749,confluence_2748,gauge,17,61,537150.0,2919150.0,26.391998,87.372455
2749,confluence_2748,gauge+site,17,61,537150.0,2919150.0,26.391998,87.372455
2750,confluence_2749,gauge,15,83,543750.0,2919750.0,26.397228,87.438644
2750,confluence_2749,gauge+site,15,83,543750.0,2919750.0,26.397228,87.438644
2751,confluence_2750,gauge,16,107,550950.0,2919450.0,26.39428,87.510818
2751,confluence_2750,gauge+site,16,107,550950.0,2919450.0,26.39428,87.510818
2752,confluence_2751,gauge,16,79,542550.0,2919450.0,26.394556,87.426603
2752,confluence_2751,gauge+site,16,79,542550.0,2919450.0,26.394556,87.426603
2753,confluence_2752,gauge,15,85,544350.0,2919750.0,26.397209,87.444659
2753,confluence_2752,gauge+site,15,85,544350.0,2919750.0,26.397209,87.444659
2754,confluence_2753,gauge,15,88,545250.0,2919750.0,26.397181,87.453682
2754,confluence_2753,gauge+site,15,88,545250.0,2919750.0,26.397181,87.453682
2755,confluence_2754,gauge,15,93,546750.0,2919750.0,26.397133,87.468721
2755,confluence_2754,gauge+site,15,93,546750.0,2919750.0,26.397133,87.468721
2756,confluence_2755,gauge,15,98,548250.0,2919750.0,26.397083,87.48376
2756,confluence_2755,gauge+site,15,98,548250.0,2919750.0,26.397083,87.48376
2757,confluence_2756,gauge,15,99,548550.0,2919750.0,26.397072,87.486768
2757,confluence_2756,gauge+site,15,99,548550.0,2919750.0,26.397072,87.486768
2758,confluence_2757,gauge,15,102,549450.0,2919750.0,26.397041,87.495791
2758,confluence_2757,gauge+site,15,102,549450.0,2919750.0,26.397041,87.495791
2759,confluence_2758,gauge,15,105,550350.0,2919750.0,26.39701,87.504814
2759,confluence_2758,gauge+site,15,105,550350.0,2919750.0,26.39701,87.504814
2760,confluence_2759,gauge,16,83,543750.0,2919450.0,26.394519,87.438633
2760,confluence_2759,gauge+site,16,83,543750.0,2919450.0,26.394519,87.438633
2761,confluence_2760,gauge,15,109,551550.0,2919750.0,26.396967,87.516845
2761,confluence_2760,gauge+site,15,109,551550.0,2919750.0,26.396967,87.516845
2762,confluence_2761,gauge,15,124,556050.0,2919750.0,26.396797,87.561961
2762,confluence_2761,gauge+site,15,124,556050.0,2919750.0,26.396797,87.561961
2763,confluence_2762,gauge,15,126,556650.0,2919750.0,26.396773,87.567976
2763,confluence_2762,gauge+site,15,126,556650.0,2919750.0,26.396773,87.567976
2764,confluence_2763,gauge,16,9,521550.0,2919450.0,26.395028,87.21606
2764,confluence_2763,gauge+site,16,9,521550.0,2919450.0,26.395028,87.21606
2765,confluence_2764,gauge,16,10,521850.0,2919450.0,26.395024,87.219068
2765,confluence_2764,gauge+site,16,10,521850.0,2919450.0,26.395024,87.219068
2766,confluence_2765,gauge,16,22,525450.0,2919450.0,26.394964,87.255161
2766,confluence_2765,gauge+site,16,22,525450.0,2919450.0,26.394964,87.255161
2767,confluence_2766,gauge,16,73,540750.0,2919450.0,26.394608,87.408556
2767,confluence_2766,gauge+site,16,73,540750.0,2919450.0,26.394608,87.408556
2768,confluence_2767,gauge,16,74,541050.0,2919450.0,26.3946,87.411564
2768,confluence_2767,gauge+site,16,74,541050.0,2919450.0,26.3946,87.411564
2769,confluence_2768,gauge,15,111,552150.0,2919750.0,26.396945,87.522861
2769,confluence_2768,gauge+site,15,111,552150.0,2919750.0,26.396945,87.522861
2770,confluence_2769,gauge,17,107,550950.0,2919150.0,26.391571,87.510806
2770,confluence_2769,gauge+site,17,107,550950.0,2919150.0,26.391571,87.510806
2771,confluence_2770,gauge,12,93,546750.0,2920650.0,26.405259,87.468754
2771,confluence_2770,gauge+site,12,93,546750.0,2920650.0,26.405259,87.468754
2772,confluence_2771,gauge,12,75,541350.0,2920650.0,26.405426,87.41461
2772,confluence_2771,gauge+site,12,75,541350.0,2920650.0,26.405426,87.41461
2773,confluence_2772,gauge,5,105,550350.0,2922750.0,26.424097,87.504932
2773,confluence_2772,gauge+site,5,105,550350.0,2922750.0,26.424097,87.504932
2774,confluence_2773,gauge,5,108,551250.0,2922750.0,26.424065,87.513957
2774,confluence_2773,gauge+site,5,108,551250.0,2922750.0,26.424065,87.513957
2775,confluence_2774,gauge,6,74,541050.0,2922450.0,26.421687,87.41166
2775,confluence_2774,gauge+site,6,74,541050.0,2922450.0,26.421687,87.41166
2776,confluence_2775,gauge,6,84,544050.0,2922450.0,26.421597,87.441744
2776,confluence_2775,gauge+site,6,84,544050.0,2922450.0,26.421597,87.441744
2777,confluence_2776,gauge,6,86,544650.0,2922450.0,26.421579,87.447761
2777,confluence_2776,gauge+site,6,86,544650.0,2922450.0,26.421579,87.447761
2778,confluence_2777,gauge,6,96,547650.0,2922450.0,26.421481,87.477845
2778,confluence_2777,gauge+site,6,96,547650.0,2922450.0,26.421481,87.477845
2779,confluence_2778,gauge,6,99,548550.0,2922450.0,26.421451,87.48687
2779,confluence_2778,gauge+site,6,99,548550.0,2922450.0,26.421451,87.48687
2780,confluence_2779,gauge,5,101,549150.0,2922750.0,26.424139,87.492898
2780,confluence_2779,gauge+site,5,101,549150.0,2922750.0,26.424139,87.492898
2781,confluence_2780,gauge,6,106,550650.0,2922450.0,26.421378,87.507929
2781,confluence_2780,gauge+site,6,106,550650.0,2922450.0,26.421378,87.507929
2782,confluence_2781,gauge,7,79,542550.0,2922150.0,26.418934,87.426692
2782,confluence_2781,gauge+site,7,79,542550.0,2922150.0,26.418934,87.426692
2783,confluence_2782,gauge,7,84,544050.0,2922150.0,26.418889,87.441734
2783,confluence_2782,gauge+site,7,84,544050.0,2922150.0,26.418889,87.441734
2784,confluence_2783,gauge,7,86,544650.0,2922150.0,26.41887,87.447751
2784,confluence_2783,gauge+site,7,86,544650.0,2922150.0,26.41887,87.447751
2785,confluence_2784,gauge,7,89,545550.0,2922150.0,26.418841,87.456776
2785,confluence_2784,gauge+site,7,89,545550.0,2922150.0,26.418841,87.456776
2786,confluence_2785,gauge,7,90,545850.0,2922150.0,26.418832,87.459784
2786,confluence_2785,gauge+site,7,90,545850.0,2922150.0,26.418832,87.459784
2787,confluence_2786,gauge,7,95,547350.0,2922150.0,26.418783,87.474825
2787,confluence_2786,gauge+site,7,95,547350.0,2922150.0,26.418783,87.474825
2788,confluence_2787,gauge,7,96,547650.0,2922150.0,26.418773,87.477834
2788,confluence_2787,gauge+site,7,96,547650.0,2922150.0,26.418773,87.477834
2789,confluence_2788,gauge,6,114,553050.0,2922450.0,26.42129,87.531996
2789,confluence_2788,gauge+site,6,114,553050.0,2922450.0,26.42129,87.531996
2790,confluence_2789,gauge,7,106,550650.0,2922150.0,26.418669,87.507917
2790,confluence_2789,gauge+site,7,106,550650.0,2922150.0,26.418669,87.507917
2791,confluence_2790,gauge,5,90,545850.0,2922750.0,26.424249,87.459805
2791,confluence_2790,gauge+site,5,90,545850.0,2922750.0,26.424249,87.459805
2792,confluence_2791,gauge,4,105,550350.0,2923050.0,26.426806,87.504944
2792,confluence_2791,gauge+site,4,105,550350.0,2923050.0,26.426806,87.504944
2793,confluence_2792,gauge,0,97,547950.0,2924250.0,26.437723,87.480921
2793,confluence_2792,gauge+site,0,97,547950.0,2924250.0,26.437723,87.480921
2794,confluence_2793,gauge,0,100,548850.0,2924250.0,26.437693,87.489947
2794,confluence_2793,gauge+site,0,100,548850.0,2924250.0,26.437693,87.489947
2795,confluence_2794,gauge,1,93,546750.0,2923950.0,26.435055,87.468875
2795,confluence_2794,gauge+site,1,93,546750.0,2923950.0,26.435055,87.468875
2796,confluence_2795,gauge,1,96,547650.0,2923950.0,26.435025,87.477901
2796,confluence_2795,gauge+site,1,96,547650.0,2923950.0,26.435025,87.477901
2797,confluence_2796,gauge,1,97,547950.0,2923950.0,26.435015,87.480909
2797,confluence_2796,gauge+site,1,97,547950.0,2923950.0,26.435015,87.480909
2798,confluence_2797,gauge,2,86,544650.0,2923650.0,26.432413,87.447803
2798,confluence_2797,gauge+site,2,86,544650.0,2923650.0,26.432413,87.447803
2799,confluence_2798,gauge,2,92,546450.0,2923650.0,26.432356,87.465855
2799,confluence_2798,gauge+site,2,92,546450.0,2923650.0,26.432356,87.465855
2800,confluence_2799,gauge,4,108,551250.0,2923050.0,26.426773,87.513969
2800,confluence_2799,gauge+site,4,108,551250.0,2923050.0,26.426773,87.513969
2801,confluence_2800,gauge,2,96,547650.0,2923650.0,26.432316,87.47789
2801,confluence_2800,gauge+site,2,96,547650.0,2923650.0,26.432316,87.47789
2802,confluence_2801,gauge,3,86,544650.0,2923350.0,26.429705,87.447792
2802,confluence_2801,gauge+site,3,86,544650.0,2923350.0,26.429705,87.447792
2803,confluence_2802,gauge,3,91,546150.0,2923350.0,26.429657,87.462835
2803,confluence_2802,gauge+site,3,91,546150.0,2923350.0,26.429657,87.462835
2804,confluence_2803,gauge,3,95,547350.0,2923350.0,26.429617,87.47487
2804,confluence_2803,gauge+site,3,95,547350.0,2923350.0,26.429617,87.47487
2805,confluence_2804,gauge,3,103,549750.0,2923350.0,26.429535,87.498939
2805,confluence_2804,gauge+site,3,103,549750.0,2923350.0,26.429535,87.498939
2806,confluence_2805,gauge,3,109,551550.0,2923350.0,26.429471,87.51699
2806,confluence_2805,gauge+site,3,109,551550.0,2923350.0,26.429471,87.51699
2807,confluence_2806,gauge,4,85,544350.0,2923050.0,26.427005,87.444773
2807,confluence_2806,gauge+site,4,85,544350.0,2923050.0,26.427005,87.444773
2808,confluence_2807,gauge,4,100,548850.0,2923050.0,26.426858,87.489901
2808,confluence_2807,gauge+site,4,100,548850.0,2923050.0,26.426858,87.489901
2809,confluence_2808,gauge,2,103,549750.0,2923650.0,26.432244,87.49895
2809,confluence_2808,gauge+site,2,103,549750.0,2923650.0,26.432244,87.49895
2810,confluence_2809,gauge,12,87,544950.0,2920650.0,26.405317,87.450706
2810,confluence_2809,gauge+site,12,87,544950.0,2920650.0,26.405317,87.450706
2811,confluence_2810,gauge,7,117,553950.0,2922150.0,26.418547,87.541008
2811,confluence_2810,gauge+site,7,117,553950.0,2922150.0,26.418547,87.541008
2812,confluence_2811,gauge,8,75,541350.0,2921850.0,26.416261,87.414649
2812,confluence_2811,gauge+site,8,75,541350.0,2921850.0,26.416261,87.414649
2813,confluence_2812,gauge,11,1,519150.0,2920950.0,26.408607,87.19202
2813,confluence_2812,gauge+site,11,1,519150.0,2920950.0,26.408607,87.19202
2814,confluence_2813,gauge,11,16,523650.0,2920950.0,26.408539,87.237142
2814,confluence_2813,gauge+site,11,16,523650.0,2920950.0,26.408539,87.237142
2815,confluence_2814,gauge,11,22,525450.0,2920950.0,26.408508,87.255191
2815,confluence_2814,gauge+site,11,22,525450.0,2920950.0,26.408508,87.255191
2816,confluence_2815,gauge,11,63,537750.0,2920950.0,26.408235,87.378523
2816,confluence_2815,gauge+site,11,63,537750.0,2920950.0,26.408235,87.378523
2817,confluence_2816,gauge,11,75,541350.0,2920950.0,26.408135,87.41462
2817,confluence_2816,gauge+site,11,75,541350.0,2920950.0,26.408135,87.41462
2818,confluence_2817,gauge,11,88,545250.0,2920950.0,26.408016,87.453725
2818,confluence_2817,gauge+site,11,88,545250.0,2920950.0,26.408016,87.453725
2819,confluence_2818,gauge,11,109,551550.0,2920950.0,26.407802,87.516893
2819,confluence_2818,gauge+site,11,109,551550.0,2920950.0,26.407802,87.516893
2820,confluence_2819,gauge,10,120,554850.0,2921250.0,26.410387,87.549994
2820,confluence_2819,gauge+site,10,120,554850.0,2921250.0,26.410387,87.549994
2821,confluence_2820,gauge,11,113,552750.0,2920950.0,26.407758,87.528925
2821,confluence_2820,gauge+site,11,113,552750.0,2920950.0,26.407758,87.528925
2822,confluence_2821,gauge,12,3,519750.0,2920650.0,26.40589,87.198032
2822,confluence_2821,gauge+site,12,3,519750.0,2920650.0,26.40589,87.198032
2823,confluence_2822,gauge,12,10,521850.0,2920650.0,26.405859,87.219088
2823,confluence_2822,gauge+site,12,10,521850.0,2920650.0,26.405859,87.219088
2824,confluence_2823,gauge,12,12,522450.0,2920650.0,26.40585,87.225105
2824,confluence_2823,gauge+site,12,12,522450.0,2920650.0,26.40585,87.225105
2825,confluence_2824,gauge,12,14,523050.0,2920650.0,26.40584,87.231121
2825,confluence_2824,gauge+site,12,14,523050.0,2920650.0,26.40584,87.231121
2826,confluence_2825,gauge,12,18,524250.0,2920650.0,26.40582,87.243153
2826,confluence_2825,gauge+site,12,18,524250.0,2920650.0,26.40582,87.243153
2827,confluence_2826,gauge,12,19,524550.0,2920650.0,26.405815,87.246161
2827,confluence_2826,gauge+site,12,19,524550.0,2920650.0,26.405815,87.246161
2828,confluence_2827,gauge,12,68,539250.0,2920650.0,26.405485,87.393554
2828,confluence_2827,gauge+site,12,68,539250.0,2920650.0,26.405485,87.393554
2829,confluence_2828,gauge,11,120,554850.0,2920950.0,26.407678,87.549981
2829,confluence_2828,gauge+site,11,120,554850.0,2920950.0,26.407678,87.549981
2830,confluence_2829,gauge,8,67,538950.0,2921850.0,26.416329,87.390583
2830,confluence_2829,gauge+site,8,67,538950.0,2921850.0,26.416329,87.390583
2831,confluence_2830,gauge,10,116,553650.0,2921250.0,26.410433,87.537962
2831,confluence_2830,gauge+site,10,116,553650.0,2921250.0,26.410433,87.537962
2832,confluence_2831,gauge,10,106,550650.0,2921250.0,26.410543,87.507881
2832,confluence_2831,gauge+site,10,106,550650.0,2921250.0,26.410543,87.507881
2833,confluence_2832,gauge,8,94,547050.0,2921850.0,26.416084,87.471806
2833,confluence_2832,gauge+site,8,94,547050.0,2921850.0,26.416084,87.471806
2834,confluence_2833,gauge,8,105,550350.0,2921850.0,26.415971,87.504897
2834,confluence_2833,gauge+site,8,105,550350.0,2921850.0,26.415971,87.504897
2835,confluence_2834,gauge,8,112,552450.0,2921850.0,26.415895,87.525954
2835,confluence_2834,gauge+site,8,112,552450.0,2921850.0,26.415895,87.525954
2836,confluence_2835,gauge,9,67,538950.0,2921550.0,26.41362,87.390574
2836,confluence_2835,gauge+site,9,67,538950.0,2921550.0,26.41362,87.390574
2837,confluence_2836,gauge,9,73,540750.0,2921550.0,26.413569,87.408623
2837,confluence_2836,gauge+site,9,73,540750.0,2921550.0,26.413569,87.408623
2838,confluence_2837,gauge,9,111,552150.0,2921550.0,26.413197,87.522934
2838,confluence_2837,gauge+site,9,111,552150.0,2921550.0,26.413197,87.522934
2839,confluence_2838,gauge,9,112,552450.0,2921550.0,26.413186,87.525942
2839,confluence_2838,gauge+site,9,112,552450.0,2921550.0,26.413186,87.525942
2840,confluence_2839,gauge,10,109,551550.0,2921250.0,26.41051,87.516905
2840,confluence_2839,gauge+site,10,109,551550.0,2921250.0,26.41051,87.516905
2841,confluence_2840,gauge,9,116,553650.0,2921550.0,26.413141,87.537975
2841,confluence_2840,gauge+site,9,116,553650.0,2921550.0,26.413141,87.537975
2842,confluence_2841,gauge,10,63,537750.0,2921250.0,26.410944,87.378532
2842,confluence_2841,gauge+site,10,63,537750.0,2921250.0,26.410944,87.378532
2843,confluence_2842,gauge,10,69,539550.0,2921250.0,26.410895,87.396581
2843,confluence_2842,gauge+site,10,69,539550.0,2921250.0,26.410895,87.396581
2844,confluence_2843,gauge,10,75,541350.0,2921250.0,26.410843,87.41463
2844,confluence_2843,gauge+site,10,75,541350.0,2921250.0,26.410843,87.41463
2845,confluence_2844,gauge,10,86,544650.0,2921250.0,26.410744,87.447719
2845,confluence_2844,gauge+site,10,86,544650.0,2921250.0,26.410744,87.447719
2846,confluence_2845,gauge,10,90,545850.0,2921250.0,26.410706,87.459752
2846,confluence_2845,gauge+site,10,90,545850.0,2921250.0,26.410706,87.459752
2847,confluence_2846,gauge,10,93,546750.0,2921250.0,26.410676,87.468776
2847,confluence_2846,gauge+site,10,93,546750.0,2921250.0,26.410676,87.468776
2848,confluence_2847,gauge,10,98,548250.0,2921250.0,26.410626,87.483816
2848,confluence_2847,gauge+site,10,98,548250.0,2921250.0,26.410626,87.483816
2849,confluence_2848,gauge,10,6,520650.0,2921250.0,26.411294,87.207066
2849,confluence_2848,gauge+site,10,6,520650.0,2921250.0,26.411294,87.207066
2850,confluence_2849,gauge,17,127,556950.0,2919150.0,26.391344,87.570957
2850,confluence_2849,gauge+site,17,127,556950.0,2919150.0,26.391344,87.570957
2851,confluence_2850,gauge,17,130,557850.0,2919150.0,26.391308,87.57998
2851,confluence_2850,gauge+site,17,130,557850.0,2919150.0,26.391308,87.57998
2852,confluence_2851,gauge,17,132,558450.0,2919150.0,26.391283,87.585995
2852,confluence_2851,gauge+site,17,132,558450.0,2919150.0,26.391283,87.585995
2853,confluence_2852,gauge,24,56,535650.0,2917050.0,26.373075,87.357358
2853,confluence_2852,gauge+site,24,56,535650.0,2917050.0,26.373075,87.357358
2854,confluence_2853,gauge,24,61,537150.0,2917050.0,26.373037,87.372394
2854,confluence_2853,gauge+site,24,61,537150.0,2917050.0,26.373037,87.372394
2855,confluence_2854,gauge,24,71,540150.0,2917050.0,26.372955,87.402466
2855,confluence_2854,gauge+site,24,71,540150.0,2917050.0,26.372955,87.402466
2856,confluence_2855,gauge,24,76,541650.0,2917050.0,26.372912,87.417501
2856,confluence_2855,gauge+site,24,76,541650.0,2917050.0,26.372912,87.417501
2857,confluence_2856,gauge,24,82,543450.0,2917050.0,26.372859,87.435544
2857,confluence_2856,gauge+site,24,82,543450.0,2917050.0,26.372859,87.435544
2858,confluence_2857,gauge,24,85,544350.0,2917050.0,26.372831,87.444566
2858,confluence_2857,gauge+site,24,85,544350.0,2917050.0,26.372831,87.444566
2859,confluence_2858,gauge,24,91,546150.0,2917050.0,26.372774,87.462609
2859,confluence_2858,gauge+site,24,91,546150.0,2917050.0,26.372774,87.462609
2860,confluence_2859,gauge,24,33,528750.0,2917050.0,26.373231,87.288193
2860,confluence_2859,gauge+site,24,33,528750.0,2917050.0,26.373231,87.288193
2861,confluence_2860,gauge,24,104,550050.0,2917050.0,26.372642,87.501701
2861,confluence_2860,gauge+site,24,104,550050.0,2917050.0,26.372642,87.501701
2862,confluence_2861,gauge,24,125,556350.0,2917050.0,26.372407,87.56485
2862,confluence_2861,gauge+site,24,125,556350.0,2917050.0,26.372407,87.56485
2863,confluence_2862,gauge,24,136,559650.0,2917050.0,26.372273,87.597928
2863,confluence_2862,gauge+site,24,136,559650.0,2917050.0,26.372273,87.597928
2864,confluence_2863,gauge,24,143,561750.0,2917050.0,26.372183,87.618977
2864,confluence_2863,gauge+site,24,143,561750.0,2917050.0,26.372183,87.618977
2865,confluence_2864,gauge,25,12,522450.0,2916750.0,26.370635,87.225036
2865,confluence_2864,gauge+site,25,12,522450.0,2916750.0,26.370635,87.225036
2866,confluence_2865,gauge,25,17,523950.0,2916750.0,26.370611,87.240072
2866,confluence_2865,gauge+site,25,17,523950.0,2916750.0,26.370611,87.240072
2867,confluence_2866,gauge,25,40,530850.0,2916750.0,26.370478,87.309236
2867,confluence_2866,gauge+site,25,40,530850.0,2916750.0,26.370478,87.309236
2868,confluence_2867,gauge,25,61,537150.0,2916750.0,26.370328,87.372385
2868,confluence_2867,gauge+site,25,61,537150.0,2916750.0,26.370328,87.372385
2869,confluence_2868,gauge,24,108,551250.0,2917050.0,26.372599,87.51373
2869,confluence_2868,gauge+site,24,108,551250.0,2917050.0,26.372599,87.51373
2870,confluence_2869,gauge,25,71,540150.0,2916750.0,26.370247,87.402456
2870,confluence_2869,gauge+site,25,71,540150.0,2916750.0,26.370247,87.402456
2871,confluence_2870,gauge,24,27,526950.0,2917050.0,26.373266,87.27015
2871,confluence_2870,gauge+site,24,27,526950.0,2917050.0,26.373266,87.27015
2872,confluence_2871,gauge,24,25,526350.0,2917050.0,26.373277,87.264135
2872,confluence_2871,gauge+site,24,25,526350.0,2917050.0,26.373277,87.264135
2873,confluence_2872,gauge,23,76,541650.0,2917350.0,26.375621,87.417511
2873,confluence_2872,gauge+site,23,76,541650.0,2917350.0,26.375621,87.417511
2874,confluence_2873,gauge,23,77,541950.0,2917350.0,26.375612,87.420518
2874,confluence_2873,gauge+site,23,77,541950.0,2917350.0,26.375612,87.420518
2875,confluence_2874,gauge,23,82,543450.0,2917350.0,26.375567,87.435555
2875,confluence_2874,gauge+site,23,82,543450.0,2917350.0,26.375567,87.435555
2876,confluence_2875,gauge,23,83,543750.0,2917350.0,26.375558,87.438562
2876,confluence_2875,gauge+site,23,83,543750.0,2917350.0,26.375558,87.438562
2877,confluence_2876,gauge,23,91,546150.0,2917350.0,26.375482,87.462619
2877,confluence_2876,gauge+site,23,91,546150.0,2917350.0,26.375482,87.462619
2878,confluence_2877,gauge,23,101,549150.0,2917350.0,26.375382,87.492691
2878,confluence_2877,gauge+site,23,101,549150.0,2917350.0,26.375382,87.492691
2879,confluence_2878,gauge,23,115,553350.0,2917350.0,26.375231,87.534792
2879,confluence_2878,gauge+site,23,115,553350.0,2917350.0,26.375231,87.534792
2880,confluence_2879,gauge,24,26,526650.0,2917050.0,26.373272,87.267142
2880,confluence_2879,gauge+site,24,26,526650.0,2917050.0,26.373272,87.267142
2881,confluence_2880,gauge,23,120,554850.0,2917350.0,26.375174,87.549827
2881,confluence_2880,gauge+site,23,120,554850.0,2917350.0,26.375174,87.549827
2882,confluence_2881,gauge,23,150,563850.0,2917350.0,26.374799,87.640041
2882,confluence_2881,gauge+site,23,150,563850.0,2917350.0,26.374799,87.640041
2883,confluence_2882,gauge,23,154,565050.0,2917350.0,26.374745,87.652069
2883,confluence_2882,gauge+site,23,154,565050.0,2917350.0,26.374745,87.652069
2884,confluence_2883,gauge,23,155,565350.0,2917350.0,26.374731,87.655076
2884,confluence_2883,gauge+site,23,155,565350.0,2917350.0,26.374731,87.655076
2885,confluence_2884,gauge,24,13,522750.0,2917050.0,26.373339,87.228049
2885,confluence_2884,gauge+site,24,13,522750.0,2917050.0,26.373339,87.228049
2886,confluence_2885,gauge,24,15,523350.0,2917050.0,26.37333,87.234063
2886,confluence_2885,gauge+site,24,15,523350.0,2917050.0,26.37333,87.234063
2887,confluence_2886,gauge,24,17,523950.0,2917050.0,26.37332,87.240078
2887,confluence_2886,gauge+site,24,17,523950.0,2917050.0,26.37332,87.240078
2888,confluence_2887,gauge,24,24,526050.0,2917050.0,26.373283,87.261128
2888,confluence_2887,gauge+site,24,24,526050.0,2917050.0,26.373283,87.261128
2889,confluence_2888,gauge,23,128,557250.0,2917350.0,26.37508,87.573885
2889,confluence_2888,gauge+site,23,128,557250.0,2917350.0,26.37508,87.573885
2890,confluence_2889,gauge,23,71,540150.0,2917350.0,26.375664,87.402475
2890,confluence_2889,gauge+site,23,71,540150.0,2917350.0,26.375664,87.402475
2891,confluence_2890,gauge,25,76,541650.0,2916750.0,26.370204,87.417492
2891,confluence_2890,gauge+site,25,76,541650.0,2916750.0,26.370204,87.417492
2892,confluence_2891,gauge,25,101,549150.0,2916750.0,26.369965,87.492668
2892,confluence_2891,gauge+site,25,101,549150.0,2916750.0,26.369965,87.492668
2893,confluence_2892,gauge,26,89,545550.0,2916450.0,26.367376,87.456573
2893,confluence_2892,gauge+site,26,89,545550.0,2916450.0,26.367376,87.456573
2894,confluence_2893,gauge,26,96,547650.0,2916450.0,26.367307,87.477622
2894,confluence_2893,gauge+site,26,96,547650.0,2916450.0,26.367307,87.477622
2895,confluence_2894,gauge,26,106,550650.0,2916450.0,26.367203,87.507692
2895,confluence_2894,gauge+site,26,106,550650.0,2916450.0,26.367203,87.507692
2896,confluence_2895,gauge,26,128,557250.0,2916450.0,26.366954,87.573844
2896,confluence_2895,gauge+site,26,128,557250.0,2916450.0,26.366954,87.573844
2897,confluence_2896,gauge,26,132,558450.0,2916450.0,26.366905,87.585872
2897,confluence_2896,gauge+site,26,132,558450.0,2916450.0,26.366905,87.585872
2898,confluence_2897,gauge,26,135,559350.0,2916450.0,26.366868,87.594893
2898,confluence_2897,gauge+site,26,135,559350.0,2916450.0,26.366868,87.594893
2899,confluence_2898,gauge,26,153,564750.0,2916450.0,26.366633,87.649017
2899,confluence_2898,gauge+site,26,153,564750.0,2916450.0,26.366633,87.649017
2900,confluence_2899,gauge,26,86,544650.0,2916450.0,26.367404,87.447552
2900,confluence_2899,gauge+site,26,86,544650.0,2916450.0,26.367404,87.447552
2901,confluence_2900,gauge,27,14,523050.0,2916150.0,26.365208,87.23104
2901,confluence_2900,gauge+site,27,14,523050.0,2916150.0,26.365208,87.23104
2902,confluence_2901,gauge,27,38,530250.0,2916150.0,26.365074,87.303208
2902,confluence_2901,gauge+site,27,38,530250.0,2916150.0,26.365074,87.303208
2903,confluence_2902,gauge,27,57,535950.0,2916150.0,26.364941,87.36034
2903,confluence_2902,gauge+site,27,57,535950.0,2916150.0,26.364941,87.36034
2904,confluence_2903,gauge,27,63,537750.0,2916150.0,26.364895,87.378382
2904,confluence_2903,gauge+site,27,63,537750.0,2916150.0,26.364895,87.378382
2905,confluence_2904,gauge,27,79,542550.0,2916150.0,26.36476,87.426493
2905,confluence_2904,gauge+site,27,79,542550.0,2916150.0,26.36476,87.426493
2906,confluence_2905,gauge,27,81,543150.0,2916150.0,26.364741,87.432507
2906,confluence_2905,gauge+site,27,81,543150.0,2916150.0,26.364741,87.432507
2907,confluence_2906,gauge,27,89,545550.0,2916150.0,26.364667,87.456562
2907,confluence_2906,gauge+site,27,89,545550.0,2916150.0,26.364667,87.456562
2908,confluence_2907,gauge,27,93,546750.0,2916150.0,26.364628,87.46859
2908,confluence_2907,gauge+site,27,93,546750.0,2916150.0,26.364628,87.46859
2909,confluence_2908,gauge,27,22,525450.0,2916150.0,26.365167,87.255096
2909,confluence_2908,gauge+site,27,22,525450.0,2916150.0,26.365167,87.255096
2910,confluence_2909,gauge,25,81,543150.0,2916750.0,26.370159,87.432527
2910,confluence_2909,gauge+site,25,81,543150.0,2916750.0,26.370159,87.432527
2911,confluence_2910,gauge,26,73,540750.0,2916450.0,26.367521,87.408461
2911,confluence_2910,gauge+site,26,73,540750.0,2916450.0,26.367521,87.408461
2912,confluence_2911,gauge,26,68,539250.0,2916450.0,26.367563,87.393426
2912,confluence_2911,gauge+site,26,68,539250.0,2916450.0,26.367563,87.393426
2913,confluence_2912,gauge,25,106,550650.0,2916750.0,26.369912,87.507703
2913,confluence_2912,gauge+site,25,106,550650.0,2916750.0,26.369912,87.507703
2914,confluence_2913,gauge,25,110,551850.0,2916750.0,26.369869,87.519732
2914,confluence_2913,gauge+site,25,110,551850.0,2916750.0,26.369869,87.519732
2915,confluence_2914,gauge,25,119,554550.0,2916750.0,26.369768,87.546795
2915,confluence_2914,gauge+site,25,119,554550.0,2916750.0,26.369768,87.546795
2916,confluence_2915,gauge,25,120,554850.0,2916750.0,26.369757,87.549802
2916,confluence_2915,gauge+site,25,120,554850.0,2916750.0,26.369757,87.549802
2917,confluence_2916,gauge,25,121,555150.0,2916750.0,26.369745,87.552809
2917,confluence_2916,gauge+site,25,121,555150.0,2916750.0,26.369745,87.552809
2918,confluence_2917,gauge,25,128,557250.0,2916750.0,26.369662,87.573858
2918,confluence_2917,gauge+site,25,128,557250.0,2916750.0,26.369662,87.573858
2919,confluence_2918,gauge,25,132,558450.0,2916750.0,26.369614,87.585886
2919,confluence_2918,gauge+site,25,132,558450.0,2916750.0,26.369614,87.585886
2920,confluence_2919,gauge,26,71,540150.0,2916450.0,26.367538,87.402447
2920,confluence_2919,gauge+site,26,71,540150.0,2916450.0,26.367538,87.402447
2921,confluence_2920,gauge,25,139,560550.0,2916750.0,26.369526,87.606935
2921,confluence_2920,gauge+site,25,139,560550.0,2916750.0,26.369526,87.606935
2922,confluence_2921,gauge,25,150,563850.0,2916750.0,26.369382,87.640011
2922,confluence_2921,gauge+site,25,150,563850.0,2916750.0,26.369382,87.640011
2923,confluence_2922,gauge,26,28,527250.0,2916450.0,26.367843,87.273144
2923,confluence_2922,gauge+site,26,28,527250.0,2916450.0,26.367843,87.273144
2924,confluence_2923,gauge,26,58,536250.0,2916450.0,26.367642,87.363356
2924,confluence_2923,gauge+site,26,58,536250.0,2916450.0,26.367642,87.363356
2925,confluence_2924,gauge,26,61,537150.0,2916450.0,26.367619,87.372377
2925,confluence_2924,gauge+site,26,61,537150.0,2916450.0,26.367619,87.372377
2926,confluence_2925,gauge,26,63,537750.0,2916450.0,26.367603,87.378391
2926,confluence_2925,gauge+site,26,63,537750.0,2916450.0,26.367603,87.378391
2927,confluence_2926,gauge,26,65,538350.0,2916450.0,26.367587,87.384405
2927,confluence_2926,gauge+site,26,65,538350.0,2916450.0,26.367587,87.384405
2928,confluence_2927,gauge,26,67,538950.0,2916450.0,26.367571,87.390419
2928,confluence_2927,gauge+site,26,67,538950.0,2916450.0,26.367571,87.390419
2929,confluence_2928,gauge,25,141,561150.0,2916750.0,26.3695,87.612949
2929,confluence_2928,gauge+site,25,141,561150.0,2916750.0,26.3695,87.612949
2930,confluence_2929,gauge,23,68,539250.0,2917350.0,26.375689,87.393453
2930,confluence_2929,gauge+site,23,68,539250.0,2917350.0,26.375689,87.393453
2931,confluence_2930,gauge,23,62,537450.0,2917350.0,26.375738,87.37541
2931,confluence_2930,gauge+site,23,62,537450.0,2917350.0,26.375738,87.37541
2932,confluence_2931,gauge,23,26,526650.0,2917350.0,26.375981,87.267149
2932,confluence_2931,gauge+site,23,26,526650.0,2917350.0,26.375981,87.267149
2933,confluence_2932,gauge,19,94,547050.0,2918550.0,26.386288,87.471685
2933,confluence_2932,gauge+site,19,94,547050.0,2918550.0,26.386288,87.471685
2934,confluence_2933,gauge,19,104,550050.0,2918550.0,26.386186,87.50176
2934,confluence_2933,gauge+site,19,104,550050.0,2918550.0,26.386186,87.50176
2935,confluence_2934,gauge,19,113,552750.0,2918550.0,26.386088,87.528827
2935,confluence_2934,gauge+site,19,113,552750.0,2918550.0,26.386088,87.528827
2936,confluence_2935,gauge,19,124,556050.0,2918550.0,26.385962,87.561908
2936,confluence_2935,gauge+site,19,124,556050.0,2918550.0,26.385962,87.561908
2937,confluence_2936,gauge,19,126,556650.0,2918550.0,26.385938,87.567923
2937,confluence_2936,gauge+site,19,126,556650.0,2918550.0,26.385938,87.567923
2938,confluence_2937,gauge,19,131,558150.0,2918550.0,26.385878,87.58296
2938,confluence_2937,gauge+site,19,131,558150.0,2918550.0,26.385878,87.58296
2939,confluence_2938,gauge,19,142,561450.0,2918550.0,26.385739,87.616042
2939,confluence_2938,gauge+site,19,142,561450.0,2918550.0,26.385739,87.616042
2940,confluence_2939,gauge,19,86,544650.0,2918550.0,26.386365,87.447625
2940,confluence_2939,gauge+site,19,86,544650.0,2918550.0,26.386365,87.447625
2941,confluence_2940,gauge,19,145,562350.0,2918550.0,26.3857,87.625064
2941,confluence_2940,gauge+site,19,145,562350.0,2918550.0,26.3857,87.625064
2942,confluence_2941,gauge,20,7,520950.0,2918250.0,26.384202,87.210025
2942,confluence_2941,gauge+site,20,7,520950.0,2918250.0,26.384202,87.210025
2943,confluence_2942,gauge,20,20,524850.0,2918250.0,26.384139,87.249122
2943,confluence_2942,gauge+site,20,20,524850.0,2918250.0,26.384139,87.249122
2944,confluence_2943,gauge,20,63,537750.0,2918250.0,26.383856,87.378444
2944,confluence_2943,gauge+site,20,63,537750.0,2918250.0,26.383856,87.378444
2945,confluence_2944,gauge,20,72,540450.0,2918250.0,26.383782,87.405511
2945,confluence_2944,gauge+site,20,72,540450.0,2918250.0,26.383782,87.405511
2946,confluence_2945,gauge,20,74,541050.0,2918250.0,26.383765,87.411526
2946,confluence_2945,gauge+site,20,74,541050.0,2918250.0,26.383765,87.411526
2947,confluence_2946,gauge,20,78,542250.0,2918250.0,26.38373,87.423555
2947,confluence_2946,gauge+site,20,78,542250.0,2918250.0,26.38373,87.423555
2948,confluence_2947,gauge,20,84,544050.0,2918250.0,26.383675,87.4416
2948,confluence_2947,gauge+site,20,84,544050.0,2918250.0,26.383675,87.4416
2949,confluence_2948,gauge,20,6,520650.0,2918250.0,26.384207,87.207018
2949,confluence_2948,gauge+site,20,6,520650.0,2918250.0,26.384207,87.207018
2950,confluence_2949,gauge,20,89,545550.0,2918250.0,26.383628,87.456637
2950,confluence_2949,gauge+site,20,89,545550.0,2918250.0,26.383628,87.456637
2951,confluence_2950,gauge,19,74,541050.0,2918550.0,26.386473,87.411535
2951,confluence_2950,gauge+site,19,74,541050.0,2918550.0,26.386473,87.411535
2952,confluence_2951,gauge,19,64,538050.0,2918550.0,26.386557,87.38146
2952,confluence_2951,gauge+site,19,64,538050.0,2918550.0,26.386557,87.38146
2953,confluence_2952,gauge,17,149,563550.0,2919150.0,26.391065,87.637123
2953,confluence_2952,gauge+site,17,149,563550.0,2919150.0,26.391065,87.637123
2954,confluence_2953,gauge,18,22,525450.0,2918850.0,26.389546,87.255149
2954,confluence_2953,gauge+site,18,22,525450.0,2918850.0,26.389546,87.255149
2955,confluence_2954,gauge,18,57,535950.0,2918850.0,26.38932,87.360416
2955,confluence_2954,gauge+site,18,57,535950.0,2918850.0,26.38932,87.360416
2956,confluence_2955,gauge,18,69,539550.0,2918850.0,26.389225,87.396507
2956,confluence_2955,gauge+site,18,69,539550.0,2918850.0,26.389225,87.396507
2957,confluence_2956,gauge,18,71,540150.0,2918850.0,26.389208,87.402522
2957,confluence_2956,gauge+site,18,71,540150.0,2918850.0,26.389208,87.402522
2958,confluence_2957,gauge,18,91,546150.0,2918850.0,26.389026,87.462673
2958,confluence_2957,gauge+site,18,91,546150.0,2918850.0,26.389026,87.462673
2959,confluence_2958,gauge,18,92,546450.0,2918850.0,26.389016,87.465681
2959,confluence_2958,gauge+site,18,92,546450.0,2918850.0,26.389016,87.465681
2960,confluence_2959,gauge,19,69,539550.0,2918550.0,26.386516,87.396498
2960,confluence_2959,gauge+site,19,69,539550.0,2918550.0,26.386516,87.396498
2961,confluence_2960,gauge,18,98,548250.0,2918850.0,26.388956,87.483726
2961,confluence_2960,gauge+site,18,98,548250.0,2918850.0,26.388956,87.483726
2962,confluence_2961,gauge,18,111,552150.0,2918850.0,26.388819,87.522824
2962,confluence_2961,gauge+site,18,111,552150.0,2918850.0,26.388819,87.522824
2963,confluence_2962,gauge,18,120,554850.0,2918850.0,26.388718,87.549892
2963,confluence_2962,gauge+site,18,120,554850.0,2918850.0,26.388718,87.549892
2964,confluence_2963,gauge,18,142,561450.0,2918850.0,26.388448,87.616056
2964,confluence_2963,gauge+site,18,142,561450.0,2918850.0,26.388448,87.616056
2965,confluence_2964,gauge,19,14,523050.0,2918550.0,26.386879,87.231083
2965,confluence_2964,gauge+site,19,14,523050.0,2918550.0,26.386879,87.231083
2966,confluence_2965,gauge,19,22,525450.0,2918550.0,26.386838,87.255143
2966,confluence_2965,gauge+site,19,22,525450.0,2918550.0,26.386838,87.255143
2967,confluence_2966,gauge,19,23,525750.0,2918550.0,26.386832,87.258151
2967,confluence_2966,gauge+site,19,23,525750.0,2918550.0,26.386832,87.258151
2968,confluence_2967,gauge,19,56,535650.0,2918550.0,26.386619,87.3574
2968,confluence_2967,gauge+site,19,56,535650.0,2918550.0,26.386619,87.3574
2969,confluence_2968,gauge,18,105,550350.0,2918850.0,26.388884,87.504779
2969,confluence_2968,gauge+site,18,105,550350.0,2918850.0,26.388884,87.504779
2970,confluence_2969,gauge,20,97,547950.0,2918250.0,26.383549,87.480696
2970,confluence_2969,gauge+site,20,97,547950.0,2918250.0,26.383549,87.480696
2971,confluence_2970,gauge,20,101,549150.0,2918250.0,26.383508,87.492726
2971,confluence_2970,gauge+site,20,101,549150.0,2918250.0,26.383508,87.492726
2972,confluence_2971,gauge,20,105,550350.0,2918250.0,26.383466,87.504755
2972,confluence_2971,gauge+site,20,105,550350.0,2918250.0,26.383466,87.504755
2973,confluence_2972,gauge,22,77,541950.0,2917650.0,26.378321,87.420528
2973,confluence_2972,gauge+site,22,77,541950.0,2917650.0,26.378321,87.420528
2974,confluence_2973,gauge,22,91,546150.0,2917650.0,26.378191,87.46263
2974,confluence_2973,gauge+site,22,91,546150.0,2917650.0,26.378191,87.46263
2975,confluence_2974,gauge,22,92,546450.0,2917650.0,26.378181,87.465637
2975,confluence_2974,gauge+site,22,92,546450.0,2917650.0,26.378181,87.465637
2976,confluence_2975,gauge,22,93,546750.0,2917650.0,26.378172,87.468645
2976,confluence_2975,gauge+site,22,93,546750.0,2917650.0,26.378172,87.468645
2977,confluence_2976,gauge,22,99,548550.0,2917650.0,26.378111,87.486688
2977,confluence_2976,gauge+site,22,99,548550.0,2917650.0,26.378111,87.486688
2978,confluence_2977,gauge,22,103,549750.0,2917650.0,26.37807,87.498717
2978,confluence_2977,gauge+site,22,103,549750.0,2917650.0,26.37807,87.498717
2979,confluence_2978,gauge,22,105,550350.0,2917650.0,26.378049,87.504732
2979,confluence_2978,gauge+site,22,105,550350.0,2917650.0,26.378049,87.504732
2980,confluence_2979,gauge,22,72,540450.0,2917650.0,26.378364,87.405492
2980,confluence_2979,gauge+site,22,72,540450.0,2917650.0,26.378364,87.405492
2981,confluence_2980,gauge,22,121,555150.0,2917650.0,26.377871,87.552847
2981,confluence_2980,gauge+site,22,121,555150.0,2917650.0,26.377871,87.552847
2982,confluence_2981,gauge,22,128,557250.0,2917650.0,26.377788,87.573898
2982,confluence_2981,gauge+site,22,128,557250.0,2917650.0,26.377788,87.573898
2983,confluence_2982,gauge,22,135,559350.0,2917650.0,26.377702,87.594948
2983,confluence_2982,gauge+site,22,135,559350.0,2917650.0,26.377702,87.594948
2984,confluence_2983,gauge,22,139,560550.0,2917650.0,26.377652,87.606977
2984,confluence_2983,gauge+site,22,139,560550.0,2917650.0,26.377652,87.606977
2985,confluence_2984,gauge,22,142,561450.0,2917650.0,26.377613,87.615999
2985,confluence_2984,gauge+site,22,142,561450.0,2917650.0,26.377613,87.615999
2986,confluence_2985,gauge,22,146,562650.0,2917650.0,26.377561,87.628027
2986,confluence_2985,gauge+site,22,146,562650.0,2917650.0,26.377561,87.628027
2987,confluence_2986,gauge,22,148,563250.0,2917650.0,26.377535,87.634042
2987,confluence_2986,gauge+site,22,148,563250.0,2917650.0,26.377535,87.634042
2988,confluence_2987,gauge,23,19,524550.0,2917350.0,26.376018,87.246098
2988,confluence_2987,gauge+site,23,19,524550.0,2917350.0,26.376018,87.246098
2989,confluence_2988,gauge,22,123,555750.0,2917650.0,26.377848,87.558862
2989,confluence_2988,gauge+site,22,123,555750.0,2917650.0,26.377848,87.558862
2990,confluence_2989,gauge,22,59,536550.0,2917650.0,26.37847,87.366397
2990,confluence_2989,gauge+site,22,59,536550.0,2917650.0,26.37847,87.366397
2991,confluence_2990,gauge,22,21,525150.0,2917650.0,26.378717,87.252118
2991,confluence_2990,gauge+site,22,21,525150.0,2917650.0,26.378717,87.252118
2992,confluence_2991,gauge,22,14,523050.0,2917650.0,26.378752,87.231067
2992,confluence_2991,gauge+site,22,14,523050.0,2917650.0,26.378752,87.231067
2993,confluence_2992,gauge,20,106,550650.0,2918250.0,26.383456,87.507763
2993,confluence_2992,gauge+site,20,106,550650.0,2918250.0,26.383456,87.507763
2994,confluence_2993,gauge,20,111,552150.0,2918250.0,26.383402,87.5228
2994,confluence_2993,gauge+site,20,111,552150.0,2918250.0,26.383402,87.5228
2995,confluence_2994,gauge,20,123,555750.0,2918250.0,26.383265,87.558888
2995,confluence_2994,gauge+site,20,123,555750.0,2918250.0,26.383265,87.558888
2996,confluence_2995,gauge,20,125,556350.0,2918250.0,26.383242,87.564903
2996,confluence_2995,gauge+site,20,125,556350.0,2918250.0,26.383242,87.564903
2997,confluence_2996,gauge,20,128,557250.0,2918250.0,26.383206,87.573925
2997,confluence_2996,gauge+site,20,128,557250.0,2918250.0,26.383206,87.573925
2998,confluence_2997,gauge,20,149,563550.0,2918250.0,26.382939,87.637079
2998,confluence_2997,gauge+site,20,149,563550.0,2918250.0,26.382939,87.637079
2999,confluence_2998,gauge,21,6,520650.0,2917950.0,26.381498,87.207013
2999,confluence_2998,gauge+site,21,6,520650.0,2917950.0,26.381498,87.207013
3000,confluence_2999,gauge,21,15,523350.0,2917950.0,26.381456,87.23408
3000,confluence_2999,gauge+site,21,15,523350.0,2917950.0,26.381456,87.23408
3001,confluence_3000,gauge,21,68,539250.0,2917950.0,26.381107,87.393472
3001,confluence_3000,gauge+site,21,68,539250.0,2917950.0,26.381107,87.393472
3002,confluence_3001,gauge,21,84,544050.0,2917950.0,26.380966,87.44159
3002,confluence_3001,gauge+site,21,84,544050.0,2917950.0,26.380966,87.44159
3003,confluence_3002,gauge,21,95,547350.0,2917950.0,26.380861,87.47467
3003,confluence_3002,gauge+site,21,95,547350.0,2917950.0,26.380861,87.47467
3004,confluence_3003,gauge,21,110,551850.0,2917950.0,26.380704,87.51978
3004,confluence_3003,gauge+site,21,110,551850.0,2917950.0,26.380704,87.51978
3005,confluence_3004,gauge,21,111,552150.0,2917950.0,26.380693,87.522787
3005,confluence_3004,gauge+site,21,111,552150.0,2917950.0,26.380693,87.522787
3006,confluence_3005,gauge,21,123,555750.0,2917950.0,26.380557,87.558875
3006,confluence_3005,gauge+site,21,123,555750.0,2917950.0,26.380557,87.558875
3007,confluence_3006,gauge,21,125,556350.0,2917950.0,26.380533,87.564889
3007,confluence_3006,gauge+site,21,125,556350.0,2917950.0,26.380533,87.564889
3008,confluence_3007,gauge,21,136,559650.0,2917950.0,26.380399,87.597969
3008,confluence_3007,gauge+site,21,136,559650.0,2917950.0,26.380399,87.597969
3009,confluence_3008,gauge,21,142,561450.0,2917950.0,26.380322,87.616013
3009,confluence_3008,gauge+site,21,142,561450.0,2917950.0,26.380322,87.616013
3010,confluence_3009,gauge,45,106,550650.0,2910750.0,26.315738,87.507467
3010,confluence_3009,gauge+site,45,106,550650.0,2910750.0,26.315738,87.507467
3011,confluence_3010,gauge,45,118,554250.0,2910750.0,26.315606,87.543535
3011,confluence_3010,gauge+site,45,118,554250.0,2910750.0,26.315606,87.543535
3012,confluence_3011,gauge,45,132,558450.0,2910750.0,26.31544,87.585613
3012,confluence_3011,gauge+site,45,132,558450.0,2910750.0,26.31544,87.585613
3013,confluence_3012,gauge,45,134,559050.0,2910750.0,26.315415,87.591624
3013,confluence_3012,gauge+site,45,134,559050.0,2910750.0,26.315415,87.591624
3014,confluence_3013,gauge,76,101,549150.0,2901450.0,26.231819,87.492085
3014,confluence_3013,gauge+site,76,101,549150.0,2901450.0,26.231819,87.492085
3015,confluence_3014,gauge,76,105,550350.0,2901450.0,26.231777,87.504099
3015,confluence_3014,gauge+site,76,105,550350.0,2901450.0,26.231777,87.504099
3016,confluence_3015,gauge,76,129,557550.0,2901450.0,26.231506,87.576181
3016,confluence_3015,gauge+site,76,129,557550.0,2901450.0,26.231506,87.576181
3017,confluence_3016,gauge,77,31,528150.0,2901150.0,26.229676,87.281831
3017,confluence_3016,gauge+site,77,31,528150.0,2901150.0,26.229676,87.281831
3018,confluence_3017,gauge,77,37,529950.0,2901150.0,26.229639,87.299852
3018,confluence_3017,gauge+site,77,37,529950.0,2901150.0,26.229639,87.299852
3019,confluence_3018,gauge,77,38,530250.0,2901150.0,26.229633,87.302856
3019,confluence_3018,gauge+site,77,38,530250.0,2901150.0,26.229633,87.302856
3020,confluence_3019,gauge,77,45,532350.0,2901150.0,26.229587,87.32388
3020,confluence_3019,gauge+site,77,45,532350.0,2901150.0,26.229587,87.32388
3021,confluence_3020,gauge,76,90,545850.0,2901450.0,26.231928,87.459046
3021,confluence_3020,gauge+site,76,90,545850.0,2901450.0,26.231928,87.459046
3022,confluence_3021,gauge,77,54,535050.0,2901150.0,26.229524,87.350911
3022,confluence_3021,gauge+site,77,54,535050.0,2901150.0,26.229524,87.350911
3023,confluence_3022,gauge,77,59,536550.0,2901150.0,26.229486,87.365929
3023,confluence_3022,gauge+site,77,59,536550.0,2901150.0,26.229486,87.365929
3024,confluence_3023,gauge,77,60,536850.0,2901150.0,26.229479,87.368932
3024,confluence_3023,gauge+site,77,60,536850.0,2901150.0,26.229479,87.368932
3025,confluence_3024,gauge,77,62,537450.0,2901150.0,26.229463,87.374939
3025,confluence_3024,gauge+site,77,62,537450.0,2901150.0,26.229463,87.374939
3026,confluence_3025,gauge,77,63,537750.0,2901150.0,26.229455,87.377943
3026,confluence_3025,gauge+site,77,63,537750.0,2901150.0,26.229455,87.377943
3027,confluence_3026,gauge,77,68,539250.0,2901150.0,26.229415,87.39296
3027,confluence_3026,gauge+site,77,68,539250.0,2901150.0,26.229415,87.39296
3028,confluence_3027,gauge,77,82,543450.0,2901150.0,26.229294,87.435008
3028,confluence_3027,gauge+site,77,82,543450.0,2901150.0,26.229294,87.435008
3029,confluence_3028,gauge,77,85,544350.0,2901150.0,26.229266,87.444019
3029,confluence_3028,gauge+site,77,85,544350.0,2901150.0,26.229266,87.444019
3030,confluence_3029,gauge,77,55,535350.0,2901150.0,26.229517,87.353915
3030,confluence_3029,gauge+site,77,55,535350.0,2901150.0,26.229517,87.353915
3031,confluence_3030,gauge,77,88,545250.0,2901150.0,26.229238,87.453029
3031,confluence_3030,gauge+site,77,88,545250.0,2901150.0,26.229238,87.453029
3032,confluence_3031,gauge,76,85,544350.0,2901450.0,26.231975,87.444029
3032,confluence_3031,gauge+site,76,85,544350.0,2901450.0,26.231975,87.444029
3033,confluence_3032,gauge,76,75,541350.0,2901450.0,26.232065,87.413994
3033,confluence_3032,gauge+site,76,75,541350.0,2901450.0,26.232065,87.413994
3034,confluence_3033,gauge,74,104,550050.0,2902050.0,26.237205,87.501118
3034,confluence_3033,gauge+site,74,104,550050.0,2902050.0,26.237205,87.501118
3035,confluence_3034,gauge,74,108,551250.0,2902050.0,26.237163,87.513133
3035,confluence_3034,gauge+site,74,108,551250.0,2902050.0,26.237163,87.513133
3036,confluence_3035,gauge,74,114,553050.0,2902050.0,26.237097,87.531154
3036,confluence_3035,gauge+site,74,114,553050.0,2902050.0,26.237097,87.531154
3037,confluence_3036,gauge,74,123,555750.0,2902050.0,26.236995,87.558187
3037,confluence_3036,gauge+site,74,123,555750.0,2902050.0,26.236995,87.558187
3038,confluence_3037,gauge,74,124,556050.0,2902050.0,26.236983,87.56119
3038,confluence_3037,gauge+site,74,124,556050.0,2902050.0,26.236983,87.56119
3039,confluence_3038,gauge,74,125,556350.0,2902050.0,26.236971,87.564194
3039,confluence_3038,gauge+site,74,125,556350.0,2902050.0,26.236971,87.564194
3040,confluence_3039,gauge,75,48,533250.0,2901750.0,26.234984,87.332906
3040,confluence_3039,gauge+site,75,48,533250.0,2901750.0,26.234984,87.332906
3041,confluence_3040,gauge,76,81,543150.0,2901450.0,26.232012,87.432015
3041,confluence_3040,gauge+site,76,81,543150.0,2901450.0,26.232012,87.432015
3042,confluence_3041,gauge,75,62,537450.0,2901750.0,26.234881,87.374957
3042,confluence_3041,gauge+site,75,62,537450.0,2901750.0,26.234881,87.374957
3043,confluence_3042,gauge,75,73,540750.0,2901750.0,26.234791,87.407996
3043,confluence_3042,gauge+site,75,73,540750.0,2901750.0,26.234791,87.407996
3044,confluence_3043,gauge,75,82,543450.0,2901750.0,26.234712,87.435028
3044,confluence_3043,gauge+site,75,82,543450.0,2901750.0,26.234712,87.435028
3045,confluence_3044,gauge,75,90,545850.0,2901750.0,26.234637,87.459057
3045,confluence_3044,gauge+site,75,90,545850.0,2901750.0,26.234637,87.459057
3046,confluence_3045,gauge,75,94,547050.0,2901750.0,26.234598,87.471071
3046,confluence_3045,gauge+site,75,94,547050.0,2901750.0,26.234598,87.471071
3047,confluence_3046,gauge,75,95,547350.0,2901750.0,26.234588,87.474075
3047,confluence_3046,gauge+site,75,95,547350.0,2901750.0,26.234588,87.474075
3048,confluence_3047,gauge,75,98,548250.0,2901750.0,26.234558,87.483085
3048,confluence_3047,gauge+site,75,98,548250.0,2901750.0,26.234558,87.483085
3049,confluence_3048,gauge,76,55,535350.0,2901450.0,26.232225,87.353923
3049,confluence_3048,gauge+site,76,55,535350.0,2901450.0,26.232225,87.353923
3050,confluence_3049,gauge,75,71,540150.0,2901750.0,26.234808,87.401989
3050,confluence_3049,gauge+site,75,71,540150.0,2901750.0,26.234808,87.401989
3051,confluence_3050,gauge,74,102,549450.0,2902050.0,26.237226,87.495111
3051,confluence_3050,gauge+site,74,102,549450.0,2902050.0,26.237226,87.495111
3052,confluence_3051,gauge,77,89,545550.0,2901150.0,26.229229,87.456032
3052,confluence_3051,gauge+site,77,89,545550.0,2901150.0,26.229229,87.456032
3053,confluence_3052,gauge,77,120,554850.0,2901150.0,26.228903,87.549138
3053,confluence_3052,gauge+site,77,120,554850.0,2901150.0,26.228903,87.549138
3054,confluence_3053,gauge,79,104,550050.0,2900550.0,26.223661,87.50106
3054,confluence_3053,gauge+site,79,104,550050.0,2900550.0,26.223661,87.50106
3055,confluence_3054,gauge,79,114,553050.0,2900550.0,26.223553,87.531093
3055,confluence_3054,gauge+site,79,114,553050.0,2900550.0,26.223553,87.531093
3056,confluence_3055,gauge,79,119,554550.0,2900550.0,26.223497,87.546109
3056,confluence_3055,gauge+site,79,119,554550.0,2900550.0,26.223497,87.546109
3057,confluence_3056,gauge,79,121,555150.0,2900550.0,26.223474,87.552116
3057,confluence_3056,gauge+site,79,121,555150.0,2900550.0,26.223474,87.552116
3058,confluence_3057,gauge,80,37,529950.0,2900250.0,26.221513,87.299831
3058,confluence_3057,gauge+site,80,37,529950.0,2900250.0,26.221513,87.299831
3059,confluence_3058,gauge,80,50,533850.0,2900250.0,26.221426,87.338874
3059,confluence_3058,gauge+site,80,50,533850.0,2900250.0,26.221426,87.338874
3060,confluence_3059,gauge,80,62,537450.0,2900250.0,26.221337,87.374913
3060,confluence_3059,gauge+site,80,62,537450.0,2900250.0,26.221337,87.374913
3061,confluence_3060,gauge,79,102,549450.0,2900550.0,26.223682,87.495054
3061,confluence_3060,gauge+site,79,102,549450.0,2900550.0,26.223682,87.495054
3062,confluence_3061,gauge,80,71,540150.0,2900250.0,26.221264,87.401942
3062,confluence_3061,gauge+site,80,71,540150.0,2900250.0,26.221264,87.401942
3063,confluence_3062,gauge,80,102,549450.0,2900250.0,26.220973,87.495042
3063,confluence_3062,gauge+site,80,102,549450.0,2900250.0,26.220973,87.495042
3064,confluence_3063,gauge,81,30,527850.0,2899950.0,26.218846,87.278802
3064,confluence_3063,gauge+site,81,30,527850.0,2899950.0,26.218846,87.278802
3065,confluence_3064,gauge,81,32,528450.0,2899950.0,26.218835,87.284808
3065,confluence_3064,gauge+site,81,32,528450.0,2899950.0,26.218835,87.284808
3066,confluence_3065,gauge,81,35,529350.0,2899950.0,26.218817,87.293818
3066,confluence_3065,gauge+site,81,35,529350.0,2899950.0,26.218817,87.293818
3067,confluence_3066,gauge,81,39,530550.0,2899950.0,26.218791,87.305831
3067,confluence_3066,gauge+site,81,39,530550.0,2899950.0,26.218791,87.305831
3068,confluence_3067,gauge,81,46,532650.0,2899950.0,26.218745,87.326853
3068,confluence_3067,gauge+site,81,46,532650.0,2899950.0,26.218745,87.326853
3069,confluence_3068,gauge,81,50,533850.0,2899950.0,26.218717,87.338866
3069,confluence_3068,gauge+site,81,50,533850.0,2899950.0,26.218717,87.338866
3070,confluence_3069,gauge,80,88,545250.0,2900250.0,26.221112,87.452997
3070,confluence_3069,gauge+site,80,88,545250.0,2900250.0,26.221112,87.452997
3071,confluence_3070,gauge,77,103,549750.0,2901150.0,26.229089,87.49808
3071,confluence_3070,gauge+site,77,103,549750.0,2901150.0,26.229089,87.49808
3072,confluence_3071,gauge,79,89,545550.0,2900550.0,26.223811,87.456011
3072,confluence_3071,gauge+site,79,89,545550.0,2900550.0,26.223811,87.456011
3073,confluence_3072,gauge,79,58,536250.0,2900550.0,26.224076,87.362908
3073,confluence_3072,gauge+site,79,58,536250.0,2900550.0,26.224076,87.362908
3074,confluence_3073,gauge,77,123,555750.0,2901150.0,26.228869,87.558148
3074,confluence_3073,gauge+site,77,123,555750.0,2901150.0,26.228869,87.558148
3075,confluence_3074,gauge,77,129,557550.0,2901150.0,26.228797,87.576168
3075,confluence_3074,gauge+site,77,129,557550.0,2901150.0,26.228797,87.576168
3076,confluence_3075,gauge,78,30,527850.0,2900850.0,26.226973,87.278821
3076,confluence_3075,gauge+site,78,30,527850.0,2900850.0,26.226973,87.278821
3077,confluence_3076,gauge,78,81,543150.0,2900850.0,26.226594,87.431995
3077,confluence_3076,gauge+site,78,81,543150.0,2900850.0,26.226594,87.431995
3078,confluence_3077,gauge,78,85,544350.0,2900850.0,26.226558,87.444008
3078,confluence_3077,gauge+site,78,85,544350.0,2900850.0,26.226558,87.444008
3079,confluence_3078,gauge,78,105,550350.0,2900850.0,26.22636,87.504075
3079,confluence_3078,gauge+site,78,105,550350.0,2900850.0,26.22636,87.504075
3080,confluence_3079,gauge,78,106,550650.0,2900850.0,26.226349,87.507079
3080,confluence_3079,gauge+site,78,106,550650.0,2900850.0,26.226349,87.507079
3081,confluence_3080,gauge,79,76,541650.0,2900550.0,26.22393,87.416968
3081,confluence_3080,gauge+site,79,76,541650.0,2900550.0,26.22393,87.416968
3082,confluence_3081,gauge,78,114,553050.0,2900850.0,26.226262,87.531105
3082,confluence_3081,gauge+site,78,114,553050.0,2900850.0,26.226262,87.531105
3083,confluence_3082,gauge,78,129,557550.0,2900850.0,26.226089,87.576155
3083,confluence_3082,gauge+site,78,129,557550.0,2900850.0,26.226089,87.576155
3084,confluence_3083,gauge,79,30,527850.0,2900550.0,26.224264,87.278815
3084,confluence_3083,gauge+site,79,30,527850.0,2900550.0,26.224264,87.278815
3085,confluence_3084,gauge,79,33,528750.0,2900550.0,26.224246,87.287825
3085,confluence_3084,gauge+site,79,33,528750.0,2900550.0,26.224246,87.287825
3086,confluence_3085,gauge,79,34,529050.0,2900550.0,26.22424,87.290828
3086,confluence_3085,gauge+site,79,34,529050.0,2900550.0,26.22424,87.290828
3087,confluence_3086,gauge,79,35,529350.0,2900550.0,26.224234,87.293832
3087,confluence_3086,gauge+site,79,35,529350.0,2900550.0,26.224234,87.293832
3088,confluence_3087,gauge,79,47,532950.0,2900550.0,26.224156,87.329872
3088,confluence_3087,gauge+site,79,47,532950.0,2900550.0,26.224156,87.329872
3089,confluence_3088,gauge,79,50,533850.0,2900550.0,26.224135,87.338882
3089,confluence_3088,gauge+site,79,50,533850.0,2900550.0,26.224135,87.338882
3090,confluence_3089,gauge,78,118,554250.0,2900850.0,26.226217,87.543118
3090,confluence_3089,gauge+site,78,118,554250.0,2900850.0,26.226217,87.543118
3091,confluence_3090,gauge,81,53,534750.0,2899950.0,26.218696,87.347876
3091,confluence_3090,gauge+site,81,53,534750.0,2899950.0,26.218696,87.347876
3092,confluence_3091,gauge,74,98,548250.0,2902050.0,26.237267,87.483097
3092,confluence_3091,gauge+site,74,98,548250.0,2902050.0,26.237267,87.483097
3093,confluence_3092,gauge,74,71,540150.0,2902050.0,26.237517,87.401998
3093,confluence_3092,gauge+site,74,71,540150.0,2902050.0,26.237517,87.401998
3094,confluence_3093,gauge,70,47,532950.0,2903250.0,26.248535,87.329941
3094,confluence_3093,gauge+site,70,47,532950.0,2903250.0,26.248535,87.329941
3095,confluence_3094,gauge,70,75,541350.0,2903250.0,26.248318,87.414051
3095,confluence_3094,gauge+site,70,75,541350.0,2903250.0,26.248318,87.414051
3096,confluence_3095,gauge,70,90,545850.0,2903250.0,26.248181,87.45911
3096,confluence_3095,gauge+site,70,90,545850.0,2903250.0,26.248181,87.45911
3097,confluence_3096,gauge,70,95,547350.0,2903250.0,26.248132,87.47413
3097,confluence_3096,gauge+site,70,95,547350.0,2903250.0,26.248132,87.47413
3098,confluence_3097,gauge,70,106,550650.0,2903250.0,26.248019,87.507173
3098,confluence_3097,gauge+site,70,106,550650.0,2903250.0,26.248019,87.507173
3099,confluence_3098,gauge,70,108,551250.0,2903250.0,26.247998,87.51318
3099,confluence_3098,gauge+site,70,108,551250.0,2903250.0,26.247998,87.51318
3100,confluence_3099,gauge,70,115,553350.0,2903250.0,26.247921,87.534208
3100,confluence_3099,gauge+site,70,115,553350.0,2903250.0,26.247921,87.534208
3101,confluence_3100,gauge,70,44,532050.0,2903250.0,26.248556,87.320929
3101,confluence_3100,gauge+site,70,44,532050.0,2903250.0,26.248556,87.320929
3102,confluence_3101,gauge,70,121,555150.0,2903250.0,26.247853,87.552231
3102,confluence_3101,gauge+site,70,121,555150.0,2903250.0,26.247853,87.552231
3103,confluence_3102,gauge,70,126,556650.0,2903250.0,26.247794,87.56725
3103,confluence_3102,gauge+site,70,126,556650.0,2903250.0,26.247794,87.56725
3104,confluence_3103,gauge,70,127,556950.0,2903250.0,26.247783,87.570254
3104,confluence_3103,gauge+site,70,127,556950.0,2903250.0,26.247783,87.570254
3105,confluence_3104,gauge,70,128,557250.0,2903250.0,26.247771,87.573258
3105,confluence_3104,gauge+site,70,128,557250.0,2903250.0,26.247771,87.573258
3106,confluence_3105,gauge,71,31,528150.0,2902950.0,26.245929,87.28187
3106,confluence_3105,gauge+site,71,31,528150.0,2902950.0,26.245929,87.28187
3107,confluence_3106,gauge,71,34,529050.0,2902950.0,26.245911,87.290882
3107,confluence_3106,gauge+site,71,34,529050.0,2902950.0,26.245911,87.290882
3108,confluence_3107,gauge,71,45,532350.0,2902950.0,26.24584,87.323925
3108,confluence_3107,gauge+site,71,45,532350.0,2902950.0,26.24584,87.323925
3109,confluence_3108,gauge,71,61,537150.0,2902950.0,26.245724,87.371987
3109,confluence_3108,gauge+site,71,61,537150.0,2902950.0,26.245724,87.371987
3110,confluence_3109,gauge,70,124,556050.0,2903250.0,26.247818,87.561242
3110,confluence_3109,gauge+site,70,124,556050.0,2903250.0,26.247818,87.561242
3111,confluence_3110,gauge,71,67,538950.0,2902950.0,26.245676,87.390011
3111,confluence_3110,gauge+site,71,67,538950.0,2902950.0,26.245676,87.390011
3112,confluence_3111,gauge,70,42,531450.0,2903250.0,26.248569,87.314921
3112,confluence_3111,gauge+site,70,42,531450.0,2903250.0,26.248569,87.314921
3113,confluence_3112,gauge,69,115,553350.0,2903550.0,26.25063,87.53422
3113,confluence_3112,gauge+site,69,115,553350.0,2903550.0,26.25063,87.53422
3114,confluence_3113,gauge,69,27,526950.0,2903550.0,26.25137,87.269867
3114,confluence_3113,gauge+site,69,27,526950.0,2903550.0,26.25137,87.269867
3115,confluence_3114,gauge,69,35,529350.0,2903550.0,26.251323,87.2939
3115,confluence_3114,gauge+site,69,35,529350.0,2903550.0,26.251323,87.2939
3116,confluence_3115,gauge,69,36,529650.0,2903550.0,26.251316,87.296904
3116,confluence_3115,gauge+site,69,36,529650.0,2903550.0,26.251316,87.296904
3117,confluence_3116,gauge,69,45,532350.0,2903550.0,26.251258,87.32394
3117,confluence_3116,gauge+site,69,45,532350.0,2903550.0,26.251258,87.32394
3118,confluence_3117,gauge,69,46,532650.0,2903550.0,26.251251,87.326944
3118,confluence_3117,gauge+site,69,46,532650.0,2903550.0,26.251251,87.326944
3119,confluence_3118,gauge,69,48,533250.0,2903550.0,26.251237,87.332952
3119,confluence_3118,gauge+site,69,48,533250.0,2903550.0,26.251237,87.332952
3120,confluence_3119,gauge,69,49,533550.0,2903550.0,26.25123,87.335956
3120,confluence_3119,gauge+site,69,49,533550.0,2903550.0,26.25123,87.335956
3121,confluence_3120,gauge,69,118,554250.0,2903550.0,26.250596,87.543232
3121,confluence_3120,gauge+site,69,118,554250.0,2903550.0,26.250596,87.543232
3122,confluence_3121,gauge,69,62,537450.0,2903550.0,26.251134,87.375009
3122,confluence_3121,gauge+site,69,62,537450.0,2903550.0,26.251134,87.375009
3123,confluence_3122,gauge,69,70,539850.0,2903550.0,26.251069,87.399041
3123,confluence_3122,gauge+site,69,70,539850.0,2903550.0,26.251069,87.399041
3124,confluence_3123,gauge,69,90,545850.0,2903550.0,26.250889,87.459121
3124,confluence_3123,gauge+site,69,90,545850.0,2903550.0,26.250889,87.459121
3125,confluence_3124,gauge,69,91,546150.0,2903550.0,26.25088,87.462125
3125,confluence_3124,gauge+site,69,91,546150.0,2903550.0,26.25088,87.462125
3126,confluence_3125,gauge,69,95,547350.0,2903550.0,26.250841,87.474141
3126,confluence_3125,gauge+site,69,95,547350.0,2903550.0,26.250841,87.474141
3127,confluence_3126,gauge,69,100,548850.0,2903550.0,26.25079,87.489161
3127,confluence_3126,gauge+site,69,100,548850.0,2903550.0,26.25079,87.489161
3128,confluence_3127,gauge,69,106,550650.0,2903550.0,26.250728,87.507184
3128,confluence_3127,gauge+site,69,106,550650.0,2903550.0,26.250728,87.507184
3129,confluence_3128,gauge,69,112,552450.0,2903550.0,26.250663,87.525208
3129,confluence_3128,gauge+site,69,112,552450.0,2903550.0,26.250663,87.525208
3130,confluence_3129,gauge,69,64,538050.0,2903550.0,26.251118,87.381017
3130,confluence_3129,gauge+site,69,64,538050.0,2903550.0,26.251118,87.381017
3131,confluence_3130,gauge,74,76,541650.0,2902050.0,26.237474,87.417017
3131,confluence_3130,gauge+site,74,76,541650.0,2902050.0,26.237474,87.417017
3132,confluence_3131,gauge,71,68,539250.0,2902950.0,26.245668,87.393015
3132,confluence_3131,gauge+site,71,68,539250.0,2902950.0,26.245668,87.393015
3133,confluence_3132,gauge,71,70,539850.0,2902950.0,26.245651,87.399022
3133,confluence_3132,gauge+site,71,70,539850.0,2902950.0,26.245651,87.399022
3134,confluence_3133,gauge,73,63,537750.0,2902350.0,26.240291,87.377978
3134,confluence_3133,gauge+site,73,63,537750.0,2902350.0,26.240291,87.377978
3135,confluence_3134,gauge,73,72,540450.0,2902350.0,26.240217,87.405011
3135,confluence_3134,gauge+site,73,72,540450.0,2902350.0,26.240217,87.405011
3136,confluence_3135,gauge,73,85,544350.0,2902350.0,26.240102,87.44406
3136,confluence_3135,gauge+site,73,85,544350.0,2902350.0,26.240102,87.44406
3137,confluence_3136,gauge,73,87,544950.0,2902350.0,26.240083,87.450067
3137,confluence_3136,gauge+site,73,87,544950.0,2902350.0,26.240083,87.450067
3138,confluence_3137,gauge,73,95,547350.0,2902350.0,26.240006,87.474097
3138,confluence_3137,gauge+site,73,95,547350.0,2902350.0,26.240006,87.474097
3139,confluence_3138,gauge,73,100,548850.0,2902350.0,26.239955,87.489115
3139,confluence_3138,gauge+site,73,100,548850.0,2902350.0,26.239955,87.489115
3140,confluence_3139,gauge,73,108,551250.0,2902350.0,26.239871,87.513145
3140,confluence_3139,gauge+site,73,108,551250.0,2902350.0,26.239871,87.513145
3141,confluence_3140,gauge,73,59,536550.0,2902350.0,26.240322,87.365963
3141,confluence_3140,gauge+site,73,59,536550.0,2902350.0,26.240322,87.365963
3142,confluence_3141,gauge,73,120,554850.0,2902350.0,26.239738,87.549189
3142,confluence_3141,gauge+site,73,120,554850.0,2902350.0,26.239738,87.549189
3143,confluence_3142,gauge,73,126,556650.0,2902350.0,26.239668,87.567211
3143,confluence_3142,gauge+site,73,126,556650.0,2902350.0,26.239668,87.567211
3144,confluence_3143,gauge,74,38,530250.0,2902050.0,26.23776,87.302877
3144,confluence_3143,gauge+site,74,38,530250.0,2902050.0,26.23776,87.302877
3145,confluence_3144,gauge,74,46,532650.0,2902050.0,26.237707,87.326906
3145,confluence_3144,gauge+site,74,46,532650.0,2902050.0,26.237707,87.326906
3146,confluence_3145,gauge,74,50,533850.0,2902050.0,26.237679,87.338921
3146,confluence_3145,gauge+site,74,50,533850.0,2902050.0,26.237679,87.338921
3147,confluence_3146,gauge,74,52,534450.0,2902050.0,26.237665,87.344928
3147,confluence_3146,gauge+site,74,52,534450.0,2902050.0,26.237665,87.344928
3148,confluence_3147,gauge,74,53,534750.0,2902050.0,26.237658,87.347932
3148,confluence_3147,gauge+site,74,53,534750.0,2902050.0,26.237658,87.347932
3149,confluence_3148,gauge,74,54,535050.0,2902050.0,26.23765,87.350936
3149,confluence_3148,gauge+site,74,54,535050.0,2902050.0,26.23765,87.350936
3150,confluence_3149,gauge,73,125,556350.0,2902350.0,26.23968,87.564207
3150,confluence_3149,gauge+site,73,125,556350.0,2902350.0,26.23968,87.564207
3151,confluence_3150,gauge,71,69,539550.0,2902950.0,26.24566,87.396018
3151,confluence_3150,gauge+site,71,69,539550.0,2902950.0,26.24566,87.396018
3152,confluence_3151,gauge,73,57,535950.0,2902350.0,26.240337,87.359955
3152,confluence_3151,gauge+site,73,57,535950.0,2902350.0,26.240337,87.359955
3153,confluence_3152,gauge,72,126,556650.0,2902650.0,26.242377,87.567224
3153,confluence_3152,gauge+site,72,126,556650.0,2902650.0,26.242377,87.567224
3154,confluence_3153,gauge,71,78,542250.0,2902950.0,26.245583,87.423053
3154,confluence_3153,gauge+site,71,78,542250.0,2902950.0,26.245583,87.423053
3155,confluence_3154,gauge,71,84,544050.0,2902950.0,26.245528,87.441076
3155,confluence_3154,gauge+site,71,84,544050.0,2902950.0,26.245528,87.441076
3156,confluence_3155,gauge,71,90,545850.0,2902950.0,26.245472,87.4591
3156,confluence_3155,gauge+site,71,90,545850.0,2902950.0,26.245472,87.4591
3157,confluence_3156,gauge,71,115,553350.0,2902950.0,26.245212,87.534195
3157,confluence_3156,gauge+site,71,115,553350.0,2902950.0,26.245212,87.534195
3158,confluence_3157,gauge,71,120,554850.0,2902950.0,26.245156,87.549214
3158,confluence_3157,gauge+site,71,120,554850.0,2902950.0,26.245156,87.549214
3159,confluence_3158,gauge,71,129,557550.0,2902950.0,26.24505,87.576248
3159,confluence_3158,gauge+site,71,129,557550.0,2902950.0,26.24505,87.576248
3160,confluence_3159,gauge,72,53,534750.0,2902650.0,26.243075,87.347948
3160,confluence_3159,gauge+site,72,53,534750.0,2902650.0,26.243075,87.347948
3161,confluence_3160,gauge,73,38,530250.0,2902350.0,26.240468,87.302884
3161,confluence_3160,gauge+site,73,38,530250.0,2902350.0,26.240468,87.302884
3162,confluence_3161,gauge,72,55,535350.0,2902650.0,26.243061,87.353956
3162,confluence_3161,gauge+site,72,55,535350.0,2902650.0,26.243061,87.353956
3163,confluence_3162,gauge,72,76,541650.0,2902650.0,26.242891,87.417036
3163,confluence_3162,gauge+site,72,76,541650.0,2902650.0,26.242891,87.417036
3164,confluence_3163,gauge,72,77,541950.0,2902650.0,26.242883,87.42004
3164,confluence_3163,gauge+site,72,77,541950.0,2902650.0,26.242883,87.42004
3165,confluence_3164,gauge,72,81,543150.0,2902650.0,26.242847,87.432055
3165,confluence_3164,gauge+site,72,81,543150.0,2902650.0,26.242847,87.432055
3166,confluence_3165,gauge,72,87,544950.0,2902650.0,26.242792,87.450078
3166,confluence_3165,gauge+site,72,87,544950.0,2902650.0,26.242792,87.450078
3167,confluence_3166,gauge,72,97,547950.0,2902650.0,26.242694,87.480115
3167,confluence_3166,gauge+site,72,97,547950.0,2902650.0,26.242694,87.480115
3168,confluence_3167,gauge,72,103,549750.0,2902650.0,26.242633,87.498138
3168,confluence_3167,gauge+site,72,103,549750.0,2902650.0,26.242633,87.498138
3169,confluence_3168,gauge,175,159,566550.0,2871750.0,25.962952,87.664766
3169,confluence_3168,gauge+site,175,159,566550.0,2871750.0,25.962952,87.664766
3170,confluence_3169,gauge,72,57,535950.0,2902650.0,26.243046,87.359963
3170,confluence_3169,gauge+site,72,57,535950.0,2902650.0,26.243046,87.359963
3171,confluence_3170,gauge,81,55,535350.0,2899950.0,26.218681,87.353882
3171,confluence_3170,gauge+site,81,55,535350.0,2899950.0,26.218681,87.353882
3172,confluence_3171,gauge,81,84,544050.0,2899950.0,26.21844,87.440974
3172,confluence_3171,gauge+site,81,84,544050.0,2899950.0,26.21844,87.440974
3173,confluence_3172,gauge,81,90,545850.0,2899950.0,26.218384,87.458993
3173,confluence_3172,gauge+site,81,90,545850.0,2899950.0,26.218384,87.458993
3174,confluence_3173,gauge,88,120,554850.0,2897850.0,26.199107,87.548998
3174,confluence_3173,gauge+site,88,120,554850.0,2897850.0,26.199107,87.548998
3175,confluence_3174,gauge,88,127,556950.0,2897850.0,26.199025,87.570016
3175,confluence_3174,gauge+site,88,127,556950.0,2897850.0,26.199025,87.570016
3176,confluence_3175,gauge,88,135,559350.0,2897850.0,26.198928,87.594037
3176,confluence_3175,gauge+site,88,135,559350.0,2897850.0,26.198928,87.594037
3177,confluence_3176,gauge,88,137,559950.0,2897850.0,26.198903,87.600042
3177,confluence_3176,gauge+site,88,137,559950.0,2897850.0,26.198903,87.600042
3178,confluence_3177,gauge,89,66,538650.0,2897550.0,26.196926,87.386845
3178,confluence_3177,gauge+site,89,66,538650.0,2897550.0,26.196926,87.386845
3179,confluence_3178,gauge,89,69,539550.0,2897550.0,26.196901,87.395853
3179,confluence_3178,gauge+site,89,69,539550.0,2897550.0,26.196901,87.395853
3180,confluence_3179,gauge,89,83,543750.0,2897550.0,26.196779,87.43789
3180,confluence_3179,gauge+site,89,83,543750.0,2897550.0,26.196779,87.43789
3181,confluence_3180,gauge,88,116,553650.0,2897850.0,26.199152,87.536987
3181,confluence_3180,gauge+site,88,116,553650.0,2897850.0,26.199152,87.536987
3182,confluence_3181,gauge,89,98,548250.0,2897550.0,26.196635,87.482929
3182,confluence_3181,gauge+site,89,98,548250.0,2897550.0,26.196635,87.482929
3183,confluence_3182,gauge,89,110,551850.0,2897550.0,26.19651,87.51896
3183,confluence_3182,gauge+site,89,110,551850.0,2897550.0,26.19651,87.51896
3184,confluence_3183,gauge,90,57,535950.0,2897250.0,26.194287,87.359813
3184,confluence_3183,gauge+site,90,57,535950.0,2897250.0,26.194287,87.359813
3185,confluence_3184,gauge,90,82,543450.0,2897250.0,26.19408,87.434877
3185,confluence_3184,gauge+site,90,82,543450.0,2897250.0,26.19408,87.434877
3186,confluence_3185,gauge,90,86,544650.0,2897250.0,26.194043,87.446887
3186,confluence_3185,gauge+site,90,86,544650.0,2897250.0,26.194043,87.446887
3187,confluence_3186,gauge,90,91,546150.0,2897250.0,26.193995,87.4619
3187,confluence_3186,gauge+site,90,91,546150.0,2897250.0,26.193995,87.4619
3188,confluence_3187,gauge,90,99,548550.0,2897250.0,26.193916,87.48592
3188,confluence_3187,gauge+site,90,99,548550.0,2897250.0,26.193916,87.48592
3189,confluence_3188,gauge,90,105,550350.0,2897250.0,26.193854,87.503935
3189,confluence_3188,gauge+site,90,105,550350.0,2897250.0,26.193854,87.503935
3190,confluence_3189,gauge,89,108,551250.0,2897550.0,26.196531,87.512955
3190,confluence_3189,gauge+site,89,108,551250.0,2897550.0,26.196531,87.512955
3191,confluence_3190,gauge,90,106,550650.0,2897250.0,26.193844,87.506938
3191,confluence_3190,gauge+site,90,106,550650.0,2897250.0,26.193844,87.506938
3192,confluence_3191,gauge,88,88,545250.0,2897850.0,26.199442,87.452913
3192,confluence_3191,gauge+site,88,88,545250.0,2897850.0,26.199442,87.452913
3193,confluence_3192,gauge,88,66,538650.0,2897850.0,26.199634,87.386854
3193,confluence_3192,gauge+site,88,66,538650.0,2897850.0,26.199634,87.386854
3194,confluence_3193,gauge,87,68,539250.0,2898150.0,26.202327,87.392869
3194,confluence_3193,gauge+site,87,68,539250.0,2898150.0,26.202327,87.392869
3195,confluence_3194,gauge,87,69,539550.0,2898150.0,26.202319,87.395872
3195,confluence_3194,gauge+site,87,69,539550.0,2898150.0,26.202319,87.395872
3196,confluence_3195,gauge,87,88,545250.0,2898150.0,26.20215,87.452924
3196,confluence_3195,gauge+site,87,88,545250.0,2898150.0,26.20215,87.452924
3197,confluence_3196,gauge,87,89,545550.0,2898150.0,26.202141,87.455927
3197,confluence_3196,gauge+site,87,89,545550.0,2898150.0,26.202141,87.455927
3198,confluence_3197,gauge,87,90,545850.0,2898150.0,26.202131,87.458929
3198,confluence_3197,gauge+site,87,90,545850.0,2898150.0,26.202131,87.458929
3199,confluence_3198,gauge,87,92,546450.0,2898150.0,26.202112,87.464935
3199,confluence_3198,gauge+site,87,92,546450.0,2898150.0,26.202112,87.464935
3200,confluence_3199,gauge,87,99,548550.0,2898150.0,26.202043,87.485954
3200,confluence_3199,gauge+site,87,99,548550.0,2898150.0,26.202043,87.485954
3201,confluence_3200,gauge,88,75,541350.0,2897850.0,26.199559,87.413879
3201,confluence_3200,gauge+site,88,75,541350.0,2897850.0,26.199559,87.413879
3202,confluence_3201,gauge,87,100,548850.0,2898150.0,26.202032,87.488957
3202,confluence_3201,gauge+site,87,100,548850.0,2898150.0,26.202032,87.488957
3203,confluence_3202,gauge,87,116,553650.0,2898150.0,26.201861,87.537
3203,confluence_3202,gauge+site,87,116,553650.0,2898150.0,26.201861,87.537
3204,confluence_3203,gauge,87,124,556050.0,2898150.0,26.201769,87.561021
3204,confluence_3203,gauge+site,87,124,556050.0,2898150.0,26.201769,87.561021
3205,confluence_3204,gauge,87,126,556650.0,2898150.0,26.201746,87.567027
3205,confluence_3204,gauge+site,87,126,556650.0,2898150.0,26.201746,87.567027
3206,confluence_3205,gauge,87,130,557850.0,2898150.0,26.201698,87.579037
3206,confluence_3205,gauge+site,87,130,557850.0,2898150.0,26.201698,87.579037
3207,confluence_3206,gauge,88,43,531750.0,2897850.0,26.199804,87.317792
3207,confluence_3206,gauge+site,88,43,531750.0,2897850.0,26.199804,87.317792
3208,confluence_3207,gauge,88,46,532650.0,2897850.0,26.199783,87.3268
3208,confluence_3207,gauge+site,88,46,532650.0,2897850.0,26.199783,87.3268
3209,confluence_3208,gauge,88,52,534450.0,2897850.0,26.199741,87.344817
3209,confluence_3208,gauge+site,88,52,534450.0,2897850.0,26.199741,87.344817
3210,confluence_3209,gauge,87,101,549150.0,2898150.0,26.202022,87.491959
3210,confluence_3209,gauge+site,87,101,549150.0,2898150.0,26.202022,87.491959
3211,confluence_3210,gauge,87,65,538350.0,2898150.0,26.202351,87.383861
3211,confluence_3210,gauge+site,87,65,538350.0,2898150.0,26.202351,87.383861
3212,confluence_3211,gauge,90,109,551550.0,2897250.0,26.193812,87.515945
3212,confluence_3211,gauge+site,90,109,551550.0,2897250.0,26.193812,87.515945
3213,confluence_3212,gauge,90,120,554850.0,2897250.0,26.193689,87.548973
3213,confluence_3212,gauge+site,90,120,554850.0,2897250.0,26.193689,87.548973
3214,confluence_3213,gauge,92,74,541050.0,2896650.0,26.188733,87.410838
3214,confluence_3213,gauge+site,92,74,541050.0,2896650.0,26.188733,87.410838
3215,confluence_3214,gauge,92,78,542250.0,2896650.0,26.188698,87.422848
3215,confluence_3214,gauge+site,92,78,542250.0,2896650.0,26.188698,87.422848
3216,confluence_3215,gauge,92,85,544350.0,2896650.0,26.188634,87.443864
3216,confluence_3215,gauge+site,92,85,544350.0,2896650.0,26.188634,87.443864
3217,confluence_3216,gauge,92,86,544650.0,2896650.0,26.188625,87.446867
3217,confluence_3216,gauge+site,92,86,544650.0,2896650.0,26.188625,87.446867
3218,confluence_3217,gauge,92,92,546450.0,2896650.0,26.188568,87.464881
3218,confluence_3217,gauge+site,92,92,546450.0,2896650.0,26.188568,87.464881
3219,confluence_3218,gauge,92,99,548550.0,2896650.0,26.188499,87.485898
3219,confluence_3218,gauge+site,92,99,548550.0,2896650.0,26.188499,87.485898
3220,confluence_3219,gauge,92,110,551850.0,2896650.0,26.188383,87.518924
3220,confluence_3219,gauge+site,92,110,551850.0,2896650.0,26.188383,87.518924
3221,confluence_3220,gauge,92,73,540750.0,2896650.0,26.188741,87.407836
3221,confluence_3220,gauge+site,92,73,540750.0,2896650.0,26.188741,87.407836
3222,confluence_3221,gauge,92,113,552750.0,2896650.0,26.188351,87.527931
3222,confluence_3221,gauge+site,92,113,552750.0,2896650.0,26.188351,87.527931
3223,confluence_3222,gauge,92,120,554850.0,2896650.0,26.188272,87.548947
3223,confluence_3222,gauge+site,92,120,554850.0,2896650.0,26.188272,87.548947
3224,confluence_3223,gauge,92,123,555750.0,2896650.0,26.188237,87.557954
3224,confluence_3223,gauge+site,92,123,555750.0,2896650.0,26.188237,87.557954
3225,confluence_3224,gauge,93,68,539250.0,2896350.0,26.186074,87.392814
3225,confluence_3224,gauge+site,93,68,539250.0,2896350.0,26.186074,87.392814
3226,confluence_3225,gauge,93,69,539550.0,2896350.0,26.186066,87.395817
3226,confluence_3225,gauge+site,93,69,539550.0,2896350.0,26.186066,87.395817
3227,confluence_3226,gauge,93,81,543150.0,2896350.0,26.185962,87.431845
3227,confluence_3226,gauge+site,93,81,543150.0,2896350.0,26.185962,87.431845
3228,confluence_3227,gauge,93,85,544350.0,2896350.0,26.185926,87.443854
3228,confluence_3227,gauge+site,93,85,544350.0,2896350.0,26.185926,87.443854
3229,confluence_3228,gauge,93,97,547950.0,2896350.0,26.18581,87.479882
3229,confluence_3228,gauge+site,93,97,547950.0,2896350.0,26.18581,87.479882
3230,confluence_3229,gauge,92,115,553350.0,2896650.0,26.188328,87.533935
3230,confluence_3229,gauge+site,92,115,553350.0,2896650.0,26.188328,87.533935
3231,confluence_3230,gauge,90,114,553050.0,2897250.0,26.193757,87.530958
3231,confluence_3230,gauge+site,90,114,553050.0,2897250.0,26.193757,87.530958
3232,confluence_3231,gauge,92,71,540150.0,2896650.0,26.188758,87.401831
3232,confluence_3231,gauge+site,92,71,540150.0,2896650.0,26.188758,87.401831
3233,confluence_3232,gauge,92,61,537150.0,2896650.0,26.188839,87.371807
3233,confluence_3232,gauge+site,92,61,537150.0,2896650.0,26.188839,87.371807
3234,confluence_3233,gauge,90,133,558750.0,2897250.0,26.193535,87.588005
3234,confluence_3233,gauge+site,90,133,558750.0,2897250.0,26.193535,87.588005
3235,confluence_3234,gauge,90,134,559050.0,2897250.0,26.193523,87.591007
3235,confluence_3234,gauge+site,90,134,559050.0,2897250.0,26.193523,87.591007
3236,confluence_3235,gauge,90,139,560550.0,2897250.0,26.19346,87.606019
3236,confluence_3235,gauge+site,90,139,560550.0,2897250.0,26.19346,87.606019
3237,confluence_3236,gauge,91,56,535650.0,2896950.0,26.191586,87.356803
3237,confluence_3236,gauge+site,91,56,535650.0,2896950.0,26.191586,87.356803
3238,confluence_3237,gauge,91,75,541350.0,2896950.0,26.191433,87.41385
3238,confluence_3237,gauge+site,91,75,541350.0,2896950.0,26.191433,87.41385
3239,confluence_3238,gauge,91,76,541650.0,2896950.0,26.191424,87.416852
3239,confluence_3238,gauge+site,91,76,541650.0,2896950.0,26.191424,87.416852
3240,confluence_3239,gauge,91,102,549450.0,2896950.0,26.191177,87.494916
3240,confluence_3239,gauge+site,91,102,549450.0,2896950.0,26.191177,87.494916
3241,confluence_3240,gauge,92,69,539550.0,2896650.0,26.188775,87.395826
3241,confluence_3240,gauge+site,92,69,539550.0,2896650.0,26.188775,87.395826
3242,confluence_3241,gauge,91,107,550950.0,2896950.0,26.191124,87.509928
3242,confluence_3241,gauge+site,91,107,550950.0,2896950.0,26.191124,87.509928
3243,confluence_3242,gauge,91,114,553050.0,2896950.0,26.191048,87.530945
3243,confluence_3242,gauge+site,91,114,553050.0,2896950.0,26.191048,87.530945
3244,confluence_3243,gauge,91,131,558150.0,2896950.0,26.190851,87.581986
3244,confluence_3243,gauge+site,91,131,558150.0,2896950.0,26.190851,87.581986
3245,confluence_3244,gauge,91,132,558450.0,2896950.0,26.190839,87.584989
3245,confluence_3244,gauge+site,91,132,558450.0,2896950.0,26.190839,87.584989
3246,confluence_3245,gauge,91,141,561150.0,2896950.0,26.190726,87.61201
3246,confluence_3245,gauge+site,91,141,561150.0,2896950.0,26.190726,87.61201
3247,confluence_3246,gauge,92,51,534150.0,2896650.0,26.188913,87.341782
3247,confluence_3246,gauge+site,92,51,534150.0,2896650.0,26.188913,87.341782
3248,confluence_3247,gauge,92,52,534450.0,2896650.0,26.188906,87.344785
3248,confluence_3247,gauge+site,92,52,534450.0,2896650.0,26.188906,87.344785
3249,confluence_3248,gauge,92,58,536250.0,2896650.0,26.188862,87.362799
3249,confluence_3248,gauge+site,92,58,536250.0,2896650.0,26.188862,87.362799
3250,confluence_3249,gauge,91,113,552750.0,2896950.0,26.191059,87.527943
3250,confluence_3249,gauge+site,91,113,552750.0,2896950.0,26.191059,87.527943
3251,confluence_3250,gauge,87,60,536850.0,2898150.0,26.202391,87.368847
3251,confluence_3250,gauge+site,87,60,536850.0,2898150.0,26.202391,87.368847
3252,confluence_3251,gauge,87,59,536550.0,2898150.0,26.202398,87.365844
3252,confluence_3251,gauge+site,87,59,536550.0,2898150.0,26.202398,87.365844
3253,confluence_3252,gauge,87,57,535950.0,2898150.0,26.202413,87.359838
3253,confluence_3252,gauge+site,87,57,535950.0,2898150.0,26.202413,87.359838
3254,confluence_3253,gauge,82,128,557250.0,2899650.0,26.215266,87.573098
3254,confluence_3253,gauge+site,82,128,557250.0,2899650.0,26.215266,87.573098
3255,confluence_3254,gauge,82,136,559650.0,2899650.0,26.215168,87.597122
3255,confluence_3254,gauge+site,82,136,559650.0,2899650.0,26.215168,87.597122
3256,confluence_3255,gauge,83,34,529050.0,2899350.0,26.213405,87.290801
3256,confluence_3255,gauge+site,83,34,529050.0,2899350.0,26.213405,87.290801
3257,confluence_3256,gauge,83,41,531150.0,2899350.0,26.213361,87.311823
3257,confluence_3256,gauge+site,83,41,531150.0,2899350.0,26.213361,87.311823
3258,confluence_3257,gauge,83,45,532350.0,2899350.0,26.213334,87.323835
3258,confluence_3257,gauge+site,83,45,532350.0,2899350.0,26.213334,87.323835
3259,confluence_3258,gauge,83,58,536250.0,2899350.0,26.213241,87.362875
3259,confluence_3258,gauge+site,83,58,536250.0,2899350.0,26.213241,87.362875
3260,confluence_3259,gauge,83,61,537150.0,2899350.0,26.213218,87.371884
3260,confluence_3259,gauge+site,83,61,537150.0,2899350.0,26.213218,87.371884
3261,confluence_3260,gauge,82,118,554250.0,2899650.0,26.215382,87.543068
3261,confluence_3260,gauge+site,82,118,554250.0,2899650.0,26.215382,87.543068
3262,confluence_3261,gauge,83,69,539550.0,2899350.0,26.213154,87.395908
3262,confluence_3261,gauge+site,83,69,539550.0,2899350.0,26.213154,87.395908
3263,confluence_3262,gauge,83,104,550050.0,2899350.0,26.212826,87.501014
3263,confluence_3262,gauge+site,83,104,550050.0,2899350.0,26.212826,87.501014
3264,confluence_3263,gauge,83,106,550650.0,2899350.0,26.212805,87.50702
3264,confluence_3263,gauge+site,83,106,550650.0,2899350.0,26.212805,87.50702
3265,confluence_3264,gauge,83,121,555150.0,2899350.0,26.212639,87.552064
3265,confluence_3264,gauge+site,83,121,555150.0,2899350.0,26.212639,87.552064
3266,confluence_3265,gauge,83,124,556050.0,2899350.0,26.212604,87.561073
3266,confluence_3265,gauge+site,83,124,556050.0,2899350.0,26.212604,87.561073
3267,confluence_3266,gauge,83,131,558150.0,2899350.0,26.212521,87.582094
3267,confluence_3266,gauge+site,83,131,558150.0,2899350.0,26.212521,87.582094
3268,confluence_3267,gauge,84,34,529050.0,2899050.0,26.210696,87.290794
3268,confluence_3267,gauge+site,84,34,529050.0,2899050.0,26.210696,87.290794
3269,confluence_3268,gauge,84,52,534450.0,2899050.0,26.210577,87.344848
3269,confluence_3268,gauge+site,84,52,534450.0,2899050.0,26.210577,87.344848
3270,confluence_3269,gauge,83,84,544050.0,2899350.0,26.213023,87.440954
3270,confluence_3269,gauge+site,83,84,544050.0,2899350.0,26.213023,87.440954
3271,confluence_3270,gauge,84,69,539550.0,2899050.0,26.210445,87.395899
3271,confluence_3270,gauge+site,84,69,539550.0,2899050.0,26.210445,87.395899
3272,confluence_3271,gauge,82,115,553350.0,2899650.0,26.215416,87.534059
3272,confluence_3271,gauge+site,82,115,553350.0,2899650.0,26.215416,87.534059
3273,confluence_3272,gauge,82,98,548250.0,2899650.0,26.215597,87.483007
3273,confluence_3272,gauge+site,82,98,548250.0,2899650.0,26.215597,87.483007
3274,confluence_3273,gauge,81,96,547650.0,2899950.0,26.218325,87.477012
3274,confluence_3273,gauge+site,81,96,547650.0,2899950.0,26.218325,87.477012
3275,confluence_3274,gauge,81,98,548250.0,2899950.0,26.218305,87.483018
3275,confluence_3274,gauge+site,81,98,548250.0,2899950.0,26.218305,87.483018
3276,confluence_3275,gauge,81,108,551250.0,2899950.0,26.218201,87.51305
3276,confluence_3275,gauge+site,81,108,551250.0,2899950.0,26.218201,87.51305
3277,confluence_3276,gauge,81,115,553350.0,2899950.0,26.218125,87.534071
3277,confluence_3276,gauge+site,81,115,553350.0,2899950.0,26.218125,87.534071
3278,confluence_3277,gauge,81,125,556350.0,2899950.0,26.21801,87.564102
3278,confluence_3277,gauge+site,81,125,556350.0,2899950.0,26.21801,87.564102
3279,confluence_3278,gauge,81,132,558450.0,2899950.0,26.217926,87.585124
3279,confluence_3278,gauge+site,81,132,558450.0,2899950.0,26.217926,87.585124
3280,confluence_3279,gauge,81,133,558750.0,2899950.0,26.217914,87.588127
3280,confluence_3279,gauge+site,81,133,558750.0,2899950.0,26.217914,87.588127
3281,confluence_3280,gauge,82,104,550050.0,2899650.0,26.215535,87.501025
3281,confluence_3280,gauge+site,82,104,550050.0,2899650.0,26.215535,87.501025
3282,confluence_3281,gauge,82,35,529350.0,2899650.0,26.216108,87.293811
3282,confluence_3281,gauge+site,82,35,529350.0,2899650.0,26.216108,87.293811
3283,confluence_3282,gauge,82,49,533550.0,2899650.0,26.216016,87.335855
3283,confluence_3282,gauge+site,82,49,533550.0,2899650.0,26.216016,87.335855
3284,confluence_3283,gauge,82,60,536850.0,2899650.0,26.215935,87.368889
3284,confluence_3283,gauge+site,82,60,536850.0,2899650.0,26.215935,87.368889
3285,confluence_3284,gauge,82,84,544050.0,2899650.0,26.215732,87.440964
3285,confluence_3284,gauge+site,82,84,544050.0,2899650.0,26.215732,87.440964
3286,confluence_3285,gauge,82,87,544950.0,2899650.0,26.215704,87.449973
3286,confluence_3285,gauge+site,82,87,544950.0,2899650.0,26.215704,87.449973
3287,confluence_3286,gauge,82,88,545250.0,2899650.0,26.215694,87.452976
3287,confluence_3286,gauge+site,82,88,545250.0,2899650.0,26.215694,87.452976
3288,confluence_3287,gauge,82,95,547350.0,2899650.0,26.215627,87.473998
3288,confluence_3287,gauge+site,82,95,547350.0,2899650.0,26.215627,87.473998
3289,confluence_3288,gauge,82,96,547650.0,2899650.0,26.215617,87.477001
3289,confluence_3288,gauge+site,82,96,547650.0,2899650.0,26.215617,87.477001
3290,confluence_3289,gauge,82,42,531450.0,2899650.0,26.216063,87.314833
3290,confluence_3289,gauge+site,82,42,531450.0,2899650.0,26.216063,87.314833
3291,confluence_3290,gauge,84,71,540150.0,2899050.0,26.210429,87.401905
3291,confluence_3290,gauge+site,84,71,540150.0,2899050.0,26.210429,87.401905
3292,confluence_3291,gauge,84,73,540750.0,2899050.0,26.210412,87.407911
3292,confluence_3291,gauge+site,84,73,540750.0,2899050.0,26.210412,87.407911
3293,confluence_3292,gauge,84,75,541350.0,2899050.0,26.210394,87.413917
3293,confluence_3292,gauge+site,84,75,541350.0,2899050.0,26.210394,87.413917
3294,confluence_3293,gauge,85,135,559350.0,2898750.0,26.207054,87.594078
3294,confluence_3293,gauge+site,85,135,559350.0,2898750.0,26.207054,87.594078
3295,confluence_3294,gauge,86,35,529350.0,2898450.0,26.205272,87.293784
3295,confluence_3294,gauge+site,86,35,529350.0,2898450.0,26.205272,87.293784
3296,confluence_3295,gauge,86,45,532350.0,2898450.0,26.205208,87.323813
3296,confluence_3295,gauge+site,86,45,532350.0,2898450.0,26.205208,87.323813
3297,confluence_3296,gauge,86,49,533550.0,2898450.0,26.20518,87.335824
3297,confluence_3296,gauge+site,86,49,533550.0,2898450.0,26.20518,87.335824
3298,confluence_3297,gauge,86,65,538350.0,2898450.0,26.20506,87.38387
3298,confluence_3297,gauge+site,86,65,538350.0,2898450.0,26.20506,87.38387
3299,confluence_3298,gauge,86,71,540150.0,2898450.0,26.205011,87.401887
3299,confluence_3298,gauge+site,86,71,540150.0,2898450.0,26.205011,87.401887
3300,confluence_3299,gauge,86,79,542550.0,2898450.0,26.204942,87.425909
3300,confluence_3299,gauge+site,86,79,542550.0,2898450.0,26.204942,87.425909
3301,confluence_3300,gauge,85,133,558750.0,2898750.0,26.207079,87.588073
3301,confluence_3300,gauge+site,85,133,558750.0,2898750.0,26.207079,87.588073
3302,confluence_3301,gauge,86,89,545550.0,2898450.0,26.20485,87.455937
3302,confluence_3301,gauge+site,86,89,545550.0,2898450.0,26.20485,87.455937
3303,confluence_3302,gauge,86,95,547350.0,2898450.0,26.204791,87.473954
3303,confluence_3302,gauge+site,86,95,547350.0,2898450.0,26.204791,87.473954
3304,confluence_3303,gauge,86,96,547650.0,2898450.0,26.204782,87.476957
3304,confluence_3303,gauge+site,86,96,547650.0,2898450.0,26.204782,87.476957
3305,confluence_3304,gauge,86,102,549450.0,2898450.0,26.204721,87.494974
3305,confluence_3304,gauge+site,86,102,549450.0,2898450.0,26.204721,87.494974
3306,confluence_3305,gauge,86,118,554250.0,2898450.0,26.204547,87.543018
3306,confluence_3305,gauge+site,86,118,554250.0,2898450.0,26.204547,87.543018
3307,confluence_3306,gauge,86,126,556650.0,2898450.0,26.204455,87.56704
3307,confluence_3306,gauge+site,86,126,556650.0,2898450.0,26.204455,87.56704
3308,confluence_3307,gauge,86,132,558450.0,2898450.0,26.204382,87.585056
3308,confluence_3307,gauge+site,86,132,558450.0,2898450.0,26.204382,87.585056
3309,confluence_3308,gauge,86,133,558750.0,2898450.0,26.20437,87.588059
3309,confluence_3308,gauge+site,86,133,558750.0,2898450.0,26.20437,87.588059
3310,confluence_3309,gauge,86,92,546450.0,2898450.0,26.204821,87.464946
3310,confluence_3309,gauge+site,86,92,546450.0,2898450.0,26.204821,87.464946
3311,confluence_3310,gauge,85,120,554850.0,2898750.0,26.207233,87.549036
3311,confluence_3310,gauge+site,85,120,554850.0,2898750.0,26.207233,87.549036
3312,confluence_3311,gauge,85,118,554250.0,2898750.0,26.207256,87.54303
3312,confluence_3311,gauge+site,85,118,554250.0,2898750.0,26.207256,87.54303
3313,confluence_3312,gauge,85,107,550950.0,2898750.0,26.207377,87.509999
3313,confluence_3312,gauge+site,85,107,550950.0,2898750.0,26.207377,87.509999
3314,confluence_3313,gauge,84,76,541650.0,2899050.0,26.210386,87.41692
3314,confluence_3313,gauge+site,84,76,541650.0,2899050.0,26.210386,87.41692
3315,confluence_3314,gauge,84,84,544050.0,2899050.0,26.210314,87.440944
3315,confluence_3314,gauge+site,84,84,544050.0,2899050.0,26.210314,87.440944
3316,confluence_3315,gauge,84,92,546450.0,2899050.0,26.210238,87.464967
3316,confluence_3315,gauge+site,84,92,546450.0,2899050.0,26.210238,87.464967
3317,confluence_3316,gauge,84,112,552450.0,2899050.0,26.210032,87.525026
3317,confluence_3316,gauge+site,84,112,552450.0,2899050.0,26.210032,87.525026
3318,confluence_3317,gauge,84,115,553350.0,2899050.0,26.209999,87.534034
3318,confluence_3317,gauge+site,84,115,553350.0,2899050.0,26.209999,87.534034
3319,confluence_3318,gauge,84,126,556650.0,2899050.0,26.209872,87.567066
3319,confluence_3318,gauge+site,84,126,556650.0,2899050.0,26.209872,87.567066
3320,confluence_3319,gauge,84,135,559350.0,2899050.0,26.209763,87.594092
3320,confluence_3319,gauge+site,84,135,559350.0,2899050.0,26.209763,87.594092
3321,confluence_3320,gauge,84,136,559650.0,2899050.0,26.209751,87.597095
3321,confluence_3320,gauge+site,84,136,559650.0,2899050.0,26.209751,87.597095
3322,confluence_3321,gauge,85,33,528750.0,2898750.0,26.207993,87.287785
3322,confluence_3321,gauge+site,85,33,528750.0,2898750.0,26.207993,87.287785
3323,confluence_3322,gauge,85,38,530250.0,2898750.0,26.207962,87.3028
3323,confluence_3322,gauge+site,85,38,530250.0,2898750.0,26.207962,87.3028
3324,confluence_3323,gauge,85,55,535350.0,2898750.0,26.207846,87.353849
3324,confluence_3323,gauge+site,85,55,535350.0,2898750.0,26.207846,87.353849
3325,confluence_3324,gauge,85,59,536550.0,2898750.0,26.207816,87.365861
3325,confluence_3324,gauge+site,85,59,536550.0,2898750.0,26.207816,87.365861
3326,confluence_3325,gauge,85,62,537450.0,2898750.0,26.207793,87.37487
3326,confluence_3325,gauge+site,85,62,537450.0,2898750.0,26.207793,87.37487
3327,confluence_3326,gauge,85,63,537750.0,2898750.0,26.207785,87.377873
3327,confluence_3326,gauge+site,85,63,537750.0,2898750.0,26.207785,87.377873
3328,confluence_3327,gauge,85,73,540750.0,2898750.0,26.207703,87.407902
3328,confluence_3327,gauge+site,85,73,540750.0,2898750.0,26.207703,87.407902
3329,confluence_3328,gauge,85,90,545850.0,2898750.0,26.207549,87.458951
3329,confluence_3328,gauge+site,85,90,545850.0,2898750.0,26.207549,87.458951
3330,confluence_3329,gauge,85,102,549450.0,2898750.0,26.207429,87.494985
3330,confluence_3329,gauge+site,85,102,549450.0,2898750.0,26.207429,87.494985
3331,confluence_3330,gauge,68,118,554250.0,2903850.0,26.253305,87.543244
3331,confluence_3330,gauge+site,68,118,554250.0,2903850.0,26.253305,87.543244
3332,confluence_3331,gauge,93,110,551850.0,2896350.0,26.185675,87.518912
3332,confluence_3331,gauge+site,93,110,551850.0,2896350.0,26.185675,87.518912
3333,confluence_3332,gauge,68,110,551850.0,2903850.0,26.253394,87.519212
3333,confluence_3332,gauge+site,68,110,551850.0,2903850.0,26.253394,87.519212
3334,confluence_3333,gauge,68,101,549150.0,2903850.0,26.253489,87.492176
3334,confluence_3333,gauge+site,68,101,549150.0,2903850.0,26.253489,87.492176
3335,confluence_3334,gauge,52,78,542250.0,2908650.0,26.297049,87.42324
3335,confluence_3334,gauge+site,52,78,542250.0,2908650.0,26.297049,87.42324
3336,confluence_3335,gauge,52,80,542850.0,2908650.0,26.297032,87.42925
3336,confluence_3335,gauge+site,52,80,542850.0,2908650.0,26.297032,87.42925
3337,confluence_3336,gauge,52,86,544650.0,2908650.0,26.296977,87.447281
3337,confluence_3336,gauge+site,52,86,544650.0,2908650.0,26.296977,87.447281
3338,confluence_3337,gauge,52,90,545850.0,2908650.0,26.296939,87.459302
3338,confluence_3337,gauge+site,52,90,545850.0,2908650.0,26.296939,87.459302
3339,confluence_3338,gauge,52,101,549150.0,2908650.0,26.296829,87.492359
3339,confluence_3338,gauge+site,52,101,549150.0,2908650.0,26.296829,87.492359
3340,confluence_3339,gauge,52,109,551550.0,2908650.0,26.296744,87.5164
3340,confluence_3339,gauge+site,52,109,551550.0,2908650.0,26.296744,87.5164
3341,confluence_3340,gauge,52,127,556950.0,2908650.0,26.29654,87.570492
3341,confluence_3340,gauge+site,52,127,556950.0,2908650.0,26.29654,87.570492
3342,confluence_3341,gauge,52,66,538650.0,2908650.0,26.297151,87.387178
3342,confluence_3341,gauge+site,52,66,538650.0,2908650.0,26.297151,87.387178
3343,confluence_3342,gauge,52,128,557250.0,2908650.0,26.296528,87.573497
3343,confluence_3342,gauge+site,52,128,557250.0,2908650.0,26.296528,87.573497
3344,confluence_3343,gauge,52,132,558450.0,2908650.0,26.296479,87.585518
3344,confluence_3343,gauge+site,52,132,558450.0,2908650.0,26.296479,87.585518
3345,confluence_3344,gauge,53,32,528450.0,2908350.0,26.294682,87.284993
3345,confluence_3344,gauge+site,53,32,528450.0,2908350.0,26.294682,87.284993
3346,confluence_3345,gauge,53,39,530550.0,2908350.0,26.294639,87.306029
3346,confluence_3345,gauge+site,53,39,530550.0,2908350.0,26.294639,87.306029
3347,confluence_3346,gauge,53,47,532950.0,2908350.0,26.294585,87.330071
3347,confluence_3346,gauge+site,53,47,532950.0,2908350.0,26.294585,87.330071
3348,confluence_3347,gauge,53,52,534450.0,2908350.0,26.29455,87.345097
3348,confluence_3347,gauge+site,53,52,534450.0,2908350.0,26.29455,87.345097
3349,confluence_3348,gauge,53,55,535350.0,2908350.0,26.294528,87.354112
3349,confluence_3348,gauge+site,53,55,535350.0,2908350.0,26.294528,87.354112
3350,confluence_3349,gauge,53,56,535650.0,2908350.0,26.29452,87.357117
3350,confluence_3349,gauge+site,53,56,535650.0,2908350.0,26.29452,87.357117
3351,confluence_3350,gauge,52,130,557850.0,2908650.0,26.296503,87.579508
3351,confluence_3350,gauge+site,52,130,557850.0,2908650.0,26.296503,87.579508
3352,confluence_3351,gauge,53,64,538050.0,2908350.0,26.294459,87.381158
3352,confluence_3351,gauge+site,53,64,538050.0,2908350.0,26.294459,87.381158
3353,confluence_3352,gauge,52,62,537450.0,2908650.0,26.297183,87.375157
3353,confluence_3352,gauge+site,52,62,537450.0,2908650.0,26.297183,87.375157
3354,confluence_3353,gauge,52,41,531150.0,2908650.0,26.297334,87.312047
3354,confluence_3353,gauge+site,52,41,531150.0,2908650.0,26.297334,87.312047
3355,confluence_3354,gauge,51,46,532650.0,2908950.0,26.30001,87.327081
3355,confluence_3354,gauge+site,51,46,532650.0,2908950.0,26.30001,87.327081
3356,confluence_3355,gauge,51,63,537750.0,2908950.0,26.299884,87.378171
3356,confluence_3355,gauge+site,51,63,537750.0,2908950.0,26.299884,87.378171
3357,confluence_3356,gauge,51,66,538650.0,2908950.0,26.29986,87.387187
3357,confluence_3356,gauge+site,51,66,538650.0,2908950.0,26.29986,87.387187
3358,confluence_3357,gauge,51,71,540150.0,2908950.0,26.299819,87.402213
3358,confluence_3357,gauge+site,51,71,540150.0,2908950.0,26.299819,87.402213
3359,confluence_3358,gauge,51,78,542250.0,2908950.0,26.299758,87.42325
3359,confluence_3358,gauge+site,51,78,542250.0,2908950.0,26.299758,87.42325
3360,confluence_3359,gauge,51,88,545250.0,2908950.0,26.299666,87.453302
3360,confluence_3359,gauge+site,51,88,545250.0,2908950.0,26.299666,87.453302
3361,confluence_3360,gauge,51,91,546150.0,2908950.0,26.299638,87.462318
3361,confluence_3360,gauge+site,51,91,546150.0,2908950.0,26.299638,87.462318
3362,confluence_3361,gauge,52,43,531750.0,2908650.0,26.297321,87.318058
3362,confluence_3361,gauge+site,52,43,531750.0,2908650.0,26.297321,87.318058
3363,confluence_3362,gauge,51,92,546450.0,2908950.0,26.299628,87.465323
3363,confluence_3362,gauge+site,51,92,546450.0,2908950.0,26.299628,87.465323
3364,confluence_3363,gauge,51,117,553950.0,2908950.0,26.299365,87.540454
3364,confluence_3363,gauge+site,51,117,553950.0,2908950.0,26.299365,87.540454
3365,confluence_3364,gauge,51,118,554250.0,2908950.0,26.299353,87.543459
3365,confluence_3364,gauge+site,51,118,554250.0,2908950.0,26.299353,87.543459
3366,confluence_3365,gauge,51,125,556350.0,2908950.0,26.299272,87.564495
3366,confluence_3365,gauge+site,51,125,556350.0,2908950.0,26.299272,87.564495
3367,confluence_3366,gauge,51,130,557850.0,2908950.0,26.299212,87.579521
3367,confluence_3366,gauge+site,51,130,557850.0,2908950.0,26.299212,87.579521
3368,confluence_3367,gauge,51,133,558750.0,2908950.0,26.299175,87.588536
3368,confluence_3367,gauge+site,51,133,558750.0,2908950.0,26.299175,87.588536
3369,confluence_3368,gauge,52,26,526650.0,2908650.0,26.297425,87.266968
3369,confluence_3368,gauge+site,52,26,526650.0,2908650.0,26.297425,87.266968
3370,confluence_3369,gauge,52,28,527250.0,2908650.0,26.297414,87.272979
3370,confluence_3369,gauge+site,52,28,527250.0,2908650.0,26.297414,87.272979
3371,confluence_3370,gauge,51,106,550650.0,2908950.0,26.299485,87.507396
3371,confluence_3370,gauge+site,51,106,550650.0,2908950.0,26.299485,87.507396
3372,confluence_3371,gauge,51,41,531150.0,2908950.0,26.300043,87.312054
3372,confluence_3371,gauge+site,51,41,531150.0,2908950.0,26.300043,87.312054
3373,confluence_3372,gauge,53,66,538650.0,2908350.0,26.294443,87.387169
3373,confluence_3372,gauge+site,53,66,538650.0,2908350.0,26.294443,87.387169
3374,confluence_3373,gauge,53,78,542250.0,2908350.0,26.294341,87.42323
3374,confluence_3373,gauge+site,53,78,542250.0,2908350.0,26.294341,87.42323
3375,confluence_3374,gauge,54,118,554250.0,2908050.0,26.291227,87.543421
3375,confluence_3374,gauge+site,54,118,554250.0,2908050.0,26.291227,87.543421
3376,confluence_3375,gauge,54,123,555750.0,2908050.0,26.291169,87.558446
3376,confluence_3375,gauge+site,54,123,555750.0,2908050.0,26.291169,87.558446
3377,confluence_3376,gauge,55,28,527250.0,2907750.0,26.289288,87.27296
3377,confluence_3376,gauge+site,55,28,527250.0,2907750.0,26.289288,87.27296
3378,confluence_3377,gauge,55,49,533550.0,2907750.0,26.289154,87.336065
3378,confluence_3377,gauge+site,55,49,533550.0,2907750.0,26.289154,87.336065
3379,confluence_3378,gauge,55,69,539550.0,2907750.0,26.289,87.396166
3379,confluence_3378,gauge+site,55,69,539550.0,2907750.0,26.289,87.396166
3380,confluence_3379,gauge,55,70,539850.0,2907750.0,26.288992,87.39917
3380,confluence_3379,gauge+site,55,70,539850.0,2907750.0,26.288992,87.39917
3381,confluence_3380,gauge,55,74,541050.0,2907750.0,26.288958,87.41119
3381,confluence_3380,gauge+site,55,74,541050.0,2907750.0,26.288958,87.41119
3382,confluence_3381,gauge,54,113,552750.0,2908050.0,26.291283,87.528396
3382,confluence_3381,gauge+site,54,113,552750.0,2908050.0,26.291283,87.528396
3383,confluence_3382,gauge,55,88,545250.0,2907750.0,26.288831,87.45326
3383,confluence_3382,gauge+site,55,88,545250.0,2907750.0,26.288831,87.45326
3384,confluence_3383,gauge,55,96,547650.0,2907750.0,26.288753,87.4773
3384,confluence_3383,gauge+site,55,96,547650.0,2907750.0,26.288753,87.4773
3385,confluence_3384,gauge,55,107,550950.0,2907750.0,26.28864,87.510354
3385,confluence_3384,gauge+site,55,107,550950.0,2907750.0,26.28864,87.510354
3386,confluence_3385,gauge,55,116,553650.0,2907750.0,26.288541,87.537398
3386,confluence_3385,gauge+site,55,116,553650.0,2907750.0,26.288541,87.537398
3387,confluence_3386,gauge,55,121,555150.0,2907750.0,26.288484,87.552423
3387,confluence_3386,gauge+site,55,121,555150.0,2907750.0,26.288484,87.552423
3388,confluence_3387,gauge,55,124,556050.0,2907750.0,26.288449,87.561438
3388,confluence_3387,gauge+site,55,124,556050.0,2907750.0,26.288449,87.561438
3389,confluence_3388,gauge,56,31,528150.0,2907450.0,26.286561,87.281968
3389,confluence_3388,gauge+site,56,31,528150.0,2907450.0,26.286561,87.281968
3390,confluence_3389,gauge,56,63,537750.0,2907450.0,26.28634,87.378127
3390,confluence_3389,gauge+site,56,63,537750.0,2907450.0,26.28634,87.378127
3391,confluence_3390,gauge,55,89,545550.0,2907750.0,26.288822,87.456265
3391,confluence_3390,gauge+site,55,89,545550.0,2907750.0,26.288822,87.456265
3392,confluence_3391,gauge,53,76,541650.0,2908350.0,26.294358,87.41722
3392,confluence_3391,gauge+site,53,76,541650.0,2908350.0,26.294358,87.41722
3393,confluence_3392,gauge,54,107,550950.0,2908050.0,26.291348,87.510366
3393,confluence_3392,gauge+site,54,107,550950.0,2908050.0,26.291348,87.510366
3394,confluence_3393,gauge,54,101,549150.0,2908050.0,26.291411,87.492336
3394,confluence_3393,gauge+site,54,101,549150.0,2908050.0,26.291411,87.492336
3395,confluence_3394,gauge,53,83,543750.0,2908350.0,26.294296,87.438256
3395,confluence_3394,gauge+site,53,83,543750.0,2908350.0,26.294296,87.438256
3396,confluence_3395,gauge,53,106,550650.0,2908350.0,26.294068,87.507373
3396,confluence_3395,gauge+site,53,106,550650.0,2908350.0,26.294068,87.507373
3397,confluence_3396,gauge,53,111,552150.0,2908350.0,26.294014,87.522398
3397,confluence_3396,gauge+site,53,111,552150.0,2908350.0,26.294014,87.522398
3398,confluence_3397,gauge,53,118,554250.0,2908350.0,26.293936,87.543434
3398,confluence_3397,gauge+site,53,118,554250.0,2908350.0,26.293936,87.543434
3399,confluence_3398,gauge,53,124,556050.0,2908350.0,26.293866,87.561464
3399,confluence_3398,gauge+site,53,124,556050.0,2908350.0,26.293866,87.561464
3400,confluence_3399,gauge,53,125,556350.0,2908350.0,26.293855,87.564469
3400,confluence_3399,gauge+site,53,125,556350.0,2908350.0,26.293855,87.564469
3401,confluence_3400,gauge,54,29,527550.0,2908050.0,26.291991,87.275971
3401,confluence_3400,gauge+site,54,29,527550.0,2908050.0,26.291991,87.275971
3402,confluence_3401,gauge,54,104,550050.0,2908050.0,26.29138,87.501351
3402,confluence_3401,gauge+site,54,104,550050.0,2908050.0,26.29138,87.501351
3403,confluence_3402,gauge,54,51,534150.0,2908050.0,26.291848,87.342083
3403,confluence_3402,gauge+site,54,51,534150.0,2908050.0,26.291848,87.342083
3404,confluence_3403,gauge,54,59,536550.0,2908050.0,26.291789,87.366124
3404,confluence_3403,gauge+site,54,59,536550.0,2908050.0,26.291789,87.366124
3405,confluence_3404,gauge,54,70,539850.0,2908050.0,26.291701,87.39918
3405,confluence_3404,gauge+site,54,70,539850.0,2908050.0,26.291701,87.39918
3406,confluence_3405,gauge,54,73,540750.0,2908050.0,26.291675,87.408195
3406,confluence_3405,gauge+site,54,73,540750.0,2908050.0,26.291675,87.408195
3407,confluence_3406,gauge,54,78,542250.0,2908050.0,26.291632,87.42322
3407,confluence_3406,gauge+site,54,78,542250.0,2908050.0,26.291632,87.42322
3408,confluence_3407,gauge,54,83,543750.0,2908050.0,26.291587,87.438245
3408,confluence_3407,gauge+site,54,83,543750.0,2908050.0,26.291587,87.438245
3409,confluence_3408,gauge,54,93,546750.0,2908050.0,26.291492,87.468296
3409,confluence_3408,gauge+site,54,93,546750.0,2908050.0,26.291492,87.468296
3410,confluence_3409,gauge,54,95,547350.0,2908050.0,26.291472,87.474306
3410,confluence_3409,gauge+site,54,95,547350.0,2908050.0,26.291472,87.474306
3411,confluence_3410,gauge,54,54,535050.0,2908050.0,26.291826,87.351099
3411,confluence_3410,gauge+site,54,54,535050.0,2908050.0,26.291826,87.351099
3412,confluence_3411,gauge,56,74,541050.0,2907450.0,26.286249,87.411181
3412,confluence_3411,gauge+site,56,74,541050.0,2907450.0,26.286249,87.411181
3413,confluence_3412,gauge,51,39,530550.0,2908950.0,26.300056,87.306044
3413,confluence_3412,gauge+site,51,39,530550.0,2908950.0,26.300056,87.306044
3414,confluence_3413,gauge,50,119,554550.0,2909250.0,26.302051,87.546477
3414,confluence_3413,gauge+site,50,119,554550.0,2909250.0,26.302051,87.546477
3415,confluence_3414,gauge,47,77,541950.0,2910150.0,26.310602,87.420284
3415,confluence_3414,gauge+site,47,77,541950.0,2910150.0,26.310602,87.420284
3416,confluence_3415,gauge,47,78,542250.0,2910150.0,26.310593,87.423289
3416,confluence_3415,gauge+site,47,78,542250.0,2910150.0,26.310593,87.423289
3417,confluence_3416,gauge,47,79,542550.0,2910150.0,26.310584,87.426295
3417,confluence_3416,gauge+site,47,79,542550.0,2910150.0,26.310584,87.426295
3418,confluence_3417,gauge,47,85,544350.0,2910150.0,26.31053,87.444328
3418,confluence_3417,gauge+site,47,85,544350.0,2910150.0,26.31053,87.444328
3419,confluence_3418,gauge,47,90,545850.0,2910150.0,26.310482,87.459355
3419,confluence_3418,gauge+site,47,90,545850.0,2910150.0,26.310482,87.459355
3420,confluence_3419,gauge,47,105,550350.0,2910150.0,26.310331,87.504438
3420,confluence_3419,gauge+site,47,105,550350.0,2910150.0,26.310331,87.504438
3421,confluence_3420,gauge,47,117,553950.0,2910150.0,26.310199,87.540504
3421,confluence_3420,gauge+site,47,117,553950.0,2910150.0,26.310199,87.540504
3422,confluence_3421,gauge,47,72,540450.0,2910150.0,26.310645,87.405256
3422,confluence_3421,gauge+site,47,72,540450.0,2910150.0,26.310645,87.405256
3423,confluence_3422,gauge,47,128,557250.0,2910150.0,26.310071,87.573564
3423,confluence_3422,gauge+site,47,128,557250.0,2910150.0,26.310071,87.573564
3424,confluence_3423,gauge,47,134,559050.0,2910150.0,26.309998,87.591597
3424,confluence_3423,gauge+site,47,134,559050.0,2910150.0,26.309998,87.591597
3425,confluence_3424,gauge,48,36,529650.0,2909850.0,26.308201,87.297048
3425,confluence_3424,gauge+site,48,36,529650.0,2909850.0,26.308201,87.297048
3426,confluence_3425,gauge,48,37,529950.0,2909850.0,26.308195,87.300054
3426,confluence_3425,gauge+site,48,37,529950.0,2909850.0,26.308195,87.300054
3427,confluence_3426,gauge,48,55,535350.0,2909850.0,26.308072,87.354153
3427,confluence_3426,gauge+site,48,55,535350.0,2909850.0,26.308072,87.354153
3428,confluence_3427,gauge,48,58,536250.0,2909850.0,26.308049,87.36317
3428,confluence_3427,gauge+site,48,58,536250.0,2909850.0,26.308049,87.36317
3429,confluence_3428,gauge,48,62,537450.0,2909850.0,26.308018,87.375192
3429,confluence_3428,gauge+site,48,62,537450.0,2909850.0,26.308018,87.375192
3430,confluence_3429,gauge,48,76,541650.0,2909850.0,26.307902,87.417268
3430,confluence_3429,gauge+site,48,76,541650.0,2909850.0,26.307902,87.417268
3431,confluence_3430,gauge,47,131,558150.0,2910150.0,26.310035,87.58258
3431,confluence_3430,gauge+site,47,131,558150.0,2910150.0,26.310035,87.58258
3432,confluence_3431,gauge,48,83,543750.0,2909850.0,26.307839,87.438307
3432,confluence_3431,gauge+site,48,83,543750.0,2909850.0,26.307839,87.438307
3433,confluence_3432,gauge,47,50,533850.0,2910150.0,26.310817,87.339134
3433,confluence_3432,gauge+site,47,50,533850.0,2910150.0,26.310817,87.339134
3434,confluence_3433,gauge,46,123,555750.0,2910450.0,26.312839,87.55855
3434,confluence_3433,gauge+site,46,123,555750.0,2910450.0,26.312839,87.55855
3435,confluence_3434,gauge,46,34,529050.0,2910450.0,26.313631,87.291051
3435,confluence_3434,gauge+site,46,34,529050.0,2910450.0,26.313631,87.291051
3436,confluence_3435,gauge,46,36,529650.0,2910450.0,26.313619,87.297062
3436,confluence_3435,gauge+site,46,36,529650.0,2910450.0,26.313619,87.297062
3437,confluence_3436,gauge,46,46,532650.0,2910450.0,26.313554,87.327119
3437,confluence_3436,gauge+site,46,46,532650.0,2910450.0,26.313554,87.327119
3438,confluence_3437,gauge,46,52,534450.0,2910450.0,26.313511,87.345153
3438,confluence_3437,gauge+site,46,52,534450.0,2910450.0,26.313511,87.345153
3439,confluence_3438,gauge,46,54,535050.0,2910450.0,26.313497,87.351164
3439,confluence_3438,gauge+site,46,54,535050.0,2910450.0,26.313497,87.351164
3440,confluence_3439,gauge,46,64,538050.0,2910450.0,26.31342,87.38122
3440,confluence_3439,gauge+site,46,64,538050.0,2910450.0,26.31342,87.38122
3441,confluence_3440,gauge,46,70,539850.0,2910450.0,26.313371,87.399254
3441,confluence_3440,gauge+site,46,70,539850.0,2910450.0,26.313371,87.399254
3442,confluence_3441,gauge,47,39,530550.0,2910150.0,26.310891,87.306072
3442,confluence_3441,gauge+site,47,39,530550.0,2910150.0,26.310891,87.306072
3443,confluence_3442,gauge,46,72,540450.0,2910450.0,26.313354,87.405265
3443,confluence_3442,gauge+site,46,72,540450.0,2910450.0,26.313354,87.405265
3444,confluence_3443,gauge,46,92,546450.0,2910450.0,26.313172,87.465377
3444,confluence_3443,gauge+site,46,92,546450.0,2910450.0,26.313172,87.465377
3445,confluence_3444,gauge,46,93,546750.0,2910450.0,26.313162,87.468383
3445,confluence_3444,gauge+site,46,93,546750.0,2910450.0,26.313162,87.468383
3446,confluence_3445,gauge,46,94,547050.0,2910450.0,26.313152,87.471388
3446,confluence_3445,gauge+site,46,94,547050.0,2910450.0,26.313152,87.471388
3447,confluence_3446,gauge,46,97,547950.0,2910450.0,26.313122,87.480405
3447,confluence_3446,gauge+site,46,97,547950.0,2910450.0,26.313122,87.480405
3448,confluence_3447,gauge,46,104,550050.0,2910450.0,26.31305,87.501444
3448,confluence_3447,gauge+site,46,104,550050.0,2910450.0,26.31305,87.501444
3449,confluence_3448,gauge,46,111,552150.0,2910450.0,26.312975,87.522483
3449,confluence_3448,gauge+site,46,111,552150.0,2910450.0,26.312975,87.522483
3450,confluence_3449,gauge,46,119,554550.0,2910450.0,26.312885,87.546527
3450,confluence_3449,gauge+site,46,119,554550.0,2910450.0,26.312885,87.546527
3451,confluence_3450,gauge,46,79,542550.0,2910450.0,26.313293,87.426305
3451,confluence_3450,gauge+site,46,79,542550.0,2910450.0,26.313293,87.426305
3452,confluence_3451,gauge,51,32,528450.0,2908950.0,26.300099,87.285007
3452,confluence_3451,gauge+site,51,32,528450.0,2908950.0,26.300099,87.285007
3453,confluence_3452,gauge,48,87,544950.0,2909850.0,26.307802,87.450328
3453,confluence_3452,gauge+site,48,87,544950.0,2909850.0,26.307802,87.450328
3454,confluence_3453,gauge,48,95,547350.0,2909850.0,26.307725,87.474372
3454,confluence_3453,gauge+site,48,95,547350.0,2909850.0,26.307725,87.474372
3455,confluence_3454,gauge,50,36,529650.0,2909250.0,26.302784,87.297035
3455,confluence_3454,gauge+site,50,36,529650.0,2909250.0,26.302784,87.297035
3456,confluence_3455,gauge,50,39,530550.0,2909250.0,26.302765,87.306051
3456,confluence_3455,gauge+site,50,39,530550.0,2909250.0,26.302765,87.306051
3457,confluence_3456,gauge,50,47,532950.0,2909250.0,26.302712,87.330094
3457,confluence_3456,gauge+site,50,47,532950.0,2909250.0,26.302712,87.330094
3458,confluence_3457,gauge,50,52,534450.0,2909250.0,26.302676,87.345121
3458,confluence_3457,gauge+site,50,52,534450.0,2909250.0,26.302676,87.345121
3459,confluence_3458,gauge,50,54,535050.0,2909250.0,26.302662,87.351131
3459,confluence_3458,gauge+site,50,54,535050.0,2909250.0,26.302662,87.351131
3460,confluence_3459,gauge,50,59,536550.0,2909250.0,26.302624,87.366158
3460,confluence_3459,gauge+site,50,59,536550.0,2909250.0,26.302624,87.366158
3461,confluence_3460,gauge,50,60,536850.0,2909250.0,26.302616,87.369163
3461,confluence_3460,gauge+site,50,60,536850.0,2909250.0,26.302616,87.369163
3462,confluence_3461,gauge,50,29,527550.0,2909250.0,26.302826,87.275997
3462,confluence_3461,gauge+site,50,29,527550.0,2909250.0,26.302826,87.275997
3463,confluence_3462,gauge,50,61,537150.0,2909250.0,26.302609,87.372169
3463,confluence_3462,gauge+site,50,61,537150.0,2909250.0,26.302609,87.372169
3464,confluence_3463,gauge,50,80,542850.0,2909250.0,26.302449,87.42927
3464,confluence_3463,gauge+site,50,80,542850.0,2909250.0,26.302449,87.42927
3465,confluence_3464,gauge,50,83,543750.0,2909250.0,26.302422,87.438286
3465,confluence_3464,gauge+site,50,83,543750.0,2909250.0,26.302422,87.438286
3466,confluence_3465,gauge,50,95,547350.0,2909250.0,26.302307,87.47435
3466,confluence_3465,gauge+site,50,95,547350.0,2909250.0,26.302307,87.47435
3467,confluence_3466,gauge,50,97,547950.0,2909250.0,26.302287,87.48036
3467,confluence_3466,gauge+site,50,97,547950.0,2909250.0,26.302287,87.48036
3468,confluence_3467,gauge,50,99,548550.0,2909250.0,26.302267,87.486371
3468,confluence_3467,gauge+site,50,99,548550.0,2909250.0,26.302267,87.486371
3469,confluence_3468,gauge,50,106,550650.0,2909250.0,26.302194,87.507408
3469,confluence_3468,gauge+site,50,106,550650.0,2909250.0,26.302194,87.507408
3470,confluence_3469,gauge,50,111,552150.0,2909250.0,26.30214,87.522435
3470,confluence_3469,gauge+site,50,111,552150.0,2909250.0,26.30214,87.522435
3471,confluence_3470,gauge,50,71,540150.0,2909250.0,26.302528,87.402222
3471,confluence_3470,gauge+site,50,71,540150.0,2909250.0,26.302528,87.402222
3472,confluence_3471,gauge,48,94,547050.0,2909850.0,26.307735,87.471367
3472,confluence_3471,gauge+site,48,94,547050.0,2909850.0,26.307735,87.471367
3473,confluence_3472,gauge,50,28,527250.0,2909250.0,26.302832,87.272992
3473,confluence_3472,gauge+site,50,28,527250.0,2909250.0,26.302832,87.272992
3474,confluence_3473,gauge,49,115,553350.0,2909550.0,26.304805,87.534468
3474,confluence_3473,gauge+site,49,115,553350.0,2909550.0,26.304805,87.534468
3475,confluence_3474,gauge,48,110,551850.0,2909850.0,26.307568,87.519453
3475,confluence_3474,gauge+site,48,110,551850.0,2909850.0,26.307568,87.519453
3476,confluence_3475,gauge,48,116,553650.0,2909850.0,26.307502,87.537486
3476,confluence_3475,gauge+site,48,116,553650.0,2909850.0,26.307502,87.537486
3477,confluence_3476,gauge,48,120,554850.0,2909850.0,26.307456,87.549507
3477,confluence_3476,gauge+site,48,120,554850.0,2909850.0,26.307456,87.549507
3478,confluence_3477,gauge,48,125,556350.0,2909850.0,26.307398,87.564534
3478,confluence_3477,gauge+site,48,125,556350.0,2909850.0,26.307398,87.564534
3479,confluence_3478,gauge,48,126,556650.0,2909850.0,26.307386,87.56754
3479,confluence_3478,gauge+site,48,126,556650.0,2909850.0,26.307386,87.56754
3480,confluence_3479,gauge,48,134,559050.0,2909850.0,26.307289,87.591583
3480,confluence_3479,gauge+site,48,134,559050.0,2909850.0,26.307289,87.591583
3481,confluence_3480,gauge,49,33,528750.0,2909550.0,26.305511,87.288025
3481,confluence_3480,gauge+site,49,33,528750.0,2909550.0,26.305511,87.288025
3482,confluence_3481,gauge,49,134,559050.0,2909550.0,26.30458,87.591569
3482,confluence_3481,gauge+site,49,134,559050.0,2909550.0,26.30458,87.591569
3483,confluence_3482,gauge,49,41,531150.0,2909550.0,26.305461,87.312069
3483,confluence_3482,gauge+site,49,41,531150.0,2909550.0,26.305461,87.312069
3484,confluence_3483,gauge,49,71,540150.0,2909550.0,26.305236,87.402232
3484,confluence_3483,gauge+site,49,71,540150.0,2909550.0,26.305236,87.402232
3485,confluence_3484,gauge,49,83,543750.0,2909550.0,26.305131,87.438296
3485,confluence_3484,gauge+site,49,83,543750.0,2909550.0,26.305131,87.438296
3486,confluence_3485,gauge,49,87,544950.0,2909550.0,26.305093,87.450318
3486,confluence_3485,gauge+site,49,87,544950.0,2909550.0,26.305093,87.450318
3487,confluence_3486,gauge,49,90,545850.0,2909550.0,26.305065,87.459334
3487,confluence_3486,gauge+site,49,90,545850.0,2909550.0,26.305065,87.459334
3488,confluence_3487,gauge,49,106,550650.0,2909550.0,26.304903,87.50742
3488,confluence_3487,gauge+site,49,106,550650.0,2909550.0,26.304903,87.50742
3489,confluence_3488,gauge,49,111,552150.0,2909550.0,26.304849,87.522447
3489,confluence_3488,gauge+site,49,111,552150.0,2909550.0,26.304849,87.522447
3490,confluence_3489,gauge,49,113,552750.0,2909550.0,26.304827,87.528457
3490,confluence_3489,gauge+site,49,113,552750.0,2909550.0,26.304827,87.528457
3491,confluence_3490,gauge,49,50,533850.0,2909550.0,26.305399,87.339118
3491,confluence_3490,gauge+site,49,50,533850.0,2909550.0,26.305399,87.339118
3492,confluence_3491,gauge,56,79,542550.0,2907450.0,26.286205,87.426205
3492,confluence_3491,gauge+site,56,79,542550.0,2907450.0,26.286205,87.426205
3493,confluence_3492,gauge,56,85,544350.0,2907450.0,26.286151,87.444235
3493,confluence_3492,gauge+site,56,85,544350.0,2907450.0,26.286151,87.444235
3494,confluence_3493,gauge,56,86,544650.0,2907450.0,26.286141,87.44724
3494,confluence_3493,gauge+site,56,86,544650.0,2907450.0,26.286141,87.44724
3495,confluence_3494,gauge,64,97,547950.0,2905050.0,26.264365,87.480204
3495,confluence_3494,gauge+site,64,97,547950.0,2905050.0,26.264365,87.480204
3496,confluence_3495,gauge,64,107,550950.0,2905050.0,26.264261,87.510247
3496,confluence_3495,gauge+site,64,107,550950.0,2905050.0,26.264261,87.510247
3497,confluence_3496,gauge,64,114,553050.0,2905050.0,26.264185,87.531278
3497,confluence_3496,gauge+site,64,114,553050.0,2905050.0,26.264185,87.531278
3498,confluence_3497,gauge,64,117,553950.0,2905050.0,26.264151,87.54029
3498,confluence_3497,gauge+site,64,117,553950.0,2905050.0,26.264151,87.54029
3499,confluence_3498,gauge,64,121,555150.0,2905050.0,26.264105,87.552308
3499,confluence_3498,gauge+site,64,121,555150.0,2905050.0,26.264105,87.552308
3500,confluence_3499,gauge,65,30,527850.0,2904750.0,26.262188,87.278905
3500,confluence_3499,gauge+site,65,30,527850.0,2904750.0,26.262188,87.278905
3501,confluence_3500,gauge,65,33,528750.0,2904750.0,26.26217,87.287918
3501,confluence_3500,gauge+site,65,33,528750.0,2904750.0,26.26217,87.287918
3502,confluence_3501,gauge,64,90,545850.0,2905050.0,26.264433,87.459174
3502,confluence_3501,gauge+site,64,90,545850.0,2905050.0,26.264433,87.459174
3503,confluence_3502,gauge,65,57,535950.0,2904750.0,26.262007,87.360022
3503,confluence_3502,gauge+site,65,57,535950.0,2904750.0,26.262007,87.360022
3504,confluence_3503,gauge,65,77,541950.0,2904750.0,26.261844,87.420108
3504,confluence_3503,gauge+site,65,77,541950.0,2904750.0,26.261844,87.420108
3505,confluence_3504,gauge,65,88,545250.0,2904750.0,26.261744,87.453155
3505,confluence_3504,gauge+site,65,88,545250.0,2904750.0,26.261744,87.453155
3506,confluence_3505,gauge,65,114,553050.0,2904750.0,26.261476,87.531265
3506,confluence_3505,gauge+site,65,114,553050.0,2904750.0,26.261476,87.531265
3507,confluence_3506,gauge,65,116,553650.0,2904750.0,26.261454,87.537274
3507,confluence_3506,gauge+site,65,116,553650.0,2904750.0,26.261454,87.537274
3508,confluence_3507,gauge,65,121,555150.0,2904750.0,26.261397,87.552295
3508,confluence_3507,gauge+site,65,121,555150.0,2904750.0,26.261397,87.552295
3509,confluence_3508,gauge,66,27,526950.0,2904450.0,26.259496,87.269886
3509,confluence_3508,gauge+site,66,27,526950.0,2904450.0,26.259496,87.269886
3510,confluence_3509,gauge,66,37,529950.0,2904450.0,26.259437,87.299929
3510,confluence_3509,gauge+site,66,37,529950.0,2904450.0,26.259437,87.299929
3511,confluence_3510,gauge,65,58,536250.0,2904750.0,26.262,87.363026
3511,confluence_3510,gauge+site,65,58,536250.0,2904750.0,26.262,87.363026
3512,confluence_3511,gauge,66,42,531450.0,2904450.0,26.259404,87.31495
3512,confluence_3511,gauge+site,66,42,531450.0,2904450.0,26.259404,87.31495
3513,confluence_3512,gauge,64,77,541950.0,2905050.0,26.264553,87.420118
3513,confluence_3512,gauge+site,64,77,541950.0,2905050.0,26.264553,87.420118
3514,confluence_3513,gauge,64,64,538050.0,2905050.0,26.264662,87.381061
3514,confluence_3513,gauge+site,64,64,538050.0,2905050.0,26.264662,87.381061
3515,confluence_3514,gauge,62,101,549150.0,2905650.0,26.269741,87.492244
3515,confluence_3514,gauge+site,62,101,549150.0,2905650.0,26.269741,87.492244
3516,confluence_3515,gauge,62,105,550350.0,2905650.0,26.2697,87.504262
3516,confluence_3515,gauge+site,62,105,550350.0,2905650.0,26.2697,87.504262
3517,confluence_3516,gauge,62,113,552750.0,2905650.0,26.269613,87.528298
3517,confluence_3516,gauge+site,62,113,552750.0,2905650.0,26.269613,87.528298
3518,confluence_3517,gauge,62,117,553950.0,2905650.0,26.269569,87.540316
3518,confluence_3517,gauge+site,62,117,553950.0,2905650.0,26.269569,87.540316
3519,confluence_3518,gauge,63,45,532350.0,2905350.0,26.267511,87.323985
3519,confluence_3518,gauge+site,63,45,532350.0,2905350.0,26.267511,87.323985
3520,confluence_3519,gauge,63,72,540450.0,2905350.0,26.267305,87.405105
3520,confluence_3519,gauge+site,63,72,540450.0,2905350.0,26.267305,87.405105
3521,confluence_3520,gauge,63,84,544050.0,2905350.0,26.267199,87.441158
3521,confluence_3520,gauge+site,63,84,544050.0,2905350.0,26.267199,87.441158
3522,confluence_3521,gauge,64,65,538350.0,2905050.0,26.264654,87.384065
3522,confluence_3521,gauge+site,64,65,538350.0,2905050.0,26.264654,87.384065
3523,confluence_3522,gauge,63,95,547350.0,2905350.0,26.267093,87.474207
3523,confluence_3522,gauge+site,63,95,547350.0,2905350.0,26.267093,87.474207
3524,confluence_3523,gauge,63,101,549150.0,2905350.0,26.267033,87.492233
3524,confluence_3523,gauge+site,63,101,549150.0,2905350.0,26.267033,87.492233
3525,confluence_3524,gauge,63,117,553950.0,2905350.0,26.26686,87.540303
3525,confluence_3524,gauge+site,63,117,553950.0,2905350.0,26.26686,87.540303
3526,confluence_3525,gauge,63,128,557250.0,2905350.0,26.266732,87.573351
3526,confluence_3525,gauge+site,63,128,557250.0,2905350.0,26.266732,87.573351
3527,confluence_3526,gauge,64,30,527850.0,2905050.0,26.264897,87.278912
3527,confluence_3526,gauge+site,64,30,527850.0,2905050.0,26.264897,87.278912
3528,confluence_3527,gauge,64,41,531150.0,2905050.0,26.264829,87.31196
3528,confluence_3527,gauge+site,64,41,531150.0,2905050.0,26.264829,87.31196
3529,confluence_3528,gauge,64,43,531750.0,2905050.0,26.264815,87.317969
3529,confluence_3528,gauge+site,64,43,531750.0,2905050.0,26.264815,87.317969
3530,confluence_3529,gauge,64,56,535650.0,2905050.0,26.264724,87.357026
3530,confluence_3529,gauge+site,64,56,535650.0,2905050.0,26.264724,87.357026
3531,confluence_3530,gauge,63,100,548850.0,2905350.0,26.267043,87.489229
3531,confluence_3530,gauge+site,63,100,548850.0,2905350.0,26.267043,87.489229
3532,confluence_3531,gauge,62,84,544050.0,2905650.0,26.269907,87.441168
3532,confluence_3531,gauge+site,62,84,544050.0,2905650.0,26.269907,87.441168
3533,confluence_3532,gauge,66,46,532650.0,2904450.0,26.259378,87.326967
3533,confluence_3532,gauge+site,66,46,532650.0,2904450.0,26.259378,87.326967
3534,confluence_3533,gauge,66,62,537450.0,2904450.0,26.25926,87.375035
3534,confluence_3533,gauge+site,66,62,537450.0,2904450.0,26.25926,87.375035
3535,confluence_3534,gauge,67,127,556950.0,2904150.0,26.255909,87.570294
3535,confluence_3534,gauge+site,67,127,556950.0,2904150.0,26.255909,87.570294
3536,confluence_3535,gauge,68,27,526950.0,2903850.0,26.254079,87.269873
3536,confluence_3535,gauge+site,68,27,526950.0,2903850.0,26.254079,87.269873
3537,confluence_3536,gauge,68,37,529950.0,2903850.0,26.254019,87.299915
3537,confluence_3536,gauge+site,68,37,529950.0,2903850.0,26.254019,87.299915
3538,confluence_3537,gauge,68,49,533550.0,2903850.0,26.253939,87.335964
3538,confluence_3537,gauge+site,68,49,533550.0,2903850.0,26.253939,87.335964
3539,confluence_3538,gauge,68,50,533850.0,2903850.0,26.253932,87.338968
3539,confluence_3538,gauge+site,68,50,533850.0,2903850.0,26.253932,87.338968
3540,confluence_3539,gauge,68,51,534150.0,2903850.0,26.253925,87.341972
3540,confluence_3539,gauge+site,68,51,534150.0,2903850.0,26.253925,87.341972
3541,confluence_3540,gauge,68,53,534750.0,2903850.0,26.253911,87.34798
3541,confluence_3540,gauge+site,68,53,534750.0,2903850.0,26.253911,87.34798
3542,confluence_3541,gauge,67,118,554250.0,2904150.0,26.256014,87.543257
3542,confluence_3541,gauge+site,67,118,554250.0,2904150.0,26.256014,87.543257
3543,confluence_3542,gauge,68,54,535050.0,2903850.0,26.253903,87.350985
3543,confluence_3542,gauge+site,68,54,535050.0,2903850.0,26.253903,87.350985
3544,confluence_3543,gauge,68,73,540750.0,2903850.0,26.253752,87.408062
3544,confluence_3543,gauge+site,68,73,540750.0,2903850.0,26.253752,87.408062
3545,confluence_3544,gauge,68,76,541650.0,2903850.0,26.253727,87.417075
3545,confluence_3544,gauge+site,68,76,541650.0,2903850.0,26.253727,87.417075
3546,confluence_3545,gauge,68,78,542250.0,2903850.0,26.253709,87.423083
3546,confluence_3545,gauge+site,68,78,542250.0,2903850.0,26.253709,87.423083
3547,confluence_3546,gauge,68,80,542850.0,2903850.0,26.253691,87.429091
3547,confluence_3546,gauge+site,68,80,542850.0,2903850.0,26.253691,87.429091
3548,confluence_3547,gauge,68,96,547650.0,2903850.0,26.25354,87.477156
3548,confluence_3547,gauge+site,68,96,547650.0,2903850.0,26.25354,87.477156
3549,confluence_3548,gauge,68,98,548250.0,2903850.0,26.253519,87.483164
3549,confluence_3548,gauge+site,68,98,548250.0,2903850.0,26.253519,87.483164
3550,confluence_3549,gauge,68,100,548850.0,2903850.0,26.253499,87.489172
3550,confluence_3549,gauge+site,68,100,548850.0,2903850.0,26.253499,87.489172
3551,confluence_3550,gauge,68,64,538050.0,2903850.0,26.253827,87.381026
3551,confluence_3550,gauge+site,68,64,538050.0,2903850.0,26.253827,87.381026
3552,confluence_3551,gauge,66,55,535350.0,2904450.0,26.259313,87.354005
3552,confluence_3551,gauge+site,66,55,535350.0,2904450.0,26.259313,87.354005
3553,confluence_3552,gauge,67,106,550650.0,2904150.0,26.256145,87.507208
3553,confluence_3552,gauge+site,67,106,550650.0,2904150.0,26.256145,87.507208
3554,confluence_3553,gauge,67,92,546450.0,2904150.0,26.256288,87.46515
3554,confluence_3553,gauge+site,67,92,546450.0,2904150.0,26.256288,87.46515
3555,confluence_3554,gauge,66,70,539850.0,2904450.0,26.259195,87.399069
3555,confluence_3554,gauge+site,66,70,539850.0,2904450.0,26.259195,87.399069
3556,confluence_3555,gauge,66,84,544050.0,2904450.0,26.259072,87.441128
3556,confluence_3555,gauge+site,66,84,544050.0,2904450.0,26.259072,87.441128
3557,confluence_3556,gauge,66,111,552150.0,2904450.0,26.2588,87.52224
3557,confluence_3556,gauge+site,66,111,552150.0,2904450.0,26.2588,87.52224
3558,confluence_3557,gauge,66,112,552450.0,2904450.0,26.258789,87.525245
3558,confluence_3557,gauge+site,66,112,552450.0,2904450.0,26.258789,87.525245
3559,confluence_3558,gauge,66,118,554250.0,2904450.0,26.258722,87.54327
3559,confluence_3558,gauge+site,66,118,554250.0,2904450.0,26.258722,87.54327
3560,confluence_3559,gauge,67,37,529950.0,2904150.0,26.256728,87.299922
3560,confluence_3559,gauge+site,67,37,529950.0,2904150.0,26.256728,87.299922
3561,confluence_3560,gauge,67,42,531450.0,2904150.0,26.256696,87.314943
3561,confluence_3560,gauge+site,67,42,531450.0,2904150.0,26.256696,87.314943
3562,confluence_3561,gauge,67,98,548250.0,2904150.0,26.256228,87.483175
3562,confluence_3561,gauge+site,67,98,548250.0,2904150.0,26.256228,87.483175
3563,confluence_3562,gauge,67,55,535350.0,2904150.0,26.256605,87.353997
3563,confluence_3562,gauge+site,67,55,535350.0,2904150.0,26.256605,87.353997
3564,confluence_3563,gauge,67,68,539250.0,2904150.0,26.256503,87.393051
3564,confluence_3563,gauge+site,67,68,539250.0,2904150.0,26.256503,87.393051
3565,confluence_3564,gauge,67,69,539550.0,2904150.0,26.256495,87.396055
3565,confluence_3564,gauge+site,67,69,539550.0,2904150.0,26.256495,87.396055
3566,confluence_3565,gauge,67,74,541050.0,2904150.0,26.256453,87.411076
3566,confluence_3565,gauge+site,67,74,541050.0,2904150.0,26.256453,87.411076
3567,confluence_3566,gauge,67,78,542250.0,2904150.0,26.256418,87.423092
3567,confluence_3566,gauge+site,67,78,542250.0,2904150.0,26.256418,87.423092
3568,confluence_3567,gauge,67,82,543450.0,2904150.0,26.256382,87.435109
3568,confluence_3567,gauge+site,67,82,543450.0,2904150.0,26.256382,87.435109
3569,confluence_3568,gauge,67,86,544650.0,2904150.0,26.256345,87.447126
3569,confluence_3568,gauge+site,67,86,544650.0,2904150.0,26.256345,87.447126
3570,confluence_3569,gauge,67,89,545550.0,2904150.0,26.256317,87.456138
3570,confluence_3569,gauge+site,67,89,545550.0,2904150.0,26.256317,87.456138
3571,confluence_3570,gauge,67,65,538350.0,2904150.0,26.256527,87.384039
3571,confluence_3570,gauge+site,67,65,538350.0,2904150.0,26.256527,87.384039
3572,confluence_3571,gauge,62,79,542550.0,2905650.0,26.269953,87.426146
3572,confluence_3571,gauge+site,62,79,542550.0,2905650.0,26.269953,87.426146
3573,confluence_3572,gauge,62,73,540750.0,2905650.0,26.270005,87.408119
3573,confluence_3572,gauge+site,62,73,540750.0,2905650.0,26.270005,87.408119
3574,confluence_3573,gauge,62,31,528150.0,2905650.0,26.270308,87.281929
3574,confluence_3573,gauge+site,62,31,528150.0,2905650.0,26.270308,87.281929
3575,confluence_3574,gauge,57,99,548550.0,2907150.0,26.283306,87.486292
3575,confluence_3574,gauge+site,57,99,548550.0,2907150.0,26.283306,87.486292
3576,confluence_3575,gauge,57,105,550350.0,2907150.0,26.283243,87.504321
3576,confluence_3575,gauge+site,57,105,550350.0,2907150.0,26.283243,87.504321
3577,confluence_3576,gauge,57,110,551850.0,2907150.0,26.28319,87.519345
3577,confluence_3576,gauge+site,57,110,551850.0,2907150.0,26.28319,87.519345
3578,confluence_3577,gauge,57,126,556650.0,2907150.0,26.283008,87.567421
3578,confluence_3577,gauge+site,57,126,556650.0,2907150.0,26.283008,87.567421
3579,confluence_3578,gauge,57,131,558150.0,2907150.0,26.282948,87.582445
3579,confluence_3578,gauge+site,57,131,558150.0,2907150.0,26.282948,87.582445
3580,confluence_3579,gauge,57,132,558450.0,2907150.0,26.282935,87.58545
3580,confluence_3579,gauge+site,57,132,558450.0,2907150.0,26.282935,87.58545
3581,confluence_3580,gauge,58,27,526950.0,2906850.0,26.281167,87.269936
3581,confluence_3580,gauge+site,58,27,526950.0,2906850.0,26.281167,87.269936
3582,confluence_3581,gauge,57,95,547350.0,2907150.0,26.283346,87.474273
3582,confluence_3581,gauge+site,57,95,547350.0,2907150.0,26.283346,87.474273
3583,confluence_3582,gauge,58,38,530250.0,2906850.0,26.281101,87.302989
3583,confluence_3582,gauge+site,58,38,530250.0,2906850.0,26.281101,87.302989
3584,confluence_3583,gauge,58,56,535650.0,2906850.0,26.280976,87.357076
3584,confluence_3583,gauge+site,58,56,535650.0,2906850.0,26.280976,87.357076
3585,confluence_3584,gauge,58,57,535950.0,2906850.0,26.280969,87.36008
3585,confluence_3584,gauge+site,58,57,535950.0,2906850.0,26.280969,87.36008
3586,confluence_3585,gauge,58,60,536850.0,2906850.0,26.280946,87.369095
3586,confluence_3585,gauge+site,58,60,536850.0,2906850.0,26.280946,87.369095
3587,confluence_3586,gauge,58,61,537150.0,2906850.0,26.280938,87.3721
3587,confluence_3586,gauge+site,58,61,537150.0,2906850.0,26.280938,87.3721
3588,confluence_3587,gauge,58,77,541950.0,2906850.0,26.280806,87.420176
3588,confluence_3587,gauge+site,58,77,541950.0,2906850.0,26.280806,87.420176
3589,confluence_3588,gauge,58,79,542550.0,2906850.0,26.280788,87.426186
3589,confluence_3588,gauge+site,58,79,542550.0,2906850.0,26.280788,87.426186
3590,confluence_3589,gauge,58,81,543150.0,2906850.0,26.28077,87.432195
3590,confluence_3589,gauge+site,58,81,543150.0,2906850.0,26.28077,87.432195
3591,confluence_3590,gauge,58,45,532350.0,2906850.0,26.281055,87.324023
3591,confluence_3590,gauge+site,58,45,532350.0,2906850.0,26.281055,87.324023
3592,confluence_3591,gauge,58,83,543750.0,2906850.0,26.280752,87.438205
3592,confluence_3591,gauge+site,58,83,543750.0,2906850.0,26.280752,87.438205
3593,confluence_3592,gauge,57,93,546750.0,2907150.0,26.283366,87.468263
3593,confluence_3592,gauge+site,57,93,546750.0,2907150.0,26.283366,87.468263
3594,confluence_3593,gauge,57,77,541950.0,2907150.0,26.283514,87.420186
3594,confluence_3593,gauge+site,57,77,541950.0,2907150.0,26.283514,87.420186
3595,confluence_3594,gauge,56,88,545250.0,2907450.0,26.286123,87.45325
3595,confluence_3594,gauge+site,56,88,545250.0,2907450.0,26.286123,87.45325
3596,confluence_3595,gauge,56,89,545550.0,2907450.0,26.286113,87.456254
3596,confluence_3595,gauge+site,56,89,545550.0,2907450.0,26.286113,87.456254
3597,confluence_3596,gauge,56,93,546750.0,2907450.0,26.286074,87.468274
3597,confluence_3596,gauge+site,56,93,546750.0,2907450.0,26.286074,87.468274
3598,confluence_3597,gauge,56,100,548850.0,2907450.0,26.286004,87.489308
3598,confluence_3597,gauge+site,56,100,548850.0,2907450.0,26.286004,87.489308
3599,confluence_3598,gauge,56,106,550650.0,2907450.0,26.285942,87.507337
3599,confluence_3598,gauge+site,56,106,550650.0,2907450.0,26.285942,87.507337
3600,confluence_3599,gauge,56,107,550950.0,2907450.0,26.285931,87.510342
3600,confluence_3599,gauge+site,56,107,550950.0,2907450.0,26.285931,87.510342
3601,confluence_3600,gauge,56,110,551850.0,2907450.0,26.285899,87.519357
3601,confluence_3600,gauge+site,56,110,551850.0,2907450.0,26.285899,87.519357
3602,confluence_3601,gauge,57,85,544350.0,2907150.0,26.283442,87.444225
3602,confluence_3601,gauge+site,57,85,544350.0,2907150.0,26.283442,87.444225
3603,confluence_3602,gauge,56,112,552450.0,2907450.0,26.285877,87.525367
3603,confluence_3602,gauge+site,56,112,552450.0,2907450.0,26.285877,87.525367
3604,confluence_3603,gauge,56,132,558450.0,2907450.0,26.285644,87.585463
3604,confluence_3603,gauge+site,56,132,558450.0,2907450.0,26.285644,87.585463
3605,confluence_3604,gauge,57,27,526950.0,2907150.0,26.283876,87.269942
3605,confluence_3604,gauge+site,57,27,526950.0,2907150.0,26.283876,87.269942
3606,confluence_3605,gauge,57,43,531750.0,2907150.0,26.283777,87.318021
3606,confluence_3605,gauge+site,57,43,531750.0,2907150.0,26.283777,87.318021
3607,confluence_3606,gauge,57,44,532050.0,2907150.0,26.28377,87.321025
3607,confluence_3606,gauge+site,57,44,532050.0,2907150.0,26.28377,87.321025
3608,confluence_3607,gauge,57,50,533850.0,2907150.0,26.283729,87.339055
3608,confluence_3607,gauge+site,57,50,533850.0,2907150.0,26.283729,87.339055
3609,confluence_3608,gauge,57,63,537750.0,2907150.0,26.283631,87.378118
3609,confluence_3608,gauge+site,57,63,537750.0,2907150.0,26.283631,87.378118
3610,confluence_3609,gauge,57,65,538350.0,2907150.0,26.283615,87.384128
3610,confluence_3609,gauge+site,57,65,538350.0,2907150.0,26.283615,87.384128
3611,confluence_3610,gauge,56,114,553050.0,2907450.0,26.285855,87.531376
3611,confluence_3610,gauge+site,56,114,553050.0,2907450.0,26.285855,87.531376
3612,confluence_3611,gauge,58,95,547350.0,2906850.0,26.280637,87.474262
3612,confluence_3611,gauge+site,58,95,547350.0,2906850.0,26.280637,87.474262
3613,confluence_3612,gauge,58,106,550650.0,2906850.0,26.280524,87.507314
3613,confluence_3612,gauge+site,58,106,550650.0,2906850.0,26.280524,87.507314
3614,confluence_3613,gauge,58,109,551550.0,2906850.0,26.280492,87.516328
3614,confluence_3613,gauge+site,58,109,551550.0,2906850.0,26.280492,87.516328
3615,confluence_3614,gauge,60,129,557550.0,2906250.0,26.274846,87.576395
3615,confluence_3614,gauge+site,60,129,557550.0,2906250.0,26.274846,87.576395
3616,confluence_3615,gauge,61,26,526650.0,2905950.0,26.273046,87.266913
3616,confluence_3615,gauge+site,61,26,526650.0,2905950.0,26.273046,87.266913
3617,confluence_3616,gauge,61,37,529950.0,2905950.0,26.272981,87.299963
3617,confluence_3616,gauge+site,61,37,529950.0,2905950.0,26.272981,87.299963
3618,confluence_3617,gauge,61,38,530250.0,2905950.0,26.272974,87.302968
3618,confluence_3617,gauge+site,61,38,530250.0,2905950.0,26.272974,87.302968
3619,confluence_3618,gauge,61,39,530550.0,2905950.0,26.272968,87.305973
3619,confluence_3618,gauge+site,61,39,530550.0,2905950.0,26.272968,87.305973
3620,confluence_3619,gauge,61,44,532050.0,2905950.0,26.272935,87.320996
3620,confluence_3619,gauge+site,61,44,532050.0,2905950.0,26.272935,87.320996
3621,confluence_3620,gauge,61,50,533850.0,2905950.0,26.272894,87.339023
3621,confluence_3620,gauge+site,61,50,533850.0,2905950.0,26.272894,87.339023
3622,confluence_3621,gauge,60,121,555150.0,2906250.0,26.27494,87.552359
3622,confluence_3621,gauge+site,60,121,555150.0,2906250.0,26.27494,87.552359
3623,confluence_3622,gauge,61,52,534450.0,2905950.0,26.272879,87.345032
3623,confluence_3622,gauge+site,61,52,534450.0,2905950.0,26.272879,87.345032
3624,confluence_3623,gauge,61,81,543150.0,2905950.0,26.272644,87.432165
3624,confluence_3623,gauge+site,61,81,543150.0,2905950.0,26.272644,87.432165
3625,confluence_3624,gauge,61,84,544050.0,2905950.0,26.272616,87.441179
3625,confluence_3624,gauge+site,61,84,544050.0,2905950.0,26.272616,87.441179
3626,confluence_3625,gauge,61,86,544650.0,2905950.0,26.272598,87.447188
3626,confluence_3625,gauge+site,61,86,544650.0,2905950.0,26.272598,87.447188
3627,confluence_3626,gauge,61,92,546450.0,2905950.0,26.27254,87.465215
3627,confluence_3626,gauge+site,61,92,546450.0,2905950.0,26.27254,87.465215
3628,confluence_3627,gauge,61,94,547050.0,2905950.0,26.272521,87.471224
3628,confluence_3627,gauge+site,61,94,547050.0,2905950.0,26.272521,87.471224
3629,confluence_3628,gauge,61,105,550350.0,2905950.0,26.272408,87.504274
3629,confluence_3628,gauge+site,61,105,550350.0,2905950.0,26.272408,87.504274
3630,confluence_3629,gauge,61,119,554550.0,2905950.0,26.272255,87.546337
3630,confluence_3629,gauge+site,61,119,554550.0,2905950.0,26.272255,87.546337
3631,confluence_3630,gauge,61,61,537150.0,2905950.0,26.272812,87.372074
3631,confluence_3630,gauge+site,61,61,537150.0,2905950.0,26.272812,87.372074
3632,confluence_3631,gauge,60,112,552450.0,2906250.0,26.275042,87.525318
3632,confluence_3631,gauge+site,60,112,552450.0,2906250.0,26.275042,87.525318
3633,confluence_3632,gauge,60,101,549150.0,2906250.0,26.275159,87.492267
3633,confluence_3632,gauge+site,60,101,549150.0,2906250.0,26.275159,87.492267
3634,confluence_3633,gauge,60,89,545550.0,2906250.0,26.275278,87.456212
3634,confluence_3633,gauge+site,60,89,545550.0,2906250.0,26.275278,87.456212
3635,confluence_3634,gauge,59,30,527850.0,2906550.0,26.278441,87.278944
3635,confluence_3634,gauge+site,59,30,527850.0,2906550.0,26.278441,87.278944
3636,confluence_3635,gauge,59,42,531450.0,2906550.0,26.278366,87.315001
3636,confluence_3635,gauge+site,59,42,531450.0,2906550.0,26.278366,87.315001
3637,confluence_3636,gauge,59,64,538050.0,2906550.0,26.278206,87.381105
3637,confluence_3636,gauge+site,59,64,538050.0,2906550.0,26.278206,87.381105
3638,confluence_3637,gauge,59,67,538950.0,2906550.0,26.278182,87.390119
3638,confluence_3637,gauge+site,59,67,538950.0,2906550.0,26.278182,87.390119
3639,confluence_3638,gauge,59,76,541650.0,2906550.0,26.278106,87.417162
3639,confluence_3638,gauge+site,59,76,541650.0,2906550.0,26.278106,87.417162
3640,confluence_3639,gauge,59,89,545550.0,2906550.0,26.277987,87.456223
3640,confluence_3639,gauge+site,59,89,545550.0,2906550.0,26.277987,87.456223
3641,confluence_3640,gauge,59,91,546150.0,2906550.0,26.277968,87.462232
3641,confluence_3640,gauge+site,59,91,546150.0,2906550.0,26.277968,87.462232
3642,confluence_3641,gauge,59,99,548550.0,2906550.0,26.277888,87.486269
3642,confluence_3641,gauge+site,59,99,548550.0,2906550.0,26.277888,87.486269
3643,confluence_3642,gauge,59,114,553050.0,2906550.0,26.277728,87.531339
3643,confluence_3642,gauge+site,59,114,553050.0,2906550.0,26.277728,87.531339
3644,confluence_3643,gauge,59,121,555150.0,2906550.0,26.277649,87.552372
3644,confluence_3643,gauge+site,59,121,555150.0,2906550.0,26.277649,87.552372
3645,confluence_3644,gauge,59,125,556350.0,2906550.0,26.277602,87.56439
3645,confluence_3644,gauge+site,59,125,556350.0,2906550.0,26.277602,87.56439
3646,confluence_3645,gauge,60,29,527550.0,2906250.0,26.275738,87.275933
3646,confluence_3645,gauge+site,60,29,527550.0,2906250.0,26.275738,87.275933
3647,confluence_3646,gauge,60,33,528750.0,2906250.0,26.275714,87.287952
3647,confluence_3646,gauge+site,60,33,528750.0,2906250.0,26.275714,87.287952
3648,confluence_3647,gauge,60,46,532650.0,2906250.0,26.27563,87.327012
3648,confluence_3647,gauge+site,60,46,532650.0,2906250.0,26.27563,87.327012
3649,confluence_3648,gauge,60,48,533250.0,2906250.0,26.275617,87.333022
3649,confluence_3648,gauge+site,60,48,533250.0,2906250.0,26.275617,87.333022
3650,confluence_3649,gauge,60,67,538950.0,2906250.0,26.275473,87.39011
3650,confluence_3649,gauge+site,60,67,538950.0,2906250.0,26.275473,87.39011
3651,confluence_3650,gauge,60,70,539850.0,2906250.0,26.275448,87.399124
3651,confluence_3650,gauge+site,60,70,539850.0,2906250.0,26.275448,87.399124
3652,confluence_3651,gauge,68,106,550650.0,2903850.0,26.253437,87.507196
3652,confluence_3651,gauge+site,68,106,550650.0,2903850.0,26.253437,87.507196
3653,confluence_3652,gauge,72,120,554850.0,2902650.0,26.242447,87.549201
3653,confluence_3652,gauge+site,72,120,554850.0,2902650.0,26.242447,87.549201
